queue_id,queue_rank,shell_survivor_rank,exponent,mersenne_object,screen_status,shell_status,screen_schedule_count,shell_schedule_count,shell_tested_opportunity_count,external_status_at_snapshot,assignment_snapshot_utc,sam_distribution_status,assignee,assignment_utc,result_status,result_reference,notes
SLCMP201-0001,1,1,192500023,2^192500023-1,STRUCTURAL_SCREEN_EXHAUSTED_PRIMALITY_UNASSIGNED,FIRST_SINGULARITY_SHELL_EXHAUSTED_PRIMALITY_UNASSIGNED,514,9595,9595,NO_RECORDED_FACTOR_PRP_OR_LL_RESULT_AND_NO_ACTIVE_GIMPS_ASSIGNMENT,2026-08-07T16:23:51+00:00,UNALLOCATED,,,,,
SLCMP201-0002,2,2,192500069,2^192500069-1,STRUCTURAL_SCREEN_EXHAUSTED_PRIMALITY_UNASSIGNED,FIRST_SINGULARITY_SHELL_EXHAUSTED_PRIMALITY_UNASSIGNED,513,9595,9595,NO_RECORDED_FACTOR_PRP_OR_LL_RESULT_AND_NO_ACTIVE_GIMPS_ASSIGNMENT,2026-08-07T16:23:51+00:00,UNALLOCATED,,,,,
SLCMP201-0003,3,3,192500131,2^192500131-1,STRUCTURAL_SCREEN_EXHAUSTED_PRIMALITY_UNASSIGNED,FIRST_SINGULARITY_SHELL_EXHAUSTED_PRIMALITY_UNASSIGNED,514,9595,9595,NO_RECORDED_FACTOR_PRP_OR_LL_RESULT_AND_NO_ACTIVE_GIMPS_ASSIGNMENT,2026-08-07T16:23:51+00:00,UNALLOCATED,,,,,
SLCMP201-0004,4,4,192500141,2^192500141-1,STRUCTURAL_SCREEN_EXHAUSTED_PRIMALITY_UNASSIGNED,FIRST_SINGULARITY_SHELL_EXHAUSTED_PRIMALITY_UNASSIGNED,513,9595,9595,NO_RECORDED_FACTOR_PRP_OR_LL_RESULT_AND_NO_ACTIVE_GIMPS_ASSIGNMENT,2026-08-07T16:23:51+00:00,UNALLOCATED,,,,,
SLCMP201-0005,5,5,192500227,2^192500227-1,STRUCTURAL_SCREEN_EXHAUSTED_PRIMALITY_UNASSIGNED,FIRST_SINGULARITY_SHELL_EXHAUSTED_PRIMALITY_UNASSIGNED,514,9595,9595,NO_RECORDED_FACTOR_PRP_OR_LL_RESULT_AND_NO_ACTIVE_GIMPS_ASSIGNMENT,2026-08-07T16:23:51+00:00,UNALLOCATED,,,,,
SLCMP201-0006,6,8,192500351,2^192500351-1,STRUCTURAL_SCREEN_EXHAUSTED_PRIMALITY_UNASSIGNED,FIRST_SINGULARITY_SHELL_EXHAUSTED_PRIMALITY_UNASSIGNED,514,9595,9595,NO_RECORDED_FACTOR_PRP_OR_LL_RESULT_AND_NO_ACTIVE_GIMPS_ASSIGNMENT,2026-08-07T16:23:51+00:00,UNALLOCATED,,,,,
SLCMP201-0007,7,10,192500417,2^192500417-1,STRUCTURAL_SCREEN_EXHAUSTED_PRIMALITY_UNASSIGNED,FIRST_SINGULARITY_SHELL_EXHAUSTED_PRIMALITY_UNASSIGNED,513,9595,9595,NO_RECORDED_FACTOR_PRP_OR_LL_RESULT_AND_NO_ACTIVE_GIMPS_ASSIGNMENT,2026-08-07T16:23:51+00:00,UNALLOCATED,,,,,
SLCMP201-0008,8,11,192500491,2^192500491-1,STRUCTURAL_SCREEN_EXHAUSTED_PRIMALITY_UNASSIGNED,FIRST_SINGULARITY_SHELL_EXHAUSTED_PRIMALITY_UNASSIGNED,514,9595,9595,NO_RECORDED_FACTOR_PRP_OR_LL_RESULT_AND_NO_ACTIVE_GIMPS_ASSIGNMENT,2026-08-07T16:23:51+00:00,UNALLOCATED,,,,,
SLCMP201-0009,9,14,192500587,2^192500587-1,STRUCTURAL_SCREEN_EXHAUSTED_PRIMALITY_UNASSIGNED,FIRST_SINGULARITY_SHELL_EXHAUSTED_PRIMALITY_UNASSIGNED,514,9595,9595,NO_RECORDED_FACTOR_PRP_OR_LL_RESULT_AND_NO_ACTIVE_GIMPS_ASSIGNMENT,2026-08-07T16:23:51+00:00,UNALLOCATED,,,,,
SLCMP201-0010,10,15,192500729,2^192500729-1,STRUCTURAL_SCREEN_EXHAUSTED_PRIMALITY_UNASSIGNED,FIRST_SINGULARITY_SHELL_EXHAUSTED_PRIMALITY_UNASSIGNED,513,9595,9595,NO_RECORDED_FACTOR_PRP_OR_LL_RESULT_AND_NO_ACTIVE_GIMPS_ASSIGNMENT,2026-08-07T16:23:51+00:00,UNALLOCATED,,,,,
SLCMP201-0011,11,18,192501031,2^192501031-1,STRUCTURAL_SCREEN_EXHAUSTED_PRIMALITY_UNASSIGNED,FIRST_SINGULARITY_SHELL_EXHAUSTED_PRIMALITY_UNASSIGNED,514,9595,9595,NO_RECORDED_FACTOR_PRP_OR_LL_RESULT_AND_NO_ACTIVE_GIMPS_ASSIGNMENT,2026-08-07T16:23:51+00:00,UNALLOCATED,,,,,
SLCMP201-0012,12,19,192501077,2^192501077-1,STRUCTURAL_SCREEN_EXHAUSTED_PRIMALITY_UNASSIGNED,FIRST_SINGULARITY_SHELL_EXHAUSTED_PRIMALITY_UNASSIGNED,513,9595,9595,NO_RECORDED_FACTOR_PRP_OR_LL_RESULT_AND_NO_ACTIVE_GIMPS_ASSIGNMENT,2026-08-07T16:23:51+00:00,UNALLOCATED,,,,,
SLCMP201-0013,13,20,192501083,2^192501083-1,STRUCTURAL_SCREEN_EXHAUSTED_PRIMALITY_UNASSIGNED,FIRST_SINGULARITY_SHELL_EXHAUSTED_PRIMALITY_UNASSIGNED,514,9595,9595,NO_RECORDED_FACTOR_PRP_OR_LL_RESULT_AND_NO_ACTIVE_GIMPS_ASSIGNMENT,2026-08-07T16:23:51+00:00,UNALLOCATED,,,,,
SLCMP201-0014,14,21,192501091,2^192501091-1,STRUCTURAL_SCREEN_EXHAUSTED_PRIMALITY_UNASSIGNED,FIRST_SINGULARITY_SHELL_EXHAUSTED_PRIMALITY_UNASSIGNED,514,9595,9595,NO_RECORDED_FACTOR_PRP_OR_LL_RESULT_AND_NO_ACTIVE_GIMPS_ASSIGNMENT,2026-08-07T16:23:51+00:00,UNALLOCATED,,,,,
SLCMP201-0015,15,22,192501097,2^192501097-1,STRUCTURAL_SCREEN_EXHAUSTED_PRIMALITY_UNASSIGNED,FIRST_SINGULARITY_SHELL_EXHAUSTED_PRIMALITY_UNASSIGNED,513,9595,9595,NO_RECORDED_FACTOR_PRP_OR_LL_RESULT_AND_NO_ACTIVE_GIMPS_ASSIGNMENT,2026-08-07T16:23:51+00:00,UNALLOCATED,,,,,
SLCMP201-0016,16,23,192501107,2^192501107-1,STRUCTURAL_SCREEN_EXHAUSTED_PRIMALITY_UNASSIGNED,FIRST_SINGULARITY_SHELL_EXHAUSTED_PRIMALITY_UNASSIGNED,514,9595,9595,NO_RECORDED_FACTOR_PRP_OR_LL_RESULT_AND_NO_ACTIVE_GIMPS_ASSIGNMENT,2026-08-07T16:23:51+00:00,UNALLOCATED,,,,,
SLCMP201-0017,17,24,192501119,2^192501119-1,STRUCTURAL_SCREEN_EXHAUSTED_PRIMALITY_UNASSIGNED,FIRST_SINGULARITY_SHELL_EXHAUSTED_PRIMALITY_UNASSIGNED,514,9595,9595,NO_RECORDED_FACTOR_PRP_OR_LL_RESULT_AND_NO_ACTIVE_GIMPS_ASSIGNMENT,2026-08-07T16:23:51+00:00,UNALLOCATED,,,,,
SLCMP201-0018,18,25,192501151,2^192501151-1,STRUCTURAL_SCREEN_EXHAUSTED_PRIMALITY_UNASSIGNED,FIRST_SINGULARITY_SHELL_EXHAUSTED_PRIMALITY_UNASSIGNED,514,9595,9595,NO_RECORDED_FACTOR_PRP_OR_LL_RESULT_AND_NO_ACTIVE_GIMPS_ASSIGNMENT,2026-08-07T16:23:51+00:00,UNALLOCATED,,,,,
SLCMP201-0019,19,26,192501157,2^192501157-1,STRUCTURAL_SCREEN_EXHAUSTED_PRIMALITY_UNASSIGNED,FIRST_SINGULARITY_SHELL_EXHAUSTED_PRIMALITY_UNASSIGNED,513,9595,9595,NO_RECORDED_FACTOR_PRP_OR_LL_RESULT_AND_NO_ACTIVE_GIMPS_ASSIGNMENT,2026-08-07T16:23:51+00:00,UNALLOCATED,,,,,
SLCMP201-0020,20,27,192501163,2^192501163-1,STRUCTURAL_SCREEN_EXHAUSTED_PRIMALITY_UNASSIGNED,FIRST_SINGULARITY_SHELL_EXHAUSTED_PRIMALITY_UNASSIGNED,514,9595,9595,NO_RECORDED_FACTOR_PRP_OR_LL_RESULT_AND_NO_ACTIVE_GIMPS_ASSIGNMENT,2026-08-07T16:23:51+00:00,UNALLOCATED,,,,,
SLCMP201-0021,21,28,192501173,2^192501173-1,STRUCTURAL_SCREEN_EXHAUSTED_PRIMALITY_UNASSIGNED,FIRST_SINGULARITY_SHELL_EXHAUSTED_PRIMALITY_UNASSIGNED,513,9595,9595,NO_RECORDED_FACTOR_PRP_OR_LL_RESULT_AND_NO_ACTIVE_GIMPS_ASSIGNMENT,2026-08-07T16:23:51+00:00,UNALLOCATED,,,,,
SLCMP201-0022,22,29,192501233,2^192501233-1,STRUCTURAL_SCREEN_EXHAUSTED_PRIMALITY_UNASSIGNED,FIRST_SINGULARITY_SHELL_EXHAUSTED_PRIMALITY_UNASSIGNED,513,9595,9595,NO_RECORDED_FACTOR_PRP_OR_LL_RESULT_AND_NO_ACTIVE_GIMPS_ASSIGNMENT,2026-08-07T16:23:51+00:00,UNALLOCATED,,,,,
SLCMP201-0023,23,30,192501347,2^192501347-1,STRUCTURAL_SCREEN_EXHAUSTED_PRIMALITY_UNASSIGNED,FIRST_SINGULARITY_SHELL_EXHAUSTED_PRIMALITY_UNASSIGNED,514,9595,9595,NO_RECORDED_FACTOR_PRP_OR_LL_RESULT_AND_NO_ACTIVE_GIMPS_ASSIGNMENT,2026-08-07T16:23:51+00:00,UNALLOCATED,,,,,
SLCMP201-0024,24,31,192501383,2^192501383-1,STRUCTURAL_SCREEN_EXHAUSTED_PRIMALITY_UNASSIGNED,FIRST_SINGULARITY_SHELL_EXHAUSTED_PRIMALITY_UNASSIGNED,514,9595,9595,NO_RECORDED_FACTOR_PRP_OR_LL_RESULT_AND_NO_ACTIVE_GIMPS_ASSIGNMENT,2026-08-07T16:23:51+00:00,UNALLOCATED,,,,,
SLCMP201-0025,25,32,192501431,2^192501431-1,STRUCTURAL_SCREEN_EXHAUSTED_PRIMALITY_UNASSIGNED,FIRST_SINGULARITY_SHELL_EXHAUSTED_PRIMALITY_UNASSIGNED,514,9595,9595,NO_RECORDED_FACTOR_PRP_OR_LL_RESULT_AND_NO_ACTIVE_GIMPS_ASSIGNMENT,2026-08-07T16:23:51+00:00,UNALLOCATED,,,,,
SLCMP201-0026,26,33,192501457,2^192501457-1,STRUCTURAL_SCREEN_EXHAUSTED_PRIMALITY_UNASSIGNED,FIRST_SINGULARITY_SHELL_EXHAUSTED_PRIMALITY_UNASSIGNED,513,9595,9595,NO_RECORDED_FACTOR_PRP_OR_LL_RESULT_AND_NO_ACTIVE_GIMPS_ASSIGNMENT,2026-08-07T16:23:51+00:00,UNALLOCATED,,,,,
SLCMP201-0027,27,34,192501461,2^192501461-1,STRUCTURAL_SCREEN_EXHAUSTED_PRIMALITY_UNASSIGNED,FIRST_SINGULARITY_SHELL_EXHAUSTED_PRIMALITY_UNASSIGNED,513,9595,9595,NO_RECORDED_FACTOR_PRP_OR_LL_RESULT_AND_NO_ACTIVE_GIMPS_ASSIGNMENT,2026-08-07T16:23:51+00:00,UNALLOCATED,,,,,
SLCMP201-0028,28,35,192501499,2^192501499-1,STRUCTURAL_SCREEN_EXHAUSTED_PRIMALITY_UNASSIGNED,FIRST_SINGULARITY_SHELL_EXHAUSTED_PRIMALITY_UNASSIGNED,514,9595,9595,NO_RECORDED_FACTOR_PRP_OR_LL_RESULT_AND_NO_ACTIVE_GIMPS_ASSIGNMENT,2026-08-07T16:23:51+00:00,UNALLOCATED,,,,,
SLCMP201-0029,29,36,192501563,2^192501563-1,STRUCTURAL_SCREEN_EXHAUSTED_PRIMALITY_UNASSIGNED,FIRST_SINGULARITY_SHELL_EXHAUSTED_PRIMALITY_UNASSIGNED,514,9595,9595,NO_RECORDED_FACTOR_PRP_OR_LL_RESULT_AND_NO_ACTIVE_GIMPS_ASSIGNMENT,2026-08-07T16:23:51+00:00,UNALLOCATED,,,,,
SLCMP201-0030,30,37,192501619,2^192501619-1,STRUCTURAL_SCREEN_EXHAUSTED_PRIMALITY_UNASSIGNED,FIRST_SINGULARITY_SHELL_EXHAUSTED_PRIMALITY_UNASSIGNED,514,9595,9595,NO_RECORDED_FACTOR_PRP_OR_LL_RESULT_AND_NO_ACTIVE_GIMPS_ASSIGNMENT,2026-08-07T16:23:51+00:00,UNALLOCATED,,,,,
SLCMP201-0031,31,38,192501691,2^192501691-1,STRUCTURAL_SCREEN_EXHAUSTED_PRIMALITY_UNASSIGNED,FIRST_SINGULARITY_SHELL_EXHAUSTED_PRIMALITY_UNASSIGNED,514,9595,9595,NO_RECORDED_FACTOR_PRP_OR_LL_RESULT_AND_NO_ACTIVE_GIMPS_ASSIGNMENT,2026-08-07T16:23:51+00:00,UNALLOCATED,,,,,
SLCMP201-0032,32,39,192501809,2^192501809-1,STRUCTURAL_SCREEN_EXHAUSTED_PRIMALITY_UNASSIGNED,FIRST_SINGULARITY_SHELL_EXHAUSTED_PRIMALITY_UNASSIGNED,513,9595,9595,NO_RECORDED_FACTOR_PRP_OR_LL_RESULT_AND_NO_ACTIVE_GIMPS_ASSIGNMENT,2026-08-07T16:23:51+00:00,UNALLOCATED,,,,,
SLCMP201-0033,33,42,192501857,2^192501857-1,STRUCTURAL_SCREEN_EXHAUSTED_PRIMALITY_UNASSIGNED,FIRST_SINGULARITY_SHELL_EXHAUSTED_PRIMALITY_UNASSIGNED,513,9595,9595,NO_RECORDED_FACTOR_PRP_OR_LL_RESULT_AND_NO_ACTIVE_GIMPS_ASSIGNMENT,2026-08-07T16:23:51+00:00,UNALLOCATED,,,,,
SLCMP201-0034,34,43,192501871,2^192501871-1,STRUCTURAL_SCREEN_EXHAUSTED_PRIMALITY_UNASSIGNED,FIRST_SINGULARITY_SHELL_EXHAUSTED_PRIMALITY_UNASSIGNED,514,9595,9595,NO_RECORDED_FACTOR_PRP_OR_LL_RESULT_AND_NO_ACTIVE_GIMPS_ASSIGNMENT,2026-08-07T16:23:51+00:00,UNALLOCATED,,,,,
SLCMP201-0035,35,44,192501961,2^192501961-1,STRUCTURAL_SCREEN_EXHAUSTED_PRIMALITY_UNASSIGNED,FIRST_SINGULARITY_SHELL_EXHAUSTED_PRIMALITY_UNASSIGNED,513,9595,9595,NO_RECORDED_FACTOR_PRP_OR_LL_RESULT_AND_NO_ACTIVE_GIMPS_ASSIGNMENT,2026-08-07T16:23:51+00:00,UNALLOCATED,,,,,
SLCMP201-0036,36,45,192501997,2^192501997-1,STRUCTURAL_SCREEN_EXHAUSTED_PRIMALITY_UNASSIGNED,FIRST_SINGULARITY_SHELL_EXHAUSTED_PRIMALITY_UNASSIGNED,513,9595,9595,NO_RECORDED_FACTOR_PRP_OR_LL_RESULT_AND_NO_ACTIVE_GIMPS_ASSIGNMENT,2026-08-07T16:23:51+00:00,UNALLOCATED,,,,,
SLCMP201-0037,37,46,192502043,2^192502043-1,STRUCTURAL_SCREEN_EXHAUSTED_PRIMALITY_UNASSIGNED,FIRST_SINGULARITY_SHELL_EXHAUSTED_PRIMALITY_UNASSIGNED,514,9595,9595,NO_RECORDED_FACTOR_PRP_OR_LL_RESULT_AND_NO_ACTIVE_GIMPS_ASSIGNMENT,2026-08-07T16:23:51+00:00,UNALLOCATED,,,,,
SLCMP201-0038,38,47,192502097,2^192502097-1,STRUCTURAL_SCREEN_EXHAUSTED_PRIMALITY_UNASSIGNED,FIRST_SINGULARITY_SHELL_EXHAUSTED_PRIMALITY_UNASSIGNED,513,9595,9595,NO_RECORDED_FACTOR_PRP_OR_LL_RESULT_AND_NO_ACTIVE_GIMPS_ASSIGNMENT,2026-08-07T16:23:51+00:00,UNALLOCATED,,,,,
SLCMP201-0039,39,48,192502139,2^192502139-1,STRUCTURAL_SCREEN_EXHAUSTED_PRIMALITY_UNASSIGNED,FIRST_SINGULARITY_SHELL_EXHAUSTED_PRIMALITY_UNASSIGNED,514,9595,9595,NO_RECORDED_FACTOR_PRP_OR_LL_RESULT_AND_NO_ACTIVE_GIMPS_ASSIGNMENT,2026-08-07T16:23:51+00:00,UNALLOCATED,,,,,
SLCMP201-0040,40,49,192502171,2^192502171-1,STRUCTURAL_SCREEN_EXHAUSTED_PRIMALITY_UNASSIGNED,FIRST_SINGULARITY_SHELL_EXHAUSTED_PRIMALITY_UNASSIGNED,514,9595,9595,NO_RECORDED_FACTOR_PRP_OR_LL_RESULT_AND_NO_ACTIVE_GIMPS_ASSIGNMENT,2026-08-07T16:23:51+00:00,UNALLOCATED,,,,,
SLCMP201-0041,41,50,192502217,2^192502217-1,STRUCTURAL_SCREEN_EXHAUSTED_PRIMALITY_UNASSIGNED,FIRST_SINGULARITY_SHELL_EXHAUSTED_PRIMALITY_UNASSIGNED,513,9595,9595,NO_RECORDED_FACTOR_PRP_OR_LL_RESULT_AND_NO_ACTIVE_GIMPS_ASSIGNMENT,2026-08-07T16:23:51+00:00,UNALLOCATED,,,,,
SLCMP201-0042,42,51,192502279,2^192502279-1,STRUCTURAL_SCREEN_EXHAUSTED_PRIMALITY_UNASSIGNED,FIRST_SINGULARITY_SHELL_EXHAUSTED_PRIMALITY_UNASSIGNED,514,9595,9595,NO_RECORDED_FACTOR_PRP_OR_LL_RESULT_AND_NO_ACTIVE_GIMPS_ASSIGNMENT,2026-08-07T16:23:51+00:00,UNALLOCATED,,,,,
SLCMP201-0043,43,52,192502483,2^192502483-1,STRUCTURAL_SCREEN_EXHAUSTED_PRIMALITY_UNASSIGNED,FIRST_SINGULARITY_SHELL_EXHAUSTED_PRIMALITY_UNASSIGNED,514,9595,9595,NO_RECORDED_FACTOR_PRP_OR_LL_RESULT_AND_NO_ACTIVE_GIMPS_ASSIGNMENT,2026-08-07T16:23:51+00:00,UNALLOCATED,,,,,
SLCMP201-0044,44,53,192502637,2^192502637-1,STRUCTURAL_SCREEN_EXHAUSTED_PRIMALITY_UNASSIGNED,FIRST_SINGULARITY_SHELL_EXHAUSTED_PRIMALITY_UNASSIGNED,513,9595,9595,NO_RECORDED_FACTOR_PRP_OR_LL_RESULT_AND_NO_ACTIVE_GIMPS_ASSIGNMENT,2026-08-07T16:23:51+00:00,UNALLOCATED,,,,,
SLCMP201-0045,45,54,192502711,2^192502711-1,STRUCTURAL_SCREEN_EXHAUSTED_PRIMALITY_UNASSIGNED,FIRST_SINGULARITY_SHELL_EXHAUSTED_PRIMALITY_UNASSIGNED,514,9595,9595,NO_RECORDED_FACTOR_PRP_OR_LL_RESULT_AND_NO_ACTIVE_GIMPS_ASSIGNMENT,2026-08-07T16:23:51+00:00,UNALLOCATED,,,,,
SLCMP201-0046,46,55,192502799,2^192502799-1,STRUCTURAL_SCREEN_EXHAUSTED_PRIMALITY_UNASSIGNED,FIRST_SINGULARITY_SHELL_EXHAUSTED_PRIMALITY_UNASSIGNED,514,9595,9595,NO_RECORDED_FACTOR_PRP_OR_LL_RESULT_AND_NO_ACTIVE_GIMPS_ASSIGNMENT,2026-08-07T16:23:51+00:00,UNALLOCATED,,,,,
SLCMP201-0047,47,56,192502909,2^192502909-1,STRUCTURAL_SCREEN_EXHAUSTED_PRIMALITY_UNASSIGNED,FIRST_SINGULARITY_SHELL_EXHAUSTED_PRIMALITY_UNASSIGNED,513,9595,9595,NO_RECORDED_FACTOR_PRP_OR_LL_RESULT_AND_NO_ACTIVE_GIMPS_ASSIGNMENT,2026-08-07T16:23:51+00:00,UNALLOCATED,,,,,
SLCMP201-0048,48,59,192503153,2^192503153-1,STRUCTURAL_SCREEN_EXHAUSTED_PRIMALITY_UNASSIGNED,FIRST_SINGULARITY_SHELL_EXHAUSTED_PRIMALITY_UNASSIGNED,513,9595,9595,NO_RECORDED_FACTOR_PRP_OR_LL_RESULT_AND_NO_ACTIVE_GIMPS_ASSIGNMENT,2026-08-07T16:23:51+00:00,UNALLOCATED,,,,,
SLCMP201-0049,49,62,192503299,2^192503299-1,STRUCTURAL_SCREEN_EXHAUSTED_PRIMALITY_UNASSIGNED,FIRST_SINGULARITY_SHELL_EXHAUSTED_PRIMALITY_UNASSIGNED,514,9595,9595,NO_RECORDED_FACTOR_PRP_OR_LL_RESULT_AND_NO_ACTIVE_GIMPS_ASSIGNMENT,2026-08-07T16:23:51+00:00,UNALLOCATED,,,,,
SLCMP201-0050,50,63,192503317,2^192503317-1,STRUCTURAL_SCREEN_EXHAUSTED_PRIMALITY_UNASSIGNED,FIRST_SINGULARITY_SHELL_EXHAUSTED_PRIMALITY_UNASSIGNED,513,9595,9595,NO_RECORDED_FACTOR_PRP_OR_LL_RESULT_AND_NO_ACTIVE_GIMPS_ASSIGNMENT,2026-08-07T16:23:51+00:00,UNALLOCATED,,,,,
SLCMP201-0051,51,66,192503431,2^192503431-1,STRUCTURAL_SCREEN_EXHAUSTED_PRIMALITY_UNASSIGNED,FIRST_SINGULARITY_SHELL_EXHAUSTED_PRIMALITY_UNASSIGNED,514,9595,9595,NO_RECORDED_FACTOR_PRP_OR_LL_RESULT_AND_NO_ACTIVE_GIMPS_ASSIGNMENT,2026-08-07T16:23:51+00:00,UNALLOCATED,,,,,
SLCMP201-0052,52,69,192503567,2^192503567-1,STRUCTURAL_SCREEN_EXHAUSTED_PRIMALITY_UNASSIGNED,FIRST_SINGULARITY_SHELL_EXHAUSTED_PRIMALITY_UNASSIGNED,514,9595,9595,NO_RECORDED_FACTOR_PRP_OR_LL_RESULT_AND_NO_ACTIVE_GIMPS_ASSIGNMENT,2026-08-07T16:23:51+00:00,UNALLOCATED,,,,,
SLCMP201-0053,53,71,192503671,2^192503671-1,STRUCTURAL_SCREEN_EXHAUSTED_PRIMALITY_UNASSIGNED,FIRST_SINGULARITY_SHELL_EXHAUSTED_PRIMALITY_UNASSIGNED,514,9595,9595,NO_RECORDED_FACTOR_PRP_OR_LL_RESULT_AND_NO_ACTIVE_GIMPS_ASSIGNMENT,2026-08-07T16:23:51+00:00,UNALLOCATED,,,,,
SLCMP201-0054,54,72,192503683,2^192503683-1,STRUCTURAL_SCREEN_EXHAUSTED_PRIMALITY_UNASSIGNED,FIRST_SINGULARITY_SHELL_EXHAUSTED_PRIMALITY_UNASSIGNED,514,9595,9595,NO_RECORDED_FACTOR_PRP_OR_LL_RESULT_AND_NO_ACTIVE_GIMPS_ASSIGNMENT,2026-08-07T16:23:51+00:00,UNALLOCATED,,,,,
SLCMP201-0055,55,78,192504133,2^192504133-1,STRUCTURAL_SCREEN_EXHAUSTED_PRIMALITY_UNASSIGNED,FIRST_SINGULARITY_SHELL_EXHAUSTED_PRIMALITY_UNASSIGNED,513,9595,9595,NO_RECORDED_FACTOR_PRP_OR_LL_RESULT_AND_NO_ACTIVE_GIMPS_ASSIGNMENT,2026-08-07T16:23:51+00:00,UNALLOCATED,,,,,
SLCMP201-0056,56,79,192504161,2^192504161-1,STRUCTURAL_SCREEN_EXHAUSTED_PRIMALITY_UNASSIGNED,FIRST_SINGULARITY_SHELL_EXHAUSTED_PRIMALITY_UNASSIGNED,513,9595,9595,NO_RECORDED_FACTOR_PRP_OR_LL_RESULT_AND_NO_ACTIVE_GIMPS_ASSIGNMENT,2026-08-07T16:23:51+00:00,UNALLOCATED,,,,,
SLCMP201-0057,57,80,192504167,2^192504167-1,STRUCTURAL_SCREEN_EXHAUSTED_PRIMALITY_UNASSIGNED,FIRST_SINGULARITY_SHELL_EXHAUSTED_PRIMALITY_UNASSIGNED,514,9595,9595,NO_RECORDED_FACTOR_PRP_OR_LL_RESULT_AND_NO_ACTIVE_GIMPS_ASSIGNMENT,2026-08-07T16:23:51+00:00,UNALLOCATED,,,,,
SLCMP201-0058,58,83,192504397,2^192504397-1,STRUCTURAL_SCREEN_EXHAUSTED_PRIMALITY_UNASSIGNED,FIRST_SINGULARITY_SHELL_EXHAUSTED_PRIMALITY_UNASSIGNED,513,9595,9595,NO_RECORDED_FACTOR_PRP_OR_LL_RESULT_AND_NO_ACTIVE_GIMPS_ASSIGNMENT,2026-08-07T16:23:51+00:00,UNALLOCATED,,,,,
SLCMP201-0059,59,84,192504563,2^192504563-1,STRUCTURAL_SCREEN_EXHAUSTED_PRIMALITY_UNASSIGNED,FIRST_SINGULARITY_SHELL_EXHAUSTED_PRIMALITY_UNASSIGNED,514,9595,9595,NO_RECORDED_FACTOR_PRP_OR_LL_RESULT_AND_NO_ACTIVE_GIMPS_ASSIGNMENT,2026-08-07T16:23:51+00:00,UNALLOCATED,,,,,
SLCMP201-0060,60,85,192504607,2^192504607-1,STRUCTURAL_SCREEN_EXHAUSTED_PRIMALITY_UNASSIGNED,FIRST_SINGULARITY_SHELL_EXHAUSTED_PRIMALITY_UNASSIGNED,514,9595,9595,NO_RECORDED_FACTOR_PRP_OR_LL_RESULT_AND_NO_ACTIVE_GIMPS_ASSIGNMENT,2026-08-07T16:23:51+00:00,UNALLOCATED,,,,,
SLCMP201-0061,61,87,192504817,2^192504817-1,STRUCTURAL_SCREEN_EXHAUSTED_PRIMALITY_UNASSIGNED,FIRST_SINGULARITY_SHELL_EXHAUSTED_PRIMALITY_UNASSIGNED,513,9595,9595,NO_RECORDED_FACTOR_PRP_OR_LL_RESULT_AND_NO_ACTIVE_GIMPS_ASSIGNMENT,2026-08-07T16:23:51+00:00,UNALLOCATED,,,,,
SLCMP201-0062,62,90,192505123,2^192505123-1,STRUCTURAL_SCREEN_EXHAUSTED_PRIMALITY_UNASSIGNED,FIRST_SINGULARITY_SHELL_EXHAUSTED_PRIMALITY_UNASSIGNED,514,9595,9595,NO_RECORDED_FACTOR_PRP_OR_LL_RESULT_AND_NO_ACTIVE_GIMPS_ASSIGNMENT,2026-08-07T16:23:51+00:00,UNALLOCATED,,,,,
SLCMP201-0063,63,91,192505189,2^192505189-1,STRUCTURAL_SCREEN_EXHAUSTED_PRIMALITY_UNASSIGNED,FIRST_SINGULARITY_SHELL_EXHAUSTED_PRIMALITY_UNASSIGNED,513,9595,9595,NO_RECORDED_FACTOR_PRP_OR_LL_RESULT_AND_NO_ACTIVE_GIMPS_ASSIGNMENT,2026-08-07T16:23:51+00:00,UNALLOCATED,,,,,
SLCMP201-0064,64,92,192505241,2^192505241-1,STRUCTURAL_SCREEN_EXHAUSTED_PRIMALITY_UNASSIGNED,FIRST_SINGULARITY_SHELL_EXHAUSTED_PRIMALITY_UNASSIGNED,513,9595,9595,NO_RECORDED_FACTOR_PRP_OR_LL_RESULT_AND_NO_ACTIVE_GIMPS_ASSIGNMENT,2026-08-07T16:23:51+00:00,UNALLOCATED,,,,,
SLCMP201-0065,65,93,192505253,2^192505253-1,STRUCTURAL_SCREEN_EXHAUSTED_PRIMALITY_UNASSIGNED,FIRST_SINGULARITY_SHELL_EXHAUSTED_PRIMALITY_UNASSIGNED,513,9595,9595,NO_RECORDED_FACTOR_PRP_OR_LL_RESULT_AND_NO_ACTIVE_GIMPS_ASSIGNMENT,2026-08-07T16:23:51+00:00,UNALLOCATED,,,,,
SLCMP201-0066,66,94,192505267,2^192505267-1,STRUCTURAL_SCREEN_EXHAUSTED_PRIMALITY_UNASSIGNED,FIRST_SINGULARITY_SHELL_EXHAUSTED_PRIMALITY_UNASSIGNED,514,9595,9595,NO_RECORDED_FACTOR_PRP_OR_LL_RESULT_AND_NO_ACTIVE_GIMPS_ASSIGNMENT,2026-08-07T16:23:51+00:00,UNALLOCATED,,,,,
SLCMP201-0067,67,95,192505337,2^192505337-1,STRUCTURAL_SCREEN_EXHAUSTED_PRIMALITY_UNASSIGNED,FIRST_SINGULARITY_SHELL_EXHAUSTED_PRIMALITY_UNASSIGNED,513,9595,9595,NO_RECORDED_FACTOR_PRP_OR_LL_RESULT_AND_NO_ACTIVE_GIMPS_ASSIGNMENT,2026-08-07T16:23:51+00:00,UNALLOCATED,,,,,
SLCMP201-0068,68,96,192505343,2^192505343-1,STRUCTURAL_SCREEN_EXHAUSTED_PRIMALITY_UNASSIGNED,FIRST_SINGULARITY_SHELL_EXHAUSTED_PRIMALITY_UNASSIGNED,514,9595,9595,NO_RECORDED_FACTOR_PRP_OR_LL_RESULT_AND_NO_ACTIVE_GIMPS_ASSIGNMENT,2026-08-07T16:23:51+00:00,UNALLOCATED,,,,,
SLCMP201-0069,69,98,192505427,2^192505427-1,STRUCTURAL_SCREEN_EXHAUSTED_PRIMALITY_UNASSIGNED,FIRST_SINGULARITY_SHELL_EXHAUSTED_PRIMALITY_UNASSIGNED,514,9595,9595,NO_RECORDED_FACTOR_PRP_OR_LL_RESULT_AND_NO_ACTIVE_GIMPS_ASSIGNMENT,2026-08-07T16:23:51+00:00,UNALLOCATED,,,,,
SLCMP201-0070,70,99,192505441,2^192505441-1,STRUCTURAL_SCREEN_EXHAUSTED_PRIMALITY_UNASSIGNED,FIRST_SINGULARITY_SHELL_EXHAUSTED_PRIMALITY_UNASSIGNED,513,9595,9595,NO_RECORDED_FACTOR_PRP_OR_LL_RESULT_AND_NO_ACTIVE_GIMPS_ASSIGNMENT,2026-08-07T16:23:51+00:00,UNALLOCATED,,,,,
SLCMP201-0071,71,100,192505531,2^192505531-1,STRUCTURAL_SCREEN_EXHAUSTED_PRIMALITY_UNASSIGNED,FIRST_SINGULARITY_SHELL_EXHAUSTED_PRIMALITY_UNASSIGNED,514,9595,9595,NO_RECORDED_FACTOR_PRP_OR_LL_RESULT_AND_NO_ACTIVE_GIMPS_ASSIGNMENT,2026-08-07T16:23:51+00:00,UNALLOCATED,,,,,
SLCMP201-0072,72,102,192505583,2^192505583-1,STRUCTURAL_SCREEN_EXHAUSTED_PRIMALITY_UNASSIGNED,FIRST_SINGULARITY_SHELL_EXHAUSTED_PRIMALITY_UNASSIGNED,514,9595,9595,NO_RECORDED_FACTOR_PRP_OR_LL_RESULT_AND_NO_ACTIVE_GIMPS_ASSIGNMENT,2026-08-07T16:23:51+00:00,UNALLOCATED,,,,,
SLCMP201-0073,73,103,192505609,2^192505609-1,STRUCTURAL_SCREEN_EXHAUSTED_PRIMALITY_UNASSIGNED,FIRST_SINGULARITY_SHELL_EXHAUSTED_PRIMALITY_UNASSIGNED,513,9595,9595,NO_RECORDED_FACTOR_PRP_OR_LL_RESULT_AND_NO_ACTIVE_GIMPS_ASSIGNMENT,2026-08-07T16:23:51+00:00,UNALLOCATED,,,,,
SLCMP201-0074,74,104,192505693,2^192505693-1,STRUCTURAL_SCREEN_EXHAUSTED_PRIMALITY_UNASSIGNED,FIRST_SINGULARITY_SHELL_EXHAUSTED_PRIMALITY_UNASSIGNED,513,9595,9595,NO_RECORDED_FACTOR_PRP_OR_LL_RESULT_AND_NO_ACTIVE_GIMPS_ASSIGNMENT,2026-08-07T16:23:51+00:00,UNALLOCATED,,,,,
SLCMP201-0075,75,105,192505811,2^192505811-1,STRUCTURAL_SCREEN_EXHAUSTED_PRIMALITY_UNASSIGNED,FIRST_SINGULARITY_SHELL_EXHAUSTED_PRIMALITY_UNASSIGNED,514,9595,9595,NO_RECORDED_FACTOR_PRP_OR_LL_RESULT_AND_NO_ACTIVE_GIMPS_ASSIGNMENT,2026-08-07T16:23:51+00:00,UNALLOCATED,,,,,
SLCMP201-0076,76,108,192505949,2^192505949-1,STRUCTURAL_SCREEN_EXHAUSTED_PRIMALITY_UNASSIGNED,FIRST_SINGULARITY_SHELL_EXHAUSTED_PRIMALITY_UNASSIGNED,513,9595,9595,NO_RECORDED_FACTOR_PRP_OR_LL_RESULT_AND_NO_ACTIVE_GIMPS_ASSIGNMENT,2026-08-07T16:23:51+00:00,UNALLOCATED,,,,,
SLCMP201-0077,77,110,192505993,2^192505993-1,STRUCTURAL_SCREEN_EXHAUSTED_PRIMALITY_UNASSIGNED,FIRST_SINGULARITY_SHELL_EXHAUSTED_PRIMALITY_UNASSIGNED,513,9595,9595,NO_RECORDED_FACTOR_PRP_OR_LL_RESULT_AND_NO_ACTIVE_GIMPS_ASSIGNMENT,2026-08-07T16:23:51+00:00,UNALLOCATED,,,,,
SLCMP201-0078,78,111,192506023,2^192506023-1,STRUCTURAL_SCREEN_EXHAUSTED_PRIMALITY_UNASSIGNED,FIRST_SINGULARITY_SHELL_EXHAUSTED_PRIMALITY_UNASSIGNED,514,9595,9595,NO_RECORDED_FACTOR_PRP_OR_LL_RESULT_AND_NO_ACTIVE_GIMPS_ASSIGNMENT,2026-08-07T16:23:51+00:00,UNALLOCATED,,,,,
SLCMP201-0079,79,112,192506053,2^192506053-1,STRUCTURAL_SCREEN_EXHAUSTED_PRIMALITY_UNASSIGNED,FIRST_SINGULARITY_SHELL_EXHAUSTED_PRIMALITY_UNASSIGNED,513,9595,9595,NO_RECORDED_FACTOR_PRP_OR_LL_RESULT_AND_NO_ACTIVE_GIMPS_ASSIGNMENT,2026-08-07T16:23:51+00:00,UNALLOCATED,,,,,
SLCMP201-0080,80,113,192506117,2^192506117-1,STRUCTURAL_SCREEN_EXHAUSTED_PRIMALITY_UNASSIGNED,FIRST_SINGULARITY_SHELL_EXHAUSTED_PRIMALITY_UNASSIGNED,513,9595,9595,NO_RECORDED_FACTOR_PRP_OR_LL_RESULT_AND_NO_ACTIVE_GIMPS_ASSIGNMENT,2026-08-07T16:23:51+00:00,UNALLOCATED,,,,,
SLCMP201-0081,81,116,192506383,2^192506383-1,STRUCTURAL_SCREEN_EXHAUSTED_PRIMALITY_UNASSIGNED,FIRST_SINGULARITY_SHELL_EXHAUSTED_PRIMALITY_UNASSIGNED,514,9595,9595,NO_RECORDED_FACTOR_PRP_OR_LL_RESULT_AND_NO_ACTIVE_GIMPS_ASSIGNMENT,2026-08-07T16:23:51+00:00,UNALLOCATED,,,,,
SLCMP201-0082,82,117,192506467,2^192506467-1,STRUCTURAL_SCREEN_EXHAUSTED_PRIMALITY_UNASSIGNED,FIRST_SINGULARITY_SHELL_EXHAUSTED_PRIMALITY_UNASSIGNED,514,9595,9595,NO_RECORDED_FACTOR_PRP_OR_LL_RESULT_AND_NO_ACTIVE_GIMPS_ASSIGNMENT,2026-08-07T16:23:51+00:00,UNALLOCATED,,,,,
SLCMP201-0083,83,118,192506471,2^192506471-1,STRUCTURAL_SCREEN_EXHAUSTED_PRIMALITY_UNASSIGNED,FIRST_SINGULARITY_SHELL_EXHAUSTED_PRIMALITY_UNASSIGNED,514,9595,9595,NO_RECORDED_FACTOR_PRP_OR_LL_RESULT_AND_NO_ACTIVE_GIMPS_ASSIGNMENT,2026-08-07T16:23:51+00:00,UNALLOCATED,,,,,
SLCMP201-0084,84,119,192506551,2^192506551-1,STRUCTURAL_SCREEN_EXHAUSTED_PRIMALITY_UNASSIGNED,FIRST_SINGULARITY_SHELL_EXHAUSTED_PRIMALITY_UNASSIGNED,514,9595,9595,NO_RECORDED_FACTOR_PRP_OR_LL_RESULT_AND_NO_ACTIVE_GIMPS_ASSIGNMENT,2026-08-07T16:23:51+00:00,UNALLOCATED,,,,,
SLCMP201-0085,85,120,192506569,2^192506569-1,STRUCTURAL_SCREEN_EXHAUSTED_PRIMALITY_UNASSIGNED,FIRST_SINGULARITY_SHELL_EXHAUSTED_PRIMALITY_UNASSIGNED,513,9595,9595,NO_RECORDED_FACTOR_PRP_OR_LL_RESULT_AND_NO_ACTIVE_GIMPS_ASSIGNMENT,2026-08-07T16:23:51+00:00,UNALLOCATED,,,,,
SLCMP201-0086,86,121,192506593,2^192506593-1,STRUCTURAL_SCREEN_EXHAUSTED_PRIMALITY_UNASSIGNED,FIRST_SINGULARITY_SHELL_EXHAUSTED_PRIMALITY_UNASSIGNED,513,9595,9595,NO_RECORDED_FACTOR_PRP_OR_LL_RESULT_AND_NO_ACTIVE_GIMPS_ASSIGNMENT,2026-08-07T16:23:51+00:00,UNALLOCATED,,,,,
SLCMP201-0087,87,122,192506641,2^192506641-1,STRUCTURAL_SCREEN_EXHAUSTED_PRIMALITY_UNASSIGNED,FIRST_SINGULARITY_SHELL_EXHAUSTED_PRIMALITY_UNASSIGNED,513,9595,9595,NO_RECORDED_FACTOR_PRP_OR_LL_RESULT_AND_NO_ACTIVE_GIMPS_ASSIGNMENT,2026-08-07T16:23:51+00:00,UNALLOCATED,,,,,
SLCMP201-0088,88,123,192506681,2^192506681-1,STRUCTURAL_SCREEN_EXHAUSTED_PRIMALITY_UNASSIGNED,FIRST_SINGULARITY_SHELL_EXHAUSTED_PRIMALITY_UNASSIGNED,513,9595,9595,NO_RECORDED_FACTOR_PRP_OR_LL_RESULT_AND_NO_ACTIVE_GIMPS_ASSIGNMENT,2026-08-07T16:23:51+00:00,UNALLOCATED,,,,,
SLCMP201-0089,89,124,192506701,2^192506701-1,STRUCTURAL_SCREEN_EXHAUSTED_PRIMALITY_UNASSIGNED,FIRST_SINGULARITY_SHELL_EXHAUSTED_PRIMALITY_UNASSIGNED,513,9595,9595,NO_RECORDED_FACTOR_PRP_OR_LL_RESULT_AND_NO_ACTIVE_GIMPS_ASSIGNMENT,2026-08-07T16:23:51+00:00,UNALLOCATED,,,,,
SLCMP201-0090,90,125,192506777,2^192506777-1,STRUCTURAL_SCREEN_EXHAUSTED_PRIMALITY_UNASSIGNED,FIRST_SINGULARITY_SHELL_EXHAUSTED_PRIMALITY_UNASSIGNED,513,9595,9595,NO_RECORDED_FACTOR_PRP_OR_LL_RESULT_AND_NO_ACTIVE_GIMPS_ASSIGNMENT,2026-08-07T16:23:51+00:00,UNALLOCATED,,,,,
SLCMP201-0091,91,126,192506813,2^192506813-1,STRUCTURAL_SCREEN_EXHAUSTED_PRIMALITY_UNASSIGNED,FIRST_SINGULARITY_SHELL_EXHAUSTED_PRIMALITY_UNASSIGNED,513,9595,9595,NO_RECORDED_FACTOR_PRP_OR_LL_RESULT_AND_NO_ACTIVE_GIMPS_ASSIGNMENT,2026-08-07T16:23:51+00:00,UNALLOCATED,,,,,
SLCMP201-0092,92,127,192506833,2^192506833-1,STRUCTURAL_SCREEN_EXHAUSTED_PRIMALITY_UNASSIGNED,FIRST_SINGULARITY_SHELL_EXHAUSTED_PRIMALITY_UNASSIGNED,513,9595,9595,NO_RECORDED_FACTOR_PRP_OR_LL_RESULT_AND_NO_ACTIVE_GIMPS_ASSIGNMENT,2026-08-07T16:23:51+00:00,UNALLOCATED,,,,,
SLCMP201-0093,93,128,192506851,2^192506851-1,STRUCTURAL_SCREEN_EXHAUSTED_PRIMALITY_UNASSIGNED,FIRST_SINGULARITY_SHELL_EXHAUSTED_PRIMALITY_UNASSIGNED,514,9595,9595,NO_RECORDED_FACTOR_PRP_OR_LL_RESULT_AND_NO_ACTIVE_GIMPS_ASSIGNMENT,2026-08-07T16:23:51+00:00,UNALLOCATED,,,,,
SLCMP201-0094,94,129,192506857,2^192506857-1,STRUCTURAL_SCREEN_EXHAUSTED_PRIMALITY_UNASSIGNED,FIRST_SINGULARITY_SHELL_EXHAUSTED_PRIMALITY_UNASSIGNED,513,9595,9595,NO_RECORDED_FACTOR_PRP_OR_LL_RESULT_AND_NO_ACTIVE_GIMPS_ASSIGNMENT,2026-08-07T16:23:51+00:00,UNALLOCATED,,,,,
SLCMP201-0095,95,130,192506863,2^192506863-1,STRUCTURAL_SCREEN_EXHAUSTED_PRIMALITY_UNASSIGNED,FIRST_SINGULARITY_SHELL_EXHAUSTED_PRIMALITY_UNASSIGNED,514,9595,9595,NO_RECORDED_FACTOR_PRP_OR_LL_RESULT_AND_NO_ACTIVE_GIMPS_ASSIGNMENT,2026-08-07T16:23:51+00:00,UNALLOCATED,,,,,
SLCMP201-0096,96,131,192507019,2^192507019-1,STRUCTURAL_SCREEN_EXHAUSTED_PRIMALITY_UNASSIGNED,FIRST_SINGULARITY_SHELL_EXHAUSTED_PRIMALITY_UNASSIGNED,514,9595,9595,NO_RECORDED_FACTOR_PRP_OR_LL_RESULT_AND_NO_ACTIVE_GIMPS_ASSIGNMENT,2026-08-07T16:23:51+00:00,UNALLOCATED,,,,,
SLCMP201-0097,97,133,192507083,2^192507083-1,STRUCTURAL_SCREEN_EXHAUSTED_PRIMALITY_UNASSIGNED,FIRST_SINGULARITY_SHELL_EXHAUSTED_PRIMALITY_UNASSIGNED,514,9595,9595,NO_RECORDED_FACTOR_PRP_OR_LL_RESULT_AND_NO_ACTIVE_GIMPS_ASSIGNMENT,2026-08-07T16:23:51+00:00,UNALLOCATED,,,,,
SLCMP201-0098,98,135,192507151,2^192507151-1,STRUCTURAL_SCREEN_EXHAUSTED_PRIMALITY_UNASSIGNED,FIRST_SINGULARITY_SHELL_EXHAUSTED_PRIMALITY_UNASSIGNED,514,9595,9595,NO_RECORDED_FACTOR_PRP_OR_LL_RESULT_AND_NO_ACTIVE_GIMPS_ASSIGNMENT,2026-08-07T16:23:51+00:00,UNALLOCATED,,,,,
SLCMP201-0099,99,136,192507157,2^192507157-1,STRUCTURAL_SCREEN_EXHAUSTED_PRIMALITY_UNASSIGNED,FIRST_SINGULARITY_SHELL_EXHAUSTED_PRIMALITY_UNASSIGNED,513,9595,9595,NO_RECORDED_FACTOR_PRP_OR_LL_RESULT_AND_NO_ACTIVE_GIMPS_ASSIGNMENT,2026-08-07T16:23:51+00:00,UNALLOCATED,,,,,
SLCMP201-0100,100,139,192507223,2^192507223-1,STRUCTURAL_SCREEN_EXHAUSTED_PRIMALITY_UNASSIGNED,FIRST_SINGULARITY_SHELL_EXHAUSTED_PRIMALITY_UNASSIGNED,514,9595,9595,NO_RECORDED_FACTOR_PRP_OR_LL_RESULT_AND_NO_ACTIVE_GIMPS_ASSIGNMENT,2026-08-07T16:23:51+00:00,UNALLOCATED,,,,,
SLCMP201-0101,101,141,192507239,2^192507239-1,STRUCTURAL_SCREEN_EXHAUSTED_PRIMALITY_UNASSIGNED,FIRST_SINGULARITY_SHELL_EXHAUSTED_PRIMALITY_UNASSIGNED,514,9595,9595,NO_RECORDED_FACTOR_PRP_OR_LL_RESULT_AND_NO_ACTIVE_GIMPS_ASSIGNMENT,2026-08-07T16:23:51+00:00,UNALLOCATED,,,,,
SLCMP201-0102,102,144,192507391,2^192507391-1,STRUCTURAL_SCREEN_EXHAUSTED_PRIMALITY_UNASSIGNED,FIRST_SINGULARITY_SHELL_EXHAUSTED_PRIMALITY_UNASSIGNED,514,9595,9595,NO_RECORDED_FACTOR_PRP_OR_LL_RESULT_AND_NO_ACTIVE_GIMPS_ASSIGNMENT,2026-08-07T16:23:51+00:00,UNALLOCATED,,,,,
SLCMP201-0103,103,145,192507451,2^192507451-1,STRUCTURAL_SCREEN_EXHAUSTED_PRIMALITY_UNASSIGNED,FIRST_SINGULARITY_SHELL_EXHAUSTED_PRIMALITY_UNASSIGNED,514,9595,9595,NO_RECORDED_FACTOR_PRP_OR_LL_RESULT_AND_NO_ACTIVE_GIMPS_ASSIGNMENT,2026-08-07T16:23:51+00:00,UNALLOCATED,,,,,
SLCMP201-0104,104,146,192507457,2^192507457-1,STRUCTURAL_SCREEN_EXHAUSTED_PRIMALITY_UNASSIGNED,FIRST_SINGULARITY_SHELL_EXHAUSTED_PRIMALITY_UNASSIGNED,513,9595,9595,NO_RECORDED_FACTOR_PRP_OR_LL_RESULT_AND_NO_ACTIVE_GIMPS_ASSIGNMENT,2026-08-07T16:23:51+00:00,UNALLOCATED,,,,,
SLCMP201-0105,105,148,192507499,2^192507499-1,STRUCTURAL_SCREEN_EXHAUSTED_PRIMALITY_UNASSIGNED,FIRST_SINGULARITY_SHELL_EXHAUSTED_PRIMALITY_UNASSIGNED,514,9595,9595,NO_RECORDED_FACTOR_PRP_OR_LL_RESULT_AND_NO_ACTIVE_GIMPS_ASSIGNMENT,2026-08-07T16:23:51+00:00,UNALLOCATED,,,,,
SLCMP201-0106,106,149,192507589,2^192507589-1,STRUCTURAL_SCREEN_EXHAUSTED_PRIMALITY_UNASSIGNED,FIRST_SINGULARITY_SHELL_EXHAUSTED_PRIMALITY_UNASSIGNED,513,9595,9595,NO_RECORDED_FACTOR_PRP_OR_LL_RESULT_AND_NO_ACTIVE_GIMPS_ASSIGNMENT,2026-08-07T16:23:51+00:00,UNALLOCATED,,,,,
SLCMP201-0107,107,152,192507841,2^192507841-1,STRUCTURAL_SCREEN_EXHAUSTED_PRIMALITY_UNASSIGNED,FIRST_SINGULARITY_SHELL_EXHAUSTED_PRIMALITY_UNASSIGNED,513,9595,9595,NO_RECORDED_FACTOR_PRP_OR_LL_RESULT_AND_NO_ACTIVE_GIMPS_ASSIGNMENT,2026-08-07T16:23:51+00:00,UNALLOCATED,,,,,
SLCMP201-0108,108,153,192507869,2^192507869-1,STRUCTURAL_SCREEN_EXHAUSTED_PRIMALITY_UNASSIGNED,FIRST_SINGULARITY_SHELL_EXHAUSTED_PRIMALITY_UNASSIGNED,513,9595,9595,NO_RECORDED_FACTOR_PRP_OR_LL_RESULT_AND_NO_ACTIVE_GIMPS_ASSIGNMENT,2026-08-07T16:23:51+00:00,UNALLOCATED,,,,,
SLCMP201-0109,109,154,192507871,2^192507871-1,STRUCTURAL_SCREEN_EXHAUSTED_PRIMALITY_UNASSIGNED,FIRST_SINGULARITY_SHELL_EXHAUSTED_PRIMALITY_UNASSIGNED,514,9595,9595,NO_RECORDED_FACTOR_PRP_OR_LL_RESULT_AND_NO_ACTIVE_GIMPS_ASSIGNMENT,2026-08-07T16:23:51+00:00,UNALLOCATED,,,,,
SLCMP201-0110,110,155,192507941,2^192507941-1,STRUCTURAL_SCREEN_EXHAUSTED_PRIMALITY_UNASSIGNED,FIRST_SINGULARITY_SHELL_EXHAUSTED_PRIMALITY_UNASSIGNED,513,9595,9595,NO_RECORDED_FACTOR_PRP_OR_LL_RESULT_AND_NO_ACTIVE_GIMPS_ASSIGNMENT,2026-08-07T16:23:51+00:00,UNALLOCATED,,,,,
SLCMP201-0111,111,156,192507961,2^192507961-1,STRUCTURAL_SCREEN_EXHAUSTED_PRIMALITY_UNASSIGNED,FIRST_SINGULARITY_SHELL_EXHAUSTED_PRIMALITY_UNASSIGNED,513,9595,9595,NO_RECORDED_FACTOR_PRP_OR_LL_RESULT_AND_NO_ACTIVE_GIMPS_ASSIGNMENT,2026-08-07T16:23:51+00:00,UNALLOCATED,,,,,
SLCMP201-0112,112,157,192507977,2^192507977-1,STRUCTURAL_SCREEN_EXHAUSTED_PRIMALITY_UNASSIGNED,FIRST_SINGULARITY_SHELL_EXHAUSTED_PRIMALITY_UNASSIGNED,513,9595,9595,NO_RECORDED_FACTOR_PRP_OR_LL_RESULT_AND_NO_ACTIVE_GIMPS_ASSIGNMENT,2026-08-07T16:23:51+00:00,UNALLOCATED,,,,,
SLCMP201-0113,113,158,192508049,2^192508049-1,STRUCTURAL_SCREEN_EXHAUSTED_PRIMALITY_UNASSIGNED,FIRST_SINGULARITY_SHELL_EXHAUSTED_PRIMALITY_UNASSIGNED,513,9595,9595,NO_RECORDED_FACTOR_PRP_OR_LL_RESULT_AND_NO_ACTIVE_GIMPS_ASSIGNMENT,2026-08-07T16:23:51+00:00,UNALLOCATED,,,,,
SLCMP201-0114,114,159,192508181,2^192508181-1,STRUCTURAL_SCREEN_EXHAUSTED_PRIMALITY_UNASSIGNED,FIRST_SINGULARITY_SHELL_EXHAUSTED_PRIMALITY_UNASSIGNED,513,9595,9595,NO_RECORDED_FACTOR_PRP_OR_LL_RESULT_AND_NO_ACTIVE_GIMPS_ASSIGNMENT,2026-08-07T16:23:51+00:00,UNALLOCATED,,,,,
SLCMP201-0115,115,160,192508223,2^192508223-1,STRUCTURAL_SCREEN_EXHAUSTED_PRIMALITY_UNASSIGNED,FIRST_SINGULARITY_SHELL_EXHAUSTED_PRIMALITY_UNASSIGNED,514,9595,9595,NO_RECORDED_FACTOR_PRP_OR_LL_RESULT_AND_NO_ACTIVE_GIMPS_ASSIGNMENT,2026-08-07T16:23:51+00:00,UNALLOCATED,,,,,
SLCMP201-0116,116,162,192508307,2^192508307-1,STRUCTURAL_SCREEN_EXHAUSTED_PRIMALITY_UNASSIGNED,FIRST_SINGULARITY_SHELL_EXHAUSTED_PRIMALITY_UNASSIGNED,514,9595,9595,NO_RECORDED_FACTOR_PRP_OR_LL_RESULT_AND_NO_ACTIVE_GIMPS_ASSIGNMENT,2026-08-07T16:23:51+00:00,UNALLOCATED,,,,,
SLCMP201-0117,117,165,192508403,2^192508403-1,STRUCTURAL_SCREEN_EXHAUSTED_PRIMALITY_UNASSIGNED,FIRST_SINGULARITY_SHELL_EXHAUSTED_PRIMALITY_UNASSIGNED,514,9595,9595,NO_RECORDED_FACTOR_PRP_OR_LL_RESULT_AND_NO_ACTIVE_GIMPS_ASSIGNMENT,2026-08-07T16:23:51+00:00,UNALLOCATED,,,,,
SLCMP201-0118,118,166,192508553,2^192508553-1,STRUCTURAL_SCREEN_EXHAUSTED_PRIMALITY_UNASSIGNED,FIRST_SINGULARITY_SHELL_EXHAUSTED_PRIMALITY_UNASSIGNED,513,9595,9595,NO_RECORDED_FACTOR_PRP_OR_LL_RESULT_AND_NO_ACTIVE_GIMPS_ASSIGNMENT,2026-08-07T16:23:51+00:00,UNALLOCATED,,,,,
SLCMP201-0119,119,167,192508579,2^192508579-1,STRUCTURAL_SCREEN_EXHAUSTED_PRIMALITY_UNASSIGNED,FIRST_SINGULARITY_SHELL_EXHAUSTED_PRIMALITY_UNASSIGNED,514,9595,9595,NO_RECORDED_FACTOR_PRP_OR_LL_RESULT_AND_NO_ACTIVE_GIMPS_ASSIGNMENT,2026-08-07T16:23:51+00:00,UNALLOCATED,,,,,
SLCMP201-0120,120,168,192508639,2^192508639-1,STRUCTURAL_SCREEN_EXHAUSTED_PRIMALITY_UNASSIGNED,FIRST_SINGULARITY_SHELL_EXHAUSTED_PRIMALITY_UNASSIGNED,514,9595,9595,NO_RECORDED_FACTOR_PRP_OR_LL_RESULT_AND_NO_ACTIVE_GIMPS_ASSIGNMENT,2026-08-07T16:23:51+00:00,UNALLOCATED,,,,,
SLCMP201-0121,121,171,192508829,2^192508829-1,STRUCTURAL_SCREEN_EXHAUSTED_PRIMALITY_UNASSIGNED,FIRST_SINGULARITY_SHELL_EXHAUSTED_PRIMALITY_UNASSIGNED,513,9595,9595,NO_RECORDED_FACTOR_PRP_OR_LL_RESULT_AND_NO_ACTIVE_GIMPS_ASSIGNMENT,2026-08-07T16:23:51+00:00,UNALLOCATED,,,,,
SLCMP201-0122,122,172,192508907,2^192508907-1,STRUCTURAL_SCREEN_EXHAUSTED_PRIMALITY_UNASSIGNED,FIRST_SINGULARITY_SHELL_EXHAUSTED_PRIMALITY_UNASSIGNED,514,9595,9595,NO_RECORDED_FACTOR_PRP_OR_LL_RESULT_AND_NO_ACTIVE_GIMPS_ASSIGNMENT,2026-08-07T16:23:51+00:00,UNALLOCATED,,,,,
SLCMP201-0123,123,173,192508961,2^192508961-1,STRUCTURAL_SCREEN_EXHAUSTED_PRIMALITY_UNASSIGNED,FIRST_SINGULARITY_SHELL_EXHAUSTED_PRIMALITY_UNASSIGNED,513,9595,9595,NO_RECORDED_FACTOR_PRP_OR_LL_RESULT_AND_NO_ACTIVE_GIMPS_ASSIGNMENT,2026-08-07T16:23:51+00:00,UNALLOCATED,,,,,
SLCMP201-0124,124,174,192508993,2^192508993-1,STRUCTURAL_SCREEN_EXHAUSTED_PRIMALITY_UNASSIGNED,FIRST_SINGULARITY_SHELL_EXHAUSTED_PRIMALITY_UNASSIGNED,513,9595,9595,NO_RECORDED_FACTOR_PRP_OR_LL_RESULT_AND_NO_ACTIVE_GIMPS_ASSIGNMENT,2026-08-07T16:23:51+00:00,UNALLOCATED,,,,,
SLCMP201-0125,125,181,192509189,2^192509189-1,STRUCTURAL_SCREEN_EXHAUSTED_PRIMALITY_UNASSIGNED,FIRST_SINGULARITY_SHELL_EXHAUSTED_PRIMALITY_UNASSIGNED,513,9595,9595,NO_RECORDED_FACTOR_PRP_OR_LL_RESULT_AND_NO_ACTIVE_GIMPS_ASSIGNMENT,2026-08-07T16:23:51+00:00,UNALLOCATED,,,,,
SLCMP201-0126,126,184,192509459,2^192509459-1,STRUCTURAL_SCREEN_EXHAUSTED_PRIMALITY_UNASSIGNED,FIRST_SINGULARITY_SHELL_EXHAUSTED_PRIMALITY_UNASSIGNED,514,9595,9595,NO_RECORDED_FACTOR_PRP_OR_LL_RESULT_AND_NO_ACTIVE_GIMPS_ASSIGNMENT,2026-08-07T16:23:51+00:00,UNALLOCATED,,,,,
SLCMP201-0127,127,187,192509533,2^192509533-1,STRUCTURAL_SCREEN_EXHAUSTED_PRIMALITY_UNASSIGNED,FIRST_SINGULARITY_SHELL_EXHAUSTED_PRIMALITY_UNASSIGNED,513,9595,9595,NO_RECORDED_FACTOR_PRP_OR_LL_RESULT_AND_NO_ACTIVE_GIMPS_ASSIGNMENT,2026-08-07T16:23:51+00:00,UNALLOCATED,,,,,
SLCMP201-0128,128,188,192509543,2^192509543-1,STRUCTURAL_SCREEN_EXHAUSTED_PRIMALITY_UNASSIGNED,FIRST_SINGULARITY_SHELL_EXHAUSTED_PRIMALITY_UNASSIGNED,514,9595,9595,NO_RECORDED_FACTOR_PRP_OR_LL_RESULT_AND_NO_ACTIVE_GIMPS_ASSIGNMENT,2026-08-07T16:23:51+00:00,UNALLOCATED,,,,,
SLCMP201-0129,129,189,192509567,2^192509567-1,STRUCTURAL_SCREEN_EXHAUSTED_PRIMALITY_UNASSIGNED,FIRST_SINGULARITY_SHELL_EXHAUSTED_PRIMALITY_UNASSIGNED,514,9595,9595,NO_RECORDED_FACTOR_PRP_OR_LL_RESULT_AND_NO_ACTIVE_GIMPS_ASSIGNMENT,2026-08-07T16:23:51+00:00,UNALLOCATED,,,,,
SLCMP201-0130,130,190,192509593,2^192509593-1,STRUCTURAL_SCREEN_EXHAUSTED_PRIMALITY_UNASSIGNED,FIRST_SINGULARITY_SHELL_EXHAUSTED_PRIMALITY_UNASSIGNED,513,9595,9595,NO_RECORDED_FACTOR_PRP_OR_LL_RESULT_AND_NO_ACTIVE_GIMPS_ASSIGNMENT,2026-08-07T16:23:51+00:00,UNALLOCATED,,,,,
SLCMP201-0131,131,193,192509831,2^192509831-1,STRUCTURAL_SCREEN_EXHAUSTED_PRIMALITY_UNASSIGNED,FIRST_SINGULARITY_SHELL_EXHAUSTED_PRIMALITY_UNASSIGNED,514,9595,9595,NO_RECORDED_FACTOR_PRP_OR_LL_RESULT_AND_NO_ACTIVE_GIMPS_ASSIGNMENT,2026-08-07T16:23:51+00:00,UNALLOCATED,,,,,
SLCMP201-0132,132,194,192510037,2^192510037-1,STRUCTURAL_SCREEN_EXHAUSTED_PRIMALITY_UNASSIGNED,FIRST_SINGULARITY_SHELL_EXHAUSTED_PRIMALITY_UNASSIGNED,513,9595,9595,NO_RECORDED_FACTOR_PRP_OR_LL_RESULT_AND_NO_ACTIVE_GIMPS_ASSIGNMENT,2026-08-07T16:23:51+00:00,UNALLOCATED,,,,,
SLCMP201-0133,133,195,192510067,2^192510067-1,STRUCTURAL_SCREEN_EXHAUSTED_PRIMALITY_UNASSIGNED,FIRST_SINGULARITY_SHELL_EXHAUSTED_PRIMALITY_UNASSIGNED,514,9595,9595,NO_RECORDED_FACTOR_PRP_OR_LL_RESULT_AND_NO_ACTIVE_GIMPS_ASSIGNMENT,2026-08-07T16:23:51+00:00,UNALLOCATED,,,,,
SLCMP201-0134,134,196,192510107,2^192510107-1,STRUCTURAL_SCREEN_EXHAUSTED_PRIMALITY_UNASSIGNED,FIRST_SINGULARITY_SHELL_EXHAUSTED_PRIMALITY_UNASSIGNED,514,9595,9595,NO_RECORDED_FACTOR_PRP_OR_LL_RESULT_AND_NO_ACTIVE_GIMPS_ASSIGNMENT,2026-08-07T16:23:51+00:00,UNALLOCATED,,,,,
SLCMP201-0135,135,200,192510259,2^192510259-1,STRUCTURAL_SCREEN_EXHAUSTED_PRIMALITY_UNASSIGNED,FIRST_SINGULARITY_SHELL_EXHAUSTED_PRIMALITY_UNASSIGNED,514,9595,9595,NO_RECORDED_FACTOR_PRP_OR_LL_RESULT_AND_NO_ACTIVE_GIMPS_ASSIGNMENT,2026-08-07T16:23:51+00:00,UNALLOCATED,,,,,
SLCMP201-0136,136,202,192510379,2^192510379-1,STRUCTURAL_SCREEN_EXHAUSTED_PRIMALITY_UNASSIGNED,FIRST_SINGULARITY_SHELL_EXHAUSTED_PRIMALITY_UNASSIGNED,514,9595,9595,NO_RECORDED_FACTOR_PRP_OR_LL_RESULT_AND_NO_ACTIVE_GIMPS_ASSIGNMENT,2026-08-07T16:23:51+00:00,UNALLOCATED,,,,,
SLCMP201-0137,137,203,192510427,2^192510427-1,STRUCTURAL_SCREEN_EXHAUSTED_PRIMALITY_UNASSIGNED,FIRST_SINGULARITY_SHELL_EXHAUSTED_PRIMALITY_UNASSIGNED,514,9595,9595,NO_RECORDED_FACTOR_PRP_OR_LL_RESULT_AND_NO_ACTIVE_GIMPS_ASSIGNMENT,2026-08-07T16:23:51+00:00,UNALLOCATED,,,,,
SLCMP201-0138,138,204,192510473,2^192510473-1,STRUCTURAL_SCREEN_EXHAUSTED_PRIMALITY_UNASSIGNED,FIRST_SINGULARITY_SHELL_EXHAUSTED_PRIMALITY_UNASSIGNED,513,9595,9595,NO_RECORDED_FACTOR_PRP_OR_LL_RESULT_AND_NO_ACTIVE_GIMPS_ASSIGNMENT,2026-08-07T16:23:51+00:00,UNALLOCATED,,,,,
SLCMP201-0139,139,206,192510581,2^192510581-1,STRUCTURAL_SCREEN_EXHAUSTED_PRIMALITY_UNASSIGNED,FIRST_SINGULARITY_SHELL_EXHAUSTED_PRIMALITY_UNASSIGNED,513,9595,9595,NO_RECORDED_FACTOR_PRP_OR_LL_RESULT_AND_NO_ACTIVE_GIMPS_ASSIGNMENT,2026-08-07T16:23:51+00:00,UNALLOCATED,,,,,
SLCMP201-0140,140,208,192510697,2^192510697-1,STRUCTURAL_SCREEN_EXHAUSTED_PRIMALITY_UNASSIGNED,FIRST_SINGULARITY_SHELL_EXHAUSTED_PRIMALITY_UNASSIGNED,513,9595,9595,NO_RECORDED_FACTOR_PRP_OR_LL_RESULT_AND_NO_ACTIVE_GIMPS_ASSIGNMENT,2026-08-07T16:23:51+00:00,UNALLOCATED,,,,,
SLCMP201-0141,141,209,192510701,2^192510701-1,STRUCTURAL_SCREEN_EXHAUSTED_PRIMALITY_UNASSIGNED,FIRST_SINGULARITY_SHELL_EXHAUSTED_PRIMALITY_UNASSIGNED,513,9595,9595,NO_RECORDED_FACTOR_PRP_OR_LL_RESULT_AND_NO_ACTIVE_GIMPS_ASSIGNMENT,2026-08-07T16:23:51+00:00,UNALLOCATED,,,,,
SLCMP201-0142,142,212,192510761,2^192510761-1,STRUCTURAL_SCREEN_EXHAUSTED_PRIMALITY_UNASSIGNED,FIRST_SINGULARITY_SHELL_EXHAUSTED_PRIMALITY_UNASSIGNED,513,9595,9595,NO_RECORDED_FACTOR_PRP_OR_LL_RESULT_AND_NO_ACTIVE_GIMPS_ASSIGNMENT,2026-08-07T16:23:51+00:00,UNALLOCATED,,,,,
SLCMP201-0143,143,213,192510817,2^192510817-1,STRUCTURAL_SCREEN_EXHAUSTED_PRIMALITY_UNASSIGNED,FIRST_SINGULARITY_SHELL_EXHAUSTED_PRIMALITY_UNASSIGNED,513,9595,9595,NO_RECORDED_FACTOR_PRP_OR_LL_RESULT_AND_NO_ACTIVE_GIMPS_ASSIGNMENT,2026-08-07T16:23:51+00:00,UNALLOCATED,,,,,
SLCMP201-0144,144,214,192510823,2^192510823-1,STRUCTURAL_SCREEN_EXHAUSTED_PRIMALITY_UNASSIGNED,FIRST_SINGULARITY_SHELL_EXHAUSTED_PRIMALITY_UNASSIGNED,514,9595,9595,NO_RECORDED_FACTOR_PRP_OR_LL_RESULT_AND_NO_ACTIVE_GIMPS_ASSIGNMENT,2026-08-07T16:23:51+00:00,UNALLOCATED,,,,,
SLCMP201-0145,145,215,192510841,2^192510841-1,STRUCTURAL_SCREEN_EXHAUSTED_PRIMALITY_UNASSIGNED,FIRST_SINGULARITY_SHELL_EXHAUSTED_PRIMALITY_UNASSIGNED,513,9595,9595,NO_RECORDED_FACTOR_PRP_OR_LL_RESULT_AND_NO_ACTIVE_GIMPS_ASSIGNMENT,2026-08-07T16:23:51+00:00,UNALLOCATED,,,,,
SLCMP201-0146,146,216,192510881,2^192510881-1,STRUCTURAL_SCREEN_EXHAUSTED_PRIMALITY_UNASSIGNED,FIRST_SINGULARITY_SHELL_EXHAUSTED_PRIMALITY_UNASSIGNED,513,9595,9595,NO_RECORDED_FACTOR_PRP_OR_LL_RESULT_AND_NO_ACTIVE_GIMPS_ASSIGNMENT,2026-08-07T16:23:51+00:00,UNALLOCATED,,,,,
SLCMP201-0147,147,219,192511051,2^192511051-1,STRUCTURAL_SCREEN_EXHAUSTED_PRIMALITY_UNASSIGNED,FIRST_SINGULARITY_SHELL_EXHAUSTED_PRIMALITY_UNASSIGNED,514,9595,9595,NO_RECORDED_FACTOR_PRP_OR_LL_RESULT_AND_NO_ACTIVE_GIMPS_ASSIGNMENT,2026-08-07T16:23:51+00:00,UNALLOCATED,,,,,
SLCMP201-0148,148,220,192511069,2^192511069-1,STRUCTURAL_SCREEN_EXHAUSTED_PRIMALITY_UNASSIGNED,FIRST_SINGULARITY_SHELL_EXHAUSTED_PRIMALITY_UNASSIGNED,513,9595,9595,NO_RECORDED_FACTOR_PRP_OR_LL_RESULT_AND_NO_ACTIVE_GIMPS_ASSIGNMENT,2026-08-07T16:23:51+00:00,UNALLOCATED,,,,,
SLCMP201-0149,149,222,192511289,2^192511289-1,STRUCTURAL_SCREEN_EXHAUSTED_PRIMALITY_UNASSIGNED,FIRST_SINGULARITY_SHELL_EXHAUSTED_PRIMALITY_UNASSIGNED,513,9595,9595,NO_RECORDED_FACTOR_PRP_OR_LL_RESULT_AND_NO_ACTIVE_GIMPS_ASSIGNMENT,2026-08-07T16:23:51+00:00,UNALLOCATED,,,,,
SLCMP201-0150,150,228,192511391,2^192511391-1,STRUCTURAL_SCREEN_EXHAUSTED_PRIMALITY_UNASSIGNED,FIRST_SINGULARITY_SHELL_EXHAUSTED_PRIMALITY_UNASSIGNED,514,9595,9595,NO_RECORDED_FACTOR_PRP_OR_LL_RESULT_AND_NO_ACTIVE_GIMPS_ASSIGNMENT,2026-08-07T16:23:51+00:00,UNALLOCATED,,,,,
SLCMP201-0151,151,230,192511567,2^192511567-1,STRUCTURAL_SCREEN_EXHAUSTED_PRIMALITY_UNASSIGNED,FIRST_SINGULARITY_SHELL_EXHAUSTED_PRIMALITY_UNASSIGNED,514,9595,9595,NO_RECORDED_FACTOR_PRP_OR_LL_RESULT_AND_NO_ACTIVE_GIMPS_ASSIGNMENT,2026-08-07T16:23:51+00:00,UNALLOCATED,,,,,
SLCMP201-0152,152,233,192511853,2^192511853-1,STRUCTURAL_SCREEN_EXHAUSTED_PRIMALITY_UNASSIGNED,FIRST_SINGULARITY_SHELL_EXHAUSTED_PRIMALITY_UNASSIGNED,513,9595,9595,NO_RECORDED_FACTOR_PRP_OR_LL_RESULT_AND_NO_ACTIVE_GIMPS_ASSIGNMENT,2026-08-07T16:23:51+00:00,UNALLOCATED,,,,,
SLCMP201-0153,153,234,192511873,2^192511873-1,STRUCTURAL_SCREEN_EXHAUSTED_PRIMALITY_UNASSIGNED,FIRST_SINGULARITY_SHELL_EXHAUSTED_PRIMALITY_UNASSIGNED,513,9595,9595,NO_RECORDED_FACTOR_PRP_OR_LL_RESULT_AND_NO_ACTIVE_GIMPS_ASSIGNMENT,2026-08-07T16:23:51+00:00,UNALLOCATED,,,,,
SLCMP201-0154,154,236,192511973,2^192511973-1,STRUCTURAL_SCREEN_EXHAUSTED_PRIMALITY_UNASSIGNED,FIRST_SINGULARITY_SHELL_EXHAUSTED_PRIMALITY_UNASSIGNED,513,9595,9595,NO_RECORDED_FACTOR_PRP_OR_LL_RESULT_AND_NO_ACTIVE_GIMPS_ASSIGNMENT,2026-08-07T16:23:51+00:00,UNALLOCATED,,,,,
SLCMP201-0155,155,237,192511993,2^192511993-1,STRUCTURAL_SCREEN_EXHAUSTED_PRIMALITY_UNASSIGNED,FIRST_SINGULARITY_SHELL_EXHAUSTED_PRIMALITY_UNASSIGNED,513,9595,9595,NO_RECORDED_FACTOR_PRP_OR_LL_RESULT_AND_NO_ACTIVE_GIMPS_ASSIGNMENT,2026-08-07T16:23:51+00:00,UNALLOCATED,,,,,
SLCMP201-0156,156,241,192512041,2^192512041-1,STRUCTURAL_SCREEN_EXHAUSTED_PRIMALITY_UNASSIGNED,FIRST_SINGULARITY_SHELL_EXHAUSTED_PRIMALITY_UNASSIGNED,513,9595,9595,NO_RECORDED_FACTOR_PRP_OR_LL_RESULT_AND_NO_ACTIVE_GIMPS_ASSIGNMENT,2026-08-07T16:23:51+00:00,UNALLOCATED,,,,,
SLCMP201-0157,157,242,192512069,2^192512069-1,STRUCTURAL_SCREEN_EXHAUSTED_PRIMALITY_UNASSIGNED,FIRST_SINGULARITY_SHELL_EXHAUSTED_PRIMALITY_UNASSIGNED,513,9595,9595,NO_RECORDED_FACTOR_PRP_OR_LL_RESULT_AND_NO_ACTIVE_GIMPS_ASSIGNMENT,2026-08-07T16:23:51+00:00,UNALLOCATED,,,,,
SLCMP201-0158,158,247,192512183,2^192512183-1,STRUCTURAL_SCREEN_EXHAUSTED_PRIMALITY_UNASSIGNED,FIRST_SINGULARITY_SHELL_EXHAUSTED_PRIMALITY_UNASSIGNED,514,9595,9595,NO_RECORDED_FACTOR_PRP_OR_LL_RESULT_AND_NO_ACTIVE_GIMPS_ASSIGNMENT,2026-08-07T16:23:51+00:00,UNALLOCATED,,,,,
SLCMP201-0159,159,248,192512347,2^192512347-1,STRUCTURAL_SCREEN_EXHAUSTED_PRIMALITY_UNASSIGNED,FIRST_SINGULARITY_SHELL_EXHAUSTED_PRIMALITY_UNASSIGNED,514,9595,9595,NO_RECORDED_FACTOR_PRP_OR_LL_RESULT_AND_NO_ACTIVE_GIMPS_ASSIGNMENT,2026-08-07T16:23:51+00:00,UNALLOCATED,,,,,
SLCMP201-0160,160,249,192512357,2^192512357-1,STRUCTURAL_SCREEN_EXHAUSTED_PRIMALITY_UNASSIGNED,FIRST_SINGULARITY_SHELL_EXHAUSTED_PRIMALITY_UNASSIGNED,513,9595,9595,NO_RECORDED_FACTOR_PRP_OR_LL_RESULT_AND_NO_ACTIVE_GIMPS_ASSIGNMENT,2026-08-07T16:23:51+00:00,UNALLOCATED,,,,,
SLCMP201-0161,161,250,192512407,2^192512407-1,STRUCTURAL_SCREEN_EXHAUSTED_PRIMALITY_UNASSIGNED,FIRST_SINGULARITY_SHELL_EXHAUSTED_PRIMALITY_UNASSIGNED,514,9595,9595,NO_RECORDED_FACTOR_PRP_OR_LL_RESULT_AND_NO_ACTIVE_GIMPS_ASSIGNMENT,2026-08-07T16:23:51+00:00,UNALLOCATED,,,,,
SLCMP201-0162,162,252,192512519,2^192512519-1,STRUCTURAL_SCREEN_EXHAUSTED_PRIMALITY_UNASSIGNED,FIRST_SINGULARITY_SHELL_EXHAUSTED_PRIMALITY_UNASSIGNED,514,9595,9595,NO_RECORDED_FACTOR_PRP_OR_LL_RESULT_AND_NO_ACTIVE_GIMPS_ASSIGNMENT,2026-08-07T16:23:51+00:00,UNALLOCATED,,,,,
SLCMP201-0163,163,254,192512623,2^192512623-1,STRUCTURAL_SCREEN_EXHAUSTED_PRIMALITY_UNASSIGNED,FIRST_SINGULARITY_SHELL_EXHAUSTED_PRIMALITY_UNASSIGNED,514,9595,9595,NO_RECORDED_FACTOR_PRP_OR_LL_RESULT_AND_NO_ACTIVE_GIMPS_ASSIGNMENT,2026-08-07T16:23:51+00:00,UNALLOCATED,,,,,
SLCMP201-0164,164,255,192512633,2^192512633-1,STRUCTURAL_SCREEN_EXHAUSTED_PRIMALITY_UNASSIGNED,FIRST_SINGULARITY_SHELL_EXHAUSTED_PRIMALITY_UNASSIGNED,513,9595,9595,NO_RECORDED_FACTOR_PRP_OR_LL_RESULT_AND_NO_ACTIVE_GIMPS_ASSIGNMENT,2026-08-07T16:23:51+00:00,UNALLOCATED,,,,,
SLCMP201-0165,165,257,192512681,2^192512681-1,STRUCTURAL_SCREEN_EXHAUSTED_PRIMALITY_UNASSIGNED,FIRST_SINGULARITY_SHELL_EXHAUSTED_PRIMALITY_UNASSIGNED,513,9595,9595,NO_RECORDED_FACTOR_PRP_OR_LL_RESULT_AND_NO_ACTIVE_GIMPS_ASSIGNMENT,2026-08-07T16:23:51+00:00,UNALLOCATED,,,,,
SLCMP201-0166,166,263,192513103,2^192513103-1,STRUCTURAL_SCREEN_EXHAUSTED_PRIMALITY_UNASSIGNED,FIRST_SINGULARITY_SHELL_EXHAUSTED_PRIMALITY_UNASSIGNED,514,9595,9595,NO_RECORDED_FACTOR_PRP_OR_LL_RESULT_AND_NO_ACTIVE_GIMPS_ASSIGNMENT,2026-08-07T16:23:51+00:00,UNALLOCATED,,,,,
SLCMP201-0167,167,267,192513403,2^192513403-1,STRUCTURAL_SCREEN_EXHAUSTED_PRIMALITY_UNASSIGNED,FIRST_SINGULARITY_SHELL_EXHAUSTED_PRIMALITY_UNASSIGNED,514,9595,9595,NO_RECORDED_FACTOR_PRP_OR_LL_RESULT_AND_NO_ACTIVE_GIMPS_ASSIGNMENT,2026-08-07T16:23:51+00:00,UNALLOCATED,,,,,
SLCMP201-0168,168,269,192513463,2^192513463-1,STRUCTURAL_SCREEN_EXHAUSTED_PRIMALITY_UNASSIGNED,FIRST_SINGULARITY_SHELL_EXHAUSTED_PRIMALITY_UNASSIGNED,514,9595,9595,NO_RECORDED_FACTOR_PRP_OR_LL_RESULT_AND_NO_ACTIVE_GIMPS_ASSIGNMENT,2026-08-07T16:23:51+00:00,UNALLOCATED,,,,,
SLCMP201-0169,169,272,192513641,2^192513641-1,STRUCTURAL_SCREEN_EXHAUSTED_PRIMALITY_UNASSIGNED,FIRST_SINGULARITY_SHELL_EXHAUSTED_PRIMALITY_UNASSIGNED,513,9595,9595,NO_RECORDED_FACTOR_PRP_OR_LL_RESULT_AND_NO_ACTIVE_GIMPS_ASSIGNMENT,2026-08-07T16:23:51+00:00,UNALLOCATED,,,,,
SLCMP201-0170,170,275,192513781,2^192513781-1,STRUCTURAL_SCREEN_EXHAUSTED_PRIMALITY_UNASSIGNED,FIRST_SINGULARITY_SHELL_EXHAUSTED_PRIMALITY_UNASSIGNED,513,9595,9595,NO_RECORDED_FACTOR_PRP_OR_LL_RESULT_AND_NO_ACTIVE_GIMPS_ASSIGNMENT,2026-08-07T16:23:51+00:00,UNALLOCATED,,,,,
SLCMP201-0171,171,276,192513787,2^192513787-1,STRUCTURAL_SCREEN_EXHAUSTED_PRIMALITY_UNASSIGNED,FIRST_SINGULARITY_SHELL_EXHAUSTED_PRIMALITY_UNASSIGNED,514,9595,9595,NO_RECORDED_FACTOR_PRP_OR_LL_RESULT_AND_NO_ACTIVE_GIMPS_ASSIGNMENT,2026-08-07T16:23:51+00:00,UNALLOCATED,,,,,
SLCMP201-0172,172,279,192513941,2^192513941-1,STRUCTURAL_SCREEN_EXHAUSTED_PRIMALITY_UNASSIGNED,FIRST_SINGULARITY_SHELL_EXHAUSTED_PRIMALITY_UNASSIGNED,513,9595,9595,NO_RECORDED_FACTOR_PRP_OR_LL_RESULT_AND_NO_ACTIVE_GIMPS_ASSIGNMENT,2026-08-07T16:23:51+00:00,UNALLOCATED,,,,,
SLCMP201-0173,173,280,192513961,2^192513961-1,STRUCTURAL_SCREEN_EXHAUSTED_PRIMALITY_UNASSIGNED,FIRST_SINGULARITY_SHELL_EXHAUSTED_PRIMALITY_UNASSIGNED,513,9595,9595,NO_RECORDED_FACTOR_PRP_OR_LL_RESULT_AND_NO_ACTIVE_GIMPS_ASSIGNMENT,2026-08-07T16:23:51+00:00,UNALLOCATED,,,,,
SLCMP201-0174,174,281,192514039,2^192514039-1,STRUCTURAL_SCREEN_EXHAUSTED_PRIMALITY_UNASSIGNED,FIRST_SINGULARITY_SHELL_EXHAUSTED_PRIMALITY_UNASSIGNED,514,9595,9595,NO_RECORDED_FACTOR_PRP_OR_LL_RESULT_AND_NO_ACTIVE_GIMPS_ASSIGNMENT,2026-08-07T16:23:51+00:00,UNALLOCATED,,,,,
SLCMP201-0175,175,297,192514607,2^192514607-1,STRUCTURAL_SCREEN_EXHAUSTED_PRIMALITY_UNASSIGNED,FIRST_SINGULARITY_SHELL_EXHAUSTED_PRIMALITY_UNASSIGNED,514,9595,9595,NO_RECORDED_FACTOR_PRP_OR_LL_RESULT_AND_NO_ACTIVE_GIMPS_ASSIGNMENT,2026-08-07T16:23:51+00:00,UNALLOCATED,,,,,
SLCMP201-0176,176,298,192514643,2^192514643-1,STRUCTURAL_SCREEN_EXHAUSTED_PRIMALITY_UNASSIGNED,FIRST_SINGULARITY_SHELL_EXHAUSTED_PRIMALITY_UNASSIGNED,514,9595,9595,NO_RECORDED_FACTOR_PRP_OR_LL_RESULT_AND_NO_ACTIVE_GIMPS_ASSIGNMENT,2026-08-07T16:23:51+00:00,UNALLOCATED,,,,,
SLCMP201-0177,177,299,192514667,2^192514667-1,STRUCTURAL_SCREEN_EXHAUSTED_PRIMALITY_UNASSIGNED,FIRST_SINGULARITY_SHELL_EXHAUSTED_PRIMALITY_UNASSIGNED,514,9595,9595,NO_RECORDED_FACTOR_PRP_OR_LL_RESULT_AND_NO_ACTIVE_GIMPS_ASSIGNMENT,2026-08-07T16:23:51+00:00,UNALLOCATED,,,,,
SLCMP201-0178,178,300,192514703,2^192514703-1,STRUCTURAL_SCREEN_EXHAUSTED_PRIMALITY_UNASSIGNED,FIRST_SINGULARITY_SHELL_EXHAUSTED_PRIMALITY_UNASSIGNED,514,9595,9595,NO_RECORDED_FACTOR_PRP_OR_LL_RESULT_AND_NO_ACTIVE_GIMPS_ASSIGNMENT,2026-08-07T16:23:51+00:00,UNALLOCATED,,,,,
SLCMP201-0179,179,307,192514951,2^192514951-1,STRUCTURAL_SCREEN_EXHAUSTED_PRIMALITY_UNASSIGNED,FIRST_SINGULARITY_SHELL_EXHAUSTED_PRIMALITY_UNASSIGNED,514,9595,9595,NO_RECORDED_FACTOR_PRP_OR_LL_RESULT_AND_NO_ACTIVE_GIMPS_ASSIGNMENT,2026-08-07T16:23:51+00:00,UNALLOCATED,,,,,
SLCMP201-0180,180,309,192515023,2^192515023-1,STRUCTURAL_SCREEN_EXHAUSTED_PRIMALITY_UNASSIGNED,FIRST_SINGULARITY_SHELL_EXHAUSTED_PRIMALITY_UNASSIGNED,514,9595,9595,NO_RECORDED_FACTOR_PRP_OR_LL_RESULT_AND_NO_ACTIVE_GIMPS_ASSIGNMENT,2026-08-07T16:23:51+00:00,UNALLOCATED,,,,,
SLCMP201-0181,181,312,192515233,2^192515233-1,STRUCTURAL_SCREEN_EXHAUSTED_PRIMALITY_UNASSIGNED,FIRST_SINGULARITY_SHELL_EXHAUSTED_PRIMALITY_UNASSIGNED,513,9595,9595,NO_RECORDED_FACTOR_PRP_OR_LL_RESULT_AND_NO_ACTIVE_GIMPS_ASSIGNMENT,2026-08-07T16:23:51+00:00,UNALLOCATED,,,,,
SLCMP201-0182,182,315,192515347,2^192515347-1,STRUCTURAL_SCREEN_EXHAUSTED_PRIMALITY_UNASSIGNED,FIRST_SINGULARITY_SHELL_EXHAUSTED_PRIMALITY_UNASSIGNED,514,9595,9595,NO_RECORDED_FACTOR_PRP_OR_LL_RESULT_AND_NO_ACTIVE_GIMPS_ASSIGNMENT,2026-08-07T16:23:51+00:00,UNALLOCATED,,,,,
SLCMP201-0183,183,321,192515579,2^192515579-1,STRUCTURAL_SCREEN_EXHAUSTED_PRIMALITY_UNASSIGNED,FIRST_SINGULARITY_SHELL_EXHAUSTED_PRIMALITY_UNASSIGNED,514,9595,9595,NO_RECORDED_FACTOR_PRP_OR_LL_RESULT_AND_NO_ACTIVE_GIMPS_ASSIGNMENT,2026-08-07T16:23:51+00:00,UNALLOCATED,,,,,
SLCMP201-0184,184,322,192515591,2^192515591-1,STRUCTURAL_SCREEN_EXHAUSTED_PRIMALITY_UNASSIGNED,FIRST_SINGULARITY_SHELL_EXHAUSTED_PRIMALITY_UNASSIGNED,514,9595,9595,NO_RECORDED_FACTOR_PRP_OR_LL_RESULT_AND_NO_ACTIVE_GIMPS_ASSIGNMENT,2026-08-07T16:23:51+00:00,UNALLOCATED,,,,,
SLCMP201-0185,185,323,192515593,2^192515593-1,STRUCTURAL_SCREEN_EXHAUSTED_PRIMALITY_UNASSIGNED,FIRST_SINGULARITY_SHELL_EXHAUSTED_PRIMALITY_UNASSIGNED,513,9595,9595,NO_RECORDED_FACTOR_PRP_OR_LL_RESULT_AND_NO_ACTIVE_GIMPS_ASSIGNMENT,2026-08-07T16:23:51+00:00,UNALLOCATED,,,,,
SLCMP201-0186,186,324,192515597,2^192515597-1,STRUCTURAL_SCREEN_EXHAUSTED_PRIMALITY_UNASSIGNED,FIRST_SINGULARITY_SHELL_EXHAUSTED_PRIMALITY_UNASSIGNED,513,9595,9595,NO_RECORDED_FACTOR_PRP_OR_LL_RESULT_AND_NO_ACTIVE_GIMPS_ASSIGNMENT,2026-08-07T16:23:51+00:00,UNALLOCATED,,,,,
SLCMP201-0187,187,325,192515683,2^192515683-1,STRUCTURAL_SCREEN_EXHAUSTED_PRIMALITY_UNASSIGNED,FIRST_SINGULARITY_SHELL_EXHAUSTED_PRIMALITY_UNASSIGNED,514,9595,9595,NO_RECORDED_FACTOR_PRP_OR_LL_RESULT_AND_NO_ACTIVE_GIMPS_ASSIGNMENT,2026-08-07T16:23:51+00:00,UNALLOCATED,,,,,
SLCMP201-0188,188,326,192515779,2^192515779-1,STRUCTURAL_SCREEN_EXHAUSTED_PRIMALITY_UNASSIGNED,FIRST_SINGULARITY_SHELL_EXHAUSTED_PRIMALITY_UNASSIGNED,514,9595,9595,NO_RECORDED_FACTOR_PRP_OR_LL_RESULT_AND_NO_ACTIVE_GIMPS_ASSIGNMENT,2026-08-07T16:23:51+00:00,UNALLOCATED,,,,,
SLCMP201-0189,189,327,192515867,2^192515867-1,STRUCTURAL_SCREEN_EXHAUSTED_PRIMALITY_UNASSIGNED,FIRST_SINGULARITY_SHELL_EXHAUSTED_PRIMALITY_UNASSIGNED,514,9595,9595,NO_RECORDED_FACTOR_PRP_OR_LL_RESULT_AND_NO_ACTIVE_GIMPS_ASSIGNMENT,2026-08-07T16:23:51+00:00,UNALLOCATED,,,,,
SLCMP201-0190,190,328,192515881,2^192515881-1,STRUCTURAL_SCREEN_EXHAUSTED_PRIMALITY_UNASSIGNED,FIRST_SINGULARITY_SHELL_EXHAUSTED_PRIMALITY_UNASSIGNED,513,9595,9595,NO_RECORDED_FACTOR_PRP_OR_LL_RESULT_AND_NO_ACTIVE_GIMPS_ASSIGNMENT,2026-08-07T16:23:51+00:00,UNALLOCATED,,,,,
SLCMP201-0191,191,330,192515903,2^192515903-1,STRUCTURAL_SCREEN_EXHAUSTED_PRIMALITY_UNASSIGNED,FIRST_SINGULARITY_SHELL_EXHAUSTED_PRIMALITY_UNASSIGNED,514,9595,9595,NO_RECORDED_FACTOR_PRP_OR_LL_RESULT_AND_NO_ACTIVE_GIMPS_ASSIGNMENT,2026-08-07T16:23:51+00:00,UNALLOCATED,,,,,
SLCMP201-0192,192,331,192515933,2^192515933-1,STRUCTURAL_SCREEN_EXHAUSTED_PRIMALITY_UNASSIGNED,FIRST_SINGULARITY_SHELL_EXHAUSTED_PRIMALITY_UNASSIGNED,513,9595,9595,NO_RECORDED_FACTOR_PRP_OR_LL_RESULT_AND_NO_ACTIVE_GIMPS_ASSIGNMENT,2026-08-07T16:23:51+00:00,UNALLOCATED,,,,,
SLCMP201-0193,193,333,192516043,2^192516043-1,STRUCTURAL_SCREEN_EXHAUSTED_PRIMALITY_UNASSIGNED,FIRST_SINGULARITY_SHELL_EXHAUSTED_PRIMALITY_UNASSIGNED,514,9595,9595,NO_RECORDED_FACTOR_PRP_OR_LL_RESULT_AND_NO_ACTIVE_GIMPS_ASSIGNMENT,2026-08-07T16:23:51+00:00,UNALLOCATED,,,,,
SLCMP201-0194,194,334,192516059,2^192516059-1,STRUCTURAL_SCREEN_EXHAUSTED_PRIMALITY_UNASSIGNED,FIRST_SINGULARITY_SHELL_EXHAUSTED_PRIMALITY_UNASSIGNED,514,9595,9595,NO_RECORDED_FACTOR_PRP_OR_LL_RESULT_AND_NO_ACTIVE_GIMPS_ASSIGNMENT,2026-08-07T16:23:51+00:00,UNALLOCATED,,,,,
SLCMP201-0195,195,335,192516131,2^192516131-1,STRUCTURAL_SCREEN_EXHAUSTED_PRIMALITY_UNASSIGNED,FIRST_SINGULARITY_SHELL_EXHAUSTED_PRIMALITY_UNASSIGNED,514,9595,9595,NO_RECORDED_FACTOR_PRP_OR_LL_RESULT_AND_NO_ACTIVE_GIMPS_ASSIGNMENT,2026-08-07T16:23:51+00:00,UNALLOCATED,,,,,
SLCMP201-0196,196,336,192516133,2^192516133-1,STRUCTURAL_SCREEN_EXHAUSTED_PRIMALITY_UNASSIGNED,FIRST_SINGULARITY_SHELL_EXHAUSTED_PRIMALITY_UNASSIGNED,513,9595,9595,NO_RECORDED_FACTOR_PRP_OR_LL_RESULT_AND_NO_ACTIVE_GIMPS_ASSIGNMENT,2026-08-07T16:23:51+00:00,UNALLOCATED,,,,,
SLCMP201-0197,197,337,192516229,2^192516229-1,STRUCTURAL_SCREEN_EXHAUSTED_PRIMALITY_UNASSIGNED,FIRST_SINGULARITY_SHELL_EXHAUSTED_PRIMALITY_UNASSIGNED,513,9595,9595,NO_RECORDED_FACTOR_PRP_OR_LL_RESULT_AND_NO_ACTIVE_GIMPS_ASSIGNMENT,2026-08-07T16:23:51+00:00,UNALLOCATED,,,,,
SLCMP201-0198,198,341,192516557,2^192516557-1,STRUCTURAL_SCREEN_EXHAUSTED_PRIMALITY_UNASSIGNED,FIRST_SINGULARITY_SHELL_EXHAUSTED_PRIMALITY_UNASSIGNED,513,9595,9595,NO_RECORDED_FACTOR_PRP_OR_LL_RESULT_AND_NO_ACTIVE_GIMPS_ASSIGNMENT,2026-08-07T16:23:51+00:00,UNALLOCATED,,,,,
SLCMP201-0199,199,342,192516581,2^192516581-1,STRUCTURAL_SCREEN_EXHAUSTED_PRIMALITY_UNASSIGNED,FIRST_SINGULARITY_SHELL_EXHAUSTED_PRIMALITY_UNASSIGNED,513,9595,9595,NO_RECORDED_FACTOR_PRP_OR_LL_RESULT_AND_NO_ACTIVE_GIMPS_ASSIGNMENT,2026-08-07T16:23:51+00:00,UNALLOCATED,,,,,
SLCMP201-0200,200,343,192516589,2^192516589-1,STRUCTURAL_SCREEN_EXHAUSTED_PRIMALITY_UNASSIGNED,FIRST_SINGULARITY_SHELL_EXHAUSTED_PRIMALITY_UNASSIGNED,513,9595,9595,NO_RECORDED_FACTOR_PRP_OR_LL_RESULT_AND_NO_ACTIVE_GIMPS_ASSIGNMENT,2026-08-07T16:23:51+00:00,UNALLOCATED,,,,,
SLCMP201-0201,201,348,192516691,2^192516691-1,STRUCTURAL_SCREEN_EXHAUSTED_PRIMALITY_UNASSIGNED,FIRST_SINGULARITY_SHELL_EXHAUSTED_PRIMALITY_UNASSIGNED,514,9595,9595,NO_RECORDED_FACTOR_PRP_OR_LL_RESULT_AND_NO_ACTIVE_GIMPS_ASSIGNMENT,2026-08-07T16:23:51+00:00,UNALLOCATED,,,,,
SLCMP201-0202,202,349,192516733,2^192516733-1,STRUCTURAL_SCREEN_EXHAUSTED_PRIMALITY_UNASSIGNED,FIRST_SINGULARITY_SHELL_EXHAUSTED_PRIMALITY_UNASSIGNED,513,9595,9595,NO_RECORDED_FACTOR_PRP_OR_LL_RESULT_AND_NO_ACTIVE_GIMPS_ASSIGNMENT,2026-08-07T16:23:51+00:00,UNALLOCATED,,,,,
SLCMP201-0203,203,350,192516743,2^192516743-1,STRUCTURAL_SCREEN_EXHAUSTED_PRIMALITY_UNASSIGNED,FIRST_SINGULARITY_SHELL_EXHAUSTED_PRIMALITY_UNASSIGNED,514,9595,9595,NO_RECORDED_FACTOR_PRP_OR_LL_RESULT_AND_NO_ACTIVE_GIMPS_ASSIGNMENT,2026-08-07T16:23:51+00:00,UNALLOCATED,,,,,
SLCMP201-0204,204,351,192516847,2^192516847-1,STRUCTURAL_SCREEN_EXHAUSTED_PRIMALITY_UNASSIGNED,FIRST_SINGULARITY_SHELL_EXHAUSTED_PRIMALITY_UNASSIGNED,514,9595,9595,NO_RECORDED_FACTOR_PRP_OR_LL_RESULT_AND_NO_ACTIVE_GIMPS_ASSIGNMENT,2026-08-07T16:23:51+00:00,UNALLOCATED,,,,,
SLCMP201-0205,205,357,192517093,2^192517093-1,STRUCTURAL_SCREEN_EXHAUSTED_PRIMALITY_UNASSIGNED,FIRST_SINGULARITY_SHELL_EXHAUSTED_PRIMALITY_UNASSIGNED,513,9595,9595,NO_RECORDED_FACTOR_PRP_OR_LL_RESULT_AND_NO_ACTIVE_GIMPS_ASSIGNMENT,2026-08-07T16:23:51+00:00,UNALLOCATED,,,,,
SLCMP201-0206,206,358,192517187,2^192517187-1,STRUCTURAL_SCREEN_EXHAUSTED_PRIMALITY_UNASSIGNED,FIRST_SINGULARITY_SHELL_EXHAUSTED_PRIMALITY_UNASSIGNED,514,9595,9595,NO_RECORDED_FACTOR_PRP_OR_LL_RESULT_AND_NO_ACTIVE_GIMPS_ASSIGNMENT,2026-08-07T16:23:51+00:00,UNALLOCATED,,,,,
SLCMP201-0207,207,359,192517249,2^192517249-1,STRUCTURAL_SCREEN_EXHAUSTED_PRIMALITY_UNASSIGNED,FIRST_SINGULARITY_SHELL_EXHAUSTED_PRIMALITY_UNASSIGNED,513,9595,9595,NO_RECORDED_FACTOR_PRP_OR_LL_RESULT_AND_NO_ACTIVE_GIMPS_ASSIGNMENT,2026-08-07T16:23:51+00:00,UNALLOCATED,,,,,
SLCMP201-0208,208,360,192517271,2^192517271-1,STRUCTURAL_SCREEN_EXHAUSTED_PRIMALITY_UNASSIGNED,FIRST_SINGULARITY_SHELL_EXHAUSTED_PRIMALITY_UNASSIGNED,514,9595,9595,NO_RECORDED_FACTOR_PRP_OR_LL_RESULT_AND_NO_ACTIVE_GIMPS_ASSIGNMENT,2026-08-07T16:23:51+00:00,UNALLOCATED,,,,,
SLCMP201-0209,209,361,192517343,2^192517343-1,STRUCTURAL_SCREEN_EXHAUSTED_PRIMALITY_UNASSIGNED,FIRST_SINGULARITY_SHELL_EXHAUSTED_PRIMALITY_UNASSIGNED,514,9595,9595,NO_RECORDED_FACTOR_PRP_OR_LL_RESULT_AND_NO_ACTIVE_GIMPS_ASSIGNMENT,2026-08-07T16:23:51+00:00,UNALLOCATED,,,,,
SLCMP201-0210,210,362,192517393,2^192517393-1,STRUCTURAL_SCREEN_EXHAUSTED_PRIMALITY_UNASSIGNED,FIRST_SINGULARITY_SHELL_EXHAUSTED_PRIMALITY_UNASSIGNED,513,9595,9595,NO_RECORDED_FACTOR_PRP_OR_LL_RESULT_AND_NO_ACTIVE_GIMPS_ASSIGNMENT,2026-08-07T16:23:51+00:00,UNALLOCATED,,,,,
SLCMP201-0211,211,363,192517417,2^192517417-1,STRUCTURAL_SCREEN_EXHAUSTED_PRIMALITY_UNASSIGNED,FIRST_SINGULARITY_SHELL_EXHAUSTED_PRIMALITY_UNASSIGNED,513,9595,9595,NO_RECORDED_FACTOR_PRP_OR_LL_RESULT_AND_NO_ACTIVE_GIMPS_ASSIGNMENT,2026-08-07T16:23:51+00:00,UNALLOCATED,,,,,
SLCMP201-0212,212,365,192517513,2^192517513-1,STRUCTURAL_SCREEN_EXHAUSTED_PRIMALITY_UNASSIGNED,FIRST_SINGULARITY_SHELL_EXHAUSTED_PRIMALITY_UNASSIGNED,513,9595,9595,NO_RECORDED_FACTOR_PRP_OR_LL_RESULT_AND_NO_ACTIVE_GIMPS_ASSIGNMENT,2026-08-07T16:23:51+00:00,UNALLOCATED,,,,,
SLCMP201-0213,213,366,192517541,2^192517541-1,STRUCTURAL_SCREEN_EXHAUSTED_PRIMALITY_UNASSIGNED,FIRST_SINGULARITY_SHELL_EXHAUSTED_PRIMALITY_UNASSIGNED,513,9595,9595,NO_RECORDED_FACTOR_PRP_OR_LL_RESULT_AND_NO_ACTIVE_GIMPS_ASSIGNMENT,2026-08-07T16:23:51+00:00,UNALLOCATED,,,,,
SLCMP201-0214,214,368,192517583,2^192517583-1,STRUCTURAL_SCREEN_EXHAUSTED_PRIMALITY_UNASSIGNED,FIRST_SINGULARITY_SHELL_EXHAUSTED_PRIMALITY_UNASSIGNED,514,9595,9595,NO_RECORDED_FACTOR_PRP_OR_LL_RESULT_AND_NO_ACTIVE_GIMPS_ASSIGNMENT,2026-08-07T16:23:51+00:00,UNALLOCATED,,,,,
SLCMP201-0215,215,370,192517627,2^192517627-1,STRUCTURAL_SCREEN_EXHAUSTED_PRIMALITY_UNASSIGNED,FIRST_SINGULARITY_SHELL_EXHAUSTED_PRIMALITY_UNASSIGNED,514,9595,9595,NO_RECORDED_FACTOR_PRP_OR_LL_RESULT_AND_NO_ACTIVE_GIMPS_ASSIGNMENT,2026-08-07T16:23:51+00:00,UNALLOCATED,,,,,
SLCMP201-0216,216,371,192517643,2^192517643-1,STRUCTURAL_SCREEN_EXHAUSTED_PRIMALITY_UNASSIGNED,FIRST_SINGULARITY_SHELL_EXHAUSTED_PRIMALITY_UNASSIGNED,514,9595,9595,NO_RECORDED_FACTOR_PRP_OR_LL_RESULT_AND_NO_ACTIVE_GIMPS_ASSIGNMENT,2026-08-07T16:23:51+00:00,UNALLOCATED,,,,,
SLCMP201-0217,217,372,192517723,2^192517723-1,STRUCTURAL_SCREEN_EXHAUSTED_PRIMALITY_UNASSIGNED,FIRST_SINGULARITY_SHELL_EXHAUSTED_PRIMALITY_UNASSIGNED,514,9595,9595,NO_RECORDED_FACTOR_PRP_OR_LL_RESULT_AND_NO_ACTIVE_GIMPS_ASSIGNMENT,2026-08-07T16:23:51+00:00,UNALLOCATED,,,,,
SLCMP201-0218,218,373,192517739,2^192517739-1,STRUCTURAL_SCREEN_EXHAUSTED_PRIMALITY_UNASSIGNED,FIRST_SINGULARITY_SHELL_EXHAUSTED_PRIMALITY_UNASSIGNED,514,9595,9595,NO_RECORDED_FACTOR_PRP_OR_LL_RESULT_AND_NO_ACTIVE_GIMPS_ASSIGNMENT,2026-08-07T16:23:51+00:00,UNALLOCATED,,,,,
SLCMP201-0219,219,376,192517873,2^192517873-1,STRUCTURAL_SCREEN_EXHAUSTED_PRIMALITY_UNASSIGNED,FIRST_SINGULARITY_SHELL_EXHAUSTED_PRIMALITY_UNASSIGNED,513,9595,9595,NO_RECORDED_FACTOR_PRP_OR_LL_RESULT_AND_NO_ACTIVE_GIMPS_ASSIGNMENT,2026-08-07T16:23:51+00:00,UNALLOCATED,,,,,
SLCMP201-0220,220,379,192517957,2^192517957-1,STRUCTURAL_SCREEN_EXHAUSTED_PRIMALITY_UNASSIGNED,FIRST_SINGULARITY_SHELL_EXHAUSTED_PRIMALITY_UNASSIGNED,513,9595,9595,NO_RECORDED_FACTOR_PRP_OR_LL_RESULT_AND_NO_ACTIVE_GIMPS_ASSIGNMENT,2026-08-07T16:23:51+00:00,UNALLOCATED,,,,,
SLCMP201-0221,221,380,192518041,2^192518041-1,STRUCTURAL_SCREEN_EXHAUSTED_PRIMALITY_UNASSIGNED,FIRST_SINGULARITY_SHELL_EXHAUSTED_PRIMALITY_UNASSIGNED,513,9595,9595,NO_RECORDED_FACTOR_PRP_OR_LL_RESULT_AND_NO_ACTIVE_GIMPS_ASSIGNMENT,2026-08-07T16:23:51+00:00,UNALLOCATED,,,,,
SLCMP201-0222,222,381,192518057,2^192518057-1,STRUCTURAL_SCREEN_EXHAUSTED_PRIMALITY_UNASSIGNED,FIRST_SINGULARITY_SHELL_EXHAUSTED_PRIMALITY_UNASSIGNED,513,9595,9595,NO_RECORDED_FACTOR_PRP_OR_LL_RESULT_AND_NO_ACTIVE_GIMPS_ASSIGNMENT,2026-08-07T16:23:51+00:00,UNALLOCATED,,,,,
SLCMP201-0223,223,382,192518143,2^192518143-1,STRUCTURAL_SCREEN_EXHAUSTED_PRIMALITY_UNASSIGNED,FIRST_SINGULARITY_SHELL_EXHAUSTED_PRIMALITY_UNASSIGNED,514,9595,9595,NO_RECORDED_FACTOR_PRP_OR_LL_RESULT_AND_NO_ACTIVE_GIMPS_ASSIGNMENT,2026-08-07T16:23:51+00:00,UNALLOCATED,,,,,
SLCMP201-0224,224,383,192518231,2^192518231-1,STRUCTURAL_SCREEN_EXHAUSTED_PRIMALITY_UNASSIGNED,FIRST_SINGULARITY_SHELL_EXHAUSTED_PRIMALITY_UNASSIGNED,514,9595,9595,NO_RECORDED_FACTOR_PRP_OR_LL_RESULT_AND_NO_ACTIVE_GIMPS_ASSIGNMENT,2026-08-07T16:23:51+00:00,UNALLOCATED,,,,,
SLCMP201-0225,225,388,192518503,2^192518503-1,STRUCTURAL_SCREEN_EXHAUSTED_PRIMALITY_UNASSIGNED,FIRST_SINGULARITY_SHELL_EXHAUSTED_PRIMALITY_UNASSIGNED,514,9595,9595,NO_RECORDED_FACTOR_PRP_OR_LL_RESULT_AND_NO_ACTIVE_GIMPS_ASSIGNMENT,2026-08-07T16:23:51+00:00,UNALLOCATED,,,,,
SLCMP201-0226,226,391,192518603,2^192518603-1,STRUCTURAL_SCREEN_EXHAUSTED_PRIMALITY_UNASSIGNED,FIRST_SINGULARITY_SHELL_EXHAUSTED_PRIMALITY_UNASSIGNED,514,9595,9595,NO_RECORDED_FACTOR_PRP_OR_LL_RESULT_AND_NO_ACTIVE_GIMPS_ASSIGNMENT,2026-08-07T16:23:51+00:00,UNALLOCATED,,,,,
SLCMP201-0227,227,392,192518633,2^192518633-1,STRUCTURAL_SCREEN_EXHAUSTED_PRIMALITY_UNASSIGNED,FIRST_SINGULARITY_SHELL_EXHAUSTED_PRIMALITY_UNASSIGNED,513,9595,9595,NO_RECORDED_FACTOR_PRP_OR_LL_RESULT_AND_NO_ACTIVE_GIMPS_ASSIGNMENT,2026-08-07T16:23:51+00:00,UNALLOCATED,,,,,
SLCMP201-0228,228,393,192518747,2^192518747-1,STRUCTURAL_SCREEN_EXHAUSTED_PRIMALITY_UNASSIGNED,FIRST_SINGULARITY_SHELL_EXHAUSTED_PRIMALITY_UNASSIGNED,514,9595,9595,NO_RECORDED_FACTOR_PRP_OR_LL_RESULT_AND_NO_ACTIVE_GIMPS_ASSIGNMENT,2026-08-07T16:23:51+00:00,UNALLOCATED,,,,,
SLCMP201-0229,229,395,192518857,2^192518857-1,STRUCTURAL_SCREEN_EXHAUSTED_PRIMALITY_UNASSIGNED,FIRST_SINGULARITY_SHELL_EXHAUSTED_PRIMALITY_UNASSIGNED,513,9595,9595,NO_RECORDED_FACTOR_PRP_OR_LL_RESULT_AND_NO_ACTIVE_GIMPS_ASSIGNMENT,2026-08-07T16:23:51+00:00,UNALLOCATED,,,,,
SLCMP201-0230,230,396,192518983,2^192518983-1,STRUCTURAL_SCREEN_EXHAUSTED_PRIMALITY_UNASSIGNED,FIRST_SINGULARITY_SHELL_EXHAUSTED_PRIMALITY_UNASSIGNED,514,9595,9595,NO_RECORDED_FACTOR_PRP_OR_LL_RESULT_AND_NO_ACTIVE_GIMPS_ASSIGNMENT,2026-08-07T16:23:51+00:00,UNALLOCATED,,,,,
SLCMP201-0231,231,397,192519017,2^192519017-1,STRUCTURAL_SCREEN_EXHAUSTED_PRIMALITY_UNASSIGNED,FIRST_SINGULARITY_SHELL_EXHAUSTED_PRIMALITY_UNASSIGNED,513,9595,9595,NO_RECORDED_FACTOR_PRP_OR_LL_RESULT_AND_NO_ACTIVE_GIMPS_ASSIGNMENT,2026-08-07T16:23:51+00:00,UNALLOCATED,,,,,
SLCMP201-0232,232,399,192519181,2^192519181-1,STRUCTURAL_SCREEN_EXHAUSTED_PRIMALITY_UNASSIGNED,FIRST_SINGULARITY_SHELL_EXHAUSTED_PRIMALITY_UNASSIGNED,513,9595,9595,NO_RECORDED_FACTOR_PRP_OR_LL_RESULT_AND_NO_ACTIVE_GIMPS_ASSIGNMENT,2026-08-07T16:23:51+00:00,UNALLOCATED,,,,,
SLCMP201-0233,233,400,192519319,2^192519319-1,STRUCTURAL_SCREEN_EXHAUSTED_PRIMALITY_UNASSIGNED,FIRST_SINGULARITY_SHELL_EXHAUSTED_PRIMALITY_UNASSIGNED,514,9595,9595,NO_RECORDED_FACTOR_PRP_OR_LL_RESULT_AND_NO_ACTIVE_GIMPS_ASSIGNMENT,2026-08-07T16:23:51+00:00,UNALLOCATED,,,,,
SLCMP201-0234,234,401,192519377,2^192519377-1,STRUCTURAL_SCREEN_EXHAUSTED_PRIMALITY_UNASSIGNED,FIRST_SINGULARITY_SHELL_EXHAUSTED_PRIMALITY_UNASSIGNED,513,9595,9595,NO_RECORDED_FACTOR_PRP_OR_LL_RESULT_AND_NO_ACTIVE_GIMPS_ASSIGNMENT,2026-08-07T16:23:51+00:00,UNALLOCATED,,,,,
SLCMP201-0235,235,402,192519389,2^192519389-1,STRUCTURAL_SCREEN_EXHAUSTED_PRIMALITY_UNASSIGNED,FIRST_SINGULARITY_SHELL_EXHAUSTED_PRIMALITY_UNASSIGNED,513,9595,9595,NO_RECORDED_FACTOR_PRP_OR_LL_RESULT_AND_NO_ACTIVE_GIMPS_ASSIGNMENT,2026-08-07T16:23:51+00:00,UNALLOCATED,,,,,
SLCMP201-0236,236,405,192519653,2^192519653-1,STRUCTURAL_SCREEN_EXHAUSTED_PRIMALITY_UNASSIGNED,FIRST_SINGULARITY_SHELL_EXHAUSTED_PRIMALITY_UNASSIGNED,513,9595,9595,NO_RECORDED_FACTOR_PRP_OR_LL_RESULT_AND_NO_ACTIVE_GIMPS_ASSIGNMENT,2026-08-07T16:23:51+00:00,UNALLOCATED,,,,,
SLCMP201-0237,237,408,192519757,2^192519757-1,STRUCTURAL_SCREEN_EXHAUSTED_PRIMALITY_UNASSIGNED,FIRST_SINGULARITY_SHELL_EXHAUSTED_PRIMALITY_UNASSIGNED,513,9595,9595,NO_RECORDED_FACTOR_PRP_OR_LL_RESULT_AND_NO_ACTIVE_GIMPS_ASSIGNMENT,2026-08-07T16:23:51+00:00,UNALLOCATED,,,,,
SLCMP201-0238,238,410,192519841,2^192519841-1,STRUCTURAL_SCREEN_EXHAUSTED_PRIMALITY_UNASSIGNED,FIRST_SINGULARITY_SHELL_EXHAUSTED_PRIMALITY_UNASSIGNED,513,9595,9595,NO_RECORDED_FACTOR_PRP_OR_LL_RESULT_AND_NO_ACTIVE_GIMPS_ASSIGNMENT,2026-08-07T16:23:51+00:00,UNALLOCATED,,,,,
SLCMP201-0239,239,411,192519937,2^192519937-1,STRUCTURAL_SCREEN_EXHAUSTED_PRIMALITY_UNASSIGNED,FIRST_SINGULARITY_SHELL_EXHAUSTED_PRIMALITY_UNASSIGNED,513,9595,9595,NO_RECORDED_FACTOR_PRP_OR_LL_RESULT_AND_NO_ACTIVE_GIMPS_ASSIGNMENT,2026-08-07T16:23:51+00:00,UNALLOCATED,,,,,
SLCMP201-0240,240,412,192519949,2^192519949-1,STRUCTURAL_SCREEN_EXHAUSTED_PRIMALITY_UNASSIGNED,FIRST_SINGULARITY_SHELL_EXHAUSTED_PRIMALITY_UNASSIGNED,513,9595,9595,NO_RECORDED_FACTOR_PRP_OR_LL_RESULT_AND_NO_ACTIVE_GIMPS_ASSIGNMENT,2026-08-07T16:23:51+00:00,UNALLOCATED,,,,,
SLCMP201-0241,241,413,192519983,2^192519983-1,STRUCTURAL_SCREEN_EXHAUSTED_PRIMALITY_UNASSIGNED,FIRST_SINGULARITY_SHELL_EXHAUSTED_PRIMALITY_UNASSIGNED,514,9595,9595,NO_RECORDED_FACTOR_PRP_OR_LL_RESULT_AND_NO_ACTIVE_GIMPS_ASSIGNMENT,2026-08-07T16:23:51+00:00,UNALLOCATED,,,,,
SLCMP201-0242,242,414,192520001,2^192520001-1,STRUCTURAL_SCREEN_EXHAUSTED_PRIMALITY_UNASSIGNED,FIRST_SINGULARITY_SHELL_EXHAUSTED_PRIMALITY_UNASSIGNED,513,9595,9595,NO_RECORDED_FACTOR_PRP_OR_LL_RESULT_AND_NO_ACTIVE_GIMPS_ASSIGNMENT,2026-08-07T16:23:51+00:00,UNALLOCATED,,,,,
SLCMP201-0243,243,415,192520033,2^192520033-1,STRUCTURAL_SCREEN_EXHAUSTED_PRIMALITY_UNASSIGNED,FIRST_SINGULARITY_SHELL_EXHAUSTED_PRIMALITY_UNASSIGNED,513,9595,9595,NO_RECORDED_FACTOR_PRP_OR_LL_RESULT_AND_NO_ACTIVE_GIMPS_ASSIGNMENT,2026-08-07T16:23:51+00:00,UNALLOCATED,,,,,
SLCMP201-0244,244,416,192520093,2^192520093-1,STRUCTURAL_SCREEN_EXHAUSTED_PRIMALITY_UNASSIGNED,FIRST_SINGULARITY_SHELL_EXHAUSTED_PRIMALITY_UNASSIGNED,513,9595,9595,NO_RECORDED_FACTOR_PRP_OR_LL_RESULT_AND_NO_ACTIVE_GIMPS_ASSIGNMENT,2026-08-07T16:23:51+00:00,UNALLOCATED,,,,,
SLCMP201-0245,245,418,192520231,2^192520231-1,STRUCTURAL_SCREEN_EXHAUSTED_PRIMALITY_UNASSIGNED,FIRST_SINGULARITY_SHELL_EXHAUSTED_PRIMALITY_UNASSIGNED,514,9595,9595,NO_RECORDED_FACTOR_PRP_OR_LL_RESULT_AND_NO_ACTIVE_GIMPS_ASSIGNMENT,2026-08-07T16:23:51+00:00,UNALLOCATED,,,,,
SLCMP201-0246,246,420,192520253,2^192520253-1,STRUCTURAL_SCREEN_EXHAUSTED_PRIMALITY_UNASSIGNED,FIRST_SINGULARITY_SHELL_EXHAUSTED_PRIMALITY_UNASSIGNED,513,9595,9595,NO_RECORDED_FACTOR_PRP_OR_LL_RESULT_AND_NO_ACTIVE_GIMPS_ASSIGNMENT,2026-08-07T16:23:51+00:00,UNALLOCATED,,,,,
SLCMP201-0247,247,421,192520277,2^192520277-1,STRUCTURAL_SCREEN_EXHAUSTED_PRIMALITY_UNASSIGNED,FIRST_SINGULARITY_SHELL_EXHAUSTED_PRIMALITY_UNASSIGNED,513,9595,9595,NO_RECORDED_FACTOR_PRP_OR_LL_RESULT_AND_NO_ACTIVE_GIMPS_ASSIGNMENT,2026-08-07T16:23:51+00:00,UNALLOCATED,,,,,
SLCMP201-0248,248,422,192520333,2^192520333-1,STRUCTURAL_SCREEN_EXHAUSTED_PRIMALITY_UNASSIGNED,FIRST_SINGULARITY_SHELL_EXHAUSTED_PRIMALITY_UNASSIGNED,513,9595,9595,NO_RECORDED_FACTOR_PRP_OR_LL_RESULT_AND_NO_ACTIVE_GIMPS_ASSIGNMENT,2026-08-07T16:23:51+00:00,UNALLOCATED,,,,,
SLCMP201-0249,249,423,192520387,2^192520387-1,STRUCTURAL_SCREEN_EXHAUSTED_PRIMALITY_UNASSIGNED,FIRST_SINGULARITY_SHELL_EXHAUSTED_PRIMALITY_UNASSIGNED,514,9595,9595,NO_RECORDED_FACTOR_PRP_OR_LL_RESULT_AND_NO_ACTIVE_GIMPS_ASSIGNMENT,2026-08-07T16:23:51+00:00,UNALLOCATED,,,,,
SLCMP201-0250,250,424,192520411,2^192520411-1,STRUCTURAL_SCREEN_EXHAUSTED_PRIMALITY_UNASSIGNED,FIRST_SINGULARITY_SHELL_EXHAUSTED_PRIMALITY_UNASSIGNED,514,9595,9595,NO_RECORDED_FACTOR_PRP_OR_LL_RESULT_AND_NO_ACTIVE_GIMPS_ASSIGNMENT,2026-08-07T16:23:51+00:00,UNALLOCATED,,,,,
SLCMP201-0251,251,425,192520513,2^192520513-1,STRUCTURAL_SCREEN_EXHAUSTED_PRIMALITY_UNASSIGNED,FIRST_SINGULARITY_SHELL_EXHAUSTED_PRIMALITY_UNASSIGNED,513,9595,9595,NO_RECORDED_FACTOR_PRP_OR_LL_RESULT_AND_NO_ACTIVE_GIMPS_ASSIGNMENT,2026-08-07T16:23:51+00:00,UNALLOCATED,,,,,
SLCMP201-0252,252,426,192520561,2^192520561-1,STRUCTURAL_SCREEN_EXHAUSTED_PRIMALITY_UNASSIGNED,FIRST_SINGULARITY_SHELL_EXHAUSTED_PRIMALITY_UNASSIGNED,513,9595,9595,NO_RECORDED_FACTOR_PRP_OR_LL_RESULT_AND_NO_ACTIVE_GIMPS_ASSIGNMENT,2026-08-07T16:23:51+00:00,UNALLOCATED,,,,,
SLCMP201-0253,253,427,192520567,2^192520567-1,STRUCTURAL_SCREEN_EXHAUSTED_PRIMALITY_UNASSIGNED,FIRST_SINGULARITY_SHELL_EXHAUSTED_PRIMALITY_UNASSIGNED,514,9595,9595,NO_RECORDED_FACTOR_PRP_OR_LL_RESULT_AND_NO_ACTIVE_GIMPS_ASSIGNMENT,2026-08-07T16:23:51+00:00,UNALLOCATED,,,,,
SLCMP201-0254,254,428,192520651,2^192520651-1,STRUCTURAL_SCREEN_EXHAUSTED_PRIMALITY_UNASSIGNED,FIRST_SINGULARITY_SHELL_EXHAUSTED_PRIMALITY_UNASSIGNED,514,9595,9595,NO_RECORDED_FACTOR_PRP_OR_LL_RESULT_AND_NO_ACTIVE_GIMPS_ASSIGNMENT,2026-08-07T16:23:51+00:00,UNALLOCATED,,,,,
SLCMP201-0255,255,429,192520663,2^192520663-1,STRUCTURAL_SCREEN_EXHAUSTED_PRIMALITY_UNASSIGNED,FIRST_SINGULARITY_SHELL_EXHAUSTED_PRIMALITY_UNASSIGNED,514,9595,9595,NO_RECORDED_FACTOR_PRP_OR_LL_RESULT_AND_NO_ACTIVE_GIMPS_ASSIGNMENT,2026-08-07T16:23:51+00:00,UNALLOCATED,,,,,
SLCMP201-0256,256,431,192520723,2^192520723-1,STRUCTURAL_SCREEN_EXHAUSTED_PRIMALITY_UNASSIGNED,FIRST_SINGULARITY_SHELL_EXHAUSTED_PRIMALITY_UNASSIGNED,514,9595,9595,NO_RECORDED_FACTOR_PRP_OR_LL_RESULT_AND_NO_ACTIVE_GIMPS_ASSIGNMENT,2026-08-07T16:23:51+00:00,UNALLOCATED,,,,,
SLCMP201-0257,257,434,192520771,2^192520771-1,STRUCTURAL_SCREEN_EXHAUSTED_PRIMALITY_UNASSIGNED,FIRST_SINGULARITY_SHELL_EXHAUSTED_PRIMALITY_UNASSIGNED,514,9595,9595,NO_RECORDED_FACTOR_PRP_OR_LL_RESULT_AND_NO_ACTIVE_GIMPS_ASSIGNMENT,2026-08-07T16:23:51+00:00,UNALLOCATED,,,,,
SLCMP201-0258,258,435,192520777,2^192520777-1,STRUCTURAL_SCREEN_EXHAUSTED_PRIMALITY_UNASSIGNED,FIRST_SINGULARITY_SHELL_EXHAUSTED_PRIMALITY_UNASSIGNED,513,9595,9595,NO_RECORDED_FACTOR_PRP_OR_LL_RESULT_AND_NO_ACTIVE_GIMPS_ASSIGNMENT,2026-08-07T16:23:51+00:00,UNALLOCATED,,,,,
SLCMP201-0259,259,436,192520829,2^192520829-1,STRUCTURAL_SCREEN_EXHAUSTED_PRIMALITY_UNASSIGNED,FIRST_SINGULARITY_SHELL_EXHAUSTED_PRIMALITY_UNASSIGNED,513,9595,9595,NO_RECORDED_FACTOR_PRP_OR_LL_RESULT_AND_NO_ACTIVE_GIMPS_ASSIGNMENT,2026-08-07T16:23:51+00:00,UNALLOCATED,,,,,
SLCMP201-0260,260,437,192520837,2^192520837-1,STRUCTURAL_SCREEN_EXHAUSTED_PRIMALITY_UNASSIGNED,FIRST_SINGULARITY_SHELL_EXHAUSTED_PRIMALITY_UNASSIGNED,513,9595,9595,NO_RECORDED_FACTOR_PRP_OR_LL_RESULT_AND_NO_ACTIVE_GIMPS_ASSIGNMENT,2026-08-07T16:23:51+00:00,UNALLOCATED,,,,,
SLCMP201-0261,261,439,192520957,2^192520957-1,STRUCTURAL_SCREEN_EXHAUSTED_PRIMALITY_UNASSIGNED,FIRST_SINGULARITY_SHELL_EXHAUSTED_PRIMALITY_UNASSIGNED,513,9595,9595,NO_RECORDED_FACTOR_PRP_OR_LL_RESULT_AND_NO_ACTIVE_GIMPS_ASSIGNMENT,2026-08-07T16:23:51+00:00,UNALLOCATED,,,,,
SLCMP201-0262,262,441,192520981,2^192520981-1,STRUCTURAL_SCREEN_EXHAUSTED_PRIMALITY_UNASSIGNED,FIRST_SINGULARITY_SHELL_EXHAUSTED_PRIMALITY_UNASSIGNED,513,9595,9595,NO_RECORDED_FACTOR_PRP_OR_LL_RESULT_AND_NO_ACTIVE_GIMPS_ASSIGNMENT,2026-08-07T16:23:51+00:00,UNALLOCATED,,,,,
SLCMP201-0263,263,442,192521011,2^192521011-1,STRUCTURAL_SCREEN_EXHAUSTED_PRIMALITY_UNASSIGNED,FIRST_SINGULARITY_SHELL_EXHAUSTED_PRIMALITY_UNASSIGNED,514,9595,9595,NO_RECORDED_FACTOR_PRP_OR_LL_RESULT_AND_NO_ACTIVE_GIMPS_ASSIGNMENT,2026-08-07T16:23:51+00:00,UNALLOCATED,,,,,
SLCMP201-0264,264,443,192521149,2^192521149-1,STRUCTURAL_SCREEN_EXHAUSTED_PRIMALITY_UNASSIGNED,FIRST_SINGULARITY_SHELL_EXHAUSTED_PRIMALITY_UNASSIGNED,513,9595,9595,NO_RECORDED_FACTOR_PRP_OR_LL_RESULT_AND_NO_ACTIVE_GIMPS_ASSIGNMENT,2026-08-07T16:23:51+00:00,UNALLOCATED,,,,,
SLCMP201-0265,265,445,192521269,2^192521269-1,STRUCTURAL_SCREEN_EXHAUSTED_PRIMALITY_UNASSIGNED,FIRST_SINGULARITY_SHELL_EXHAUSTED_PRIMALITY_UNASSIGNED,513,9595,9595,NO_RECORDED_FACTOR_PRP_OR_LL_RESULT_AND_NO_ACTIVE_GIMPS_ASSIGNMENT,2026-08-07T16:23:51+00:00,UNALLOCATED,,,,,
SLCMP201-0266,266,447,192521297,2^192521297-1,STRUCTURAL_SCREEN_EXHAUSTED_PRIMALITY_UNASSIGNED,FIRST_SINGULARITY_SHELL_EXHAUSTED_PRIMALITY_UNASSIGNED,513,9595,9595,NO_RECORDED_FACTOR_PRP_OR_LL_RESULT_AND_NO_ACTIVE_GIMPS_ASSIGNMENT,2026-08-07T16:23:51+00:00,UNALLOCATED,,,,,
SLCMP201-0267,267,449,192521393,2^192521393-1,STRUCTURAL_SCREEN_EXHAUSTED_PRIMALITY_UNASSIGNED,FIRST_SINGULARITY_SHELL_EXHAUSTED_PRIMALITY_UNASSIGNED,513,9595,9595,NO_RECORDED_FACTOR_PRP_OR_LL_RESULT_AND_NO_ACTIVE_GIMPS_ASSIGNMENT,2026-08-07T16:23:51+00:00,UNALLOCATED,,,,,
SLCMP201-0268,268,450,192521411,2^192521411-1,STRUCTURAL_SCREEN_EXHAUSTED_PRIMALITY_UNASSIGNED,FIRST_SINGULARITY_SHELL_EXHAUSTED_PRIMALITY_UNASSIGNED,514,9595,9595,NO_RECORDED_FACTOR_PRP_OR_LL_RESULT_AND_NO_ACTIVE_GIMPS_ASSIGNMENT,2026-08-07T16:23:51+00:00,UNALLOCATED,,,,,
SLCMP201-0269,269,451,192521443,2^192521443-1,STRUCTURAL_SCREEN_EXHAUSTED_PRIMALITY_UNASSIGNED,FIRST_SINGULARITY_SHELL_EXHAUSTED_PRIMALITY_UNASSIGNED,514,9595,9595,NO_RECORDED_FACTOR_PRP_OR_LL_RESULT_AND_NO_ACTIVE_GIMPS_ASSIGNMENT,2026-08-07T16:23:51+00:00,UNALLOCATED,,,,,
SLCMP201-0270,270,453,192521489,2^192521489-1,STRUCTURAL_SCREEN_EXHAUSTED_PRIMALITY_UNASSIGNED,FIRST_SINGULARITY_SHELL_EXHAUSTED_PRIMALITY_UNASSIGNED,513,9595,9595,NO_RECORDED_FACTOR_PRP_OR_LL_RESULT_AND_NO_ACTIVE_GIMPS_ASSIGNMENT,2026-08-07T16:23:51+00:00,UNALLOCATED,,,,,
SLCMP201-0271,271,454,192521557,2^192521557-1,STRUCTURAL_SCREEN_EXHAUSTED_PRIMALITY_UNASSIGNED,FIRST_SINGULARITY_SHELL_EXHAUSTED_PRIMALITY_UNASSIGNED,513,9595,9595,NO_RECORDED_FACTOR_PRP_OR_LL_RESULT_AND_NO_ACTIVE_GIMPS_ASSIGNMENT,2026-08-07T16:23:51+00:00,UNALLOCATED,,,,,
SLCMP201-0272,272,455,192521627,2^192521627-1,STRUCTURAL_SCREEN_EXHAUSTED_PRIMALITY_UNASSIGNED,FIRST_SINGULARITY_SHELL_EXHAUSTED_PRIMALITY_UNASSIGNED,514,9595,9595,NO_RECORDED_FACTOR_PRP_OR_LL_RESULT_AND_NO_ACTIVE_GIMPS_ASSIGNMENT,2026-08-07T16:23:51+00:00,UNALLOCATED,,,,,
SLCMP201-0273,273,459,192521837,2^192521837-1,STRUCTURAL_SCREEN_EXHAUSTED_PRIMALITY_UNASSIGNED,FIRST_SINGULARITY_SHELL_EXHAUSTED_PRIMALITY_UNASSIGNED,513,9595,9595,NO_RECORDED_FACTOR_PRP_OR_LL_RESULT_AND_NO_ACTIVE_GIMPS_ASSIGNMENT,2026-08-07T16:23:51+00:00,UNALLOCATED,,,,,
SLCMP201-0274,274,461,192521911,2^192521911-1,STRUCTURAL_SCREEN_EXHAUSTED_PRIMALITY_UNASSIGNED,FIRST_SINGULARITY_SHELL_EXHAUSTED_PRIMALITY_UNASSIGNED,514,9595,9595,NO_RECORDED_FACTOR_PRP_OR_LL_RESULT_AND_NO_ACTIVE_GIMPS_ASSIGNMENT,2026-08-07T16:23:51+00:00,UNALLOCATED,,,,,
SLCMP201-0275,275,462,192521933,2^192521933-1,STRUCTURAL_SCREEN_EXHAUSTED_PRIMALITY_UNASSIGNED,FIRST_SINGULARITY_SHELL_EXHAUSTED_PRIMALITY_UNASSIGNED,513,9595,9595,NO_RECORDED_FACTOR_PRP_OR_LL_RESULT_AND_NO_ACTIVE_GIMPS_ASSIGNMENT,2026-08-07T16:23:51+00:00,UNALLOCATED,,,,,
SLCMP201-0276,276,463,192521969,2^192521969-1,STRUCTURAL_SCREEN_EXHAUSTED_PRIMALITY_UNASSIGNED,FIRST_SINGULARITY_SHELL_EXHAUSTED_PRIMALITY_UNASSIGNED,513,9595,9595,NO_RECORDED_FACTOR_PRP_OR_LL_RESULT_AND_NO_ACTIVE_GIMPS_ASSIGNMENT,2026-08-07T16:23:51+00:00,UNALLOCATED,,,,,
SLCMP201-0277,277,464,192522061,2^192522061-1,STRUCTURAL_SCREEN_EXHAUSTED_PRIMALITY_UNASSIGNED,FIRST_SINGULARITY_SHELL_EXHAUSTED_PRIMALITY_UNASSIGNED,513,9595,9595,NO_RECORDED_FACTOR_PRP_OR_LL_RESULT_AND_NO_ACTIVE_GIMPS_ASSIGNMENT,2026-08-07T16:23:51+00:00,UNALLOCATED,,,,,
SLCMP201-0278,278,465,192522073,2^192522073-1,STRUCTURAL_SCREEN_EXHAUSTED_PRIMALITY_UNASSIGNED,FIRST_SINGULARITY_SHELL_EXHAUSTED_PRIMALITY_UNASSIGNED,513,9595,9595,NO_RECORDED_FACTOR_PRP_OR_LL_RESULT_AND_NO_ACTIVE_GIMPS_ASSIGNMENT,2026-08-07T16:23:51+00:00,UNALLOCATED,,,,,
SLCMP201-0279,279,467,192522119,2^192522119-1,STRUCTURAL_SCREEN_EXHAUSTED_PRIMALITY_UNASSIGNED,FIRST_SINGULARITY_SHELL_EXHAUSTED_PRIMALITY_UNASSIGNED,514,9595,9595,NO_RECORDED_FACTOR_PRP_OR_LL_RESULT_AND_NO_ACTIVE_GIMPS_ASSIGNMENT,2026-08-07T16:23:51+00:00,UNALLOCATED,,,,,
SLCMP201-0280,280,469,192522191,2^192522191-1,STRUCTURAL_SCREEN_EXHAUSTED_PRIMALITY_UNASSIGNED,FIRST_SINGULARITY_SHELL_EXHAUSTED_PRIMALITY_UNASSIGNED,514,9595,9595,NO_RECORDED_FACTOR_PRP_OR_LL_RESULT_AND_NO_ACTIVE_GIMPS_ASSIGNMENT,2026-08-07T16:23:51+00:00,UNALLOCATED,,,,,
SLCMP201-0281,281,474,192522413,2^192522413-1,STRUCTURAL_SCREEN_EXHAUSTED_PRIMALITY_UNASSIGNED,FIRST_SINGULARITY_SHELL_EXHAUSTED_PRIMALITY_UNASSIGNED,513,9595,9595,NO_RECORDED_FACTOR_PRP_OR_LL_RESULT_AND_NO_ACTIVE_GIMPS_ASSIGNMENT,2026-08-07T16:23:51+00:00,UNALLOCATED,,,,,
SLCMP201-0282,282,475,192522419,2^192522419-1,STRUCTURAL_SCREEN_EXHAUSTED_PRIMALITY_UNASSIGNED,FIRST_SINGULARITY_SHELL_EXHAUSTED_PRIMALITY_UNASSIGNED,514,9595,9595,NO_RECORDED_FACTOR_PRP_OR_LL_RESULT_AND_NO_ACTIVE_GIMPS_ASSIGNMENT,2026-08-07T16:23:51+00:00,UNALLOCATED,,,,,
SLCMP201-0283,283,476,192522521,2^192522521-1,STRUCTURAL_SCREEN_EXHAUSTED_PRIMALITY_UNASSIGNED,FIRST_SINGULARITY_SHELL_EXHAUSTED_PRIMALITY_UNASSIGNED,513,9595,9595,NO_RECORDED_FACTOR_PRP_OR_LL_RESULT_AND_NO_ACTIVE_GIMPS_ASSIGNMENT,2026-08-07T16:23:51+00:00,UNALLOCATED,,,,,
SLCMP201-0284,284,477,192522529,2^192522529-1,STRUCTURAL_SCREEN_EXHAUSTED_PRIMALITY_UNASSIGNED,FIRST_SINGULARITY_SHELL_EXHAUSTED_PRIMALITY_UNASSIGNED,513,9595,9595,NO_RECORDED_FACTOR_PRP_OR_LL_RESULT_AND_NO_ACTIVE_GIMPS_ASSIGNMENT,2026-08-07T16:23:51+00:00,UNALLOCATED,,,,,
SLCMP201-0285,285,478,192522587,2^192522587-1,STRUCTURAL_SCREEN_EXHAUSTED_PRIMALITY_UNASSIGNED,FIRST_SINGULARITY_SHELL_EXHAUSTED_PRIMALITY_UNASSIGNED,514,9595,9595,NO_RECORDED_FACTOR_PRP_OR_LL_RESULT_AND_NO_ACTIVE_GIMPS_ASSIGNMENT,2026-08-07T16:23:51+00:00,UNALLOCATED,,,,,
SLCMP201-0286,286,479,192522601,2^192522601-1,STRUCTURAL_SCREEN_EXHAUSTED_PRIMALITY_UNASSIGNED,FIRST_SINGULARITY_SHELL_EXHAUSTED_PRIMALITY_UNASSIGNED,513,9595,9595,NO_RECORDED_FACTOR_PRP_OR_LL_RESULT_AND_NO_ACTIVE_GIMPS_ASSIGNMENT,2026-08-07T16:23:51+00:00,UNALLOCATED,,,,,
SLCMP201-0287,287,481,192522767,2^192522767-1,STRUCTURAL_SCREEN_EXHAUSTED_PRIMALITY_UNASSIGNED,FIRST_SINGULARITY_SHELL_EXHAUSTED_PRIMALITY_UNASSIGNED,514,9595,9595,NO_RECORDED_FACTOR_PRP_OR_LL_RESULT_AND_NO_ACTIVE_GIMPS_ASSIGNMENT,2026-08-07T16:23:51+00:00,UNALLOCATED,,,,,
SLCMP201-0288,288,482,192523027,2^192523027-1,STRUCTURAL_SCREEN_EXHAUSTED_PRIMALITY_UNASSIGNED,FIRST_SINGULARITY_SHELL_EXHAUSTED_PRIMALITY_UNASSIGNED,514,9595,9595,NO_RECORDED_FACTOR_PRP_OR_LL_RESULT_AND_NO_ACTIVE_GIMPS_ASSIGNMENT,2026-08-07T16:23:51+00:00,UNALLOCATED,,,,,
SLCMP201-0289,289,484,192523129,2^192523129-1,STRUCTURAL_SCREEN_EXHAUSTED_PRIMALITY_UNASSIGNED,FIRST_SINGULARITY_SHELL_EXHAUSTED_PRIMALITY_UNASSIGNED,513,9595,9595,NO_RECORDED_FACTOR_PRP_OR_LL_RESULT_AND_NO_ACTIVE_GIMPS_ASSIGNMENT,2026-08-07T16:23:51+00:00,UNALLOCATED,,,,,
SLCMP201-0290,290,485,192523267,2^192523267-1,STRUCTURAL_SCREEN_EXHAUSTED_PRIMALITY_UNASSIGNED,FIRST_SINGULARITY_SHELL_EXHAUSTED_PRIMALITY_UNASSIGNED,514,9595,9595,NO_RECORDED_FACTOR_PRP_OR_LL_RESULT_AND_NO_ACTIVE_GIMPS_ASSIGNMENT,2026-08-07T16:23:51+00:00,UNALLOCATED,,,,,
SLCMP201-0291,291,486,192523297,2^192523297-1,STRUCTURAL_SCREEN_EXHAUSTED_PRIMALITY_UNASSIGNED,FIRST_SINGULARITY_SHELL_EXHAUSTED_PRIMALITY_UNASSIGNED,513,9595,9595,NO_RECORDED_FACTOR_PRP_OR_LL_RESULT_AND_NO_ACTIVE_GIMPS_ASSIGNMENT,2026-08-07T16:23:51+00:00,UNALLOCATED,,,,,
SLCMP201-0292,292,487,192523301,2^192523301-1,STRUCTURAL_SCREEN_EXHAUSTED_PRIMALITY_UNASSIGNED,FIRST_SINGULARITY_SHELL_EXHAUSTED_PRIMALITY_UNASSIGNED,513,9595,9595,NO_RECORDED_FACTOR_PRP_OR_LL_RESULT_AND_NO_ACTIVE_GIMPS_ASSIGNMENT,2026-08-07T16:23:51+00:00,UNALLOCATED,,,,,
SLCMP201-0293,293,488,192523319,2^192523319-1,STRUCTURAL_SCREEN_EXHAUSTED_PRIMALITY_UNASSIGNED,FIRST_SINGULARITY_SHELL_EXHAUSTED_PRIMALITY_UNASSIGNED,514,9595,9595,NO_RECORDED_FACTOR_PRP_OR_LL_RESULT_AND_NO_ACTIVE_GIMPS_ASSIGNMENT,2026-08-07T16:23:51+00:00,UNALLOCATED,,,,,
SLCMP201-0294,294,490,192523417,2^192523417-1,STRUCTURAL_SCREEN_EXHAUSTED_PRIMALITY_UNASSIGNED,FIRST_SINGULARITY_SHELL_EXHAUSTED_PRIMALITY_UNASSIGNED,513,9595,9595,NO_RECORDED_FACTOR_PRP_OR_LL_RESULT_AND_NO_ACTIVE_GIMPS_ASSIGNMENT,2026-08-07T16:23:51+00:00,UNALLOCATED,,,,,
SLCMP201-0295,295,491,192523451,2^192523451-1,STRUCTURAL_SCREEN_EXHAUSTED_PRIMALITY_UNASSIGNED,FIRST_SINGULARITY_SHELL_EXHAUSTED_PRIMALITY_UNASSIGNED,514,9595,9595,NO_RECORDED_FACTOR_PRP_OR_LL_RESULT_AND_NO_ACTIVE_GIMPS_ASSIGNMENT,2026-08-07T16:23:51+00:00,UNALLOCATED,,,,,
SLCMP201-0296,296,492,192523459,2^192523459-1,STRUCTURAL_SCREEN_EXHAUSTED_PRIMALITY_UNASSIGNED,FIRST_SINGULARITY_SHELL_EXHAUSTED_PRIMALITY_UNASSIGNED,514,9595,9595,NO_RECORDED_FACTOR_PRP_OR_LL_RESULT_AND_NO_ACTIVE_GIMPS_ASSIGNMENT,2026-08-07T16:23:51+00:00,UNALLOCATED,,,,,
SLCMP201-0297,297,494,192523631,2^192523631-1,STRUCTURAL_SCREEN_EXHAUSTED_PRIMALITY_UNASSIGNED,FIRST_SINGULARITY_SHELL_EXHAUSTED_PRIMALITY_UNASSIGNED,514,9595,9595,NO_RECORDED_FACTOR_PRP_OR_LL_RESULT_AND_NO_ACTIVE_GIMPS_ASSIGNMENT,2026-08-07T16:23:51+00:00,UNALLOCATED,,,,,
SLCMP201-0298,298,495,192523697,2^192523697-1,STRUCTURAL_SCREEN_EXHAUSTED_PRIMALITY_UNASSIGNED,FIRST_SINGULARITY_SHELL_EXHAUSTED_PRIMALITY_UNASSIGNED,513,9595,9595,NO_RECORDED_FACTOR_PRP_OR_LL_RESULT_AND_NO_ACTIVE_GIMPS_ASSIGNMENT,2026-08-07T16:23:51+00:00,UNALLOCATED,,,,,
SLCMP201-0299,299,496,192523699,2^192523699-1,STRUCTURAL_SCREEN_EXHAUSTED_PRIMALITY_UNASSIGNED,FIRST_SINGULARITY_SHELL_EXHAUSTED_PRIMALITY_UNASSIGNED,514,9595,9595,NO_RECORDED_FACTOR_PRP_OR_LL_RESULT_AND_NO_ACTIVE_GIMPS_ASSIGNMENT,2026-08-07T16:23:51+00:00,UNALLOCATED,,,,,
SLCMP201-0300,300,497,192523817,2^192523817-1,STRUCTURAL_SCREEN_EXHAUSTED_PRIMALITY_UNASSIGNED,FIRST_SINGULARITY_SHELL_EXHAUSTED_PRIMALITY_UNASSIGNED,513,9595,9595,NO_RECORDED_FACTOR_PRP_OR_LL_RESULT_AND_NO_ACTIVE_GIMPS_ASSIGNMENT,2026-08-07T16:23:51+00:00,UNALLOCATED,,,,,
SLCMP201-0301,301,501,192523907,2^192523907-1,STRUCTURAL_SCREEN_EXHAUSTED_PRIMALITY_UNASSIGNED,FIRST_SINGULARITY_SHELL_EXHAUSTED_PRIMALITY_UNASSIGNED,514,9595,9595,NO_RECORDED_FACTOR_PRP_OR_LL_RESULT_AND_NO_ACTIVE_GIMPS_ASSIGNMENT,2026-08-07T16:23:51+00:00,UNALLOCATED,,,,,
SLCMP201-0302,302,506,192524369,2^192524369-1,STRUCTURAL_SCREEN_EXHAUSTED_PRIMALITY_UNASSIGNED,FIRST_SINGULARITY_SHELL_EXHAUSTED_PRIMALITY_UNASSIGNED,513,9595,9595,NO_RECORDED_FACTOR_PRP_OR_LL_RESULT_AND_NO_ACTIVE_GIMPS_ASSIGNMENT,2026-08-07T16:23:51+00:00,UNALLOCATED,,,,,
SLCMP201-0303,303,507,192524383,2^192524383-1,STRUCTURAL_SCREEN_EXHAUSTED_PRIMALITY_UNASSIGNED,FIRST_SINGULARITY_SHELL_EXHAUSTED_PRIMALITY_UNASSIGNED,514,9595,9595,NO_RECORDED_FACTOR_PRP_OR_LL_RESULT_AND_NO_ACTIVE_GIMPS_ASSIGNMENT,2026-08-07T16:23:51+00:00,UNALLOCATED,,,,,
SLCMP201-0304,304,508,192524399,2^192524399-1,STRUCTURAL_SCREEN_EXHAUSTED_PRIMALITY_UNASSIGNED,FIRST_SINGULARITY_SHELL_EXHAUSTED_PRIMALITY_UNASSIGNED,514,9595,9595,NO_RECORDED_FACTOR_PRP_OR_LL_RESULT_AND_NO_ACTIVE_GIMPS_ASSIGNMENT,2026-08-07T16:23:51+00:00,UNALLOCATED,,,,,
SLCMP201-0305,305,509,192524401,2^192524401-1,STRUCTURAL_SCREEN_EXHAUSTED_PRIMALITY_UNASSIGNED,FIRST_SINGULARITY_SHELL_EXHAUSTED_PRIMALITY_UNASSIGNED,513,9595,9595,NO_RECORDED_FACTOR_PRP_OR_LL_RESULT_AND_NO_ACTIVE_GIMPS_ASSIGNMENT,2026-08-07T16:23:51+00:00,UNALLOCATED,,,,,
SLCMP201-0306,306,510,192524443,2^192524443-1,STRUCTURAL_SCREEN_EXHAUSTED_PRIMALITY_UNASSIGNED,FIRST_SINGULARITY_SHELL_EXHAUSTED_PRIMALITY_UNASSIGNED,514,9595,9595,NO_RECORDED_FACTOR_PRP_OR_LL_RESULT_AND_NO_ACTIVE_GIMPS_ASSIGNMENT,2026-08-07T16:23:51+00:00,UNALLOCATED,,,,,
SLCMP201-0307,307,512,192524509,2^192524509-1,STRUCTURAL_SCREEN_EXHAUSTED_PRIMALITY_UNASSIGNED,FIRST_SINGULARITY_SHELL_EXHAUSTED_PRIMALITY_UNASSIGNED,513,9595,9595,NO_RECORDED_FACTOR_PRP_OR_LL_RESULT_AND_NO_ACTIVE_GIMPS_ASSIGNMENT,2026-08-07T16:23:51+00:00,UNALLOCATED,,,,,
SLCMP201-0308,308,513,192524551,2^192524551-1,STRUCTURAL_SCREEN_EXHAUSTED_PRIMALITY_UNASSIGNED,FIRST_SINGULARITY_SHELL_EXHAUSTED_PRIMALITY_UNASSIGNED,514,9595,9595,NO_RECORDED_FACTOR_PRP_OR_LL_RESULT_AND_NO_ACTIVE_GIMPS_ASSIGNMENT,2026-08-07T16:23:51+00:00,UNALLOCATED,,,,,
SLCMP201-0309,309,514,192524581,2^192524581-1,STRUCTURAL_SCREEN_EXHAUSTED_PRIMALITY_UNASSIGNED,FIRST_SINGULARITY_SHELL_EXHAUSTED_PRIMALITY_UNASSIGNED,513,9595,9595,NO_RECORDED_FACTOR_PRP_OR_LL_RESULT_AND_NO_ACTIVE_GIMPS_ASSIGNMENT,2026-08-07T16:23:51+00:00,UNALLOCATED,,,,,
SLCMP201-0310,310,515,192524603,2^192524603-1,STRUCTURAL_SCREEN_EXHAUSTED_PRIMALITY_UNASSIGNED,FIRST_SINGULARITY_SHELL_EXHAUSTED_PRIMALITY_UNASSIGNED,514,9595,9595,NO_RECORDED_FACTOR_PRP_OR_LL_RESULT_AND_NO_ACTIVE_GIMPS_ASSIGNMENT,2026-08-07T16:23:51+00:00,UNALLOCATED,,,,,
SLCMP201-0311,311,516,192524639,2^192524639-1,STRUCTURAL_SCREEN_EXHAUSTED_PRIMALITY_UNASSIGNED,FIRST_SINGULARITY_SHELL_EXHAUSTED_PRIMALITY_UNASSIGNED,514,9595,9595,NO_RECORDED_FACTOR_PRP_OR_LL_RESULT_AND_NO_ACTIVE_GIMPS_ASSIGNMENT,2026-08-07T16:23:51+00:00,UNALLOCATED,,,,,
SLCMP201-0312,312,517,192524749,2^192524749-1,STRUCTURAL_SCREEN_EXHAUSTED_PRIMALITY_UNASSIGNED,FIRST_SINGULARITY_SHELL_EXHAUSTED_PRIMALITY_UNASSIGNED,513,9595,9595,NO_RECORDED_FACTOR_PRP_OR_LL_RESULT_AND_NO_ACTIVE_GIMPS_ASSIGNMENT,2026-08-07T16:23:51+00:00,UNALLOCATED,,,,,
SLCMP201-0313,313,518,192524771,2^192524771-1,STRUCTURAL_SCREEN_EXHAUSTED_PRIMALITY_UNASSIGNED,FIRST_SINGULARITY_SHELL_EXHAUSTED_PRIMALITY_UNASSIGNED,514,9595,9595,NO_RECORDED_FACTOR_PRP_OR_LL_RESULT_AND_NO_ACTIVE_GIMPS_ASSIGNMENT,2026-08-07T16:23:51+00:00,UNALLOCATED,,,,,
SLCMP201-0314,314,519,192524833,2^192524833-1,STRUCTURAL_SCREEN_EXHAUSTED_PRIMALITY_UNASSIGNED,FIRST_SINGULARITY_SHELL_EXHAUSTED_PRIMALITY_UNASSIGNED,513,9595,9595,NO_RECORDED_FACTOR_PRP_OR_LL_RESULT_AND_NO_ACTIVE_GIMPS_ASSIGNMENT,2026-08-07T16:23:51+00:00,UNALLOCATED,,,,,
SLCMP201-0315,315,520,192524987,2^192524987-1,STRUCTURAL_SCREEN_EXHAUSTED_PRIMALITY_UNASSIGNED,FIRST_SINGULARITY_SHELL_EXHAUSTED_PRIMALITY_UNASSIGNED,514,9595,9595,NO_RECORDED_FACTOR_PRP_OR_LL_RESULT_AND_NO_ACTIVE_GIMPS_ASSIGNMENT,2026-08-07T16:23:51+00:00,UNALLOCATED,,,,,
SLCMP201-0316,316,521,192525001,2^192525001-1,STRUCTURAL_SCREEN_EXHAUSTED_PRIMALITY_UNASSIGNED,FIRST_SINGULARITY_SHELL_EXHAUSTED_PRIMALITY_UNASSIGNED,513,9595,9595,NO_RECORDED_FACTOR_PRP_OR_LL_RESULT_AND_NO_ACTIVE_GIMPS_ASSIGNMENT,2026-08-07T16:23:51+00:00,UNALLOCATED,,,,,
SLCMP201-0317,317,524,192525101,2^192525101-1,STRUCTURAL_SCREEN_EXHAUSTED_PRIMALITY_UNASSIGNED,FIRST_SINGULARITY_SHELL_EXHAUSTED_PRIMALITY_UNASSIGNED,513,9595,9595,NO_RECORDED_FACTOR_PRP_OR_LL_RESULT_AND_NO_ACTIVE_GIMPS_ASSIGNMENT,2026-08-07T16:23:51+00:00,UNALLOCATED,,,,,
SLCMP201-0318,318,525,192525121,2^192525121-1,STRUCTURAL_SCREEN_EXHAUSTED_PRIMALITY_UNASSIGNED,FIRST_SINGULARITY_SHELL_EXHAUSTED_PRIMALITY_UNASSIGNED,513,9595,9595,NO_RECORDED_FACTOR_PRP_OR_LL_RESULT_AND_NO_ACTIVE_GIMPS_ASSIGNMENT,2026-08-07T16:23:51+00:00,UNALLOCATED,,,,,
SLCMP201-0319,319,527,192525199,2^192525199-1,STRUCTURAL_SCREEN_EXHAUSTED_PRIMALITY_UNASSIGNED,FIRST_SINGULARITY_SHELL_EXHAUSTED_PRIMALITY_UNASSIGNED,514,9595,9595,NO_RECORDED_FACTOR_PRP_OR_LL_RESULT_AND_NO_ACTIVE_GIMPS_ASSIGNMENT,2026-08-07T16:23:51+00:00,UNALLOCATED,,,,,
SLCMP201-0320,320,530,192525247,2^192525247-1,STRUCTURAL_SCREEN_EXHAUSTED_PRIMALITY_UNASSIGNED,FIRST_SINGULARITY_SHELL_EXHAUSTED_PRIMALITY_UNASSIGNED,514,9595,9595,NO_RECORDED_FACTOR_PRP_OR_LL_RESULT_AND_NO_ACTIVE_GIMPS_ASSIGNMENT,2026-08-07T16:23:51+00:00,UNALLOCATED,,,,,
SLCMP201-0321,321,534,192525353,2^192525353-1,STRUCTURAL_SCREEN_EXHAUSTED_PRIMALITY_UNASSIGNED,FIRST_SINGULARITY_SHELL_EXHAUSTED_PRIMALITY_UNASSIGNED,513,9595,9595,NO_RECORDED_FACTOR_PRP_OR_LL_RESULT_AND_NO_ACTIVE_GIMPS_ASSIGNMENT,2026-08-07T16:23:51+00:00,UNALLOCATED,,,,,
SLCMP201-0322,322,535,192525401,2^192525401-1,STRUCTURAL_SCREEN_EXHAUSTED_PRIMALITY_UNASSIGNED,FIRST_SINGULARITY_SHELL_EXHAUSTED_PRIMALITY_UNASSIGNED,513,9595,9595,NO_RECORDED_FACTOR_PRP_OR_LL_RESULT_AND_NO_ACTIVE_GIMPS_ASSIGNMENT,2026-08-07T16:23:51+00:00,UNALLOCATED,,,,,
SLCMP201-0323,323,536,192525667,2^192525667-1,STRUCTURAL_SCREEN_EXHAUSTED_PRIMALITY_UNASSIGNED,FIRST_SINGULARITY_SHELL_EXHAUSTED_PRIMALITY_UNASSIGNED,514,9595,9595,NO_RECORDED_FACTOR_PRP_OR_LL_RESULT_AND_NO_ACTIVE_GIMPS_ASSIGNMENT,2026-08-07T16:23:51+00:00,UNALLOCATED,,,,,
SLCMP201-0324,324,537,192525691,2^192525691-1,STRUCTURAL_SCREEN_EXHAUSTED_PRIMALITY_UNASSIGNED,FIRST_SINGULARITY_SHELL_EXHAUSTED_PRIMALITY_UNASSIGNED,514,9595,9595,NO_RECORDED_FACTOR_PRP_OR_LL_RESULT_AND_NO_ACTIVE_GIMPS_ASSIGNMENT,2026-08-07T16:23:51+00:00,UNALLOCATED,,,,,
SLCMP201-0325,325,538,192525757,2^192525757-1,STRUCTURAL_SCREEN_EXHAUSTED_PRIMALITY_UNASSIGNED,FIRST_SINGULARITY_SHELL_EXHAUSTED_PRIMALITY_UNASSIGNED,513,9595,9595,NO_RECORDED_FACTOR_PRP_OR_LL_RESULT_AND_NO_ACTIVE_GIMPS_ASSIGNMENT,2026-08-07T16:23:51+00:00,UNALLOCATED,,,,,
SLCMP201-0326,326,539,192525787,2^192525787-1,STRUCTURAL_SCREEN_EXHAUSTED_PRIMALITY_UNASSIGNED,FIRST_SINGULARITY_SHELL_EXHAUSTED_PRIMALITY_UNASSIGNED,514,9595,9595,NO_RECORDED_FACTOR_PRP_OR_LL_RESULT_AND_NO_ACTIVE_GIMPS_ASSIGNMENT,2026-08-07T16:23:51+00:00,UNALLOCATED,,,,,
SLCMP201-0327,327,540,192525857,2^192525857-1,STRUCTURAL_SCREEN_EXHAUSTED_PRIMALITY_UNASSIGNED,FIRST_SINGULARITY_SHELL_EXHAUSTED_PRIMALITY_UNASSIGNED,513,9595,9595,NO_RECORDED_FACTOR_PRP_OR_LL_RESULT_AND_NO_ACTIVE_GIMPS_ASSIGNMENT,2026-08-07T16:23:51+00:00,UNALLOCATED,,,,,
SLCMP201-0328,328,541,192525869,2^192525869-1,STRUCTURAL_SCREEN_EXHAUSTED_PRIMALITY_UNASSIGNED,FIRST_SINGULARITY_SHELL_EXHAUSTED_PRIMALITY_UNASSIGNED,513,9595,9595,NO_RECORDED_FACTOR_PRP_OR_LL_RESULT_AND_NO_ACTIVE_GIMPS_ASSIGNMENT,2026-08-07T16:23:51+00:00,UNALLOCATED,,,,,
SLCMP201-0329,329,542,192525919,2^192525919-1,STRUCTURAL_SCREEN_EXHAUSTED_PRIMALITY_UNASSIGNED,FIRST_SINGULARITY_SHELL_EXHAUSTED_PRIMALITY_UNASSIGNED,514,9595,9595,NO_RECORDED_FACTOR_PRP_OR_LL_RESULT_AND_NO_ACTIVE_GIMPS_ASSIGNMENT,2026-08-07T16:23:51+00:00,UNALLOCATED,,,,,
SLCMP201-0330,330,545,192526127,2^192526127-1,STRUCTURAL_SCREEN_EXHAUSTED_PRIMALITY_UNASSIGNED,FIRST_SINGULARITY_SHELL_EXHAUSTED_PRIMALITY_UNASSIGNED,514,9595,9595,NO_RECORDED_FACTOR_PRP_OR_LL_RESULT_AND_NO_ACTIVE_GIMPS_ASSIGNMENT,2026-08-07T16:23:51+00:00,UNALLOCATED,,,,,
SLCMP201-0331,331,546,192526129,2^192526129-1,STRUCTURAL_SCREEN_EXHAUSTED_PRIMALITY_UNASSIGNED,FIRST_SINGULARITY_SHELL_EXHAUSTED_PRIMALITY_UNASSIGNED,513,9595,9595,NO_RECORDED_FACTOR_PRP_OR_LL_RESULT_AND_NO_ACTIVE_GIMPS_ASSIGNMENT,2026-08-07T16:23:51+00:00,UNALLOCATED,,,,,
SLCMP201-0332,332,547,192526253,2^192526253-1,STRUCTURAL_SCREEN_EXHAUSTED_PRIMALITY_UNASSIGNED,FIRST_SINGULARITY_SHELL_EXHAUSTED_PRIMALITY_UNASSIGNED,513,9595,9595,NO_RECORDED_FACTOR_PRP_OR_LL_RESULT_AND_NO_ACTIVE_GIMPS_ASSIGNMENT,2026-08-07T16:23:51+00:00,UNALLOCATED,,,,,
SLCMP201-0333,333,548,192526333,2^192526333-1,STRUCTURAL_SCREEN_EXHAUSTED_PRIMALITY_UNASSIGNED,FIRST_SINGULARITY_SHELL_EXHAUSTED_PRIMALITY_UNASSIGNED,513,9595,9595,NO_RECORDED_FACTOR_PRP_OR_LL_RESULT_AND_NO_ACTIVE_GIMPS_ASSIGNMENT,2026-08-07T16:23:51+00:00,UNALLOCATED,,,,,
SLCMP201-0334,334,549,192526339,2^192526339-1,STRUCTURAL_SCREEN_EXHAUSTED_PRIMALITY_UNASSIGNED,FIRST_SINGULARITY_SHELL_EXHAUSTED_PRIMALITY_UNASSIGNED,514,9595,9595,NO_RECORDED_FACTOR_PRP_OR_LL_RESULT_AND_NO_ACTIVE_GIMPS_ASSIGNMENT,2026-08-07T16:23:51+00:00,UNALLOCATED,,,,,
SLCMP201-0335,335,551,192526409,2^192526409-1,STRUCTURAL_SCREEN_EXHAUSTED_PRIMALITY_UNASSIGNED,FIRST_SINGULARITY_SHELL_EXHAUSTED_PRIMALITY_UNASSIGNED,513,9595,9595,NO_RECORDED_FACTOR_PRP_OR_LL_RESULT_AND_NO_ACTIVE_GIMPS_ASSIGNMENT,2026-08-07T16:23:51+00:00,UNALLOCATED,,,,,
SLCMP201-0336,336,553,192526441,2^192526441-1,STRUCTURAL_SCREEN_EXHAUSTED_PRIMALITY_UNASSIGNED,FIRST_SINGULARITY_SHELL_EXHAUSTED_PRIMALITY_UNASSIGNED,513,9595,9595,NO_RECORDED_FACTOR_PRP_OR_LL_RESULT_AND_NO_ACTIVE_GIMPS_ASSIGNMENT,2026-08-07T16:23:51+00:00,UNALLOCATED,,,,,
SLCMP201-0337,337,554,192526457,2^192526457-1,STRUCTURAL_SCREEN_EXHAUSTED_PRIMALITY_UNASSIGNED,FIRST_SINGULARITY_SHELL_EXHAUSTED_PRIMALITY_UNASSIGNED,513,9595,9595,NO_RECORDED_FACTOR_PRP_OR_LL_RESULT_AND_NO_ACTIVE_GIMPS_ASSIGNMENT,2026-08-07T16:23:51+00:00,UNALLOCATED,,,,,
SLCMP201-0338,338,555,192526459,2^192526459-1,STRUCTURAL_SCREEN_EXHAUSTED_PRIMALITY_UNASSIGNED,FIRST_SINGULARITY_SHELL_EXHAUSTED_PRIMALITY_UNASSIGNED,514,9595,9595,NO_RECORDED_FACTOR_PRP_OR_LL_RESULT_AND_NO_ACTIVE_GIMPS_ASSIGNMENT,2026-08-07T16:23:51+00:00,UNALLOCATED,,,,,
SLCMP201-0339,339,559,192526589,2^192526589-1,STRUCTURAL_SCREEN_EXHAUSTED_PRIMALITY_UNASSIGNED,FIRST_SINGULARITY_SHELL_EXHAUSTED_PRIMALITY_UNASSIGNED,513,9595,9595,NO_RECORDED_FACTOR_PRP_OR_LL_RESULT_AND_NO_ACTIVE_GIMPS_ASSIGNMENT,2026-08-07T16:23:51+00:00,UNALLOCATED,,,,,
SLCMP201-0340,340,560,192526597,2^192526597-1,STRUCTURAL_SCREEN_EXHAUSTED_PRIMALITY_UNASSIGNED,FIRST_SINGULARITY_SHELL_EXHAUSTED_PRIMALITY_UNASSIGNED,513,9595,9595,NO_RECORDED_FACTOR_PRP_OR_LL_RESULT_AND_NO_ACTIVE_GIMPS_ASSIGNMENT,2026-08-07T16:23:51+00:00,UNALLOCATED,,,,,
SLCMP201-0341,341,561,192526909,2^192526909-1,STRUCTURAL_SCREEN_EXHAUSTED_PRIMALITY_UNASSIGNED,FIRST_SINGULARITY_SHELL_EXHAUSTED_PRIMALITY_UNASSIGNED,513,9595,9595,NO_RECORDED_FACTOR_PRP_OR_LL_RESULT_AND_NO_ACTIVE_GIMPS_ASSIGNMENT,2026-08-07T16:23:51+00:00,UNALLOCATED,,,,,
SLCMP201-0342,342,562,192526931,2^192526931-1,STRUCTURAL_SCREEN_EXHAUSTED_PRIMALITY_UNASSIGNED,FIRST_SINGULARITY_SHELL_EXHAUSTED_PRIMALITY_UNASSIGNED,514,9595,9595,NO_RECORDED_FACTOR_PRP_OR_LL_RESULT_AND_NO_ACTIVE_GIMPS_ASSIGNMENT,2026-08-07T16:23:51+00:00,UNALLOCATED,,,,,
SLCMP201-0343,343,565,192527117,2^192527117-1,STRUCTURAL_SCREEN_EXHAUSTED_PRIMALITY_UNASSIGNED,FIRST_SINGULARITY_SHELL_EXHAUSTED_PRIMALITY_UNASSIGNED,513,9595,9595,NO_RECORDED_FACTOR_PRP_OR_LL_RESULT_AND_NO_ACTIVE_GIMPS_ASSIGNMENT,2026-08-07T16:23:51+00:00,UNALLOCATED,,,,,
SLCMP201-0344,344,566,192527141,2^192527141-1,STRUCTURAL_SCREEN_EXHAUSTED_PRIMALITY_UNASSIGNED,FIRST_SINGULARITY_SHELL_EXHAUSTED_PRIMALITY_UNASSIGNED,513,9595,9595,NO_RECORDED_FACTOR_PRP_OR_LL_RESULT_AND_NO_ACTIVE_GIMPS_ASSIGNMENT,2026-08-07T16:23:51+00:00,UNALLOCATED,,,,,
SLCMP201-0345,345,568,192527177,2^192527177-1,STRUCTURAL_SCREEN_EXHAUSTED_PRIMALITY_UNASSIGNED,FIRST_SINGULARITY_SHELL_EXHAUSTED_PRIMALITY_UNASSIGNED,513,9595,9595,NO_RECORDED_FACTOR_PRP_OR_LL_RESULT_AND_NO_ACTIVE_GIMPS_ASSIGNMENT,2026-08-07T16:23:51+00:00,UNALLOCATED,,,,,
SLCMP201-0346,346,570,192527191,2^192527191-1,STRUCTURAL_SCREEN_EXHAUSTED_PRIMALITY_UNASSIGNED,FIRST_SINGULARITY_SHELL_EXHAUSTED_PRIMALITY_UNASSIGNED,514,9595,9595,NO_RECORDED_FACTOR_PRP_OR_LL_RESULT_AND_NO_ACTIVE_GIMPS_ASSIGNMENT,2026-08-07T16:23:51+00:00,UNALLOCATED,,,,,
SLCMP201-0347,347,571,192527219,2^192527219-1,STRUCTURAL_SCREEN_EXHAUSTED_PRIMALITY_UNASSIGNED,FIRST_SINGULARITY_SHELL_EXHAUSTED_PRIMALITY_UNASSIGNED,514,9595,9595,NO_RECORDED_FACTOR_PRP_OR_LL_RESULT_AND_NO_ACTIVE_GIMPS_ASSIGNMENT,2026-08-07T16:23:51+00:00,UNALLOCATED,,,,,
SLCMP201-0348,348,574,192527477,2^192527477-1,STRUCTURAL_SCREEN_EXHAUSTED_PRIMALITY_UNASSIGNED,FIRST_SINGULARITY_SHELL_EXHAUSTED_PRIMALITY_UNASSIGNED,513,9595,9595,NO_RECORDED_FACTOR_PRP_OR_LL_RESULT_AND_NO_ACTIVE_GIMPS_ASSIGNMENT,2026-08-07T16:23:51+00:00,UNALLOCATED,,,,,
SLCMP201-0349,349,575,192527527,2^192527527-1,STRUCTURAL_SCREEN_EXHAUSTED_PRIMALITY_UNASSIGNED,FIRST_SINGULARITY_SHELL_EXHAUSTED_PRIMALITY_UNASSIGNED,514,9595,9595,NO_RECORDED_FACTOR_PRP_OR_LL_RESULT_AND_NO_ACTIVE_GIMPS_ASSIGNMENT,2026-08-07T16:23:51+00:00,UNALLOCATED,,,,,
SLCMP201-0350,350,576,192527537,2^192527537-1,STRUCTURAL_SCREEN_EXHAUSTED_PRIMALITY_UNASSIGNED,FIRST_SINGULARITY_SHELL_EXHAUSTED_PRIMALITY_UNASSIGNED,513,9595,9595,NO_RECORDED_FACTOR_PRP_OR_LL_RESULT_AND_NO_ACTIVE_GIMPS_ASSIGNMENT,2026-08-07T16:23:51+00:00,UNALLOCATED,,,,,
SLCMP201-0351,351,577,192527617,2^192527617-1,STRUCTURAL_SCREEN_EXHAUSTED_PRIMALITY_UNASSIGNED,FIRST_SINGULARITY_SHELL_EXHAUSTED_PRIMALITY_UNASSIGNED,513,9595,9595,NO_RECORDED_FACTOR_PRP_OR_LL_RESULT_AND_NO_ACTIVE_GIMPS_ASSIGNMENT,2026-08-07T16:23:51+00:00,UNALLOCATED,,,,,
SLCMP201-0352,352,578,192527707,2^192527707-1,STRUCTURAL_SCREEN_EXHAUSTED_PRIMALITY_UNASSIGNED,FIRST_SINGULARITY_SHELL_EXHAUSTED_PRIMALITY_UNASSIGNED,514,9595,9595,NO_RECORDED_FACTOR_PRP_OR_LL_RESULT_AND_NO_ACTIVE_GIMPS_ASSIGNMENT,2026-08-07T16:23:51+00:00,UNALLOCATED,,,,,
SLCMP201-0353,353,579,192527807,2^192527807-1,STRUCTURAL_SCREEN_EXHAUSTED_PRIMALITY_UNASSIGNED,FIRST_SINGULARITY_SHELL_EXHAUSTED_PRIMALITY_UNASSIGNED,514,9595,9595,NO_RECORDED_FACTOR_PRP_OR_LL_RESULT_AND_NO_ACTIVE_GIMPS_ASSIGNMENT,2026-08-07T16:23:51+00:00,UNALLOCATED,,,,,
SLCMP201-0354,354,580,192527947,2^192527947-1,STRUCTURAL_SCREEN_EXHAUSTED_PRIMALITY_UNASSIGNED,FIRST_SINGULARITY_SHELL_EXHAUSTED_PRIMALITY_UNASSIGNED,514,9595,9595,NO_RECORDED_FACTOR_PRP_OR_LL_RESULT_AND_NO_ACTIVE_GIMPS_ASSIGNMENT,2026-08-07T16:23:51+00:00,UNALLOCATED,,,,,
SLCMP201-0355,355,586,192528109,2^192528109-1,STRUCTURAL_SCREEN_EXHAUSTED_PRIMALITY_UNASSIGNED,FIRST_SINGULARITY_SHELL_EXHAUSTED_PRIMALITY_UNASSIGNED,513,9595,9595,NO_RECORDED_FACTOR_PRP_OR_LL_RESULT_AND_NO_ACTIVE_GIMPS_ASSIGNMENT,2026-08-07T16:23:51+00:00,UNALLOCATED,,,,,
SLCMP201-0356,356,587,192528253,2^192528253-1,STRUCTURAL_SCREEN_EXHAUSTED_PRIMALITY_UNASSIGNED,FIRST_SINGULARITY_SHELL_EXHAUSTED_PRIMALITY_UNASSIGNED,513,9595,9595,NO_RECORDED_FACTOR_PRP_OR_LL_RESULT_AND_NO_ACTIVE_GIMPS_ASSIGNMENT,2026-08-07T16:23:51+00:00,UNALLOCATED,,,,,
SLCMP201-0357,357,588,192528289,2^192528289-1,STRUCTURAL_SCREEN_EXHAUSTED_PRIMALITY_UNASSIGNED,FIRST_SINGULARITY_SHELL_EXHAUSTED_PRIMALITY_UNASSIGNED,513,9595,9595,NO_RECORDED_FACTOR_PRP_OR_LL_RESULT_AND_NO_ACTIVE_GIMPS_ASSIGNMENT,2026-08-07T16:23:51+00:00,UNALLOCATED,,,,,
SLCMP201-0358,358,589,192528337,2^192528337-1,STRUCTURAL_SCREEN_EXHAUSTED_PRIMALITY_UNASSIGNED,FIRST_SINGULARITY_SHELL_EXHAUSTED_PRIMALITY_UNASSIGNED,513,9595,9595,NO_RECORDED_FACTOR_PRP_OR_LL_RESULT_AND_NO_ACTIVE_GIMPS_ASSIGNMENT,2026-08-07T16:23:51+00:00,UNALLOCATED,,,,,
SLCMP201-0359,359,590,192528341,2^192528341-1,STRUCTURAL_SCREEN_EXHAUSTED_PRIMALITY_UNASSIGNED,FIRST_SINGULARITY_SHELL_EXHAUSTED_PRIMALITY_UNASSIGNED,513,9595,9595,NO_RECORDED_FACTOR_PRP_OR_LL_RESULT_AND_NO_ACTIVE_GIMPS_ASSIGNMENT,2026-08-07T16:23:51+00:00,UNALLOCATED,,,,,
SLCMP201-0360,360,592,192528431,2^192528431-1,STRUCTURAL_SCREEN_EXHAUSTED_PRIMALITY_UNASSIGNED,FIRST_SINGULARITY_SHELL_EXHAUSTED_PRIMALITY_UNASSIGNED,514,9595,9595,NO_RECORDED_FACTOR_PRP_OR_LL_RESULT_AND_NO_ACTIVE_GIMPS_ASSIGNMENT,2026-08-07T16:23:51+00:00,UNALLOCATED,,,,,
SLCMP201-0361,361,593,192528503,2^192528503-1,STRUCTURAL_SCREEN_EXHAUSTED_PRIMALITY_UNASSIGNED,FIRST_SINGULARITY_SHELL_EXHAUSTED_PRIMALITY_UNASSIGNED,514,9595,9595,NO_RECORDED_FACTOR_PRP_OR_LL_RESULT_AND_NO_ACTIVE_GIMPS_ASSIGNMENT,2026-08-07T16:23:51+00:00,UNALLOCATED,,,,,
SLCMP201-0362,362,600,192528737,2^192528737-1,STRUCTURAL_SCREEN_EXHAUSTED_PRIMALITY_UNASSIGNED,FIRST_SINGULARITY_SHELL_EXHAUSTED_PRIMALITY_UNASSIGNED,513,9595,9595,NO_RECORDED_FACTOR_PRP_OR_LL_RESULT_AND_NO_ACTIVE_GIMPS_ASSIGNMENT,2026-08-07T16:23:51+00:00,UNALLOCATED,,,,,
SLCMP201-0363,363,601,192528811,2^192528811-1,STRUCTURAL_SCREEN_EXHAUSTED_PRIMALITY_UNASSIGNED,FIRST_SINGULARITY_SHELL_EXHAUSTED_PRIMALITY_UNASSIGNED,514,9595,9595,NO_RECORDED_FACTOR_PRP_OR_LL_RESULT_AND_NO_ACTIVE_GIMPS_ASSIGNMENT,2026-08-07T16:23:51+00:00,UNALLOCATED,,,,,
SLCMP201-0364,364,602,192528823,2^192528823-1,STRUCTURAL_SCREEN_EXHAUSTED_PRIMALITY_UNASSIGNED,FIRST_SINGULARITY_SHELL_EXHAUSTED_PRIMALITY_UNASSIGNED,514,9595,9595,NO_RECORDED_FACTOR_PRP_OR_LL_RESULT_AND_NO_ACTIVE_GIMPS_ASSIGNMENT,2026-08-07T16:23:51+00:00,UNALLOCATED,,,,,
SLCMP201-0365,365,603,192528829,2^192528829-1,STRUCTURAL_SCREEN_EXHAUSTED_PRIMALITY_UNASSIGNED,FIRST_SINGULARITY_SHELL_EXHAUSTED_PRIMALITY_UNASSIGNED,513,9595,9595,NO_RECORDED_FACTOR_PRP_OR_LL_RESULT_AND_NO_ACTIVE_GIMPS_ASSIGNMENT,2026-08-07T16:23:51+00:00,UNALLOCATED,,,,,
SLCMP201-0366,366,604,192528953,2^192528953-1,STRUCTURAL_SCREEN_EXHAUSTED_PRIMALITY_UNASSIGNED,FIRST_SINGULARITY_SHELL_EXHAUSTED_PRIMALITY_UNASSIGNED,513,9595,9595,NO_RECORDED_FACTOR_PRP_OR_LL_RESULT_AND_NO_ACTIVE_GIMPS_ASSIGNMENT,2026-08-07T16:23:51+00:00,UNALLOCATED,,,,,
SLCMP201-0367,367,605,192529069,2^192529069-1,STRUCTURAL_SCREEN_EXHAUSTED_PRIMALITY_UNASSIGNED,FIRST_SINGULARITY_SHELL_EXHAUSTED_PRIMALITY_UNASSIGNED,513,9595,9595,NO_RECORDED_FACTOR_PRP_OR_LL_RESULT_AND_NO_ACTIVE_GIMPS_ASSIGNMENT,2026-08-07T16:23:51+00:00,UNALLOCATED,,,,,
SLCMP201-0368,368,607,192529087,2^192529087-1,STRUCTURAL_SCREEN_EXHAUSTED_PRIMALITY_UNASSIGNED,FIRST_SINGULARITY_SHELL_EXHAUSTED_PRIMALITY_UNASSIGNED,514,9595,9595,NO_RECORDED_FACTOR_PRP_OR_LL_RESULT_AND_NO_ACTIVE_GIMPS_ASSIGNMENT,2026-08-07T16:23:51+00:00,UNALLOCATED,,,,,
SLCMP201-0369,369,608,192529277,2^192529277-1,STRUCTURAL_SCREEN_EXHAUSTED_PRIMALITY_UNASSIGNED,FIRST_SINGULARITY_SHELL_EXHAUSTED_PRIMALITY_UNASSIGNED,513,9595,9595,NO_RECORDED_FACTOR_PRP_OR_LL_RESULT_AND_NO_ACTIVE_GIMPS_ASSIGNMENT,2026-08-07T16:23:51+00:00,UNALLOCATED,,,,,
SLCMP201-0370,370,609,192529283,2^192529283-1,STRUCTURAL_SCREEN_EXHAUSTED_PRIMALITY_UNASSIGNED,FIRST_SINGULARITY_SHELL_EXHAUSTED_PRIMALITY_UNASSIGNED,514,9595,9595,NO_RECORDED_FACTOR_PRP_OR_LL_RESULT_AND_NO_ACTIVE_GIMPS_ASSIGNMENT,2026-08-07T16:23:51+00:00,UNALLOCATED,,,,,
SLCMP201-0371,371,611,192529327,2^192529327-1,STRUCTURAL_SCREEN_EXHAUSTED_PRIMALITY_UNASSIGNED,FIRST_SINGULARITY_SHELL_EXHAUSTED_PRIMALITY_UNASSIGNED,514,9595,9595,NO_RECORDED_FACTOR_PRP_OR_LL_RESULT_AND_NO_ACTIVE_GIMPS_ASSIGNMENT,2026-08-07T16:23:51+00:00,UNALLOCATED,,,,,
SLCMP201-0372,372,612,192529409,2^192529409-1,STRUCTURAL_SCREEN_EXHAUSTED_PRIMALITY_UNASSIGNED,FIRST_SINGULARITY_SHELL_EXHAUSTED_PRIMALITY_UNASSIGNED,513,9595,9595,NO_RECORDED_FACTOR_PRP_OR_LL_RESULT_AND_NO_ACTIVE_GIMPS_ASSIGNMENT,2026-08-07T16:23:51+00:00,UNALLOCATED,,,,,
SLCMP201-0373,373,617,192529787,2^192529787-1,STRUCTURAL_SCREEN_EXHAUSTED_PRIMALITY_UNASSIGNED,FIRST_SINGULARITY_SHELL_EXHAUSTED_PRIMALITY_UNASSIGNED,514,9595,9595,NO_RECORDED_FACTOR_PRP_OR_LL_RESULT_AND_NO_ACTIVE_GIMPS_ASSIGNMENT,2026-08-07T16:23:51+00:00,UNALLOCATED,,,,,
SLCMP201-0374,374,618,192529859,2^192529859-1,STRUCTURAL_SCREEN_EXHAUSTED_PRIMALITY_UNASSIGNED,FIRST_SINGULARITY_SHELL_EXHAUSTED_PRIMALITY_UNASSIGNED,514,9595,9595,NO_RECORDED_FACTOR_PRP_OR_LL_RESULT_AND_NO_ACTIVE_GIMPS_ASSIGNMENT,2026-08-07T16:23:51+00:00,UNALLOCATED,,,,,
SLCMP201-0375,375,627,192530279,2^192530279-1,STRUCTURAL_SCREEN_EXHAUSTED_PRIMALITY_UNASSIGNED,FIRST_SINGULARITY_SHELL_EXHAUSTED_PRIMALITY_UNASSIGNED,514,9595,9595,NO_RECORDED_FACTOR_PRP_OR_LL_RESULT_AND_NO_ACTIVE_GIMPS_ASSIGNMENT,2026-08-07T16:23:51+00:00,UNALLOCATED,,,,,
SLCMP201-0376,376,628,192530339,2^192530339-1,STRUCTURAL_SCREEN_EXHAUSTED_PRIMALITY_UNASSIGNED,FIRST_SINGULARITY_SHELL_EXHAUSTED_PRIMALITY_UNASSIGNED,514,9595,9595,NO_RECORDED_FACTOR_PRP_OR_LL_RESULT_AND_NO_ACTIVE_GIMPS_ASSIGNMENT,2026-08-07T16:23:51+00:00,UNALLOCATED,,,,,
SLCMP201-0377,377,630,192530501,2^192530501-1,STRUCTURAL_SCREEN_EXHAUSTED_PRIMALITY_UNASSIGNED,FIRST_SINGULARITY_SHELL_EXHAUSTED_PRIMALITY_UNASSIGNED,513,9595,9595,NO_RECORDED_FACTOR_PRP_OR_LL_RESULT_AND_NO_ACTIVE_GIMPS_ASSIGNMENT,2026-08-07T16:23:51+00:00,UNALLOCATED,,,,,
SLCMP201-0378,378,635,192530783,2^192530783-1,STRUCTURAL_SCREEN_EXHAUSTED_PRIMALITY_UNASSIGNED,FIRST_SINGULARITY_SHELL_EXHAUSTED_PRIMALITY_UNASSIGNED,514,9595,9595,NO_RECORDED_FACTOR_PRP_OR_LL_RESULT_AND_NO_ACTIVE_GIMPS_ASSIGNMENT,2026-08-07T16:23:51+00:00,UNALLOCATED,,,,,
SLCMP201-0379,379,639,192530981,2^192530981-1,STRUCTURAL_SCREEN_EXHAUSTED_PRIMALITY_UNASSIGNED,FIRST_SINGULARITY_SHELL_EXHAUSTED_PRIMALITY_UNASSIGNED,513,9595,9595,NO_RECORDED_FACTOR_PRP_OR_LL_RESULT_AND_NO_ACTIVE_GIMPS_ASSIGNMENT,2026-08-07T16:23:51+00:00,UNALLOCATED,,,,,
SLCMP201-0380,380,640,192531007,2^192531007-1,STRUCTURAL_SCREEN_EXHAUSTED_PRIMALITY_UNASSIGNED,FIRST_SINGULARITY_SHELL_EXHAUSTED_PRIMALITY_UNASSIGNED,514,9595,9595,NO_RECORDED_FACTOR_PRP_OR_LL_RESULT_AND_NO_ACTIVE_GIMPS_ASSIGNMENT,2026-08-07T16:23:51+00:00,UNALLOCATED,,,,,
SLCMP201-0381,381,641,192531013,2^192531013-1,STRUCTURAL_SCREEN_EXHAUSTED_PRIMALITY_UNASSIGNED,FIRST_SINGULARITY_SHELL_EXHAUSTED_PRIMALITY_UNASSIGNED,513,9595,9595,NO_RECORDED_FACTOR_PRP_OR_LL_RESULT_AND_NO_ACTIVE_GIMPS_ASSIGNMENT,2026-08-07T16:23:51+00:00,UNALLOCATED,,,,,
SLCMP201-0382,382,642,192531023,2^192531023-1,STRUCTURAL_SCREEN_EXHAUSTED_PRIMALITY_UNASSIGNED,FIRST_SINGULARITY_SHELL_EXHAUSTED_PRIMALITY_UNASSIGNED,514,9595,9595,NO_RECORDED_FACTOR_PRP_OR_LL_RESULT_AND_NO_ACTIVE_GIMPS_ASSIGNMENT,2026-08-07T16:23:51+00:00,UNALLOCATED,,,,,
SLCMP201-0383,383,643,192531061,2^192531061-1,STRUCTURAL_SCREEN_EXHAUSTED_PRIMALITY_UNASSIGNED,FIRST_SINGULARITY_SHELL_EXHAUSTED_PRIMALITY_UNASSIGNED,513,9595,9595,NO_RECORDED_FACTOR_PRP_OR_LL_RESULT_AND_NO_ACTIVE_GIMPS_ASSIGNMENT,2026-08-07T16:23:51+00:00,UNALLOCATED,,,,,
SLCMP201-0384,384,649,192531583,2^192531583-1,STRUCTURAL_SCREEN_EXHAUSTED_PRIMALITY_UNASSIGNED,FIRST_SINGULARITY_SHELL_EXHAUSTED_PRIMALITY_UNASSIGNED,514,9595,9595,NO_RECORDED_FACTOR_PRP_OR_LL_RESULT_AND_NO_ACTIVE_GIMPS_ASSIGNMENT,2026-08-07T16:23:51+00:00,UNALLOCATED,,,,,
SLCMP201-0385,385,656,192532003,2^192532003-1,STRUCTURAL_SCREEN_EXHAUSTED_PRIMALITY_UNASSIGNED,FIRST_SINGULARITY_SHELL_EXHAUSTED_PRIMALITY_UNASSIGNED,514,9595,9595,NO_RECORDED_FACTOR_PRP_OR_LL_RESULT_AND_NO_ACTIVE_GIMPS_ASSIGNMENT,2026-08-07T16:23:51+00:00,UNALLOCATED,,,,,
SLCMP201-0386,386,657,192532007,2^192532007-1,STRUCTURAL_SCREEN_EXHAUSTED_PRIMALITY_UNASSIGNED,FIRST_SINGULARITY_SHELL_EXHAUSTED_PRIMALITY_UNASSIGNED,514,9595,9595,NO_RECORDED_FACTOR_PRP_OR_LL_RESULT_AND_NO_ACTIVE_GIMPS_ASSIGNMENT,2026-08-07T16:23:51+00:00,UNALLOCATED,,,,,
SLCMP201-0387,387,658,192532031,2^192532031-1,STRUCTURAL_SCREEN_EXHAUSTED_PRIMALITY_UNASSIGNED,FIRST_SINGULARITY_SHELL_EXHAUSTED_PRIMALITY_UNASSIGNED,514,9595,9595,NO_RECORDED_FACTOR_PRP_OR_LL_RESULT_AND_NO_ACTIVE_GIMPS_ASSIGNMENT,2026-08-07T16:23:51+00:00,UNALLOCATED,,,,,
SLCMP201-0388,388,659,192532117,2^192532117-1,STRUCTURAL_SCREEN_EXHAUSTED_PRIMALITY_UNASSIGNED,FIRST_SINGULARITY_SHELL_EXHAUSTED_PRIMALITY_UNASSIGNED,513,9595,9595,NO_RECORDED_FACTOR_PRP_OR_LL_RESULT_AND_NO_ACTIVE_GIMPS_ASSIGNMENT,2026-08-07T16:23:51+00:00,UNALLOCATED,,,,,
SLCMP201-0389,389,660,192532133,2^192532133-1,STRUCTURAL_SCREEN_EXHAUSTED_PRIMALITY_UNASSIGNED,FIRST_SINGULARITY_SHELL_EXHAUSTED_PRIMALITY_UNASSIGNED,513,9595,9595,NO_RECORDED_FACTOR_PRP_OR_LL_RESULT_AND_NO_ACTIVE_GIMPS_ASSIGNMENT,2026-08-07T16:23:51+00:00,UNALLOCATED,,,,,
SLCMP201-0390,390,663,192532231,2^192532231-1,STRUCTURAL_SCREEN_EXHAUSTED_PRIMALITY_UNASSIGNED,FIRST_SINGULARITY_SHELL_EXHAUSTED_PRIMALITY_UNASSIGNED,514,9595,9595,NO_RECORDED_FACTOR_PRP_OR_LL_RESULT_AND_NO_ACTIVE_GIMPS_ASSIGNMENT,2026-08-07T16:23:51+00:00,UNALLOCATED,,,,,
SLCMP201-0391,391,664,192532253,2^192532253-1,STRUCTURAL_SCREEN_EXHAUSTED_PRIMALITY_UNASSIGNED,FIRST_SINGULARITY_SHELL_EXHAUSTED_PRIMALITY_UNASSIGNED,513,9595,9595,NO_RECORDED_FACTOR_PRP_OR_LL_RESULT_AND_NO_ACTIVE_GIMPS_ASSIGNMENT,2026-08-07T16:23:51+00:00,UNALLOCATED,,,,,
SLCMP201-0392,392,665,192532261,2^192532261-1,STRUCTURAL_SCREEN_EXHAUSTED_PRIMALITY_UNASSIGNED,FIRST_SINGULARITY_SHELL_EXHAUSTED_PRIMALITY_UNASSIGNED,513,9595,9595,NO_RECORDED_FACTOR_PRP_OR_LL_RESULT_AND_NO_ACTIVE_GIMPS_ASSIGNMENT,2026-08-07T16:23:51+00:00,UNALLOCATED,,,,,
SLCMP201-0393,393,666,192532369,2^192532369-1,STRUCTURAL_SCREEN_EXHAUSTED_PRIMALITY_UNASSIGNED,FIRST_SINGULARITY_SHELL_EXHAUSTED_PRIMALITY_UNASSIGNED,513,9595,9595,NO_RECORDED_FACTOR_PRP_OR_LL_RESULT_AND_NO_ACTIVE_GIMPS_ASSIGNMENT,2026-08-07T16:23:51+00:00,UNALLOCATED,,,,,
SLCMP201-0394,394,673,192532771,2^192532771-1,STRUCTURAL_SCREEN_EXHAUSTED_PRIMALITY_UNASSIGNED,FIRST_SINGULARITY_SHELL_EXHAUSTED_PRIMALITY_UNASSIGNED,514,9595,9595,NO_RECORDED_FACTOR_PRP_OR_LL_RESULT_AND_NO_ACTIVE_GIMPS_ASSIGNMENT,2026-08-07T16:23:51+00:00,UNALLOCATED,,,,,
SLCMP201-0395,395,674,192532849,2^192532849-1,STRUCTURAL_SCREEN_EXHAUSTED_PRIMALITY_UNASSIGNED,FIRST_SINGULARITY_SHELL_EXHAUSTED_PRIMALITY_UNASSIGNED,513,9595,9595,NO_RECORDED_FACTOR_PRP_OR_LL_RESULT_AND_NO_ACTIVE_GIMPS_ASSIGNMENT,2026-08-07T16:23:51+00:00,UNALLOCATED,,,,,
SLCMP201-0396,396,675,192532987,2^192532987-1,STRUCTURAL_SCREEN_EXHAUSTED_PRIMALITY_UNASSIGNED,FIRST_SINGULARITY_SHELL_EXHAUSTED_PRIMALITY_UNASSIGNED,514,9595,9595,NO_RECORDED_FACTOR_PRP_OR_LL_RESULT_AND_NO_ACTIVE_GIMPS_ASSIGNMENT,2026-08-07T16:23:51+00:00,UNALLOCATED,,,,,
SLCMP201-0397,397,676,192533021,2^192533021-1,STRUCTURAL_SCREEN_EXHAUSTED_PRIMALITY_UNASSIGNED,FIRST_SINGULARITY_SHELL_EXHAUSTED_PRIMALITY_UNASSIGNED,513,9595,9595,NO_RECORDED_FACTOR_PRP_OR_LL_RESULT_AND_NO_ACTIVE_GIMPS_ASSIGNMENT,2026-08-07T16:23:51+00:00,UNALLOCATED,,,,,
SLCMP201-0398,398,678,192533083,2^192533083-1,STRUCTURAL_SCREEN_EXHAUSTED_PRIMALITY_UNASSIGNED,FIRST_SINGULARITY_SHELL_EXHAUSTED_PRIMALITY_UNASSIGNED,514,9595,9595,NO_RECORDED_FACTOR_PRP_OR_LL_RESULT_AND_NO_ACTIVE_GIMPS_ASSIGNMENT,2026-08-07T16:23:51+00:00,UNALLOCATED,,,,,
SLCMP201-0399,399,679,192533123,2^192533123-1,STRUCTURAL_SCREEN_EXHAUSTED_PRIMALITY_UNASSIGNED,FIRST_SINGULARITY_SHELL_EXHAUSTED_PRIMALITY_UNASSIGNED,514,9595,9595,NO_RECORDED_FACTOR_PRP_OR_LL_RESULT_AND_NO_ACTIVE_GIMPS_ASSIGNMENT,2026-08-07T16:23:51+00:00,UNALLOCATED,,,,,
SLCMP201-0400,400,680,192533147,2^192533147-1,STRUCTURAL_SCREEN_EXHAUSTED_PRIMALITY_UNASSIGNED,FIRST_SINGULARITY_SHELL_EXHAUSTED_PRIMALITY_UNASSIGNED,514,9595,9595,NO_RECORDED_FACTOR_PRP_OR_LL_RESULT_AND_NO_ACTIVE_GIMPS_ASSIGNMENT,2026-08-07T16:23:51+00:00,UNALLOCATED,,,,,
SLCMP201-0401,401,682,192533287,2^192533287-1,STRUCTURAL_SCREEN_EXHAUSTED_PRIMALITY_UNASSIGNED,FIRST_SINGULARITY_SHELL_EXHAUSTED_PRIMALITY_UNASSIGNED,514,9595,9595,NO_RECORDED_FACTOR_PRP_OR_LL_RESULT_AND_NO_ACTIVE_GIMPS_ASSIGNMENT,2026-08-07T16:23:51+00:00,UNALLOCATED,,,,,
SLCMP201-0402,402,683,192533387,2^192533387-1,STRUCTURAL_SCREEN_EXHAUSTED_PRIMALITY_UNASSIGNED,FIRST_SINGULARITY_SHELL_EXHAUSTED_PRIMALITY_UNASSIGNED,514,9595,9595,NO_RECORDED_FACTOR_PRP_OR_LL_RESULT_AND_NO_ACTIVE_GIMPS_ASSIGNMENT,2026-08-07T16:23:51+00:00,UNALLOCATED,,,,,
SLCMP201-0403,403,685,192533503,2^192533503-1,STRUCTURAL_SCREEN_EXHAUSTED_PRIMALITY_UNASSIGNED,FIRST_SINGULARITY_SHELL_EXHAUSTED_PRIMALITY_UNASSIGNED,514,9595,9595,NO_RECORDED_FACTOR_PRP_OR_LL_RESULT_AND_NO_ACTIVE_GIMPS_ASSIGNMENT,2026-08-07T16:23:51+00:00,UNALLOCATED,,,,,
SLCMP201-0404,404,686,192533521,2^192533521-1,STRUCTURAL_SCREEN_EXHAUSTED_PRIMALITY_UNASSIGNED,FIRST_SINGULARITY_SHELL_EXHAUSTED_PRIMALITY_UNASSIGNED,513,9595,9595,NO_RECORDED_FACTOR_PRP_OR_LL_RESULT_AND_NO_ACTIVE_GIMPS_ASSIGNMENT,2026-08-07T16:23:51+00:00,UNALLOCATED,,,,,
SLCMP201-0405,405,688,192533609,2^192533609-1,STRUCTURAL_SCREEN_EXHAUSTED_PRIMALITY_UNASSIGNED,FIRST_SINGULARITY_SHELL_EXHAUSTED_PRIMALITY_UNASSIGNED,513,9595,9595,NO_RECORDED_FACTOR_PRP_OR_LL_RESULT_AND_NO_ACTIVE_GIMPS_ASSIGNMENT,2026-08-07T16:23:51+00:00,UNALLOCATED,,,,,
SLCMP201-0406,406,689,192533641,2^192533641-1,STRUCTURAL_SCREEN_EXHAUSTED_PRIMALITY_UNASSIGNED,FIRST_SINGULARITY_SHELL_EXHAUSTED_PRIMALITY_UNASSIGNED,513,9595,9595,NO_RECORDED_FACTOR_PRP_OR_LL_RESULT_AND_NO_ACTIVE_GIMPS_ASSIGNMENT,2026-08-07T16:23:51+00:00,UNALLOCATED,,,,,
SLCMP201-0407,407,690,192533647,2^192533647-1,STRUCTURAL_SCREEN_EXHAUSTED_PRIMALITY_UNASSIGNED,FIRST_SINGULARITY_SHELL_EXHAUSTED_PRIMALITY_UNASSIGNED,514,9595,9595,NO_RECORDED_FACTOR_PRP_OR_LL_RESULT_AND_NO_ACTIVE_GIMPS_ASSIGNMENT,2026-08-07T16:23:51+00:00,UNALLOCATED,,,,,
SLCMP201-0408,408,691,192533657,2^192533657-1,STRUCTURAL_SCREEN_EXHAUSTED_PRIMALITY_UNASSIGNED,FIRST_SINGULARITY_SHELL_EXHAUSTED_PRIMALITY_UNASSIGNED,513,9595,9595,NO_RECORDED_FACTOR_PRP_OR_LL_RESULT_AND_NO_ACTIVE_GIMPS_ASSIGNMENT,2026-08-07T16:23:51+00:00,UNALLOCATED,,,,,
SLCMP201-0409,409,693,192533797,2^192533797-1,STRUCTURAL_SCREEN_EXHAUSTED_PRIMALITY_UNASSIGNED,FIRST_SINGULARITY_SHELL_EXHAUSTED_PRIMALITY_UNASSIGNED,513,9595,9595,NO_RECORDED_FACTOR_PRP_OR_LL_RESULT_AND_NO_ACTIVE_GIMPS_ASSIGNMENT,2026-08-07T16:23:51+00:00,UNALLOCATED,,,,,
SLCMP201-0410,410,695,192533867,2^192533867-1,STRUCTURAL_SCREEN_EXHAUSTED_PRIMALITY_UNASSIGNED,FIRST_SINGULARITY_SHELL_EXHAUSTED_PRIMALITY_UNASSIGNED,514,9595,9595,NO_RECORDED_FACTOR_PRP_OR_LL_RESULT_AND_NO_ACTIVE_GIMPS_ASSIGNMENT,2026-08-07T16:23:51+00:00,UNALLOCATED,,,,,
SLCMP201-0411,411,697,192533927,2^192533927-1,STRUCTURAL_SCREEN_EXHAUSTED_PRIMALITY_UNASSIGNED,FIRST_SINGULARITY_SHELL_EXHAUSTED_PRIMALITY_UNASSIGNED,514,9595,9595,NO_RECORDED_FACTOR_PRP_OR_LL_RESULT_AND_NO_ACTIVE_GIMPS_ASSIGNMENT,2026-08-07T16:23:51+00:00,UNALLOCATED,,,,,
SLCMP201-0412,412,701,192534047,2^192534047-1,STRUCTURAL_SCREEN_EXHAUSTED_PRIMALITY_UNASSIGNED,FIRST_SINGULARITY_SHELL_EXHAUSTED_PRIMALITY_UNASSIGNED,514,9595,9595,NO_RECORDED_FACTOR_PRP_OR_LL_RESULT_AND_NO_ACTIVE_GIMPS_ASSIGNMENT,2026-08-07T16:23:51+00:00,UNALLOCATED,,,,,
SLCMP201-0413,413,702,192534077,2^192534077-1,STRUCTURAL_SCREEN_EXHAUSTED_PRIMALITY_UNASSIGNED,FIRST_SINGULARITY_SHELL_EXHAUSTED_PRIMALITY_UNASSIGNED,513,9595,9595,NO_RECORDED_FACTOR_PRP_OR_LL_RESULT_AND_NO_ACTIVE_GIMPS_ASSIGNMENT,2026-08-07T16:23:51+00:00,UNALLOCATED,,,,,
SLCMP201-0414,414,703,192534079,2^192534079-1,STRUCTURAL_SCREEN_EXHAUSTED_PRIMALITY_UNASSIGNED,FIRST_SINGULARITY_SHELL_EXHAUSTED_PRIMALITY_UNASSIGNED,514,9595,9595,NO_RECORDED_FACTOR_PRP_OR_LL_RESULT_AND_NO_ACTIVE_GIMPS_ASSIGNMENT,2026-08-07T16:23:51+00:00,UNALLOCATED,,,,,
SLCMP201-0415,415,704,192534193,2^192534193-1,STRUCTURAL_SCREEN_EXHAUSTED_PRIMALITY_UNASSIGNED,FIRST_SINGULARITY_SHELL_EXHAUSTED_PRIMALITY_UNASSIGNED,513,9595,9595,NO_RECORDED_FACTOR_PRP_OR_LL_RESULT_AND_NO_ACTIVE_GIMPS_ASSIGNMENT,2026-08-07T16:23:51+00:00,UNALLOCATED,,,,,
SLCMP201-0416,416,707,192534527,2^192534527-1,STRUCTURAL_SCREEN_EXHAUSTED_PRIMALITY_UNASSIGNED,FIRST_SINGULARITY_SHELL_EXHAUSTED_PRIMALITY_UNASSIGNED,514,9595,9595,NO_RECORDED_FACTOR_PRP_OR_LL_RESULT_AND_NO_ACTIVE_GIMPS_ASSIGNMENT,2026-08-07T16:23:51+00:00,UNALLOCATED,,,,,
SLCMP201-0417,417,708,192534547,2^192534547-1,STRUCTURAL_SCREEN_EXHAUSTED_PRIMALITY_UNASSIGNED,FIRST_SINGULARITY_SHELL_EXHAUSTED_PRIMALITY_UNASSIGNED,514,9595,9595,NO_RECORDED_FACTOR_PRP_OR_LL_RESULT_AND_NO_ACTIVE_GIMPS_ASSIGNMENT,2026-08-07T16:23:51+00:00,UNALLOCATED,,,,,
SLCMP201-0418,418,709,192534739,2^192534739-1,STRUCTURAL_SCREEN_EXHAUSTED_PRIMALITY_UNASSIGNED,FIRST_SINGULARITY_SHELL_EXHAUSTED_PRIMALITY_UNASSIGNED,514,9595,9595,NO_RECORDED_FACTOR_PRP_OR_LL_RESULT_AND_NO_ACTIVE_GIMPS_ASSIGNMENT,2026-08-07T16:23:51+00:00,UNALLOCATED,,,,,
SLCMP201-0419,419,714,192534869,2^192534869-1,STRUCTURAL_SCREEN_EXHAUSTED_PRIMALITY_UNASSIGNED,FIRST_SINGULARITY_SHELL_EXHAUSTED_PRIMALITY_UNASSIGNED,513,9595,9595,NO_RECORDED_FACTOR_PRP_OR_LL_RESULT_AND_NO_ACTIVE_GIMPS_ASSIGNMENT,2026-08-07T16:23:51+00:00,UNALLOCATED,,,,,
SLCMP201-0420,420,716,192535099,2^192535099-1,STRUCTURAL_SCREEN_EXHAUSTED_PRIMALITY_UNASSIGNED,FIRST_SINGULARITY_SHELL_EXHAUSTED_PRIMALITY_UNASSIGNED,514,9595,9595,NO_RECORDED_FACTOR_PRP_OR_LL_RESULT_AND_NO_ACTIVE_GIMPS_ASSIGNMENT,2026-08-07T16:23:51+00:00,UNALLOCATED,,,,,
SLCMP201-0421,421,719,192535243,2^192535243-1,STRUCTURAL_SCREEN_EXHAUSTED_PRIMALITY_UNASSIGNED,FIRST_SINGULARITY_SHELL_EXHAUSTED_PRIMALITY_UNASSIGNED,514,9595,9595,NO_RECORDED_FACTOR_PRP_OR_LL_RESULT_AND_NO_ACTIVE_GIMPS_ASSIGNMENT,2026-08-07T16:23:51+00:00,UNALLOCATED,,,,,
SLCMP201-0422,422,720,192535253,2^192535253-1,STRUCTURAL_SCREEN_EXHAUSTED_PRIMALITY_UNASSIGNED,FIRST_SINGULARITY_SHELL_EXHAUSTED_PRIMALITY_UNASSIGNED,513,9595,9595,NO_RECORDED_FACTOR_PRP_OR_LL_RESULT_AND_NO_ACTIVE_GIMPS_ASSIGNMENT,2026-08-07T16:23:51+00:00,UNALLOCATED,,,,,
SLCMP201-0423,423,721,192535261,2^192535261-1,STRUCTURAL_SCREEN_EXHAUSTED_PRIMALITY_UNASSIGNED,FIRST_SINGULARITY_SHELL_EXHAUSTED_PRIMALITY_UNASSIGNED,513,9595,9595,NO_RECORDED_FACTOR_PRP_OR_LL_RESULT_AND_NO_ACTIVE_GIMPS_ASSIGNMENT,2026-08-07T16:23:51+00:00,UNALLOCATED,,,,,
SLCMP201-0424,424,722,192535297,2^192535297-1,STRUCTURAL_SCREEN_EXHAUSTED_PRIMALITY_UNASSIGNED,FIRST_SINGULARITY_SHELL_EXHAUSTED_PRIMALITY_UNASSIGNED,513,9595,9595,NO_RECORDED_FACTOR_PRP_OR_LL_RESULT_AND_NO_ACTIVE_GIMPS_ASSIGNMENT,2026-08-07T16:23:51+00:00,UNALLOCATED,,,,,
SLCMP201-0425,425,724,192535361,2^192535361-1,STRUCTURAL_SCREEN_EXHAUSTED_PRIMALITY_UNASSIGNED,FIRST_SINGULARITY_SHELL_EXHAUSTED_PRIMALITY_UNASSIGNED,513,9595,9595,NO_RECORDED_FACTOR_PRP_OR_LL_RESULT_AND_NO_ACTIVE_GIMPS_ASSIGNMENT,2026-08-07T16:23:51+00:00,UNALLOCATED,,,,,
SLCMP201-0426,426,725,192535373,2^192535373-1,STRUCTURAL_SCREEN_EXHAUSTED_PRIMALITY_UNASSIGNED,FIRST_SINGULARITY_SHELL_EXHAUSTED_PRIMALITY_UNASSIGNED,513,9595,9595,NO_RECORDED_FACTOR_PRP_OR_LL_RESULT_AND_NO_ACTIVE_GIMPS_ASSIGNMENT,2026-08-07T16:23:51+00:00,UNALLOCATED,,,,,
SLCMP201-0427,427,727,192535627,2^192535627-1,STRUCTURAL_SCREEN_EXHAUSTED_PRIMALITY_UNASSIGNED,FIRST_SINGULARITY_SHELL_EXHAUSTED_PRIMALITY_UNASSIGNED,514,9595,9595,NO_RECORDED_FACTOR_PRP_OR_LL_RESULT_AND_NO_ACTIVE_GIMPS_ASSIGNMENT,2026-08-07T16:23:51+00:00,UNALLOCATED,,,,,
SLCMP201-0428,428,728,192535663,2^192535663-1,STRUCTURAL_SCREEN_EXHAUSTED_PRIMALITY_UNASSIGNED,FIRST_SINGULARITY_SHELL_EXHAUSTED_PRIMALITY_UNASSIGNED,514,9595,9595,NO_RECORDED_FACTOR_PRP_OR_LL_RESULT_AND_NO_ACTIVE_GIMPS_ASSIGNMENT,2026-08-07T16:23:51+00:00,UNALLOCATED,,,,,
SLCMP201-0429,429,729,192535853,2^192535853-1,STRUCTURAL_SCREEN_EXHAUSTED_PRIMALITY_UNASSIGNED,FIRST_SINGULARITY_SHELL_EXHAUSTED_PRIMALITY_UNASSIGNED,513,9595,9595,NO_RECORDED_FACTOR_PRP_OR_LL_RESULT_AND_NO_ACTIVE_GIMPS_ASSIGNMENT,2026-08-07T16:23:51+00:00,UNALLOCATED,,,,,
SLCMP201-0430,430,731,192536129,2^192536129-1,STRUCTURAL_SCREEN_EXHAUSTED_PRIMALITY_UNASSIGNED,FIRST_SINGULARITY_SHELL_EXHAUSTED_PRIMALITY_UNASSIGNED,513,9595,9595,NO_RECORDED_FACTOR_PRP_OR_LL_RESULT_AND_NO_ACTIVE_GIMPS_ASSIGNMENT,2026-08-07T16:23:51+00:00,UNALLOCATED,,,,,
SLCMP201-0431,431,732,192536147,2^192536147-1,STRUCTURAL_SCREEN_EXHAUSTED_PRIMALITY_UNASSIGNED,FIRST_SINGULARITY_SHELL_EXHAUSTED_PRIMALITY_UNASSIGNED,514,9595,9595,NO_RECORDED_FACTOR_PRP_OR_LL_RESULT_AND_NO_ACTIVE_GIMPS_ASSIGNMENT,2026-08-07T16:23:51+00:00,UNALLOCATED,,,,,
SLCMP201-0432,432,734,192536219,2^192536219-1,STRUCTURAL_SCREEN_EXHAUSTED_PRIMALITY_UNASSIGNED,FIRST_SINGULARITY_SHELL_EXHAUSTED_PRIMALITY_UNASSIGNED,514,9595,9595,NO_RECORDED_FACTOR_PRP_OR_LL_RESULT_AND_NO_ACTIVE_GIMPS_ASSIGNMENT,2026-08-07T16:23:51+00:00,UNALLOCATED,,,,,
SLCMP201-0433,433,737,192536317,2^192536317-1,STRUCTURAL_SCREEN_EXHAUSTED_PRIMALITY_UNASSIGNED,FIRST_SINGULARITY_SHELL_EXHAUSTED_PRIMALITY_UNASSIGNED,513,9595,9595,NO_RECORDED_FACTOR_PRP_OR_LL_RESULT_AND_NO_ACTIVE_GIMPS_ASSIGNMENT,2026-08-07T16:23:51+00:00,UNALLOCATED,,,,,
SLCMP201-0434,434,738,192536363,2^192536363-1,STRUCTURAL_SCREEN_EXHAUSTED_PRIMALITY_UNASSIGNED,FIRST_SINGULARITY_SHELL_EXHAUSTED_PRIMALITY_UNASSIGNED,514,9595,9595,NO_RECORDED_FACTOR_PRP_OR_LL_RESULT_AND_NO_ACTIVE_GIMPS_ASSIGNMENT,2026-08-07T16:23:51+00:00,UNALLOCATED,,,,,
SLCMP201-0435,435,739,192536507,2^192536507-1,STRUCTURAL_SCREEN_EXHAUSTED_PRIMALITY_UNASSIGNED,FIRST_SINGULARITY_SHELL_EXHAUSTED_PRIMALITY_UNASSIGNED,514,9595,9595,NO_RECORDED_FACTOR_PRP_OR_LL_RESULT_AND_NO_ACTIVE_GIMPS_ASSIGNMENT,2026-08-07T16:23:51+00:00,UNALLOCATED,,,,,
SLCMP201-0436,436,740,192536537,2^192536537-1,STRUCTURAL_SCREEN_EXHAUSTED_PRIMALITY_UNASSIGNED,FIRST_SINGULARITY_SHELL_EXHAUSTED_PRIMALITY_UNASSIGNED,513,9595,9595,NO_RECORDED_FACTOR_PRP_OR_LL_RESULT_AND_NO_ACTIVE_GIMPS_ASSIGNMENT,2026-08-07T16:23:51+00:00,UNALLOCATED,,,,,
SLCMP201-0437,437,741,192536573,2^192536573-1,STRUCTURAL_SCREEN_EXHAUSTED_PRIMALITY_UNASSIGNED,FIRST_SINGULARITY_SHELL_EXHAUSTED_PRIMALITY_UNASSIGNED,513,9595,9595,NO_RECORDED_FACTOR_PRP_OR_LL_RESULT_AND_NO_ACTIVE_GIMPS_ASSIGNMENT,2026-08-07T16:23:51+00:00,UNALLOCATED,,,,,
SLCMP201-0438,438,746,192536809,2^192536809-1,STRUCTURAL_SCREEN_EXHAUSTED_PRIMALITY_UNASSIGNED,FIRST_SINGULARITY_SHELL_EXHAUSTED_PRIMALITY_UNASSIGNED,513,9595,9595,NO_RECORDED_FACTOR_PRP_OR_LL_RESULT_AND_NO_ACTIVE_GIMPS_ASSIGNMENT,2026-08-07T16:23:51+00:00,UNALLOCATED,,,,,
SLCMP201-0439,439,748,192536891,2^192536891-1,STRUCTURAL_SCREEN_EXHAUSTED_PRIMALITY_UNASSIGNED,FIRST_SINGULARITY_SHELL_EXHAUSTED_PRIMALITY_UNASSIGNED,514,9595,9595,NO_RECORDED_FACTOR_PRP_OR_LL_RESULT_AND_NO_ACTIVE_GIMPS_ASSIGNMENT,2026-08-07T16:23:51+00:00,UNALLOCATED,,,,,
SLCMP201-0440,440,750,192537109,2^192537109-1,STRUCTURAL_SCREEN_EXHAUSTED_PRIMALITY_UNASSIGNED,FIRST_SINGULARITY_SHELL_EXHAUSTED_PRIMALITY_UNASSIGNED,513,9595,9595,NO_RECORDED_FACTOR_PRP_OR_LL_RESULT_AND_NO_ACTIVE_GIMPS_ASSIGNMENT,2026-08-07T16:23:51+00:00,UNALLOCATED,,,,,
SLCMP201-0441,441,751,192537157,2^192537157-1,STRUCTURAL_SCREEN_EXHAUSTED_PRIMALITY_UNASSIGNED,FIRST_SINGULARITY_SHELL_EXHAUSTED_PRIMALITY_UNASSIGNED,513,9595,9595,NO_RECORDED_FACTOR_PRP_OR_LL_RESULT_AND_NO_ACTIVE_GIMPS_ASSIGNMENT,2026-08-07T16:23:51+00:00,UNALLOCATED,,,,,
SLCMP201-0442,442,752,192537251,2^192537251-1,STRUCTURAL_SCREEN_EXHAUSTED_PRIMALITY_UNASSIGNED,FIRST_SINGULARITY_SHELL_EXHAUSTED_PRIMALITY_UNASSIGNED,514,9595,9595,NO_RECORDED_FACTOR_PRP_OR_LL_RESULT_AND_NO_ACTIVE_GIMPS_ASSIGNMENT,2026-08-07T16:23:51+00:00,UNALLOCATED,,,,,
SLCMP201-0443,443,753,192537263,2^192537263-1,STRUCTURAL_SCREEN_EXHAUSTED_PRIMALITY_UNASSIGNED,FIRST_SINGULARITY_SHELL_EXHAUSTED_PRIMALITY_UNASSIGNED,514,9595,9595,NO_RECORDED_FACTOR_PRP_OR_LL_RESULT_AND_NO_ACTIVE_GIMPS_ASSIGNMENT,2026-08-07T16:23:51+00:00,UNALLOCATED,,,,,
SLCMP201-0444,444,754,192537277,2^192537277-1,STRUCTURAL_SCREEN_EXHAUSTED_PRIMALITY_UNASSIGNED,FIRST_SINGULARITY_SHELL_EXHAUSTED_PRIMALITY_UNASSIGNED,513,9595,9595,NO_RECORDED_FACTOR_PRP_OR_LL_RESULT_AND_NO_ACTIVE_GIMPS_ASSIGNMENT,2026-08-07T16:23:51+00:00,UNALLOCATED,,,,,
SLCMP201-0445,445,760,192537601,2^192537601-1,STRUCTURAL_SCREEN_EXHAUSTED_PRIMALITY_UNASSIGNED,FIRST_SINGULARITY_SHELL_EXHAUSTED_PRIMALITY_UNASSIGNED,513,9595,9595,NO_RECORDED_FACTOR_PRP_OR_LL_RESULT_AND_NO_ACTIVE_GIMPS_ASSIGNMENT,2026-08-07T16:23:51+00:00,UNALLOCATED,,,,,
SLCMP201-0446,446,762,192537647,2^192537647-1,STRUCTURAL_SCREEN_EXHAUSTED_PRIMALITY_UNASSIGNED,FIRST_SINGULARITY_SHELL_EXHAUSTED_PRIMALITY_UNASSIGNED,514,9595,9595,NO_RECORDED_FACTOR_PRP_OR_LL_RESULT_AND_NO_ACTIVE_GIMPS_ASSIGNMENT,2026-08-07T16:23:51+00:00,UNALLOCATED,,,,,
SLCMP201-0447,447,765,192537731,2^192537731-1,STRUCTURAL_SCREEN_EXHAUSTED_PRIMALITY_UNASSIGNED,FIRST_SINGULARITY_SHELL_EXHAUSTED_PRIMALITY_UNASSIGNED,514,9595,9595,NO_RECORDED_FACTOR_PRP_OR_LL_RESULT_AND_NO_ACTIVE_GIMPS_ASSIGNMENT,2026-08-07T16:23:51+00:00,UNALLOCATED,,,,,
SLCMP201-0448,448,767,192537809,2^192537809-1,STRUCTURAL_SCREEN_EXHAUSTED_PRIMALITY_UNASSIGNED,FIRST_SINGULARITY_SHELL_EXHAUSTED_PRIMALITY_UNASSIGNED,513,9595,9595,NO_RECORDED_FACTOR_PRP_OR_LL_RESULT_AND_NO_ACTIVE_GIMPS_ASSIGNMENT,2026-08-07T16:23:51+00:00,UNALLOCATED,,,,,
SLCMP201-0449,449,768,192537911,2^192537911-1,STRUCTURAL_SCREEN_EXHAUSTED_PRIMALITY_UNASSIGNED,FIRST_SINGULARITY_SHELL_EXHAUSTED_PRIMALITY_UNASSIGNED,514,9595,9595,NO_RECORDED_FACTOR_PRP_OR_LL_RESULT_AND_NO_ACTIVE_GIMPS_ASSIGNMENT,2026-08-07T16:23:51+00:00,UNALLOCATED,,,,,
SLCMP201-0450,450,769,192537913,2^192537913-1,STRUCTURAL_SCREEN_EXHAUSTED_PRIMALITY_UNASSIGNED,FIRST_SINGULARITY_SHELL_EXHAUSTED_PRIMALITY_UNASSIGNED,513,9595,9595,NO_RECORDED_FACTOR_PRP_OR_LL_RESULT_AND_NO_ACTIVE_GIMPS_ASSIGNMENT,2026-08-07T16:23:51+00:00,UNALLOCATED,,,,,
SLCMP201-0451,451,771,192537959,2^192537959-1,STRUCTURAL_SCREEN_EXHAUSTED_PRIMALITY_UNASSIGNED,FIRST_SINGULARITY_SHELL_EXHAUSTED_PRIMALITY_UNASSIGNED,514,9595,9595,NO_RECORDED_FACTOR_PRP_OR_LL_RESULT_AND_NO_ACTIVE_GIMPS_ASSIGNMENT,2026-08-07T16:23:51+00:00,UNALLOCATED,,,,,
SLCMP201-0452,452,772,192537997,2^192537997-1,STRUCTURAL_SCREEN_EXHAUSTED_PRIMALITY_UNASSIGNED,FIRST_SINGULARITY_SHELL_EXHAUSTED_PRIMALITY_UNASSIGNED,513,9595,9595,NO_RECORDED_FACTOR_PRP_OR_LL_RESULT_AND_NO_ACTIVE_GIMPS_ASSIGNMENT,2026-08-07T16:23:51+00:00,UNALLOCATED,,,,,
SLCMP201-0453,453,773,192538069,2^192538069-1,STRUCTURAL_SCREEN_EXHAUSTED_PRIMALITY_UNASSIGNED,FIRST_SINGULARITY_SHELL_EXHAUSTED_PRIMALITY_UNASSIGNED,513,9595,9595,NO_RECORDED_FACTOR_PRP_OR_LL_RESULT_AND_NO_ACTIVE_GIMPS_ASSIGNMENT,2026-08-07T16:23:51+00:00,UNALLOCATED,,,,,
SLCMP201-0454,454,774,192538103,2^192538103-1,STRUCTURAL_SCREEN_EXHAUSTED_PRIMALITY_UNASSIGNED,FIRST_SINGULARITY_SHELL_EXHAUSTED_PRIMALITY_UNASSIGNED,514,9595,9595,NO_RECORDED_FACTOR_PRP_OR_LL_RESULT_AND_NO_ACTIVE_GIMPS_ASSIGNMENT,2026-08-07T16:23:51+00:00,UNALLOCATED,,,,,
SLCMP201-0455,455,778,192538259,2^192538259-1,STRUCTURAL_SCREEN_EXHAUSTED_PRIMALITY_UNASSIGNED,FIRST_SINGULARITY_SHELL_EXHAUSTED_PRIMALITY_UNASSIGNED,514,9595,9595,NO_RECORDED_FACTOR_PRP_OR_LL_RESULT_AND_NO_ACTIVE_GIMPS_ASSIGNMENT,2026-08-07T16:23:51+00:00,UNALLOCATED,,,,,
SLCMP201-0456,456,779,192538349,2^192538349-1,STRUCTURAL_SCREEN_EXHAUSTED_PRIMALITY_UNASSIGNED,FIRST_SINGULARITY_SHELL_EXHAUSTED_PRIMALITY_UNASSIGNED,513,9595,9595,NO_RECORDED_FACTOR_PRP_OR_LL_RESULT_AND_NO_ACTIVE_GIMPS_ASSIGNMENT,2026-08-07T16:23:51+00:00,UNALLOCATED,,,,,
SLCMP201-0457,457,780,192538459,2^192538459-1,STRUCTURAL_SCREEN_EXHAUSTED_PRIMALITY_UNASSIGNED,FIRST_SINGULARITY_SHELL_EXHAUSTED_PRIMALITY_UNASSIGNED,514,9595,9595,NO_RECORDED_FACTOR_PRP_OR_LL_RESULT_AND_NO_ACTIVE_GIMPS_ASSIGNMENT,2026-08-07T16:23:51+00:00,UNALLOCATED,,,,,
SLCMP201-0458,458,781,192538471,2^192538471-1,STRUCTURAL_SCREEN_EXHAUSTED_PRIMALITY_UNASSIGNED,FIRST_SINGULARITY_SHELL_EXHAUSTED_PRIMALITY_UNASSIGNED,514,9595,9595,NO_RECORDED_FACTOR_PRP_OR_LL_RESULT_AND_NO_ACTIVE_GIMPS_ASSIGNMENT,2026-08-07T16:23:51+00:00,UNALLOCATED,,,,,
SLCMP201-0459,459,782,192538487,2^192538487-1,STRUCTURAL_SCREEN_EXHAUSTED_PRIMALITY_UNASSIGNED,FIRST_SINGULARITY_SHELL_EXHAUSTED_PRIMALITY_UNASSIGNED,514,9595,9595,NO_RECORDED_FACTOR_PRP_OR_LL_RESULT_AND_NO_ACTIVE_GIMPS_ASSIGNMENT,2026-08-07T16:23:51+00:00,UNALLOCATED,,,,,
SLCMP201-0460,460,785,192538657,2^192538657-1,STRUCTURAL_SCREEN_EXHAUSTED_PRIMALITY_UNASSIGNED,FIRST_SINGULARITY_SHELL_EXHAUSTED_PRIMALITY_UNASSIGNED,513,9595,9595,NO_RECORDED_FACTOR_PRP_OR_LL_RESULT_AND_NO_ACTIVE_GIMPS_ASSIGNMENT,2026-08-07T16:23:51+00:00,UNALLOCATED,,,,,
SLCMP201-0461,461,786,192538693,2^192538693-1,STRUCTURAL_SCREEN_EXHAUSTED_PRIMALITY_UNASSIGNED,FIRST_SINGULARITY_SHELL_EXHAUSTED_PRIMALITY_UNASSIGNED,513,9595,9595,NO_RECORDED_FACTOR_PRP_OR_LL_RESULT_AND_NO_ACTIVE_GIMPS_ASSIGNMENT,2026-08-07T16:23:51+00:00,UNALLOCATED,,,,,
SLCMP201-0462,462,787,192538733,2^192538733-1,STRUCTURAL_SCREEN_EXHAUSTED_PRIMALITY_UNASSIGNED,FIRST_SINGULARITY_SHELL_EXHAUSTED_PRIMALITY_UNASSIGNED,513,9595,9595,NO_RECORDED_FACTOR_PRP_OR_LL_RESULT_AND_NO_ACTIVE_GIMPS_ASSIGNMENT,2026-08-07T16:23:51+00:00,UNALLOCATED,,,,,
SLCMP201-0463,463,788,192538783,2^192538783-1,STRUCTURAL_SCREEN_EXHAUSTED_PRIMALITY_UNASSIGNED,FIRST_SINGULARITY_SHELL_EXHAUSTED_PRIMALITY_UNASSIGNED,514,9595,9595,NO_RECORDED_FACTOR_PRP_OR_LL_RESULT_AND_NO_ACTIVE_GIMPS_ASSIGNMENT,2026-08-07T16:23:51+00:00,UNALLOCATED,,,,,
SLCMP201-0464,464,789,192538807,2^192538807-1,STRUCTURAL_SCREEN_EXHAUSTED_PRIMALITY_UNASSIGNED,FIRST_SINGULARITY_SHELL_EXHAUSTED_PRIMALITY_UNASSIGNED,514,9595,9595,NO_RECORDED_FACTOR_PRP_OR_LL_RESULT_AND_NO_ACTIVE_GIMPS_ASSIGNMENT,2026-08-07T16:23:51+00:00,UNALLOCATED,,,,,
SLCMP201-0465,465,790,192538823,2^192538823-1,STRUCTURAL_SCREEN_EXHAUSTED_PRIMALITY_UNASSIGNED,FIRST_SINGULARITY_SHELL_EXHAUSTED_PRIMALITY_UNASSIGNED,514,9595,9595,NO_RECORDED_FACTOR_PRP_OR_LL_RESULT_AND_NO_ACTIVE_GIMPS_ASSIGNMENT,2026-08-07T16:23:51+00:00,UNALLOCATED,,,,,
SLCMP201-0466,466,791,192538979,2^192538979-1,STRUCTURAL_SCREEN_EXHAUSTED_PRIMALITY_UNASSIGNED,FIRST_SINGULARITY_SHELL_EXHAUSTED_PRIMALITY_UNASSIGNED,514,9595,9595,NO_RECORDED_FACTOR_PRP_OR_LL_RESULT_AND_NO_ACTIVE_GIMPS_ASSIGNMENT,2026-08-07T16:23:51+00:00,UNALLOCATED,,,,,
SLCMP201-0467,467,793,192539021,2^192539021-1,STRUCTURAL_SCREEN_EXHAUSTED_PRIMALITY_UNASSIGNED,FIRST_SINGULARITY_SHELL_EXHAUSTED_PRIMALITY_UNASSIGNED,513,9595,9595,NO_RECORDED_FACTOR_PRP_OR_LL_RESULT_AND_NO_ACTIVE_GIMPS_ASSIGNMENT,2026-08-07T16:23:51+00:00,UNALLOCATED,,,,,
SLCMP201-0468,468,798,192539311,2^192539311-1,STRUCTURAL_SCREEN_EXHAUSTED_PRIMALITY_UNASSIGNED,FIRST_SINGULARITY_SHELL_EXHAUSTED_PRIMALITY_UNASSIGNED,514,9595,9595,NO_RECORDED_FACTOR_PRP_OR_LL_RESULT_AND_NO_ACTIVE_GIMPS_ASSIGNMENT,2026-08-07T16:23:51+00:00,UNALLOCATED,,,,,
SLCMP201-0469,469,800,192539351,2^192539351-1,STRUCTURAL_SCREEN_EXHAUSTED_PRIMALITY_UNASSIGNED,FIRST_SINGULARITY_SHELL_EXHAUSTED_PRIMALITY_UNASSIGNED,514,9595,9595,NO_RECORDED_FACTOR_PRP_OR_LL_RESULT_AND_NO_ACTIVE_GIMPS_ASSIGNMENT,2026-08-07T16:23:51+00:00,UNALLOCATED,,,,,
SLCMP201-0470,470,803,192539533,2^192539533-1,STRUCTURAL_SCREEN_EXHAUSTED_PRIMALITY_UNASSIGNED,FIRST_SINGULARITY_SHELL_EXHAUSTED_PRIMALITY_UNASSIGNED,513,9595,9595,NO_RECORDED_FACTOR_PRP_OR_LL_RESULT_AND_NO_ACTIVE_GIMPS_ASSIGNMENT,2026-08-07T16:23:51+00:00,UNALLOCATED,,,,,
SLCMP201-0471,471,805,192539591,2^192539591-1,STRUCTURAL_SCREEN_EXHAUSTED_PRIMALITY_UNASSIGNED,FIRST_SINGULARITY_SHELL_EXHAUSTED_PRIMALITY_UNASSIGNED,514,9595,9595,NO_RECORDED_FACTOR_PRP_OR_LL_RESULT_AND_NO_ACTIVE_GIMPS_ASSIGNMENT,2026-08-07T16:23:51+00:00,UNALLOCATED,,,,,
SLCMP201-0472,472,813,192540323,2^192540323-1,STRUCTURAL_SCREEN_EXHAUSTED_PRIMALITY_UNASSIGNED,FIRST_SINGULARITY_SHELL_EXHAUSTED_PRIMALITY_UNASSIGNED,514,9595,9595,NO_RECORDED_FACTOR_PRP_OR_LL_RESULT_AND_NO_ACTIVE_GIMPS_ASSIGNMENT,2026-08-07T16:23:51+00:00,UNALLOCATED,,,,,
SLCMP201-0473,473,814,192540389,2^192540389-1,STRUCTURAL_SCREEN_EXHAUSTED_PRIMALITY_UNASSIGNED,FIRST_SINGULARITY_SHELL_EXHAUSTED_PRIMALITY_UNASSIGNED,513,9595,9595,NO_RECORDED_FACTOR_PRP_OR_LL_RESULT_AND_NO_ACTIVE_GIMPS_ASSIGNMENT,2026-08-07T16:23:51+00:00,UNALLOCATED,,,,,
SLCMP201-0474,474,817,192540451,2^192540451-1,STRUCTURAL_SCREEN_EXHAUSTED_PRIMALITY_UNASSIGNED,FIRST_SINGULARITY_SHELL_EXHAUSTED_PRIMALITY_UNASSIGNED,514,9595,9595,NO_RECORDED_FACTOR_PRP_OR_LL_RESULT_AND_NO_ACTIVE_GIMPS_ASSIGNMENT,2026-08-07T16:23:51+00:00,UNALLOCATED,,,,,
SLCMP201-0475,475,819,192540499,2^192540499-1,STRUCTURAL_SCREEN_EXHAUSTED_PRIMALITY_UNASSIGNED,FIRST_SINGULARITY_SHELL_EXHAUSTED_PRIMALITY_UNASSIGNED,514,9595,9595,NO_RECORDED_FACTOR_PRP_OR_LL_RESULT_AND_NO_ACTIVE_GIMPS_ASSIGNMENT,2026-08-07T16:23:51+00:00,UNALLOCATED,,,,,
SLCMP201-0476,476,825,192540779,2^192540779-1,STRUCTURAL_SCREEN_EXHAUSTED_PRIMALITY_UNASSIGNED,FIRST_SINGULARITY_SHELL_EXHAUSTED_PRIMALITY_UNASSIGNED,514,9595,9595,NO_RECORDED_FACTOR_PRP_OR_LL_RESULT_AND_NO_ACTIVE_GIMPS_ASSIGNMENT,2026-08-07T16:23:51+00:00,UNALLOCATED,,,,,
SLCMP201-0477,477,827,192540841,2^192540841-1,STRUCTURAL_SCREEN_EXHAUSTED_PRIMALITY_UNASSIGNED,FIRST_SINGULARITY_SHELL_EXHAUSTED_PRIMALITY_UNASSIGNED,513,9595,9595,NO_RECORDED_FACTOR_PRP_OR_LL_RESULT_AND_NO_ACTIVE_GIMPS_ASSIGNMENT,2026-08-07T16:23:51+00:00,UNALLOCATED,,,,,
SLCMP201-0478,478,828,192540863,2^192540863-1,STRUCTURAL_SCREEN_EXHAUSTED_PRIMALITY_UNASSIGNED,FIRST_SINGULARITY_SHELL_EXHAUSTED_PRIMALITY_UNASSIGNED,514,9595,9595,NO_RECORDED_FACTOR_PRP_OR_LL_RESULT_AND_NO_ACTIVE_GIMPS_ASSIGNMENT,2026-08-07T16:23:51+00:00,UNALLOCATED,,,,,
SLCMP201-0479,479,829,192540871,2^192540871-1,STRUCTURAL_SCREEN_EXHAUSTED_PRIMALITY_UNASSIGNED,FIRST_SINGULARITY_SHELL_EXHAUSTED_PRIMALITY_UNASSIGNED,514,9595,9595,NO_RECORDED_FACTOR_PRP_OR_LL_RESULT_AND_NO_ACTIVE_GIMPS_ASSIGNMENT,2026-08-07T16:23:51+00:00,UNALLOCATED,,,,,
SLCMP201-0480,480,831,192540941,2^192540941-1,STRUCTURAL_SCREEN_EXHAUSTED_PRIMALITY_UNASSIGNED,FIRST_SINGULARITY_SHELL_EXHAUSTED_PRIMALITY_UNASSIGNED,513,9595,9595,NO_RECORDED_FACTOR_PRP_OR_LL_RESULT_AND_NO_ACTIVE_GIMPS_ASSIGNMENT,2026-08-07T16:23:51+00:00,UNALLOCATED,,,,,
SLCMP201-0481,481,832,192541009,2^192541009-1,STRUCTURAL_SCREEN_EXHAUSTED_PRIMALITY_UNASSIGNED,FIRST_SINGULARITY_SHELL_EXHAUSTED_PRIMALITY_UNASSIGNED,513,9595,9595,NO_RECORDED_FACTOR_PRP_OR_LL_RESULT_AND_NO_ACTIVE_GIMPS_ASSIGNMENT,2026-08-07T16:23:51+00:00,UNALLOCATED,,,,,
SLCMP201-0482,482,833,192541123,2^192541123-1,STRUCTURAL_SCREEN_EXHAUSTED_PRIMALITY_UNASSIGNED,FIRST_SINGULARITY_SHELL_EXHAUSTED_PRIMALITY_UNASSIGNED,514,9595,9595,NO_RECORDED_FACTOR_PRP_OR_LL_RESULT_AND_NO_ACTIVE_GIMPS_ASSIGNMENT,2026-08-07T16:23:51+00:00,UNALLOCATED,,,,,
SLCMP201-0483,483,835,192541331,2^192541331-1,STRUCTURAL_SCREEN_EXHAUSTED_PRIMALITY_UNASSIGNED,FIRST_SINGULARITY_SHELL_EXHAUSTED_PRIMALITY_UNASSIGNED,514,9595,9595,NO_RECORDED_FACTOR_PRP_OR_LL_RESULT_AND_NO_ACTIVE_GIMPS_ASSIGNMENT,2026-08-07T16:23:51+00:00,UNALLOCATED,,,,,
SLCMP201-0484,484,836,192541339,2^192541339-1,STRUCTURAL_SCREEN_EXHAUSTED_PRIMALITY_UNASSIGNED,FIRST_SINGULARITY_SHELL_EXHAUSTED_PRIMALITY_UNASSIGNED,514,9595,9595,NO_RECORDED_FACTOR_PRP_OR_LL_RESULT_AND_NO_ACTIVE_GIMPS_ASSIGNMENT,2026-08-07T16:23:51+00:00,UNALLOCATED,,,,,
SLCMP201-0485,485,838,192541373,2^192541373-1,STRUCTURAL_SCREEN_EXHAUSTED_PRIMALITY_UNASSIGNED,FIRST_SINGULARITY_SHELL_EXHAUSTED_PRIMALITY_UNASSIGNED,513,9595,9595,NO_RECORDED_FACTOR_PRP_OR_LL_RESULT_AND_NO_ACTIVE_GIMPS_ASSIGNMENT,2026-08-07T16:23:51+00:00,UNALLOCATED,,,,,
SLCMP201-0486,486,839,192541513,2^192541513-1,STRUCTURAL_SCREEN_EXHAUSTED_PRIMALITY_UNASSIGNED,FIRST_SINGULARITY_SHELL_EXHAUSTED_PRIMALITY_UNASSIGNED,513,9595,9595,NO_RECORDED_FACTOR_PRP_OR_LL_RESULT_AND_NO_ACTIVE_GIMPS_ASSIGNMENT,2026-08-07T16:23:51+00:00,UNALLOCATED,,,,,
SLCMP201-0487,487,845,192541757,2^192541757-1,STRUCTURAL_SCREEN_EXHAUSTED_PRIMALITY_UNASSIGNED,FIRST_SINGULARITY_SHELL_EXHAUSTED_PRIMALITY_UNASSIGNED,513,9595,9595,NO_RECORDED_FACTOR_PRP_OR_LL_RESULT_AND_NO_ACTIVE_GIMPS_ASSIGNMENT,2026-08-07T16:23:51+00:00,UNALLOCATED,,,,,
SLCMP201-0488,488,846,192541819,2^192541819-1,STRUCTURAL_SCREEN_EXHAUSTED_PRIMALITY_UNASSIGNED,FIRST_SINGULARITY_SHELL_EXHAUSTED_PRIMALITY_UNASSIGNED,514,9595,9595,NO_RECORDED_FACTOR_PRP_OR_LL_RESULT_AND_NO_ACTIVE_GIMPS_ASSIGNMENT,2026-08-07T16:23:51+00:00,UNALLOCATED,,,,,
SLCMP201-0489,489,847,192541829,2^192541829-1,STRUCTURAL_SCREEN_EXHAUSTED_PRIMALITY_UNASSIGNED,FIRST_SINGULARITY_SHELL_EXHAUSTED_PRIMALITY_UNASSIGNED,513,9595,9595,NO_RECORDED_FACTOR_PRP_OR_LL_RESULT_AND_NO_ACTIVE_GIMPS_ASSIGNMENT,2026-08-07T16:23:51+00:00,UNALLOCATED,,,,,
SLCMP201-0490,490,851,192541897,2^192541897-1,STRUCTURAL_SCREEN_EXHAUSTED_PRIMALITY_UNASSIGNED,FIRST_SINGULARITY_SHELL_EXHAUSTED_PRIMALITY_UNASSIGNED,513,9595,9595,NO_RECORDED_FACTOR_PRP_OR_LL_RESULT_AND_NO_ACTIVE_GIMPS_ASSIGNMENT,2026-08-07T16:23:51+00:00,UNALLOCATED,,,,,
SLCMP201-0491,491,858,192542237,2^192542237-1,STRUCTURAL_SCREEN_EXHAUSTED_PRIMALITY_UNASSIGNED,FIRST_SINGULARITY_SHELL_EXHAUSTED_PRIMALITY_UNASSIGNED,513,9595,9595,NO_RECORDED_FACTOR_PRP_OR_LL_RESULT_AND_NO_ACTIVE_GIMPS_ASSIGNMENT,2026-08-07T16:23:51+00:00,UNALLOCATED,,,,,
SLCMP201-0492,492,860,192542279,2^192542279-1,STRUCTURAL_SCREEN_EXHAUSTED_PRIMALITY_UNASSIGNED,FIRST_SINGULARITY_SHELL_EXHAUSTED_PRIMALITY_UNASSIGNED,514,9595,9595,NO_RECORDED_FACTOR_PRP_OR_LL_RESULT_AND_NO_ACTIVE_GIMPS_ASSIGNMENT,2026-08-07T16:23:51+00:00,UNALLOCATED,,,,,
SLCMP201-0493,493,864,192542443,2^192542443-1,STRUCTURAL_SCREEN_EXHAUSTED_PRIMALITY_UNASSIGNED,FIRST_SINGULARITY_SHELL_EXHAUSTED_PRIMALITY_UNASSIGNED,514,9595,9595,NO_RECORDED_FACTOR_PRP_OR_LL_RESULT_AND_NO_ACTIVE_GIMPS_ASSIGNMENT,2026-08-07T16:23:51+00:00,UNALLOCATED,,,,,
SLCMP201-0494,494,865,192542491,2^192542491-1,STRUCTURAL_SCREEN_EXHAUSTED_PRIMALITY_UNASSIGNED,FIRST_SINGULARITY_SHELL_EXHAUSTED_PRIMALITY_UNASSIGNED,514,9595,9595,NO_RECORDED_FACTOR_PRP_OR_LL_RESULT_AND_NO_ACTIVE_GIMPS_ASSIGNMENT,2026-08-07T16:23:51+00:00,UNALLOCATED,,,,,
SLCMP201-0495,495,866,192542507,2^192542507-1,STRUCTURAL_SCREEN_EXHAUSTED_PRIMALITY_UNASSIGNED,FIRST_SINGULARITY_SHELL_EXHAUSTED_PRIMALITY_UNASSIGNED,514,9595,9595,NO_RECORDED_FACTOR_PRP_OR_LL_RESULT_AND_NO_ACTIVE_GIMPS_ASSIGNMENT,2026-08-07T16:23:51+00:00,UNALLOCATED,,,,,
SLCMP201-0496,496,870,192542659,2^192542659-1,STRUCTURAL_SCREEN_EXHAUSTED_PRIMALITY_UNASSIGNED,FIRST_SINGULARITY_SHELL_EXHAUSTED_PRIMALITY_UNASSIGNED,514,9595,9595,NO_RECORDED_FACTOR_PRP_OR_LL_RESULT_AND_NO_ACTIVE_GIMPS_ASSIGNMENT,2026-08-07T16:23:51+00:00,UNALLOCATED,,,,,
SLCMP201-0497,497,871,192542681,2^192542681-1,STRUCTURAL_SCREEN_EXHAUSTED_PRIMALITY_UNASSIGNED,FIRST_SINGULARITY_SHELL_EXHAUSTED_PRIMALITY_UNASSIGNED,513,9595,9595,NO_RECORDED_FACTOR_PRP_OR_LL_RESULT_AND_NO_ACTIVE_GIMPS_ASSIGNMENT,2026-08-07T16:23:51+00:00,UNALLOCATED,,,,,
SLCMP201-0498,498,873,192542743,2^192542743-1,STRUCTURAL_SCREEN_EXHAUSTED_PRIMALITY_UNASSIGNED,FIRST_SINGULARITY_SHELL_EXHAUSTED_PRIMALITY_UNASSIGNED,514,9595,9595,NO_RECORDED_FACTOR_PRP_OR_LL_RESULT_AND_NO_ACTIVE_GIMPS_ASSIGNMENT,2026-08-07T16:23:51+00:00,UNALLOCATED,,,,,
SLCMP201-0499,499,874,192542747,2^192542747-1,STRUCTURAL_SCREEN_EXHAUSTED_PRIMALITY_UNASSIGNED,FIRST_SINGULARITY_SHELL_EXHAUSTED_PRIMALITY_UNASSIGNED,514,9595,9595,NO_RECORDED_FACTOR_PRP_OR_LL_RESULT_AND_NO_ACTIVE_GIMPS_ASSIGNMENT,2026-08-07T16:23:51+00:00,UNALLOCATED,,,,,
SLCMP201-0500,500,876,192542837,2^192542837-1,STRUCTURAL_SCREEN_EXHAUSTED_PRIMALITY_UNASSIGNED,FIRST_SINGULARITY_SHELL_EXHAUSTED_PRIMALITY_UNASSIGNED,513,9595,9595,NO_RECORDED_FACTOR_PRP_OR_LL_RESULT_AND_NO_ACTIVE_GIMPS_ASSIGNMENT,2026-08-07T16:23:51+00:00,UNALLOCATED,,,,,
SLCMP201-0501,501,878,192542849,2^192542849-1,STRUCTURAL_SCREEN_EXHAUSTED_PRIMALITY_UNASSIGNED,FIRST_SINGULARITY_SHELL_EXHAUSTED_PRIMALITY_UNASSIGNED,513,9595,9595,NO_RECORDED_FACTOR_PRP_OR_LL_RESULT_AND_NO_ACTIVE_GIMPS_ASSIGNMENT,2026-08-07T16:23:51+00:00,UNALLOCATED,,,,,
SLCMP201-0502,502,881,192542887,2^192542887-1,STRUCTURAL_SCREEN_EXHAUSTED_PRIMALITY_UNASSIGNED,FIRST_SINGULARITY_SHELL_EXHAUSTED_PRIMALITY_UNASSIGNED,514,9595,9595,NO_RECORDED_FACTOR_PRP_OR_LL_RESULT_AND_NO_ACTIVE_GIMPS_ASSIGNMENT,2026-08-07T16:23:51+00:00,UNALLOCATED,,,,,
SLCMP201-0503,503,884,192543191,2^192543191-1,STRUCTURAL_SCREEN_EXHAUSTED_PRIMALITY_UNASSIGNED,FIRST_SINGULARITY_SHELL_EXHAUSTED_PRIMALITY_UNASSIGNED,514,9595,9595,NO_RECORDED_FACTOR_PRP_OR_LL_RESULT_AND_NO_ACTIVE_GIMPS_ASSIGNMENT,2026-08-07T16:23:51+00:00,UNALLOCATED,,,,,
SLCMP201-0504,504,885,192543199,2^192543199-1,STRUCTURAL_SCREEN_EXHAUSTED_PRIMALITY_UNASSIGNED,FIRST_SINGULARITY_SHELL_EXHAUSTED_PRIMALITY_UNASSIGNED,514,9595,9595,NO_RECORDED_FACTOR_PRP_OR_LL_RESULT_AND_NO_ACTIVE_GIMPS_ASSIGNMENT,2026-08-07T16:23:51+00:00,UNALLOCATED,,,,,
SLCMP201-0505,505,886,192543233,2^192543233-1,STRUCTURAL_SCREEN_EXHAUSTED_PRIMALITY_UNASSIGNED,FIRST_SINGULARITY_SHELL_EXHAUSTED_PRIMALITY_UNASSIGNED,513,9595,9595,NO_RECORDED_FACTOR_PRP_OR_LL_RESULT_AND_NO_ACTIVE_GIMPS_ASSIGNMENT,2026-08-07T16:23:51+00:00,UNALLOCATED,,,,,
SLCMP201-0506,506,887,192543251,2^192543251-1,STRUCTURAL_SCREEN_EXHAUSTED_PRIMALITY_UNASSIGNED,FIRST_SINGULARITY_SHELL_EXHAUSTED_PRIMALITY_UNASSIGNED,514,9595,9595,NO_RECORDED_FACTOR_PRP_OR_LL_RESULT_AND_NO_ACTIVE_GIMPS_ASSIGNMENT,2026-08-07T16:23:51+00:00,UNALLOCATED,,,,,
SLCMP201-0507,507,889,192543287,2^192543287-1,STRUCTURAL_SCREEN_EXHAUSTED_PRIMALITY_UNASSIGNED,FIRST_SINGULARITY_SHELL_EXHAUSTED_PRIMALITY_UNASSIGNED,514,9595,9595,NO_RECORDED_FACTOR_PRP_OR_LL_RESULT_AND_NO_ACTIVE_GIMPS_ASSIGNMENT,2026-08-07T16:23:51+00:00,UNALLOCATED,,,,,
SLCMP201-0508,508,890,192543289,2^192543289-1,STRUCTURAL_SCREEN_EXHAUSTED_PRIMALITY_UNASSIGNED,FIRST_SINGULARITY_SHELL_EXHAUSTED_PRIMALITY_UNASSIGNED,513,9595,9595,NO_RECORDED_FACTOR_PRP_OR_LL_RESULT_AND_NO_ACTIVE_GIMPS_ASSIGNMENT,2026-08-07T16:23:51+00:00,UNALLOCATED,,,,,
SLCMP201-0509,509,894,192543517,2^192543517-1,STRUCTURAL_SCREEN_EXHAUSTED_PRIMALITY_UNASSIGNED,FIRST_SINGULARITY_SHELL_EXHAUSTED_PRIMALITY_UNASSIGNED,513,9595,9595,NO_RECORDED_FACTOR_PRP_OR_LL_RESULT_AND_NO_ACTIVE_GIMPS_ASSIGNMENT,2026-08-07T16:23:51+00:00,UNALLOCATED,,,,,
SLCMP201-0510,510,896,192543607,2^192543607-1,STRUCTURAL_SCREEN_EXHAUSTED_PRIMALITY_UNASSIGNED,FIRST_SINGULARITY_SHELL_EXHAUSTED_PRIMALITY_UNASSIGNED,514,9595,9595,NO_RECORDED_FACTOR_PRP_OR_LL_RESULT_AND_NO_ACTIVE_GIMPS_ASSIGNMENT,2026-08-07T16:23:51+00:00,UNALLOCATED,,,,,
SLCMP201-0511,511,897,192543679,2^192543679-1,STRUCTURAL_SCREEN_EXHAUSTED_PRIMALITY_UNASSIGNED,FIRST_SINGULARITY_SHELL_EXHAUSTED_PRIMALITY_UNASSIGNED,514,9595,9595,NO_RECORDED_FACTOR_PRP_OR_LL_RESULT_AND_NO_ACTIVE_GIMPS_ASSIGNMENT,2026-08-07T16:23:51+00:00,UNALLOCATED,,,,,
SLCMP201-0512,512,903,192543947,2^192543947-1,STRUCTURAL_SCREEN_EXHAUSTED_PRIMALITY_UNASSIGNED,FIRST_SINGULARITY_SHELL_EXHAUSTED_PRIMALITY_UNASSIGNED,514,9595,9595,NO_RECORDED_FACTOR_PRP_OR_LL_RESULT_AND_NO_ACTIVE_GIMPS_ASSIGNMENT,2026-08-07T16:23:51+00:00,UNALLOCATED,,,,,
SLCMP201-0513,513,905,192544073,2^192544073-1,STRUCTURAL_SCREEN_EXHAUSTED_PRIMALITY_UNASSIGNED,FIRST_SINGULARITY_SHELL_EXHAUSTED_PRIMALITY_UNASSIGNED,513,9595,9595,NO_RECORDED_FACTOR_PRP_OR_LL_RESULT_AND_NO_ACTIVE_GIMPS_ASSIGNMENT,2026-08-07T16:23:51+00:00,UNALLOCATED,,,,,
SLCMP201-0514,514,906,192544103,2^192544103-1,STRUCTURAL_SCREEN_EXHAUSTED_PRIMALITY_UNASSIGNED,FIRST_SINGULARITY_SHELL_EXHAUSTED_PRIMALITY_UNASSIGNED,514,9595,9595,NO_RECORDED_FACTOR_PRP_OR_LL_RESULT_AND_NO_ACTIVE_GIMPS_ASSIGNMENT,2026-08-07T16:23:51+00:00,UNALLOCATED,,,,,
SLCMP201-0515,515,910,192544211,2^192544211-1,STRUCTURAL_SCREEN_EXHAUSTED_PRIMALITY_UNASSIGNED,FIRST_SINGULARITY_SHELL_EXHAUSTED_PRIMALITY_UNASSIGNED,514,9595,9595,NO_RECORDED_FACTOR_PRP_OR_LL_RESULT_AND_NO_ACTIVE_GIMPS_ASSIGNMENT,2026-08-07T16:23:51+00:00,UNALLOCATED,,,,,
SLCMP201-0516,516,911,192544213,2^192544213-1,STRUCTURAL_SCREEN_EXHAUSTED_PRIMALITY_UNASSIGNED,FIRST_SINGULARITY_SHELL_EXHAUSTED_PRIMALITY_UNASSIGNED,513,9595,9595,NO_RECORDED_FACTOR_PRP_OR_LL_RESULT_AND_NO_ACTIVE_GIMPS_ASSIGNMENT,2026-08-07T16:23:51+00:00,UNALLOCATED,,,,,
SLCMP201-0517,517,912,192544223,2^192544223-1,STRUCTURAL_SCREEN_EXHAUSTED_PRIMALITY_UNASSIGNED,FIRST_SINGULARITY_SHELL_EXHAUSTED_PRIMALITY_UNASSIGNED,514,9595,9595,NO_RECORDED_FACTOR_PRP_OR_LL_RESULT_AND_NO_ACTIVE_GIMPS_ASSIGNMENT,2026-08-07T16:23:51+00:00,UNALLOCATED,,,,,
SLCMP201-0518,518,915,192544333,2^192544333-1,STRUCTURAL_SCREEN_EXHAUSTED_PRIMALITY_UNASSIGNED,FIRST_SINGULARITY_SHELL_EXHAUSTED_PRIMALITY_UNASSIGNED,513,9595,9595,NO_RECORDED_FACTOR_PRP_OR_LL_RESULT_AND_NO_ACTIVE_GIMPS_ASSIGNMENT,2026-08-07T16:23:51+00:00,UNALLOCATED,,,,,
SLCMP201-0519,519,917,192544663,2^192544663-1,STRUCTURAL_SCREEN_EXHAUSTED_PRIMALITY_UNASSIGNED,FIRST_SINGULARITY_SHELL_EXHAUSTED_PRIMALITY_UNASSIGNED,514,9595,9595,NO_RECORDED_FACTOR_PRP_OR_LL_RESULT_AND_NO_ACTIVE_GIMPS_ASSIGNMENT,2026-08-07T16:23:51+00:00,UNALLOCATED,,,,,
SLCMP201-0520,520,918,192544721,2^192544721-1,STRUCTURAL_SCREEN_EXHAUSTED_PRIMALITY_UNASSIGNED,FIRST_SINGULARITY_SHELL_EXHAUSTED_PRIMALITY_UNASSIGNED,513,9595,9595,NO_RECORDED_FACTOR_PRP_OR_LL_RESULT_AND_NO_ACTIVE_GIMPS_ASSIGNMENT,2026-08-07T16:23:51+00:00,UNALLOCATED,,,,,
SLCMP201-0521,521,919,192544769,2^192544769-1,STRUCTURAL_SCREEN_EXHAUSTED_PRIMALITY_UNASSIGNED,FIRST_SINGULARITY_SHELL_EXHAUSTED_PRIMALITY_UNASSIGNED,513,9595,9595,NO_RECORDED_FACTOR_PRP_OR_LL_RESULT_AND_NO_ACTIVE_GIMPS_ASSIGNMENT,2026-08-07T16:23:51+00:00,UNALLOCATED,,,,,
SLCMP201-0522,522,920,192544787,2^192544787-1,STRUCTURAL_SCREEN_EXHAUSTED_PRIMALITY_UNASSIGNED,FIRST_SINGULARITY_SHELL_EXHAUSTED_PRIMALITY_UNASSIGNED,514,9595,9595,NO_RECORDED_FACTOR_PRP_OR_LL_RESULT_AND_NO_ACTIVE_GIMPS_ASSIGNMENT,2026-08-07T16:23:51+00:00,UNALLOCATED,,,,,
SLCMP201-0523,523,923,192545053,2^192545053-1,STRUCTURAL_SCREEN_EXHAUSTED_PRIMALITY_UNASSIGNED,FIRST_SINGULARITY_SHELL_EXHAUSTED_PRIMALITY_UNASSIGNED,513,9595,9595,NO_RECORDED_FACTOR_PRP_OR_LL_RESULT_AND_NO_ACTIVE_GIMPS_ASSIGNMENT,2026-08-07T16:23:51+00:00,UNALLOCATED,,,,,
SLCMP201-0524,524,930,192545473,2^192545473-1,STRUCTURAL_SCREEN_EXHAUSTED_PRIMALITY_UNASSIGNED,FIRST_SINGULARITY_SHELL_EXHAUSTED_PRIMALITY_UNASSIGNED,513,9595,9595,NO_RECORDED_FACTOR_PRP_OR_LL_RESULT_AND_NO_ACTIVE_GIMPS_ASSIGNMENT,2026-08-07T16:23:51+00:00,UNALLOCATED,,,,,
SLCMP201-0525,525,931,192545527,2^192545527-1,STRUCTURAL_SCREEN_EXHAUSTED_PRIMALITY_UNASSIGNED,FIRST_SINGULARITY_SHELL_EXHAUSTED_PRIMALITY_UNASSIGNED,514,9595,9595,NO_RECORDED_FACTOR_PRP_OR_LL_RESULT_AND_NO_ACTIVE_GIMPS_ASSIGNMENT,2026-08-07T16:23:51+00:00,UNALLOCATED,,,,,
SLCMP201-0526,526,932,192545531,2^192545531-1,STRUCTURAL_SCREEN_EXHAUSTED_PRIMALITY_UNASSIGNED,FIRST_SINGULARITY_SHELL_EXHAUSTED_PRIMALITY_UNASSIGNED,514,9595,9595,NO_RECORDED_FACTOR_PRP_OR_LL_RESULT_AND_NO_ACTIVE_GIMPS_ASSIGNMENT,2026-08-07T16:23:51+00:00,UNALLOCATED,,,,,
SLCMP201-0527,527,933,192545593,2^192545593-1,STRUCTURAL_SCREEN_EXHAUSTED_PRIMALITY_UNASSIGNED,FIRST_SINGULARITY_SHELL_EXHAUSTED_PRIMALITY_UNASSIGNED,513,9595,9595,NO_RECORDED_FACTOR_PRP_OR_LL_RESULT_AND_NO_ACTIVE_GIMPS_ASSIGNMENT,2026-08-07T16:23:51+00:00,UNALLOCATED,,,,,
SLCMP201-0528,528,936,192545671,2^192545671-1,STRUCTURAL_SCREEN_EXHAUSTED_PRIMALITY_UNASSIGNED,FIRST_SINGULARITY_SHELL_EXHAUSTED_PRIMALITY_UNASSIGNED,514,9595,9595,NO_RECORDED_FACTOR_PRP_OR_LL_RESULT_AND_NO_ACTIVE_GIMPS_ASSIGNMENT,2026-08-07T16:23:51+00:00,UNALLOCATED,,,,,
SLCMP201-0529,529,937,192545741,2^192545741-1,STRUCTURAL_SCREEN_EXHAUSTED_PRIMALITY_UNASSIGNED,FIRST_SINGULARITY_SHELL_EXHAUSTED_PRIMALITY_UNASSIGNED,513,9595,9595,NO_RECORDED_FACTOR_PRP_OR_LL_RESULT_AND_NO_ACTIVE_GIMPS_ASSIGNMENT,2026-08-07T16:23:51+00:00,UNALLOCATED,,,,,
SLCMP201-0530,530,940,192546061,2^192546061-1,STRUCTURAL_SCREEN_EXHAUSTED_PRIMALITY_UNASSIGNED,FIRST_SINGULARITY_SHELL_EXHAUSTED_PRIMALITY_UNASSIGNED,513,9595,9595,NO_RECORDED_FACTOR_PRP_OR_LL_RESULT_AND_NO_ACTIVE_GIMPS_ASSIGNMENT,2026-08-07T16:23:51+00:00,UNALLOCATED,,,,,
SLCMP201-0531,531,952,192546877,2^192546877-1,STRUCTURAL_SCREEN_EXHAUSTED_PRIMALITY_UNASSIGNED,FIRST_SINGULARITY_SHELL_EXHAUSTED_PRIMALITY_UNASSIGNED,513,9595,9595,NO_RECORDED_FACTOR_PRP_OR_LL_RESULT_AND_NO_ACTIVE_GIMPS_ASSIGNMENT,2026-08-07T16:23:51+00:00,UNALLOCATED,,,,,
SLCMP201-0532,532,956,192546971,2^192546971-1,STRUCTURAL_SCREEN_EXHAUSTED_PRIMALITY_UNASSIGNED,FIRST_SINGULARITY_SHELL_EXHAUSTED_PRIMALITY_UNASSIGNED,514,9595,9595,NO_RECORDED_FACTOR_PRP_OR_LL_RESULT_AND_NO_ACTIVE_GIMPS_ASSIGNMENT,2026-08-07T16:23:51+00:00,UNALLOCATED,,,,,
SLCMP201-0533,533,957,192546989,2^192546989-1,STRUCTURAL_SCREEN_EXHAUSTED_PRIMALITY_UNASSIGNED,FIRST_SINGULARITY_SHELL_EXHAUSTED_PRIMALITY_UNASSIGNED,513,9595,9595,NO_RECORDED_FACTOR_PRP_OR_LL_RESULT_AND_NO_ACTIVE_GIMPS_ASSIGNMENT,2026-08-07T16:23:51+00:00,UNALLOCATED,,,,,
SLCMP201-0534,534,959,192547073,2^192547073-1,STRUCTURAL_SCREEN_EXHAUSTED_PRIMALITY_UNASSIGNED,FIRST_SINGULARITY_SHELL_EXHAUSTED_PRIMALITY_UNASSIGNED,513,9595,9595,NO_RECORDED_FACTOR_PRP_OR_LL_RESULT_AND_NO_ACTIVE_GIMPS_ASSIGNMENT,2026-08-07T16:23:51+00:00,UNALLOCATED,,,,,
SLCMP201-0535,535,961,192547127,2^192547127-1,STRUCTURAL_SCREEN_EXHAUSTED_PRIMALITY_UNASSIGNED,FIRST_SINGULARITY_SHELL_EXHAUSTED_PRIMALITY_UNASSIGNED,514,9595,9595,NO_RECORDED_FACTOR_PRP_OR_LL_RESULT_AND_NO_ACTIVE_GIMPS_ASSIGNMENT,2026-08-07T16:23:51+00:00,UNALLOCATED,,,,,
SLCMP201-0536,536,963,192547307,2^192547307-1,STRUCTURAL_SCREEN_EXHAUSTED_PRIMALITY_UNASSIGNED,FIRST_SINGULARITY_SHELL_EXHAUSTED_PRIMALITY_UNASSIGNED,514,9595,9595,NO_RECORDED_FACTOR_PRP_OR_LL_RESULT_AND_NO_ACTIVE_GIMPS_ASSIGNMENT,2026-08-07T16:23:51+00:00,UNALLOCATED,,,,,
SLCMP201-0537,537,969,192547549,2^192547549-1,STRUCTURAL_SCREEN_EXHAUSTED_PRIMALITY_UNASSIGNED,FIRST_SINGULARITY_SHELL_EXHAUSTED_PRIMALITY_UNASSIGNED,513,9595,9595,NO_RECORDED_FACTOR_PRP_OR_LL_RESULT_AND_NO_ACTIVE_GIMPS_ASSIGNMENT,2026-08-07T16:23:51+00:00,UNALLOCATED,,,,,
SLCMP201-0538,538,980,192548227,2^192548227-1,STRUCTURAL_SCREEN_EXHAUSTED_PRIMALITY_UNASSIGNED,FIRST_SINGULARITY_SHELL_EXHAUSTED_PRIMALITY_UNASSIGNED,514,9595,9595,NO_RECORDED_FACTOR_PRP_OR_LL_RESULT_AND_NO_ACTIVE_GIMPS_ASSIGNMENT,2026-08-07T16:23:51+00:00,UNALLOCATED,,,,,
SLCMP201-0539,539,985,192548441,2^192548441-1,STRUCTURAL_SCREEN_EXHAUSTED_PRIMALITY_UNASSIGNED,FIRST_SINGULARITY_SHELL_EXHAUSTED_PRIMALITY_UNASSIGNED,513,9595,9595,NO_RECORDED_FACTOR_PRP_OR_LL_RESULT_AND_NO_ACTIVE_GIMPS_ASSIGNMENT,2026-08-07T16:23:51+00:00,UNALLOCATED,,,,,
SLCMP201-0540,540,986,192548491,2^192548491-1,STRUCTURAL_SCREEN_EXHAUSTED_PRIMALITY_UNASSIGNED,FIRST_SINGULARITY_SHELL_EXHAUSTED_PRIMALITY_UNASSIGNED,514,9595,9595,NO_RECORDED_FACTOR_PRP_OR_LL_RESULT_AND_NO_ACTIVE_GIMPS_ASSIGNMENT,2026-08-07T16:23:51+00:00,UNALLOCATED,,,,,
SLCMP201-0541,541,989,192548737,2^192548737-1,STRUCTURAL_SCREEN_EXHAUSTED_PRIMALITY_UNASSIGNED,FIRST_SINGULARITY_SHELL_EXHAUSTED_PRIMALITY_UNASSIGNED,513,9595,9595,NO_RECORDED_FACTOR_PRP_OR_LL_RESULT_AND_NO_ACTIVE_GIMPS_ASSIGNMENT,2026-08-07T16:23:51+00:00,UNALLOCATED,,,,,
SLCMP201-0542,542,999,192549197,2^192549197-1,STRUCTURAL_SCREEN_EXHAUSTED_PRIMALITY_UNASSIGNED,FIRST_SINGULARITY_SHELL_EXHAUSTED_PRIMALITY_UNASSIGNED,513,9595,9595,NO_RECORDED_FACTOR_PRP_OR_LL_RESULT_AND_NO_ACTIVE_GIMPS_ASSIGNMENT,2026-08-07T16:23:51+00:00,UNALLOCATED,,,,,
SLCMP201-0543,543,1000,192549319,2^192549319-1,STRUCTURAL_SCREEN_EXHAUSTED_PRIMALITY_UNASSIGNED,FIRST_SINGULARITY_SHELL_EXHAUSTED_PRIMALITY_UNASSIGNED,514,9595,9595,NO_RECORDED_FACTOR_PRP_OR_LL_RESULT_AND_NO_ACTIVE_GIMPS_ASSIGNMENT,2026-08-07T16:23:51+00:00,UNALLOCATED,,,,,
SLCMP201-0544,544,1001,192549337,2^192549337-1,STRUCTURAL_SCREEN_EXHAUSTED_PRIMALITY_UNASSIGNED,FIRST_SINGULARITY_SHELL_EXHAUSTED_PRIMALITY_UNASSIGNED,513,9595,9595,NO_RECORDED_FACTOR_PRP_OR_LL_RESULT_AND_NO_ACTIVE_GIMPS_ASSIGNMENT,2026-08-07T16:23:51+00:00,UNALLOCATED,,,,,
SLCMP201-0545,545,1004,192549503,2^192549503-1,STRUCTURAL_SCREEN_EXHAUSTED_PRIMALITY_UNASSIGNED,FIRST_SINGULARITY_SHELL_EXHAUSTED_PRIMALITY_UNASSIGNED,514,9595,9595,NO_RECORDED_FACTOR_PRP_OR_LL_RESULT_AND_NO_ACTIVE_GIMPS_ASSIGNMENT,2026-08-07T16:23:51+00:00,UNALLOCATED,,,,,
SLCMP201-0546,546,1005,192549541,2^192549541-1,STRUCTURAL_SCREEN_EXHAUSTED_PRIMALITY_UNASSIGNED,FIRST_SINGULARITY_SHELL_EXHAUSTED_PRIMALITY_UNASSIGNED,513,9595,9595,NO_RECORDED_FACTOR_PRP_OR_LL_RESULT_AND_NO_ACTIVE_GIMPS_ASSIGNMENT,2026-08-07T16:23:51+00:00,UNALLOCATED,,,,,
SLCMP201-0547,547,1006,192549659,2^192549659-1,STRUCTURAL_SCREEN_EXHAUSTED_PRIMALITY_UNASSIGNED,FIRST_SINGULARITY_SHELL_EXHAUSTED_PRIMALITY_UNASSIGNED,514,9595,9595,NO_RECORDED_FACTOR_PRP_OR_LL_RESULT_AND_NO_ACTIVE_GIMPS_ASSIGNMENT,2026-08-07T16:23:51+00:00,UNALLOCATED,,,,,
SLCMP201-0548,548,1017,192550231,2^192550231-1,STRUCTURAL_SCREEN_EXHAUSTED_PRIMALITY_UNASSIGNED,FIRST_SINGULARITY_SHELL_EXHAUSTED_PRIMALITY_UNASSIGNED,514,9595,9595,NO_RECORDED_FACTOR_PRP_OR_LL_RESULT_AND_NO_ACTIVE_GIMPS_ASSIGNMENT,2026-08-07T16:23:51+00:00,UNALLOCATED,,,,,
SLCMP201-0549,549,1020,192550297,2^192550297-1,STRUCTURAL_SCREEN_EXHAUSTED_PRIMALITY_UNASSIGNED,FIRST_SINGULARITY_SHELL_EXHAUSTED_PRIMALITY_UNASSIGNED,513,9595,9595,NO_RECORDED_FACTOR_PRP_OR_LL_RESULT_AND_NO_ACTIVE_GIMPS_ASSIGNMENT,2026-08-07T16:23:51+00:00,UNALLOCATED,,,,,
SLCMP201-0550,550,1021,192550307,2^192550307-1,STRUCTURAL_SCREEN_EXHAUSTED_PRIMALITY_UNASSIGNED,FIRST_SINGULARITY_SHELL_EXHAUSTED_PRIMALITY_UNASSIGNED,514,9595,9595,NO_RECORDED_FACTOR_PRP_OR_LL_RESULT_AND_NO_ACTIVE_GIMPS_ASSIGNMENT,2026-08-07T16:23:51+00:00,UNALLOCATED,,,,,
SLCMP201-0551,551,1022,192550321,2^192550321-1,STRUCTURAL_SCREEN_EXHAUSTED_PRIMALITY_UNASSIGNED,FIRST_SINGULARITY_SHELL_EXHAUSTED_PRIMALITY_UNASSIGNED,513,9595,9595,NO_RECORDED_FACTOR_PRP_OR_LL_RESULT_AND_NO_ACTIVE_GIMPS_ASSIGNMENT,2026-08-07T16:23:51+00:00,UNALLOCATED,,,,,
SLCMP201-0552,552,1028,192550573,2^192550573-1,STRUCTURAL_SCREEN_EXHAUSTED_PRIMALITY_UNASSIGNED,FIRST_SINGULARITY_SHELL_EXHAUSTED_PRIMALITY_UNASSIGNED,513,9595,9595,NO_RECORDED_FACTOR_PRP_OR_LL_RESULT_AND_NO_ACTIVE_GIMPS_ASSIGNMENT,2026-08-07T16:23:51+00:00,UNALLOCATED,,,,,
SLCMP201-0553,553,1035,192550867,2^192550867-1,STRUCTURAL_SCREEN_EXHAUSTED_PRIMALITY_UNASSIGNED,FIRST_SINGULARITY_SHELL_EXHAUSTED_PRIMALITY_UNASSIGNED,514,9595,9595,NO_RECORDED_FACTOR_PRP_OR_LL_RESULT_AND_NO_ACTIVE_GIMPS_ASSIGNMENT,2026-08-07T16:23:51+00:00,UNALLOCATED,,,,,
SLCMP201-0554,554,1037,192550927,2^192550927-1,STRUCTURAL_SCREEN_EXHAUSTED_PRIMALITY_UNASSIGNED,FIRST_SINGULARITY_SHELL_EXHAUSTED_PRIMALITY_UNASSIGNED,514,9595,9595,NO_RECORDED_FACTOR_PRP_OR_LL_RESULT_AND_NO_ACTIVE_GIMPS_ASSIGNMENT,2026-08-07T16:23:51+00:00,UNALLOCATED,,,,,
SLCMP201-0555,555,1041,192551059,2^192551059-1,STRUCTURAL_SCREEN_EXHAUSTED_PRIMALITY_UNASSIGNED,FIRST_SINGULARITY_SHELL_EXHAUSTED_PRIMALITY_UNASSIGNED,514,9595,9595,NO_RECORDED_FACTOR_PRP_OR_LL_RESULT_AND_NO_ACTIVE_GIMPS_ASSIGNMENT,2026-08-07T16:23:51+00:00,UNALLOCATED,,,,,
SLCMP201-0556,556,1043,192551069,2^192551069-1,STRUCTURAL_SCREEN_EXHAUSTED_PRIMALITY_UNASSIGNED,FIRST_SINGULARITY_SHELL_EXHAUSTED_PRIMALITY_UNASSIGNED,513,9595,9595,NO_RECORDED_FACTOR_PRP_OR_LL_RESULT_AND_NO_ACTIVE_GIMPS_ASSIGNMENT,2026-08-07T16:23:51+00:00,UNALLOCATED,,,,,
SLCMP201-0557,557,1044,192551089,2^192551089-1,STRUCTURAL_SCREEN_EXHAUSTED_PRIMALITY_UNASSIGNED,FIRST_SINGULARITY_SHELL_EXHAUSTED_PRIMALITY_UNASSIGNED,513,9595,9595,NO_RECORDED_FACTOR_PRP_OR_LL_RESULT_AND_NO_ACTIVE_GIMPS_ASSIGNMENT,2026-08-07T16:23:51+00:00,UNALLOCATED,,,,,
SLCMP201-0558,558,1051,192551413,2^192551413-1,STRUCTURAL_SCREEN_EXHAUSTED_PRIMALITY_UNASSIGNED,FIRST_SINGULARITY_SHELL_EXHAUSTED_PRIMALITY_UNASSIGNED,513,9595,9595,NO_RECORDED_FACTOR_PRP_OR_LL_RESULT_AND_NO_ACTIVE_GIMPS_ASSIGNMENT,2026-08-07T16:23:51+00:00,UNALLOCATED,,,,,
SLCMP201-0559,559,1052,192551419,2^192551419-1,STRUCTURAL_SCREEN_EXHAUSTED_PRIMALITY_UNASSIGNED,FIRST_SINGULARITY_SHELL_EXHAUSTED_PRIMALITY_UNASSIGNED,514,9595,9595,NO_RECORDED_FACTOR_PRP_OR_LL_RESULT_AND_NO_ACTIVE_GIMPS_ASSIGNMENT,2026-08-07T16:23:51+00:00,UNALLOCATED,,,,,
SLCMP201-0560,560,1055,192551573,2^192551573-1,STRUCTURAL_SCREEN_EXHAUSTED_PRIMALITY_UNASSIGNED,FIRST_SINGULARITY_SHELL_EXHAUSTED_PRIMALITY_UNASSIGNED,513,9595,9595,NO_RECORDED_FACTOR_PRP_OR_LL_RESULT_AND_NO_ACTIVE_GIMPS_ASSIGNMENT,2026-08-07T16:23:51+00:00,UNALLOCATED,,,,,
SLCMP201-0561,561,1057,192551687,2^192551687-1,STRUCTURAL_SCREEN_EXHAUSTED_PRIMALITY_UNASSIGNED,FIRST_SINGULARITY_SHELL_EXHAUSTED_PRIMALITY_UNASSIGNED,514,9595,9595,NO_RECORDED_FACTOR_PRP_OR_LL_RESULT_AND_NO_ACTIVE_GIMPS_ASSIGNMENT,2026-08-07T16:23:51+00:00,UNALLOCATED,,,,,
SLCMP201-0562,562,1059,192551831,2^192551831-1,STRUCTURAL_SCREEN_EXHAUSTED_PRIMALITY_UNASSIGNED,FIRST_SINGULARITY_SHELL_EXHAUSTED_PRIMALITY_UNASSIGNED,514,9595,9595,NO_RECORDED_FACTOR_PRP_OR_LL_RESULT_AND_NO_ACTIVE_GIMPS_ASSIGNMENT,2026-08-07T16:23:51+00:00,UNALLOCATED,,,,,
SLCMP201-0563,563,1063,192552077,2^192552077-1,STRUCTURAL_SCREEN_EXHAUSTED_PRIMALITY_UNASSIGNED,FIRST_SINGULARITY_SHELL_EXHAUSTED_PRIMALITY_UNASSIGNED,513,9595,9595,NO_RECORDED_FACTOR_PRP_OR_LL_RESULT_AND_NO_ACTIVE_GIMPS_ASSIGNMENT,2026-08-07T16:23:51+00:00,UNALLOCATED,,,,,
SLCMP201-0564,564,1064,192552089,2^192552089-1,STRUCTURAL_SCREEN_EXHAUSTED_PRIMALITY_UNASSIGNED,FIRST_SINGULARITY_SHELL_EXHAUSTED_PRIMALITY_UNASSIGNED,513,9595,9595,NO_RECORDED_FACTOR_PRP_OR_LL_RESULT_AND_NO_ACTIVE_GIMPS_ASSIGNMENT,2026-08-07T16:23:51+00:00,UNALLOCATED,,,,,
SLCMP201-0565,565,1065,192552211,2^192552211-1,STRUCTURAL_SCREEN_EXHAUSTED_PRIMALITY_UNASSIGNED,FIRST_SINGULARITY_SHELL_EXHAUSTED_PRIMALITY_UNASSIGNED,514,9595,9595,NO_RECORDED_FACTOR_PRP_OR_LL_RESULT_AND_NO_ACTIVE_GIMPS_ASSIGNMENT,2026-08-07T16:23:51+00:00,UNALLOCATED,,,,,
SLCMP201-0566,566,1071,192552419,2^192552419-1,STRUCTURAL_SCREEN_EXHAUSTED_PRIMALITY_UNASSIGNED,FIRST_SINGULARITY_SHELL_EXHAUSTED_PRIMALITY_UNASSIGNED,514,9595,9595,NO_RECORDED_FACTOR_PRP_OR_LL_RESULT_AND_NO_ACTIVE_GIMPS_ASSIGNMENT,2026-08-07T16:23:51+00:00,UNALLOCATED,,,,,
SLCMP201-0567,567,1073,192552461,2^192552461-1,STRUCTURAL_SCREEN_EXHAUSTED_PRIMALITY_UNASSIGNED,FIRST_SINGULARITY_SHELL_EXHAUSTED_PRIMALITY_UNASSIGNED,513,9595,9595,NO_RECORDED_FACTOR_PRP_OR_LL_RESULT_AND_NO_ACTIVE_GIMPS_ASSIGNMENT,2026-08-07T16:23:51+00:00,UNALLOCATED,,,,,
SLCMP201-0568,568,1075,192552643,2^192552643-1,STRUCTURAL_SCREEN_EXHAUSTED_PRIMALITY_UNASSIGNED,FIRST_SINGULARITY_SHELL_EXHAUSTED_PRIMALITY_UNASSIGNED,514,9595,9595,NO_RECORDED_FACTOR_PRP_OR_LL_RESULT_AND_NO_ACTIVE_GIMPS_ASSIGNMENT,2026-08-07T16:23:51+00:00,UNALLOCATED,,,,,
SLCMP201-0569,569,1077,192552683,2^192552683-1,STRUCTURAL_SCREEN_EXHAUSTED_PRIMALITY_UNASSIGNED,FIRST_SINGULARITY_SHELL_EXHAUSTED_PRIMALITY_UNASSIGNED,514,9595,9595,NO_RECORDED_FACTOR_PRP_OR_LL_RESULT_AND_NO_ACTIVE_GIMPS_ASSIGNMENT,2026-08-07T16:23:51+00:00,UNALLOCATED,,,,,
SLCMP201-0570,570,1078,192552709,2^192552709-1,STRUCTURAL_SCREEN_EXHAUSTED_PRIMALITY_UNASSIGNED,FIRST_SINGULARITY_SHELL_EXHAUSTED_PRIMALITY_UNASSIGNED,513,9595,9595,NO_RECORDED_FACTOR_PRP_OR_LL_RESULT_AND_NO_ACTIVE_GIMPS_ASSIGNMENT,2026-08-07T16:23:51+00:00,UNALLOCATED,,,,,
SLCMP201-0571,571,1081,192552799,2^192552799-1,STRUCTURAL_SCREEN_EXHAUSTED_PRIMALITY_UNASSIGNED,FIRST_SINGULARITY_SHELL_EXHAUSTED_PRIMALITY_UNASSIGNED,514,9595,9595,NO_RECORDED_FACTOR_PRP_OR_LL_RESULT_AND_NO_ACTIVE_GIMPS_ASSIGNMENT,2026-08-07T16:23:51+00:00,UNALLOCATED,,,,,
SLCMP201-0572,572,1086,192552967,2^192552967-1,STRUCTURAL_SCREEN_EXHAUSTED_PRIMALITY_UNASSIGNED,FIRST_SINGULARITY_SHELL_EXHAUSTED_PRIMALITY_UNASSIGNED,514,9595,9595,NO_RECORDED_FACTOR_PRP_OR_LL_RESULT_AND_NO_ACTIVE_GIMPS_ASSIGNMENT,2026-08-07T16:23:51+00:00,UNALLOCATED,,,,,
SLCMP201-0573,573,1090,192553063,2^192553063-1,STRUCTURAL_SCREEN_EXHAUSTED_PRIMALITY_UNASSIGNED,FIRST_SINGULARITY_SHELL_EXHAUSTED_PRIMALITY_UNASSIGNED,514,9595,9595,NO_RECORDED_FACTOR_PRP_OR_LL_RESULT_AND_NO_ACTIVE_GIMPS_ASSIGNMENT,2026-08-07T16:23:51+00:00,UNALLOCATED,,,,,
SLCMP201-0574,574,1091,192553073,2^192553073-1,STRUCTURAL_SCREEN_EXHAUSTED_PRIMALITY_UNASSIGNED,FIRST_SINGULARITY_SHELL_EXHAUSTED_PRIMALITY_UNASSIGNED,513,9595,9595,NO_RECORDED_FACTOR_PRP_OR_LL_RESULT_AND_NO_ACTIVE_GIMPS_ASSIGNMENT,2026-08-07T16:23:51+00:00,UNALLOCATED,,,,,
SLCMP201-0575,575,1092,192553133,2^192553133-1,STRUCTURAL_SCREEN_EXHAUSTED_PRIMALITY_UNASSIGNED,FIRST_SINGULARITY_SHELL_EXHAUSTED_PRIMALITY_UNASSIGNED,513,9595,9595,NO_RECORDED_FACTOR_PRP_OR_LL_RESULT_AND_NO_ACTIVE_GIMPS_ASSIGNMENT,2026-08-07T16:23:51+00:00,UNALLOCATED,,,,,
SLCMP201-0576,576,1093,192553139,2^192553139-1,STRUCTURAL_SCREEN_EXHAUSTED_PRIMALITY_UNASSIGNED,FIRST_SINGULARITY_SHELL_EXHAUSTED_PRIMALITY_UNASSIGNED,514,9595,9595,NO_RECORDED_FACTOR_PRP_OR_LL_RESULT_AND_NO_ACTIVE_GIMPS_ASSIGNMENT,2026-08-07T16:23:51+00:00,UNALLOCATED,,,,,
SLCMP201-0577,577,1095,192553267,2^192553267-1,STRUCTURAL_SCREEN_EXHAUSTED_PRIMALITY_UNASSIGNED,FIRST_SINGULARITY_SHELL_EXHAUSTED_PRIMALITY_UNASSIGNED,514,9595,9595,NO_RECORDED_FACTOR_PRP_OR_LL_RESULT_AND_NO_ACTIVE_GIMPS_ASSIGNMENT,2026-08-07T16:23:51+00:00,UNALLOCATED,,,,,
SLCMP201-0578,578,1096,192553289,2^192553289-1,STRUCTURAL_SCREEN_EXHAUSTED_PRIMALITY_UNASSIGNED,FIRST_SINGULARITY_SHELL_EXHAUSTED_PRIMALITY_UNASSIGNED,513,9595,9595,NO_RECORDED_FACTOR_PRP_OR_LL_RESULT_AND_NO_ACTIVE_GIMPS_ASSIGNMENT,2026-08-07T16:23:51+00:00,UNALLOCATED,,,,,
SLCMP201-0579,579,1097,192553351,2^192553351-1,STRUCTURAL_SCREEN_EXHAUSTED_PRIMALITY_UNASSIGNED,FIRST_SINGULARITY_SHELL_EXHAUSTED_PRIMALITY_UNASSIGNED,514,9595,9595,NO_RECORDED_FACTOR_PRP_OR_LL_RESULT_AND_NO_ACTIVE_GIMPS_ASSIGNMENT,2026-08-07T16:23:51+00:00,UNALLOCATED,,,,,
SLCMP201-0580,580,1099,192553561,2^192553561-1,STRUCTURAL_SCREEN_EXHAUSTED_PRIMALITY_UNASSIGNED,FIRST_SINGULARITY_SHELL_EXHAUSTED_PRIMALITY_UNASSIGNED,513,9595,9595,NO_RECORDED_FACTOR_PRP_OR_LL_RESULT_AND_NO_ACTIVE_GIMPS_ASSIGNMENT,2026-08-07T16:23:51+00:00,UNALLOCATED,,,,,
SLCMP201-0581,581,1103,192553967,2^192553967-1,STRUCTURAL_SCREEN_EXHAUSTED_PRIMALITY_UNASSIGNED,FIRST_SINGULARITY_SHELL_EXHAUSTED_PRIMALITY_UNASSIGNED,514,9595,9595,NO_RECORDED_FACTOR_PRP_OR_LL_RESULT_AND_NO_ACTIVE_GIMPS_ASSIGNMENT,2026-08-07T16:23:51+00:00,UNALLOCATED,,,,,
SLCMP201-0582,582,1108,192554101,2^192554101-1,STRUCTURAL_SCREEN_EXHAUSTED_PRIMALITY_UNASSIGNED,FIRST_SINGULARITY_SHELL_EXHAUSTED_PRIMALITY_UNASSIGNED,513,9595,9595,NO_RECORDED_FACTOR_PRP_OR_LL_RESULT_AND_NO_ACTIVE_GIMPS_ASSIGNMENT,2026-08-07T16:23:51+00:00,UNALLOCATED,,,,,
SLCMP201-0583,583,1111,192554281,2^192554281-1,STRUCTURAL_SCREEN_EXHAUSTED_PRIMALITY_UNASSIGNED,FIRST_SINGULARITY_SHELL_EXHAUSTED_PRIMALITY_UNASSIGNED,513,9595,9595,NO_RECORDED_FACTOR_PRP_OR_LL_RESULT_AND_NO_ACTIVE_GIMPS_ASSIGNMENT,2026-08-07T16:23:51+00:00,UNALLOCATED,,,,,
SLCMP201-0584,584,1113,192554419,2^192554419-1,STRUCTURAL_SCREEN_EXHAUSTED_PRIMALITY_UNASSIGNED,FIRST_SINGULARITY_SHELL_EXHAUSTED_PRIMALITY_UNASSIGNED,514,9595,9595,NO_RECORDED_FACTOR_PRP_OR_LL_RESULT_AND_NO_ACTIVE_GIMPS_ASSIGNMENT,2026-08-07T16:23:51+00:00,UNALLOCATED,,,,,
SLCMP201-0585,585,1114,192554447,2^192554447-1,STRUCTURAL_SCREEN_EXHAUSTED_PRIMALITY_UNASSIGNED,FIRST_SINGULARITY_SHELL_EXHAUSTED_PRIMALITY_UNASSIGNED,514,9595,9595,NO_RECORDED_FACTOR_PRP_OR_LL_RESULT_AND_NO_ACTIVE_GIMPS_ASSIGNMENT,2026-08-07T16:23:51+00:00,UNALLOCATED,,,,,
SLCMP201-0586,586,1115,192554501,2^192554501-1,STRUCTURAL_SCREEN_EXHAUSTED_PRIMALITY_UNASSIGNED,FIRST_SINGULARITY_SHELL_EXHAUSTED_PRIMALITY_UNASSIGNED,513,9595,9595,NO_RECORDED_FACTOR_PRP_OR_LL_RESULT_AND_NO_ACTIVE_GIMPS_ASSIGNMENT,2026-08-07T16:23:51+00:00,UNALLOCATED,,,,,
SLCMP201-0587,587,1116,192554633,2^192554633-1,STRUCTURAL_SCREEN_EXHAUSTED_PRIMALITY_UNASSIGNED,FIRST_SINGULARITY_SHELL_EXHAUSTED_PRIMALITY_UNASSIGNED,513,9595,9595,NO_RECORDED_FACTOR_PRP_OR_LL_RESULT_AND_NO_ACTIVE_GIMPS_ASSIGNMENT,2026-08-07T16:23:51+00:00,UNALLOCATED,,,,,
SLCMP201-0588,588,1121,192554861,2^192554861-1,STRUCTURAL_SCREEN_EXHAUSTED_PRIMALITY_UNASSIGNED,FIRST_SINGULARITY_SHELL_EXHAUSTED_PRIMALITY_UNASSIGNED,513,9595,9595,NO_RECORDED_FACTOR_PRP_OR_LL_RESULT_AND_NO_ACTIVE_GIMPS_ASSIGNMENT,2026-08-07T16:23:51+00:00,UNALLOCATED,,,,,
SLCMP201-0589,589,1124,192554959,2^192554959-1,STRUCTURAL_SCREEN_EXHAUSTED_PRIMALITY_UNASSIGNED,FIRST_SINGULARITY_SHELL_EXHAUSTED_PRIMALITY_UNASSIGNED,514,9595,9595,NO_RECORDED_FACTOR_PRP_OR_LL_RESULT_AND_NO_ACTIVE_GIMPS_ASSIGNMENT,2026-08-07T16:23:51+00:00,UNALLOCATED,,,,,
SLCMP201-0590,590,1125,192555017,2^192555017-1,STRUCTURAL_SCREEN_EXHAUSTED_PRIMALITY_UNASSIGNED,FIRST_SINGULARITY_SHELL_EXHAUSTED_PRIMALITY_UNASSIGNED,513,9595,9595,NO_RECORDED_FACTOR_PRP_OR_LL_RESULT_AND_NO_ACTIVE_GIMPS_ASSIGNMENT,2026-08-07T16:23:51+00:00,UNALLOCATED,,,,,
SLCMP201-0591,591,1126,192555019,2^192555019-1,STRUCTURAL_SCREEN_EXHAUSTED_PRIMALITY_UNASSIGNED,FIRST_SINGULARITY_SHELL_EXHAUSTED_PRIMALITY_UNASSIGNED,514,9595,9595,NO_RECORDED_FACTOR_PRP_OR_LL_RESULT_AND_NO_ACTIVE_GIMPS_ASSIGNMENT,2026-08-07T16:23:51+00:00,UNALLOCATED,,,,,
SLCMP201-0592,592,1136,192555359,2^192555359-1,STRUCTURAL_SCREEN_EXHAUSTED_PRIMALITY_UNASSIGNED,FIRST_SINGULARITY_SHELL_EXHAUSTED_PRIMALITY_UNASSIGNED,514,9595,9595,NO_RECORDED_FACTOR_PRP_OR_LL_RESULT_AND_NO_ACTIVE_GIMPS_ASSIGNMENT,2026-08-07T16:23:51+00:00,UNALLOCATED,,,,,
SLCMP201-0593,593,1137,192555421,2^192555421-1,STRUCTURAL_SCREEN_EXHAUSTED_PRIMALITY_UNASSIGNED,FIRST_SINGULARITY_SHELL_EXHAUSTED_PRIMALITY_UNASSIGNED,513,9595,9595,NO_RECORDED_FACTOR_PRP_OR_LL_RESULT_AND_NO_ACTIVE_GIMPS_ASSIGNMENT,2026-08-07T16:23:51+00:00,UNALLOCATED,,,,,
SLCMP201-0594,594,1139,192555541,2^192555541-1,STRUCTURAL_SCREEN_EXHAUSTED_PRIMALITY_UNASSIGNED,FIRST_SINGULARITY_SHELL_EXHAUSTED_PRIMALITY_UNASSIGNED,513,9595,9595,NO_RECORDED_FACTOR_PRP_OR_LL_RESULT_AND_NO_ACTIVE_GIMPS_ASSIGNMENT,2026-08-07T16:23:51+00:00,UNALLOCATED,,,,,
SLCMP201-0595,595,1140,192555613,2^192555613-1,STRUCTURAL_SCREEN_EXHAUSTED_PRIMALITY_UNASSIGNED,FIRST_SINGULARITY_SHELL_EXHAUSTED_PRIMALITY_UNASSIGNED,513,9595,9595,NO_RECORDED_FACTOR_PRP_OR_LL_RESULT_AND_NO_ACTIVE_GIMPS_ASSIGNMENT,2026-08-07T16:23:51+00:00,UNALLOCATED,,,,,
SLCMP201-0596,596,1145,192555743,2^192555743-1,STRUCTURAL_SCREEN_EXHAUSTED_PRIMALITY_UNASSIGNED,FIRST_SINGULARITY_SHELL_EXHAUSTED_PRIMALITY_UNASSIGNED,514,9595,9595,NO_RECORDED_FACTOR_PRP_OR_LL_RESULT_AND_NO_ACTIVE_GIMPS_ASSIGNMENT,2026-08-07T16:23:51+00:00,UNALLOCATED,,,,,
SLCMP201-0597,597,1150,192556211,2^192556211-1,STRUCTURAL_SCREEN_EXHAUSTED_PRIMALITY_UNASSIGNED,FIRST_SINGULARITY_SHELL_EXHAUSTED_PRIMALITY_UNASSIGNED,514,9595,9595,NO_RECORDED_FACTOR_PRP_OR_LL_RESULT_AND_NO_ACTIVE_GIMPS_ASSIGNMENT,2026-08-07T16:23:51+00:00,UNALLOCATED,,,,,
SLCMP201-0598,598,1151,192556219,2^192556219-1,STRUCTURAL_SCREEN_EXHAUSTED_PRIMALITY_UNASSIGNED,FIRST_SINGULARITY_SHELL_EXHAUSTED_PRIMALITY_UNASSIGNED,514,9595,9595,NO_RECORDED_FACTOR_PRP_OR_LL_RESULT_AND_NO_ACTIVE_GIMPS_ASSIGNMENT,2026-08-07T16:23:51+00:00,UNALLOCATED,,,,,
SLCMP201-0599,599,1154,192556291,2^192556291-1,STRUCTURAL_SCREEN_EXHAUSTED_PRIMALITY_UNASSIGNED,FIRST_SINGULARITY_SHELL_EXHAUSTED_PRIMALITY_UNASSIGNED,514,9595,9595,NO_RECORDED_FACTOR_PRP_OR_LL_RESULT_AND_NO_ACTIVE_GIMPS_ASSIGNMENT,2026-08-07T16:23:51+00:00,UNALLOCATED,,,,,
SLCMP201-0600,600,1156,192556411,2^192556411-1,STRUCTURAL_SCREEN_EXHAUSTED_PRIMALITY_UNASSIGNED,FIRST_SINGULARITY_SHELL_EXHAUSTED_PRIMALITY_UNASSIGNED,514,9595,9595,NO_RECORDED_FACTOR_PRP_OR_LL_RESULT_AND_NO_ACTIVE_GIMPS_ASSIGNMENT,2026-08-07T16:23:51+00:00,UNALLOCATED,,,,,
SLCMP201-0601,601,1159,192556447,2^192556447-1,STRUCTURAL_SCREEN_EXHAUSTED_PRIMALITY_UNASSIGNED,FIRST_SINGULARITY_SHELL_EXHAUSTED_PRIMALITY_UNASSIGNED,514,9595,9595,NO_RECORDED_FACTOR_PRP_OR_LL_RESULT_AND_NO_ACTIVE_GIMPS_ASSIGNMENT,2026-08-07T16:23:51+00:00,UNALLOCATED,,,,,
SLCMP201-0602,602,1167,192556919,2^192556919-1,STRUCTURAL_SCREEN_EXHAUSTED_PRIMALITY_UNASSIGNED,FIRST_SINGULARITY_SHELL_EXHAUSTED_PRIMALITY_UNASSIGNED,514,9595,9595,NO_RECORDED_FACTOR_PRP_OR_LL_RESULT_AND_NO_ACTIVE_GIMPS_ASSIGNMENT,2026-08-07T16:23:51+00:00,UNALLOCATED,,,,,
SLCMP201-0603,603,1169,192557023,2^192557023-1,STRUCTURAL_SCREEN_EXHAUSTED_PRIMALITY_UNASSIGNED,FIRST_SINGULARITY_SHELL_EXHAUSTED_PRIMALITY_UNASSIGNED,514,9595,9595,NO_RECORDED_FACTOR_PRP_OR_LL_RESULT_AND_NO_ACTIVE_GIMPS_ASSIGNMENT,2026-08-07T16:23:51+00:00,UNALLOCATED,,,,,
SLCMP201-0604,604,1171,192557069,2^192557069-1,STRUCTURAL_SCREEN_EXHAUSTED_PRIMALITY_UNASSIGNED,FIRST_SINGULARITY_SHELL_EXHAUSTED_PRIMALITY_UNASSIGNED,513,9595,9595,NO_RECORDED_FACTOR_PRP_OR_LL_RESULT_AND_NO_ACTIVE_GIMPS_ASSIGNMENT,2026-08-07T16:23:51+00:00,UNALLOCATED,,,,,
SLCMP201-0605,605,1179,192557363,2^192557363-1,STRUCTURAL_SCREEN_EXHAUSTED_PRIMALITY_UNASSIGNED,FIRST_SINGULARITY_SHELL_EXHAUSTED_PRIMALITY_UNASSIGNED,514,9595,9595,NO_RECORDED_FACTOR_PRP_OR_LL_RESULT_AND_NO_ACTIVE_GIMPS_ASSIGNMENT,2026-08-07T16:23:51+00:00,UNALLOCATED,,,,,
SLCMP201-0606,606,1181,192557377,2^192557377-1,STRUCTURAL_SCREEN_EXHAUSTED_PRIMALITY_UNASSIGNED,FIRST_SINGULARITY_SHELL_EXHAUSTED_PRIMALITY_UNASSIGNED,513,9595,9595,NO_RECORDED_FACTOR_PRP_OR_LL_RESULT_AND_NO_ACTIVE_GIMPS_ASSIGNMENT,2026-08-07T16:23:51+00:00,UNALLOCATED,,,,,
SLCMP201-0607,607,1183,192557423,2^192557423-1,STRUCTURAL_SCREEN_EXHAUSTED_PRIMALITY_UNASSIGNED,FIRST_SINGULARITY_SHELL_EXHAUSTED_PRIMALITY_UNASSIGNED,514,9595,9595,NO_RECORDED_FACTOR_PRP_OR_LL_RESULT_AND_NO_ACTIVE_GIMPS_ASSIGNMENT,2026-08-07T16:23:51+00:00,UNALLOCATED,,,,,
SLCMP201-0608,608,1188,192557791,2^192557791-1,STRUCTURAL_SCREEN_EXHAUSTED_PRIMALITY_UNASSIGNED,FIRST_SINGULARITY_SHELL_EXHAUSTED_PRIMALITY_UNASSIGNED,514,9595,9595,NO_RECORDED_FACTOR_PRP_OR_LL_RESULT_AND_NO_ACTIVE_GIMPS_ASSIGNMENT,2026-08-07T16:23:51+00:00,UNALLOCATED,,,,,
SLCMP201-0609,609,1192,192557873,2^192557873-1,STRUCTURAL_SCREEN_EXHAUSTED_PRIMALITY_UNASSIGNED,FIRST_SINGULARITY_SHELL_EXHAUSTED_PRIMALITY_UNASSIGNED,513,9595,9595,NO_RECORDED_FACTOR_PRP_OR_LL_RESULT_AND_NO_ACTIVE_GIMPS_ASSIGNMENT,2026-08-07T16:23:51+00:00,UNALLOCATED,,,,,
SLCMP201-0610,610,1198,192558077,2^192558077-1,STRUCTURAL_SCREEN_EXHAUSTED_PRIMALITY_UNASSIGNED,FIRST_SINGULARITY_SHELL_EXHAUSTED_PRIMALITY_UNASSIGNED,513,9595,9595,NO_RECORDED_FACTOR_PRP_OR_LL_RESULT_AND_NO_ACTIVE_GIMPS_ASSIGNMENT,2026-08-07T16:23:51+00:00,UNALLOCATED,,,,,
SLCMP201-0611,611,1200,192558127,2^192558127-1,STRUCTURAL_SCREEN_EXHAUSTED_PRIMALITY_UNASSIGNED,FIRST_SINGULARITY_SHELL_EXHAUSTED_PRIMALITY_UNASSIGNED,514,9595,9595,NO_RECORDED_FACTOR_PRP_OR_LL_RESULT_AND_NO_ACTIVE_GIMPS_ASSIGNMENT,2026-08-07T16:23:51+00:00,UNALLOCATED,,,,,
SLCMP201-0612,612,1202,192558251,2^192558251-1,STRUCTURAL_SCREEN_EXHAUSTED_PRIMALITY_UNASSIGNED,FIRST_SINGULARITY_SHELL_EXHAUSTED_PRIMALITY_UNASSIGNED,514,9595,9595,NO_RECORDED_FACTOR_PRP_OR_LL_RESULT_AND_NO_ACTIVE_GIMPS_ASSIGNMENT,2026-08-07T16:23:51+00:00,UNALLOCATED,,,,,
SLCMP201-0613,613,1205,192558349,2^192558349-1,STRUCTURAL_SCREEN_EXHAUSTED_PRIMALITY_UNASSIGNED,FIRST_SINGULARITY_SHELL_EXHAUSTED_PRIMALITY_UNASSIGNED,513,9595,9595,NO_RECORDED_FACTOR_PRP_OR_LL_RESULT_AND_NO_ACTIVE_GIMPS_ASSIGNMENT,2026-08-07T16:23:51+00:00,UNALLOCATED,,,,,
SLCMP201-0614,614,1208,192558727,2^192558727-1,STRUCTURAL_SCREEN_EXHAUSTED_PRIMALITY_UNASSIGNED,FIRST_SINGULARITY_SHELL_EXHAUSTED_PRIMALITY_UNASSIGNED,514,9595,9595,NO_RECORDED_FACTOR_PRP_OR_LL_RESULT_AND_NO_ACTIVE_GIMPS_ASSIGNMENT,2026-08-07T16:23:51+00:00,UNALLOCATED,,,,,
SLCMP201-0615,615,1212,192558973,2^192558973-1,STRUCTURAL_SCREEN_EXHAUSTED_PRIMALITY_UNASSIGNED,FIRST_SINGULARITY_SHELL_EXHAUSTED_PRIMALITY_UNASSIGNED,513,9595,9595,NO_RECORDED_FACTOR_PRP_OR_LL_RESULT_AND_NO_ACTIVE_GIMPS_ASSIGNMENT,2026-08-07T16:23:51+00:00,UNALLOCATED,,,,,
SLCMP201-0616,616,1213,192558979,2^192558979-1,STRUCTURAL_SCREEN_EXHAUSTED_PRIMALITY_UNASSIGNED,FIRST_SINGULARITY_SHELL_EXHAUSTED_PRIMALITY_UNASSIGNED,514,9595,9595,NO_RECORDED_FACTOR_PRP_OR_LL_RESULT_AND_NO_ACTIVE_GIMPS_ASSIGNMENT,2026-08-07T16:23:51+00:00,UNALLOCATED,,,,,
SLCMP201-0617,617,1216,192559027,2^192559027-1,STRUCTURAL_SCREEN_EXHAUSTED_PRIMALITY_UNASSIGNED,FIRST_SINGULARITY_SHELL_EXHAUSTED_PRIMALITY_UNASSIGNED,514,9595,9595,NO_RECORDED_FACTOR_PRP_OR_LL_RESULT_AND_NO_ACTIVE_GIMPS_ASSIGNMENT,2026-08-07T16:23:51+00:00,UNALLOCATED,,,,,
SLCMP201-0618,618,1217,192559061,2^192559061-1,STRUCTURAL_SCREEN_EXHAUSTED_PRIMALITY_UNASSIGNED,FIRST_SINGULARITY_SHELL_EXHAUSTED_PRIMALITY_UNASSIGNED,513,9595,9595,NO_RECORDED_FACTOR_PRP_OR_LL_RESULT_AND_NO_ACTIVE_GIMPS_ASSIGNMENT,2026-08-07T16:23:51+00:00,UNALLOCATED,,,,,
SLCMP201-0619,619,1219,192559111,2^192559111-1,STRUCTURAL_SCREEN_EXHAUSTED_PRIMALITY_UNASSIGNED,FIRST_SINGULARITY_SHELL_EXHAUSTED_PRIMALITY_UNASSIGNED,514,9595,9595,NO_RECORDED_FACTOR_PRP_OR_LL_RESULT_AND_NO_ACTIVE_GIMPS_ASSIGNMENT,2026-08-07T16:23:51+00:00,UNALLOCATED,,,,,
SLCMP201-0620,620,1220,192559201,2^192559201-1,STRUCTURAL_SCREEN_EXHAUSTED_PRIMALITY_UNASSIGNED,FIRST_SINGULARITY_SHELL_EXHAUSTED_PRIMALITY_UNASSIGNED,513,9595,9595,NO_RECORDED_FACTOR_PRP_OR_LL_RESULT_AND_NO_ACTIVE_GIMPS_ASSIGNMENT,2026-08-07T16:23:51+00:00,UNALLOCATED,,,,,
SLCMP201-0621,621,1221,192559219,2^192559219-1,STRUCTURAL_SCREEN_EXHAUSTED_PRIMALITY_UNASSIGNED,FIRST_SINGULARITY_SHELL_EXHAUSTED_PRIMALITY_UNASSIGNED,514,9595,9595,NO_RECORDED_FACTOR_PRP_OR_LL_RESULT_AND_NO_ACTIVE_GIMPS_ASSIGNMENT,2026-08-07T16:23:51+00:00,UNALLOCATED,,,,,
SLCMP201-0622,622,1222,192559223,2^192559223-1,STRUCTURAL_SCREEN_EXHAUSTED_PRIMALITY_UNASSIGNED,FIRST_SINGULARITY_SHELL_EXHAUSTED_PRIMALITY_UNASSIGNED,514,9595,9595,NO_RECORDED_FACTOR_PRP_OR_LL_RESULT_AND_NO_ACTIVE_GIMPS_ASSIGNMENT,2026-08-07T16:23:51+00:00,UNALLOCATED,,,,,
SLCMP201-0623,623,1223,192559271,2^192559271-1,STRUCTURAL_SCREEN_EXHAUSTED_PRIMALITY_UNASSIGNED,FIRST_SINGULARITY_SHELL_EXHAUSTED_PRIMALITY_UNASSIGNED,514,9595,9595,NO_RECORDED_FACTOR_PRP_OR_LL_RESULT_AND_NO_ACTIVE_GIMPS_ASSIGNMENT,2026-08-07T16:23:51+00:00,UNALLOCATED,,,,,
SLCMP201-0624,624,1224,192559349,2^192559349-1,STRUCTURAL_SCREEN_EXHAUSTED_PRIMALITY_UNASSIGNED,FIRST_SINGULARITY_SHELL_EXHAUSTED_PRIMALITY_UNASSIGNED,513,9595,9595,NO_RECORDED_FACTOR_PRP_OR_LL_RESULT_AND_NO_ACTIVE_GIMPS_ASSIGNMENT,2026-08-07T16:23:51+00:00,UNALLOCATED,,,,,
SLCMP201-0625,625,1225,192559351,2^192559351-1,STRUCTURAL_SCREEN_EXHAUSTED_PRIMALITY_UNASSIGNED,FIRST_SINGULARITY_SHELL_EXHAUSTED_PRIMALITY_UNASSIGNED,514,9595,9595,NO_RECORDED_FACTOR_PRP_OR_LL_RESULT_AND_NO_ACTIVE_GIMPS_ASSIGNMENT,2026-08-07T16:23:51+00:00,UNALLOCATED,,,,,
SLCMP201-0626,626,1227,192559481,2^192559481-1,STRUCTURAL_SCREEN_EXHAUSTED_PRIMALITY_UNASSIGNED,FIRST_SINGULARITY_SHELL_EXHAUSTED_PRIMALITY_UNASSIGNED,513,9595,9595,NO_RECORDED_FACTOR_PRP_OR_LL_RESULT_AND_NO_ACTIVE_GIMPS_ASSIGNMENT,2026-08-07T16:23:51+00:00,UNALLOCATED,,,,,
SLCMP201-0627,627,1229,192559603,2^192559603-1,STRUCTURAL_SCREEN_EXHAUSTED_PRIMALITY_UNASSIGNED,FIRST_SINGULARITY_SHELL_EXHAUSTED_PRIMALITY_UNASSIGNED,514,9595,9595,NO_RECORDED_FACTOR_PRP_OR_LL_RESULT_AND_NO_ACTIVE_GIMPS_ASSIGNMENT,2026-08-07T16:23:51+00:00,UNALLOCATED,,,,,
SLCMP201-0628,628,1230,192559607,2^192559607-1,STRUCTURAL_SCREEN_EXHAUSTED_PRIMALITY_UNASSIGNED,FIRST_SINGULARITY_SHELL_EXHAUSTED_PRIMALITY_UNASSIGNED,514,9595,9595,NO_RECORDED_FACTOR_PRP_OR_LL_RESULT_AND_NO_ACTIVE_GIMPS_ASSIGNMENT,2026-08-07T16:23:51+00:00,UNALLOCATED,,,,,
SLCMP201-0629,629,1231,192559637,2^192559637-1,STRUCTURAL_SCREEN_EXHAUSTED_PRIMALITY_UNASSIGNED,FIRST_SINGULARITY_SHELL_EXHAUSTED_PRIMALITY_UNASSIGNED,513,9595,9595,NO_RECORDED_FACTOR_PRP_OR_LL_RESULT_AND_NO_ACTIVE_GIMPS_ASSIGNMENT,2026-08-07T16:23:51+00:00,UNALLOCATED,,,,,
SLCMP201-0630,630,1232,192559673,2^192559673-1,STRUCTURAL_SCREEN_EXHAUSTED_PRIMALITY_UNASSIGNED,FIRST_SINGULARITY_SHELL_EXHAUSTED_PRIMALITY_UNASSIGNED,513,9595,9595,NO_RECORDED_FACTOR_PRP_OR_LL_RESULT_AND_NO_ACTIVE_GIMPS_ASSIGNMENT,2026-08-07T16:23:51+00:00,UNALLOCATED,,,,,
SLCMP201-0631,631,1233,192559789,2^192559789-1,STRUCTURAL_SCREEN_EXHAUSTED_PRIMALITY_UNASSIGNED,FIRST_SINGULARITY_SHELL_EXHAUSTED_PRIMALITY_UNASSIGNED,513,9595,9595,NO_RECORDED_FACTOR_PRP_OR_LL_RESULT_AND_NO_ACTIVE_GIMPS_ASSIGNMENT,2026-08-07T16:23:51+00:00,UNALLOCATED,,,,,
SLCMP201-0632,632,1234,192559811,2^192559811-1,STRUCTURAL_SCREEN_EXHAUSTED_PRIMALITY_UNASSIGNED,FIRST_SINGULARITY_SHELL_EXHAUSTED_PRIMALITY_UNASSIGNED,514,9595,9595,NO_RECORDED_FACTOR_PRP_OR_LL_RESULT_AND_NO_ACTIVE_GIMPS_ASSIGNMENT,2026-08-07T16:23:51+00:00,UNALLOCATED,,,,,
SLCMP201-0633,633,1236,192559837,2^192559837-1,STRUCTURAL_SCREEN_EXHAUSTED_PRIMALITY_UNASSIGNED,FIRST_SINGULARITY_SHELL_EXHAUSTED_PRIMALITY_UNASSIGNED,513,9595,9595,NO_RECORDED_FACTOR_PRP_OR_LL_RESULT_AND_NO_ACTIVE_GIMPS_ASSIGNMENT,2026-08-07T16:23:51+00:00,UNALLOCATED,,,,,
SLCMP201-0634,634,1237,192559883,2^192559883-1,STRUCTURAL_SCREEN_EXHAUSTED_PRIMALITY_UNASSIGNED,FIRST_SINGULARITY_SHELL_EXHAUSTED_PRIMALITY_UNASSIGNED,514,9595,9595,NO_RECORDED_FACTOR_PRP_OR_LL_RESULT_AND_NO_ACTIVE_GIMPS_ASSIGNMENT,2026-08-07T16:23:51+00:00,UNALLOCATED,,,,,
SLCMP201-0635,635,1239,192559937,2^192559937-1,STRUCTURAL_SCREEN_EXHAUSTED_PRIMALITY_UNASSIGNED,FIRST_SINGULARITY_SHELL_EXHAUSTED_PRIMALITY_UNASSIGNED,513,9595,9595,NO_RECORDED_FACTOR_PRP_OR_LL_RESULT_AND_NO_ACTIVE_GIMPS_ASSIGNMENT,2026-08-07T16:23:51+00:00,UNALLOCATED,,,,,
SLCMP201-0636,636,1241,192559993,2^192559993-1,STRUCTURAL_SCREEN_EXHAUSTED_PRIMALITY_UNASSIGNED,FIRST_SINGULARITY_SHELL_EXHAUSTED_PRIMALITY_UNASSIGNED,513,9595,9595,NO_RECORDED_FACTOR_PRP_OR_LL_RESULT_AND_NO_ACTIVE_GIMPS_ASSIGNMENT,2026-08-07T16:23:51+00:00,UNALLOCATED,,,,,
SLCMP201-0637,637,1243,192560033,2^192560033-1,STRUCTURAL_SCREEN_EXHAUSTED_PRIMALITY_UNASSIGNED,FIRST_SINGULARITY_SHELL_EXHAUSTED_PRIMALITY_UNASSIGNED,513,9595,9595,NO_RECORDED_FACTOR_PRP_OR_LL_RESULT_AND_NO_ACTIVE_GIMPS_ASSIGNMENT,2026-08-07T16:23:51+00:00,UNALLOCATED,,,,,
SLCMP201-0638,638,1245,192560141,2^192560141-1,STRUCTURAL_SCREEN_EXHAUSTED_PRIMALITY_UNASSIGNED,FIRST_SINGULARITY_SHELL_EXHAUSTED_PRIMALITY_UNASSIGNED,513,9595,9595,NO_RECORDED_FACTOR_PRP_OR_LL_RESULT_AND_NO_ACTIVE_GIMPS_ASSIGNMENT,2026-08-07T16:23:51+00:00,UNALLOCATED,,,,,
SLCMP201-0639,639,1249,192560351,2^192560351-1,STRUCTURAL_SCREEN_EXHAUSTED_PRIMALITY_UNASSIGNED,FIRST_SINGULARITY_SHELL_EXHAUSTED_PRIMALITY_UNASSIGNED,514,9595,9595,NO_RECORDED_FACTOR_PRP_OR_LL_RESULT_AND_NO_ACTIVE_GIMPS_ASSIGNMENT,2026-08-07T16:23:51+00:00,UNALLOCATED,,,,,
SLCMP201-0640,640,1250,192560359,2^192560359-1,STRUCTURAL_SCREEN_EXHAUSTED_PRIMALITY_UNASSIGNED,FIRST_SINGULARITY_SHELL_EXHAUSTED_PRIMALITY_UNASSIGNED,514,9595,9595,NO_RECORDED_FACTOR_PRP_OR_LL_RESULT_AND_NO_ACTIVE_GIMPS_ASSIGNMENT,2026-08-07T16:23:51+00:00,UNALLOCATED,,,,,
SLCMP201-0641,641,1256,192560461,2^192560461-1,STRUCTURAL_SCREEN_EXHAUSTED_PRIMALITY_UNASSIGNED,FIRST_SINGULARITY_SHELL_EXHAUSTED_PRIMALITY_UNASSIGNED,513,9595,9595,NO_RECORDED_FACTOR_PRP_OR_LL_RESULT_AND_NO_ACTIVE_GIMPS_ASSIGNMENT,2026-08-07T16:23:51+00:00,UNALLOCATED,,,,,
SLCMP201-0642,642,1259,192560707,2^192560707-1,STRUCTURAL_SCREEN_EXHAUSTED_PRIMALITY_UNASSIGNED,FIRST_SINGULARITY_SHELL_EXHAUSTED_PRIMALITY_UNASSIGNED,514,9595,9595,NO_RECORDED_FACTOR_PRP_OR_LL_RESULT_AND_NO_ACTIVE_GIMPS_ASSIGNMENT,2026-08-07T16:23:51+00:00,UNALLOCATED,,,,,
SLCMP201-0643,643,1263,192560983,2^192560983-1,STRUCTURAL_SCREEN_EXHAUSTED_PRIMALITY_UNASSIGNED,FIRST_SINGULARITY_SHELL_EXHAUSTED_PRIMALITY_UNASSIGNED,514,9595,9595,NO_RECORDED_FACTOR_PRP_OR_LL_RESULT_AND_NO_ACTIVE_GIMPS_ASSIGNMENT,2026-08-07T16:23:51+00:00,UNALLOCATED,,,,,
SLCMP201-0644,644,1267,192561203,2^192561203-1,STRUCTURAL_SCREEN_EXHAUSTED_PRIMALITY_UNASSIGNED,FIRST_SINGULARITY_SHELL_EXHAUSTED_PRIMALITY_UNASSIGNED,514,9595,9595,NO_RECORDED_FACTOR_PRP_OR_LL_RESULT_AND_NO_ACTIVE_GIMPS_ASSIGNMENT,2026-08-07T16:23:51+00:00,UNALLOCATED,,,,,
SLCMP201-0645,645,1269,192561331,2^192561331-1,STRUCTURAL_SCREEN_EXHAUSTED_PRIMALITY_UNASSIGNED,FIRST_SINGULARITY_SHELL_EXHAUSTED_PRIMALITY_UNASSIGNED,514,9595,9595,NO_RECORDED_FACTOR_PRP_OR_LL_RESULT_AND_NO_ACTIVE_GIMPS_ASSIGNMENT,2026-08-07T16:23:51+00:00,UNALLOCATED,,,,,
SLCMP201-0646,646,1270,192561401,2^192561401-1,STRUCTURAL_SCREEN_EXHAUSTED_PRIMALITY_UNASSIGNED,FIRST_SINGULARITY_SHELL_EXHAUSTED_PRIMALITY_UNASSIGNED,513,9595,9595,NO_RECORDED_FACTOR_PRP_OR_LL_RESULT_AND_NO_ACTIVE_GIMPS_ASSIGNMENT,2026-08-07T16:23:51+00:00,UNALLOCATED,,,,,
SLCMP201-0647,647,1273,192561563,2^192561563-1,STRUCTURAL_SCREEN_EXHAUSTED_PRIMALITY_UNASSIGNED,FIRST_SINGULARITY_SHELL_EXHAUSTED_PRIMALITY_UNASSIGNED,514,9595,9595,NO_RECORDED_FACTOR_PRP_OR_LL_RESULT_AND_NO_ACTIVE_GIMPS_ASSIGNMENT,2026-08-07T16:23:51+00:00,UNALLOCATED,,,,,
SLCMP201-0648,648,1275,192561659,2^192561659-1,STRUCTURAL_SCREEN_EXHAUSTED_PRIMALITY_UNASSIGNED,FIRST_SINGULARITY_SHELL_EXHAUSTED_PRIMALITY_UNASSIGNED,514,9595,9595,NO_RECORDED_FACTOR_PRP_OR_LL_RESULT_AND_NO_ACTIVE_GIMPS_ASSIGNMENT,2026-08-07T16:23:51+00:00,UNALLOCATED,,,,,
SLCMP201-0649,649,1276,192561757,2^192561757-1,STRUCTURAL_SCREEN_EXHAUSTED_PRIMALITY_UNASSIGNED,FIRST_SINGULARITY_SHELL_EXHAUSTED_PRIMALITY_UNASSIGNED,513,9595,9595,NO_RECORDED_FACTOR_PRP_OR_LL_RESULT_AND_NO_ACTIVE_GIMPS_ASSIGNMENT,2026-08-07T16:23:51+00:00,UNALLOCATED,,,,,
SLCMP201-0650,650,1277,192561829,2^192561829-1,STRUCTURAL_SCREEN_EXHAUSTED_PRIMALITY_UNASSIGNED,FIRST_SINGULARITY_SHELL_EXHAUSTED_PRIMALITY_UNASSIGNED,513,9595,9595,NO_RECORDED_FACTOR_PRP_OR_LL_RESULT_AND_NO_ACTIVE_GIMPS_ASSIGNMENT,2026-08-07T16:23:51+00:00,UNALLOCATED,,,,,
SLCMP201-0651,651,1278,192561833,2^192561833-1,STRUCTURAL_SCREEN_EXHAUSTED_PRIMALITY_UNASSIGNED,FIRST_SINGULARITY_SHELL_EXHAUSTED_PRIMALITY_UNASSIGNED,513,9595,9595,NO_RECORDED_FACTOR_PRP_OR_LL_RESULT_AND_NO_ACTIVE_GIMPS_ASSIGNMENT,2026-08-07T16:23:51+00:00,UNALLOCATED,,,,,
SLCMP201-0652,652,1279,192561847,2^192561847-1,STRUCTURAL_SCREEN_EXHAUSTED_PRIMALITY_UNASSIGNED,FIRST_SINGULARITY_SHELL_EXHAUSTED_PRIMALITY_UNASSIGNED,514,9595,9595,NO_RECORDED_FACTOR_PRP_OR_LL_RESULT_AND_NO_ACTIVE_GIMPS_ASSIGNMENT,2026-08-07T16:23:51+00:00,UNALLOCATED,,,,,
SLCMP201-0653,653,1281,192561893,2^192561893-1,STRUCTURAL_SCREEN_EXHAUSTED_PRIMALITY_UNASSIGNED,FIRST_SINGULARITY_SHELL_EXHAUSTED_PRIMALITY_UNASSIGNED,513,9595,9595,NO_RECORDED_FACTOR_PRP_OR_LL_RESULT_AND_NO_ACTIVE_GIMPS_ASSIGNMENT,2026-08-07T16:23:51+00:00,UNALLOCATED,,,,,
SLCMP201-0654,654,1282,192561937,2^192561937-1,STRUCTURAL_SCREEN_EXHAUSTED_PRIMALITY_UNASSIGNED,FIRST_SINGULARITY_SHELL_EXHAUSTED_PRIMALITY_UNASSIGNED,513,9595,9595,NO_RECORDED_FACTOR_PRP_OR_LL_RESULT_AND_NO_ACTIVE_GIMPS_ASSIGNMENT,2026-08-07T16:23:51+00:00,UNALLOCATED,,,,,
SLCMP201-0655,655,1285,192562067,2^192562067-1,STRUCTURAL_SCREEN_EXHAUSTED_PRIMALITY_UNASSIGNED,FIRST_SINGULARITY_SHELL_EXHAUSTED_PRIMALITY_UNASSIGNED,514,9595,9595,NO_RECORDED_FACTOR_PRP_OR_LL_RESULT_AND_NO_ACTIVE_GIMPS_ASSIGNMENT,2026-08-07T16:23:51+00:00,UNALLOCATED,,,,,
SLCMP201-0656,656,1289,192562339,2^192562339-1,STRUCTURAL_SCREEN_EXHAUSTED_PRIMALITY_UNASSIGNED,FIRST_SINGULARITY_SHELL_EXHAUSTED_PRIMALITY_UNASSIGNED,514,9595,9595,NO_RECORDED_FACTOR_PRP_OR_LL_RESULT_AND_NO_ACTIVE_GIMPS_ASSIGNMENT,2026-08-07T16:23:51+00:00,UNALLOCATED,,,,,
SLCMP201-0657,657,1291,192562427,2^192562427-1,STRUCTURAL_SCREEN_EXHAUSTED_PRIMALITY_UNASSIGNED,FIRST_SINGULARITY_SHELL_EXHAUSTED_PRIMALITY_UNASSIGNED,514,9595,9595,NO_RECORDED_FACTOR_PRP_OR_LL_RESULT_AND_NO_ACTIVE_GIMPS_ASSIGNMENT,2026-08-07T16:23:51+00:00,UNALLOCATED,,,,,
SLCMP201-0658,658,1294,192562583,2^192562583-1,STRUCTURAL_SCREEN_EXHAUSTED_PRIMALITY_UNASSIGNED,FIRST_SINGULARITY_SHELL_EXHAUSTED_PRIMALITY_UNASSIGNED,514,9595,9595,NO_RECORDED_FACTOR_PRP_OR_LL_RESULT_AND_NO_ACTIVE_GIMPS_ASSIGNMENT,2026-08-07T16:23:51+00:00,UNALLOCATED,,,,,
SLCMP201-0659,659,1297,192562759,2^192562759-1,STRUCTURAL_SCREEN_EXHAUSTED_PRIMALITY_UNASSIGNED,FIRST_SINGULARITY_SHELL_EXHAUSTED_PRIMALITY_UNASSIGNED,514,9595,9595,NO_RECORDED_FACTOR_PRP_OR_LL_RESULT_AND_NO_ACTIVE_GIMPS_ASSIGNMENT,2026-08-07T16:23:51+00:00,UNALLOCATED,,,,,
SLCMP201-0660,660,1301,192562943,2^192562943-1,STRUCTURAL_SCREEN_EXHAUSTED_PRIMALITY_UNASSIGNED,FIRST_SINGULARITY_SHELL_EXHAUSTED_PRIMALITY_UNASSIGNED,514,9595,9595,NO_RECORDED_FACTOR_PRP_OR_LL_RESULT_AND_NO_ACTIVE_GIMPS_ASSIGNMENT,2026-08-07T16:23:51+00:00,UNALLOCATED,,,,,
SLCMP201-0661,661,1306,192563263,2^192563263-1,STRUCTURAL_SCREEN_EXHAUSTED_PRIMALITY_UNASSIGNED,FIRST_SINGULARITY_SHELL_EXHAUSTED_PRIMALITY_UNASSIGNED,514,9595,9595,NO_RECORDED_FACTOR_PRP_OR_LL_RESULT_AND_NO_ACTIVE_GIMPS_ASSIGNMENT,2026-08-07T16:23:51+00:00,UNALLOCATED,,,,,
SLCMP201-0662,662,1310,192563467,2^192563467-1,STRUCTURAL_SCREEN_EXHAUSTED_PRIMALITY_UNASSIGNED,FIRST_SINGULARITY_SHELL_EXHAUSTED_PRIMALITY_UNASSIGNED,514,9595,9595,NO_RECORDED_FACTOR_PRP_OR_LL_RESULT_AND_NO_ACTIVE_GIMPS_ASSIGNMENT,2026-08-07T16:23:51+00:00,UNALLOCATED,,,,,
SLCMP201-0663,663,1314,192563617,2^192563617-1,STRUCTURAL_SCREEN_EXHAUSTED_PRIMALITY_UNASSIGNED,FIRST_SINGULARITY_SHELL_EXHAUSTED_PRIMALITY_UNASSIGNED,513,9595,9595,NO_RECORDED_FACTOR_PRP_OR_LL_RESULT_AND_NO_ACTIVE_GIMPS_ASSIGNMENT,2026-08-07T16:23:51+00:00,UNALLOCATED,,,,,
SLCMP201-0664,664,1318,192563731,2^192563731-1,STRUCTURAL_SCREEN_EXHAUSTED_PRIMALITY_UNASSIGNED,FIRST_SINGULARITY_SHELL_EXHAUSTED_PRIMALITY_UNASSIGNED,514,9595,9595,NO_RECORDED_FACTOR_PRP_OR_LL_RESULT_AND_NO_ACTIVE_GIMPS_ASSIGNMENT,2026-08-07T16:23:51+00:00,UNALLOCATED,,,,,
SLCMP201-0665,665,1321,192563939,2^192563939-1,STRUCTURAL_SCREEN_EXHAUSTED_PRIMALITY_UNASSIGNED,FIRST_SINGULARITY_SHELL_EXHAUSTED_PRIMALITY_UNASSIGNED,514,9595,9595,NO_RECORDED_FACTOR_PRP_OR_LL_RESULT_AND_NO_ACTIVE_GIMPS_ASSIGNMENT,2026-08-07T16:23:51+00:00,UNALLOCATED,,,,,
SLCMP201-0666,666,1322,192563951,2^192563951-1,STRUCTURAL_SCREEN_EXHAUSTED_PRIMALITY_UNASSIGNED,FIRST_SINGULARITY_SHELL_EXHAUSTED_PRIMALITY_UNASSIGNED,514,9595,9595,NO_RECORDED_FACTOR_PRP_OR_LL_RESULT_AND_NO_ACTIVE_GIMPS_ASSIGNMENT,2026-08-07T16:23:51+00:00,UNALLOCATED,,,,,
SLCMP201-0667,667,1323,192563953,2^192563953-1,STRUCTURAL_SCREEN_EXHAUSTED_PRIMALITY_UNASSIGNED,FIRST_SINGULARITY_SHELL_EXHAUSTED_PRIMALITY_UNASSIGNED,513,9595,9595,NO_RECORDED_FACTOR_PRP_OR_LL_RESULT_AND_NO_ACTIVE_GIMPS_ASSIGNMENT,2026-08-07T16:23:51+00:00,UNALLOCATED,,,,,
SLCMP201-0668,668,1325,192564103,2^192564103-1,STRUCTURAL_SCREEN_EXHAUSTED_PRIMALITY_UNASSIGNED,FIRST_SINGULARITY_SHELL_EXHAUSTED_PRIMALITY_UNASSIGNED,514,9595,9595,NO_RECORDED_FACTOR_PRP_OR_LL_RESULT_AND_NO_ACTIVE_GIMPS_ASSIGNMENT,2026-08-07T16:23:51+00:00,UNALLOCATED,,,,,
SLCMP201-0669,669,1328,192564223,2^192564223-1,STRUCTURAL_SCREEN_EXHAUSTED_PRIMALITY_UNASSIGNED,FIRST_SINGULARITY_SHELL_EXHAUSTED_PRIMALITY_UNASSIGNED,514,9595,9595,NO_RECORDED_FACTOR_PRP_OR_LL_RESULT_AND_NO_ACTIVE_GIMPS_ASSIGNMENT,2026-08-07T16:23:51+00:00,UNALLOCATED,,,,,
SLCMP201-0670,670,1332,192564431,2^192564431-1,STRUCTURAL_SCREEN_EXHAUSTED_PRIMALITY_UNASSIGNED,FIRST_SINGULARITY_SHELL_EXHAUSTED_PRIMALITY_UNASSIGNED,514,9595,9595,NO_RECORDED_FACTOR_PRP_OR_LL_RESULT_AND_NO_ACTIVE_GIMPS_ASSIGNMENT,2026-08-07T16:23:51+00:00,UNALLOCATED,,,,,
SLCMP201-0671,671,1334,192564443,2^192564443-1,STRUCTURAL_SCREEN_EXHAUSTED_PRIMALITY_UNASSIGNED,FIRST_SINGULARITY_SHELL_EXHAUSTED_PRIMALITY_UNASSIGNED,514,9595,9595,NO_RECORDED_FACTOR_PRP_OR_LL_RESULT_AND_NO_ACTIVE_GIMPS_ASSIGNMENT,2026-08-07T16:23:51+00:00,UNALLOCATED,,,,,
SLCMP201-0672,672,1341,192565159,2^192565159-1,STRUCTURAL_SCREEN_EXHAUSTED_PRIMALITY_UNASSIGNED,FIRST_SINGULARITY_SHELL_EXHAUSTED_PRIMALITY_UNASSIGNED,514,9595,9595,NO_RECORDED_FACTOR_PRP_OR_LL_RESULT_AND_NO_ACTIVE_GIMPS_ASSIGNMENT,2026-08-07T16:23:51+00:00,UNALLOCATED,,,,,
SLCMP201-0673,673,1347,192565319,2^192565319-1,STRUCTURAL_SCREEN_EXHAUSTED_PRIMALITY_UNASSIGNED,FIRST_SINGULARITY_SHELL_EXHAUSTED_PRIMALITY_UNASSIGNED,514,9595,9595,NO_RECORDED_FACTOR_PRP_OR_LL_RESULT_AND_NO_ACTIVE_GIMPS_ASSIGNMENT,2026-08-07T16:23:51+00:00,UNALLOCATED,,,,,
SLCMP201-0674,674,1350,192565411,2^192565411-1,STRUCTURAL_SCREEN_EXHAUSTED_PRIMALITY_UNASSIGNED,FIRST_SINGULARITY_SHELL_EXHAUSTED_PRIMALITY_UNASSIGNED,514,9595,9595,NO_RECORDED_FACTOR_PRP_OR_LL_RESULT_AND_NO_ACTIVE_GIMPS_ASSIGNMENT,2026-08-07T16:23:51+00:00,UNALLOCATED,,,,,
SLCMP201-0675,675,1355,192565547,2^192565547-1,STRUCTURAL_SCREEN_EXHAUSTED_PRIMALITY_UNASSIGNED,FIRST_SINGULARITY_SHELL_EXHAUSTED_PRIMALITY_UNASSIGNED,514,9595,9595,NO_RECORDED_FACTOR_PRP_OR_LL_RESULT_AND_NO_ACTIVE_GIMPS_ASSIGNMENT,2026-08-07T16:23:51+00:00,UNALLOCATED,,,,,
SLCMP201-0676,676,1364,192565883,2^192565883-1,STRUCTURAL_SCREEN_EXHAUSTED_PRIMALITY_UNASSIGNED,FIRST_SINGULARITY_SHELL_EXHAUSTED_PRIMALITY_UNASSIGNED,514,9595,9595,NO_RECORDED_FACTOR_PRP_OR_LL_RESULT_AND_NO_ACTIVE_GIMPS_ASSIGNMENT,2026-08-07T16:23:51+00:00,UNALLOCATED,,,,,
SLCMP201-0677,677,1366,192565999,2^192565999-1,STRUCTURAL_SCREEN_EXHAUSTED_PRIMALITY_UNASSIGNED,FIRST_SINGULARITY_SHELL_EXHAUSTED_PRIMALITY_UNASSIGNED,514,9595,9595,NO_RECORDED_FACTOR_PRP_OR_LL_RESULT_AND_NO_ACTIVE_GIMPS_ASSIGNMENT,2026-08-07T16:23:51+00:00,UNALLOCATED,,,,,
SLCMP201-0678,678,1371,192566263,2^192566263-1,STRUCTURAL_SCREEN_EXHAUSTED_PRIMALITY_UNASSIGNED,FIRST_SINGULARITY_SHELL_EXHAUSTED_PRIMALITY_UNASSIGNED,514,9595,9595,NO_RECORDED_FACTOR_PRP_OR_LL_RESULT_AND_NO_ACTIVE_GIMPS_ASSIGNMENT,2026-08-07T16:23:51+00:00,UNALLOCATED,,,,,
SLCMP201-0679,679,1374,192566533,2^192566533-1,STRUCTURAL_SCREEN_EXHAUSTED_PRIMALITY_UNASSIGNED,FIRST_SINGULARITY_SHELL_EXHAUSTED_PRIMALITY_UNASSIGNED,513,9595,9595,NO_RECORDED_FACTOR_PRP_OR_LL_RESULT_AND_NO_ACTIVE_GIMPS_ASSIGNMENT,2026-08-07T16:23:51+00:00,UNALLOCATED,,,,,
SLCMP201-0680,680,1380,192566779,2^192566779-1,STRUCTURAL_SCREEN_EXHAUSTED_PRIMALITY_UNASSIGNED,FIRST_SINGULARITY_SHELL_EXHAUSTED_PRIMALITY_UNASSIGNED,514,9595,9595,NO_RECORDED_FACTOR_PRP_OR_LL_RESULT_AND_NO_ACTIVE_GIMPS_ASSIGNMENT,2026-08-07T16:23:51+00:00,UNALLOCATED,,,,,
SLCMP201-0681,681,1381,192566783,2^192566783-1,STRUCTURAL_SCREEN_EXHAUSTED_PRIMALITY_UNASSIGNED,FIRST_SINGULARITY_SHELL_EXHAUSTED_PRIMALITY_UNASSIGNED,514,9595,9595,NO_RECORDED_FACTOR_PRP_OR_LL_RESULT_AND_NO_ACTIVE_GIMPS_ASSIGNMENT,2026-08-07T16:23:51+00:00,UNALLOCATED,,,,,
SLCMP201-0682,682,1383,192567013,2^192567013-1,STRUCTURAL_SCREEN_EXHAUSTED_PRIMALITY_UNASSIGNED,FIRST_SINGULARITY_SHELL_EXHAUSTED_PRIMALITY_UNASSIGNED,513,9595,9595,NO_RECORDED_FACTOR_PRP_OR_LL_RESULT_AND_NO_ACTIVE_GIMPS_ASSIGNMENT,2026-08-07T16:23:51+00:00,UNALLOCATED,,,,,
SLCMP201-0683,683,1400,192567961,2^192567961-1,STRUCTURAL_SCREEN_EXHAUSTED_PRIMALITY_UNASSIGNED,FIRST_SINGULARITY_SHELL_EXHAUSTED_PRIMALITY_UNASSIGNED,513,9595,9595,NO_RECORDED_FACTOR_PRP_OR_LL_RESULT_AND_NO_ACTIVE_GIMPS_ASSIGNMENT,2026-08-07T16:23:51+00:00,UNALLOCATED,,,,,
SLCMP201-0684,684,1401,192567967,2^192567967-1,STRUCTURAL_SCREEN_EXHAUSTED_PRIMALITY_UNASSIGNED,FIRST_SINGULARITY_SHELL_EXHAUSTED_PRIMALITY_UNASSIGNED,514,9595,9595,NO_RECORDED_FACTOR_PRP_OR_LL_RESULT_AND_NO_ACTIVE_GIMPS_ASSIGNMENT,2026-08-07T16:23:51+00:00,UNALLOCATED,,,,,
SLCMP201-0685,685,1405,192568127,2^192568127-1,STRUCTURAL_SCREEN_EXHAUSTED_PRIMALITY_UNASSIGNED,FIRST_SINGULARITY_SHELL_EXHAUSTED_PRIMALITY_UNASSIGNED,514,9595,9595,NO_RECORDED_FACTOR_PRP_OR_LL_RESULT_AND_NO_ACTIVE_GIMPS_ASSIGNMENT,2026-08-07T16:23:51+00:00,UNALLOCATED,,,,,
SLCMP201-0686,686,1406,192568141,2^192568141-1,STRUCTURAL_SCREEN_EXHAUSTED_PRIMALITY_UNASSIGNED,FIRST_SINGULARITY_SHELL_EXHAUSTED_PRIMALITY_UNASSIGNED,513,9595,9595,NO_RECORDED_FACTOR_PRP_OR_LL_RESULT_AND_NO_ACTIVE_GIMPS_ASSIGNMENT,2026-08-07T16:23:51+00:00,UNALLOCATED,,,,,
SLCMP201-0687,687,1407,192568151,2^192568151-1,STRUCTURAL_SCREEN_EXHAUSTED_PRIMALITY_UNASSIGNED,FIRST_SINGULARITY_SHELL_EXHAUSTED_PRIMALITY_UNASSIGNED,514,9595,9595,NO_RECORDED_FACTOR_PRP_OR_LL_RESULT_AND_NO_ACTIVE_GIMPS_ASSIGNMENT,2026-08-07T16:23:51+00:00,UNALLOCATED,,,,,
SLCMP201-0688,688,1408,192568157,2^192568157-1,STRUCTURAL_SCREEN_EXHAUSTED_PRIMALITY_UNASSIGNED,FIRST_SINGULARITY_SHELL_EXHAUSTED_PRIMALITY_UNASSIGNED,513,9595,9595,NO_RECORDED_FACTOR_PRP_OR_LL_RESULT_AND_NO_ACTIVE_GIMPS_ASSIGNMENT,2026-08-07T16:23:51+00:00,UNALLOCATED,,,,,
SLCMP201-0689,689,1412,192568331,2^192568331-1,STRUCTURAL_SCREEN_EXHAUSTED_PRIMALITY_UNASSIGNED,FIRST_SINGULARITY_SHELL_EXHAUSTED_PRIMALITY_UNASSIGNED,514,9595,9595,NO_RECORDED_FACTOR_PRP_OR_LL_RESULT_AND_NO_ACTIVE_GIMPS_ASSIGNMENT,2026-08-07T16:23:51+00:00,UNALLOCATED,,,,,
SLCMP201-0690,690,1413,192568339,2^192568339-1,STRUCTURAL_SCREEN_EXHAUSTED_PRIMALITY_UNASSIGNED,FIRST_SINGULARITY_SHELL_EXHAUSTED_PRIMALITY_UNASSIGNED,514,9595,9595,NO_RECORDED_FACTOR_PRP_OR_LL_RESULT_AND_NO_ACTIVE_GIMPS_ASSIGNMENT,2026-08-07T16:23:51+00:00,UNALLOCATED,,,,,
SLCMP201-0691,691,1414,192568357,2^192568357-1,STRUCTURAL_SCREEN_EXHAUSTED_PRIMALITY_UNASSIGNED,FIRST_SINGULARITY_SHELL_EXHAUSTED_PRIMALITY_UNASSIGNED,513,9595,9595,NO_RECORDED_FACTOR_PRP_OR_LL_RESULT_AND_NO_ACTIVE_GIMPS_ASSIGNMENT,2026-08-07T16:23:51+00:00,UNALLOCATED,,,,,
SLCMP201-0692,692,1423,192568723,2^192568723-1,STRUCTURAL_SCREEN_EXHAUSTED_PRIMALITY_UNASSIGNED,FIRST_SINGULARITY_SHELL_EXHAUSTED_PRIMALITY_UNASSIGNED,514,9595,9595,NO_RECORDED_FACTOR_PRP_OR_LL_RESULT_AND_NO_ACTIVE_GIMPS_ASSIGNMENT,2026-08-07T16:23:51+00:00,UNALLOCATED,,,,,
SLCMP201-0693,693,1425,192568853,2^192568853-1,STRUCTURAL_SCREEN_EXHAUSTED_PRIMALITY_UNASSIGNED,FIRST_SINGULARITY_SHELL_EXHAUSTED_PRIMALITY_UNASSIGNED,513,9595,9595,NO_RECORDED_FACTOR_PRP_OR_LL_RESULT_AND_NO_ACTIVE_GIMPS_ASSIGNMENT,2026-08-07T16:23:51+00:00,UNALLOCATED,,,,,
SLCMP201-0694,694,1427,192568897,2^192568897-1,STRUCTURAL_SCREEN_EXHAUSTED_PRIMALITY_UNASSIGNED,FIRST_SINGULARITY_SHELL_EXHAUSTED_PRIMALITY_UNASSIGNED,513,9595,9595,NO_RECORDED_FACTOR_PRP_OR_LL_RESULT_AND_NO_ACTIVE_GIMPS_ASSIGNMENT,2026-08-07T16:23:51+00:00,UNALLOCATED,,,,,
SLCMP201-0695,695,1438,192569603,2^192569603-1,STRUCTURAL_SCREEN_EXHAUSTED_PRIMALITY_UNASSIGNED,FIRST_SINGULARITY_SHELL_EXHAUSTED_PRIMALITY_UNASSIGNED,514,9595,9595,NO_RECORDED_FACTOR_PRP_OR_LL_RESULT_AND_NO_ACTIVE_GIMPS_ASSIGNMENT,2026-08-07T16:23:51+00:00,UNALLOCATED,,,,,
SLCMP201-0696,696,1439,192569677,2^192569677-1,STRUCTURAL_SCREEN_EXHAUSTED_PRIMALITY_UNASSIGNED,FIRST_SINGULARITY_SHELL_EXHAUSTED_PRIMALITY_UNASSIGNED,513,9595,9595,NO_RECORDED_FACTOR_PRP_OR_LL_RESULT_AND_NO_ACTIVE_GIMPS_ASSIGNMENT,2026-08-07T16:23:51+00:00,UNALLOCATED,,,,,
SLCMP201-0697,697,1441,192569747,2^192569747-1,STRUCTURAL_SCREEN_EXHAUSTED_PRIMALITY_UNASSIGNED,FIRST_SINGULARITY_SHELL_EXHAUSTED_PRIMALITY_UNASSIGNED,514,9595,9595,NO_RECORDED_FACTOR_PRP_OR_LL_RESULT_AND_NO_ACTIVE_GIMPS_ASSIGNMENT,2026-08-07T16:23:51+00:00,UNALLOCATED,,,,,
SLCMP201-0698,698,1443,192569849,2^192569849-1,STRUCTURAL_SCREEN_EXHAUSTED_PRIMALITY_UNASSIGNED,FIRST_SINGULARITY_SHELL_EXHAUSTED_PRIMALITY_UNASSIGNED,513,9595,9595,NO_RECORDED_FACTOR_PRP_OR_LL_RESULT_AND_NO_ACTIVE_GIMPS_ASSIGNMENT,2026-08-07T16:23:51+00:00,UNALLOCATED,,,,,
SLCMP201-0699,699,1445,192569887,2^192569887-1,STRUCTURAL_SCREEN_EXHAUSTED_PRIMALITY_UNASSIGNED,FIRST_SINGULARITY_SHELL_EXHAUSTED_PRIMALITY_UNASSIGNED,514,9595,9595,NO_RECORDED_FACTOR_PRP_OR_LL_RESULT_AND_NO_ACTIVE_GIMPS_ASSIGNMENT,2026-08-07T16:23:51+00:00,UNALLOCATED,,,,,
SLCMP201-0700,700,1446,192569903,2^192569903-1,STRUCTURAL_SCREEN_EXHAUSTED_PRIMALITY_UNASSIGNED,FIRST_SINGULARITY_SHELL_EXHAUSTED_PRIMALITY_UNASSIGNED,514,9595,9595,NO_RECORDED_FACTOR_PRP_OR_LL_RESULT_AND_NO_ACTIVE_GIMPS_ASSIGNMENT,2026-08-07T16:23:51+00:00,UNALLOCATED,,,,,
SLCMP201-0701,701,1447,192569957,2^192569957-1,STRUCTURAL_SCREEN_EXHAUSTED_PRIMALITY_UNASSIGNED,FIRST_SINGULARITY_SHELL_EXHAUSTED_PRIMALITY_UNASSIGNED,513,9595,9595,NO_RECORDED_FACTOR_PRP_OR_LL_RESULT_AND_NO_ACTIVE_GIMPS_ASSIGNMENT,2026-08-07T16:23:51+00:00,UNALLOCATED,,,,,
SLCMP201-0702,702,1448,192569977,2^192569977-1,STRUCTURAL_SCREEN_EXHAUSTED_PRIMALITY_UNASSIGNED,FIRST_SINGULARITY_SHELL_EXHAUSTED_PRIMALITY_UNASSIGNED,513,9595,9595,NO_RECORDED_FACTOR_PRP_OR_LL_RESULT_AND_NO_ACTIVE_GIMPS_ASSIGNMENT,2026-08-07T16:23:51+00:00,UNALLOCATED,,,,,
SLCMP201-0703,703,1449,192569983,2^192569983-1,STRUCTURAL_SCREEN_EXHAUSTED_PRIMALITY_UNASSIGNED,FIRST_SINGULARITY_SHELL_EXHAUSTED_PRIMALITY_UNASSIGNED,514,9595,9595,NO_RECORDED_FACTOR_PRP_OR_LL_RESULT_AND_NO_ACTIVE_GIMPS_ASSIGNMENT,2026-08-07T16:23:51+00:00,UNALLOCATED,,,,,
SLCMP201-0704,704,1450,192570083,2^192570083-1,STRUCTURAL_SCREEN_EXHAUSTED_PRIMALITY_UNASSIGNED,FIRST_SINGULARITY_SHELL_EXHAUSTED_PRIMALITY_UNASSIGNED,514,9595,9595,NO_RECORDED_FACTOR_PRP_OR_LL_RESULT_AND_NO_ACTIVE_GIMPS_ASSIGNMENT,2026-08-07T16:23:51+00:00,UNALLOCATED,,,,,
SLCMP201-0705,705,1456,192570341,2^192570341-1,STRUCTURAL_SCREEN_EXHAUSTED_PRIMALITY_UNASSIGNED,FIRST_SINGULARITY_SHELL_EXHAUSTED_PRIMALITY_UNASSIGNED,513,9595,9595,NO_RECORDED_FACTOR_PRP_OR_LL_RESULT_AND_NO_ACTIVE_GIMPS_ASSIGNMENT,2026-08-07T16:23:51+00:00,UNALLOCATED,,,,,
SLCMP201-0706,706,1457,192570347,2^192570347-1,STRUCTURAL_SCREEN_EXHAUSTED_PRIMALITY_UNASSIGNED,FIRST_SINGULARITY_SHELL_EXHAUSTED_PRIMALITY_UNASSIGNED,514,9595,9595,NO_RECORDED_FACTOR_PRP_OR_LL_RESULT_AND_NO_ACTIVE_GIMPS_ASSIGNMENT,2026-08-07T16:23:51+00:00,UNALLOCATED,,,,,
SLCMP201-0707,707,1464,192570709,2^192570709-1,STRUCTURAL_SCREEN_EXHAUSTED_PRIMALITY_UNASSIGNED,FIRST_SINGULARITY_SHELL_EXHAUSTED_PRIMALITY_UNASSIGNED,513,9595,9595,NO_RECORDED_FACTOR_PRP_OR_LL_RESULT_AND_NO_ACTIVE_GIMPS_ASSIGNMENT,2026-08-07T16:23:51+00:00,UNALLOCATED,,,,,
SLCMP201-0708,708,1465,192570731,2^192570731-1,STRUCTURAL_SCREEN_EXHAUSTED_PRIMALITY_UNASSIGNED,FIRST_SINGULARITY_SHELL_EXHAUSTED_PRIMALITY_UNASSIGNED,514,9595,9595,NO_RECORDED_FACTOR_PRP_OR_LL_RESULT_AND_NO_ACTIVE_GIMPS_ASSIGNMENT,2026-08-07T16:23:51+00:00,UNALLOCATED,,,,,
SLCMP201-0709,709,1466,192570733,2^192570733-1,STRUCTURAL_SCREEN_EXHAUSTED_PRIMALITY_UNASSIGNED,FIRST_SINGULARITY_SHELL_EXHAUSTED_PRIMALITY_UNASSIGNED,513,9595,9595,NO_RECORDED_FACTOR_PRP_OR_LL_RESULT_AND_NO_ACTIVE_GIMPS_ASSIGNMENT,2026-08-07T16:23:51+00:00,UNALLOCATED,,,,,
SLCMP201-0710,710,1467,192570869,2^192570869-1,STRUCTURAL_SCREEN_EXHAUSTED_PRIMALITY_UNASSIGNED,FIRST_SINGULARITY_SHELL_EXHAUSTED_PRIMALITY_UNASSIGNED,513,9595,9595,NO_RECORDED_FACTOR_PRP_OR_LL_RESULT_AND_NO_ACTIVE_GIMPS_ASSIGNMENT,2026-08-07T16:23:51+00:00,UNALLOCATED,,,,,
SLCMP201-0711,711,1468,192570877,2^192570877-1,STRUCTURAL_SCREEN_EXHAUSTED_PRIMALITY_UNASSIGNED,FIRST_SINGULARITY_SHELL_EXHAUSTED_PRIMALITY_UNASSIGNED,513,9595,9595,NO_RECORDED_FACTOR_PRP_OR_LL_RESULT_AND_NO_ACTIVE_GIMPS_ASSIGNMENT,2026-08-07T16:23:51+00:00,UNALLOCATED,,,,,
SLCMP201-0712,712,1470,192570941,2^192570941-1,STRUCTURAL_SCREEN_EXHAUSTED_PRIMALITY_UNASSIGNED,FIRST_SINGULARITY_SHELL_EXHAUSTED_PRIMALITY_UNASSIGNED,513,9595,9595,NO_RECORDED_FACTOR_PRP_OR_LL_RESULT_AND_NO_ACTIVE_GIMPS_ASSIGNMENT,2026-08-07T16:23:51+00:00,UNALLOCATED,,,,,
SLCMP201-0713,713,1472,192571123,2^192571123-1,STRUCTURAL_SCREEN_EXHAUSTED_PRIMALITY_UNASSIGNED,FIRST_SINGULARITY_SHELL_EXHAUSTED_PRIMALITY_UNASSIGNED,514,9595,9595,NO_RECORDED_FACTOR_PRP_OR_LL_RESULT_AND_NO_ACTIVE_GIMPS_ASSIGNMENT,2026-08-07T16:23:51+00:00,UNALLOCATED,,,,,
SLCMP201-0714,714,1475,192571261,2^192571261-1,STRUCTURAL_SCREEN_EXHAUSTED_PRIMALITY_UNASSIGNED,FIRST_SINGULARITY_SHELL_EXHAUSTED_PRIMALITY_UNASSIGNED,513,9595,9595,NO_RECORDED_FACTOR_PRP_OR_LL_RESULT_AND_NO_ACTIVE_GIMPS_ASSIGNMENT,2026-08-07T16:23:51+00:00,UNALLOCATED,,,,,
SLCMP201-0715,715,1478,192571381,2^192571381-1,STRUCTURAL_SCREEN_EXHAUSTED_PRIMALITY_UNASSIGNED,FIRST_SINGULARITY_SHELL_EXHAUSTED_PRIMALITY_UNASSIGNED,513,9595,9595,NO_RECORDED_FACTOR_PRP_OR_LL_RESULT_AND_NO_ACTIVE_GIMPS_ASSIGNMENT,2026-08-07T16:23:51+00:00,UNALLOCATED,,,,,
SLCMP201-0716,716,1479,192571439,2^192571439-1,STRUCTURAL_SCREEN_EXHAUSTED_PRIMALITY_UNASSIGNED,FIRST_SINGULARITY_SHELL_EXHAUSTED_PRIMALITY_UNASSIGNED,514,9595,9595,NO_RECORDED_FACTOR_PRP_OR_LL_RESULT_AND_NO_ACTIVE_GIMPS_ASSIGNMENT,2026-08-07T16:23:51+00:00,UNALLOCATED,,,,,
SLCMP201-0717,717,1480,192571487,2^192571487-1,STRUCTURAL_SCREEN_EXHAUSTED_PRIMALITY_UNASSIGNED,FIRST_SINGULARITY_SHELL_EXHAUSTED_PRIMALITY_UNASSIGNED,514,9595,9595,NO_RECORDED_FACTOR_PRP_OR_LL_RESULT_AND_NO_ACTIVE_GIMPS_ASSIGNMENT,2026-08-07T16:23:51+00:00,UNALLOCATED,,,,,
SLCMP201-0718,718,1482,192571531,2^192571531-1,STRUCTURAL_SCREEN_EXHAUSTED_PRIMALITY_UNASSIGNED,FIRST_SINGULARITY_SHELL_EXHAUSTED_PRIMALITY_UNASSIGNED,514,9595,9595,NO_RECORDED_FACTOR_PRP_OR_LL_RESULT_AND_NO_ACTIVE_GIMPS_ASSIGNMENT,2026-08-07T16:23:51+00:00,UNALLOCATED,,,,,
SLCMP201-0719,719,1485,192571781,2^192571781-1,STRUCTURAL_SCREEN_EXHAUSTED_PRIMALITY_UNASSIGNED,FIRST_SINGULARITY_SHELL_EXHAUSTED_PRIMALITY_UNASSIGNED,513,9595,9595,NO_RECORDED_FACTOR_PRP_OR_LL_RESULT_AND_NO_ACTIVE_GIMPS_ASSIGNMENT,2026-08-07T16:23:51+00:00,UNALLOCATED,,,,,
SLCMP201-0720,720,1488,192571837,2^192571837-1,STRUCTURAL_SCREEN_EXHAUSTED_PRIMALITY_UNASSIGNED,FIRST_SINGULARITY_SHELL_EXHAUSTED_PRIMALITY_UNASSIGNED,513,9595,9595,NO_RECORDED_FACTOR_PRP_OR_LL_RESULT_AND_NO_ACTIVE_GIMPS_ASSIGNMENT,2026-08-07T16:23:51+00:00,UNALLOCATED,,,,,
SLCMP201-0721,721,1489,192571877,2^192571877-1,STRUCTURAL_SCREEN_EXHAUSTED_PRIMALITY_UNASSIGNED,FIRST_SINGULARITY_SHELL_EXHAUSTED_PRIMALITY_UNASSIGNED,513,9595,9595,NO_RECORDED_FACTOR_PRP_OR_LL_RESULT_AND_NO_ACTIVE_GIMPS_ASSIGNMENT,2026-08-07T16:23:51+00:00,UNALLOCATED,,,,,
SLCMP201-0722,722,1490,192571879,2^192571879-1,STRUCTURAL_SCREEN_EXHAUSTED_PRIMALITY_UNASSIGNED,FIRST_SINGULARITY_SHELL_EXHAUSTED_PRIMALITY_UNASSIGNED,514,9595,9595,NO_RECORDED_FACTOR_PRP_OR_LL_RESULT_AND_NO_ACTIVE_GIMPS_ASSIGNMENT,2026-08-07T16:23:51+00:00,UNALLOCATED,,,,,
SLCMP201-0723,723,1491,192571909,2^192571909-1,STRUCTURAL_SCREEN_EXHAUSTED_PRIMALITY_UNASSIGNED,FIRST_SINGULARITY_SHELL_EXHAUSTED_PRIMALITY_UNASSIGNED,513,9595,9595,NO_RECORDED_FACTOR_PRP_OR_LL_RESULT_AND_NO_ACTIVE_GIMPS_ASSIGNMENT,2026-08-07T16:23:51+00:00,UNALLOCATED,,,,,
SLCMP201-0724,724,1492,192571979,2^192571979-1,STRUCTURAL_SCREEN_EXHAUSTED_PRIMALITY_UNASSIGNED,FIRST_SINGULARITY_SHELL_EXHAUSTED_PRIMALITY_UNASSIGNED,514,9595,9595,NO_RECORDED_FACTOR_PRP_OR_LL_RESULT_AND_NO_ACTIVE_GIMPS_ASSIGNMENT,2026-08-07T16:23:51+00:00,UNALLOCATED,,,,,
SLCMP201-0725,725,1496,192572221,2^192572221-1,STRUCTURAL_SCREEN_EXHAUSTED_PRIMALITY_UNASSIGNED,FIRST_SINGULARITY_SHELL_EXHAUSTED_PRIMALITY_UNASSIGNED,513,9595,9595,NO_RECORDED_FACTOR_PRP_OR_LL_RESULT_AND_NO_ACTIVE_GIMPS_ASSIGNMENT,2026-08-07T16:23:51+00:00,UNALLOCATED,,,,,
SLCMP201-0726,726,1500,192572351,2^192572351-1,STRUCTURAL_SCREEN_EXHAUSTED_PRIMALITY_UNASSIGNED,FIRST_SINGULARITY_SHELL_EXHAUSTED_PRIMALITY_UNASSIGNED,514,9595,9595,NO_RECORDED_FACTOR_PRP_OR_LL_RESULT_AND_NO_ACTIVE_GIMPS_ASSIGNMENT,2026-08-07T16:23:51+00:00,UNALLOCATED,,,,,
SLCMP201-0727,727,1502,192572477,2^192572477-1,STRUCTURAL_SCREEN_EXHAUSTED_PRIMALITY_UNASSIGNED,FIRST_SINGULARITY_SHELL_EXHAUSTED_PRIMALITY_UNASSIGNED,513,9595,9595,NO_RECORDED_FACTOR_PRP_OR_LL_RESULT_AND_NO_ACTIVE_GIMPS_ASSIGNMENT,2026-08-07T16:23:51+00:00,UNALLOCATED,,,,,
SLCMP201-0728,728,1504,192572579,2^192572579-1,STRUCTURAL_SCREEN_EXHAUSTED_PRIMALITY_UNASSIGNED,FIRST_SINGULARITY_SHELL_EXHAUSTED_PRIMALITY_UNASSIGNED,514,9595,9595,NO_RECORDED_FACTOR_PRP_OR_LL_RESULT_AND_NO_ACTIVE_GIMPS_ASSIGNMENT,2026-08-07T16:23:51+00:00,UNALLOCATED,,,,,
SLCMP201-0729,729,1505,192572609,2^192572609-1,STRUCTURAL_SCREEN_EXHAUSTED_PRIMALITY_UNASSIGNED,FIRST_SINGULARITY_SHELL_EXHAUSTED_PRIMALITY_UNASSIGNED,513,9595,9595,NO_RECORDED_FACTOR_PRP_OR_LL_RESULT_AND_NO_ACTIVE_GIMPS_ASSIGNMENT,2026-08-07T16:23:51+00:00,UNALLOCATED,,,,,
SLCMP201-0730,730,1510,192572749,2^192572749-1,STRUCTURAL_SCREEN_EXHAUSTED_PRIMALITY_UNASSIGNED,FIRST_SINGULARITY_SHELL_EXHAUSTED_PRIMALITY_UNASSIGNED,513,9595,9595,NO_RECORDED_FACTOR_PRP_OR_LL_RESULT_AND_NO_ACTIVE_GIMPS_ASSIGNMENT,2026-08-07T16:23:51+00:00,UNALLOCATED,,,,,
SLCMP201-0731,731,1520,192573389,2^192573389-1,STRUCTURAL_SCREEN_EXHAUSTED_PRIMALITY_UNASSIGNED,FIRST_SINGULARITY_SHELL_EXHAUSTED_PRIMALITY_UNASSIGNED,513,9595,9595,NO_RECORDED_FACTOR_PRP_OR_LL_RESULT_AND_NO_ACTIVE_GIMPS_ASSIGNMENT,2026-08-07T16:23:51+00:00,UNALLOCATED,,,,,
SLCMP201-0732,732,1523,192573487,2^192573487-1,STRUCTURAL_SCREEN_EXHAUSTED_PRIMALITY_UNASSIGNED,FIRST_SINGULARITY_SHELL_EXHAUSTED_PRIMALITY_UNASSIGNED,514,9595,9595,NO_RECORDED_FACTOR_PRP_OR_LL_RESULT_AND_NO_ACTIVE_GIMPS_ASSIGNMENT,2026-08-07T16:23:51+00:00,UNALLOCATED,,,,,
SLCMP201-0733,733,1526,192573547,2^192573547-1,STRUCTURAL_SCREEN_EXHAUSTED_PRIMALITY_UNASSIGNED,FIRST_SINGULARITY_SHELL_EXHAUSTED_PRIMALITY_UNASSIGNED,514,9595,9595,NO_RECORDED_FACTOR_PRP_OR_LL_RESULT_AND_NO_ACTIVE_GIMPS_ASSIGNMENT,2026-08-07T16:23:51+00:00,UNALLOCATED,,,,,
SLCMP201-0734,734,1541,192574379,2^192574379-1,STRUCTURAL_SCREEN_EXHAUSTED_PRIMALITY_UNASSIGNED,FIRST_SINGULARITY_SHELL_EXHAUSTED_PRIMALITY_UNASSIGNED,514,9595,9595,NO_RECORDED_FACTOR_PRP_OR_LL_RESULT_AND_NO_ACTIVE_GIMPS_ASSIGNMENT,2026-08-07T16:23:51+00:00,UNALLOCATED,,,,,
SLCMP201-0735,735,1545,192574441,2^192574441-1,STRUCTURAL_SCREEN_EXHAUSTED_PRIMALITY_UNASSIGNED,FIRST_SINGULARITY_SHELL_EXHAUSTED_PRIMALITY_UNASSIGNED,513,9595,9595,NO_RECORDED_FACTOR_PRP_OR_LL_RESULT_AND_NO_ACTIVE_GIMPS_ASSIGNMENT,2026-08-07T16:23:51+00:00,UNALLOCATED,,,,,
SLCMP201-0736,736,1551,192574873,2^192574873-1,STRUCTURAL_SCREEN_EXHAUSTED_PRIMALITY_UNASSIGNED,FIRST_SINGULARITY_SHELL_EXHAUSTED_PRIMALITY_UNASSIGNED,513,9595,9595,NO_RECORDED_FACTOR_PRP_OR_LL_RESULT_AND_NO_ACTIVE_GIMPS_ASSIGNMENT,2026-08-07T16:23:51+00:00,UNALLOCATED,,,,,
SLCMP201-0737,737,1556,192575347,2^192575347-1,STRUCTURAL_SCREEN_EXHAUSTED_PRIMALITY_UNASSIGNED,FIRST_SINGULARITY_SHELL_EXHAUSTED_PRIMALITY_UNASSIGNED,514,9595,9595,NO_RECORDED_FACTOR_PRP_OR_LL_RESULT_AND_NO_ACTIVE_GIMPS_ASSIGNMENT,2026-08-07T16:23:51+00:00,UNALLOCATED,,,,,
SLCMP201-0738,738,1584,192576667,2^192576667-1,STRUCTURAL_SCREEN_EXHAUSTED_PRIMALITY_UNASSIGNED,FIRST_SINGULARITY_SHELL_EXHAUSTED_PRIMALITY_UNASSIGNED,514,9595,9595,NO_RECORDED_FACTOR_PRP_OR_LL_RESULT_AND_NO_ACTIVE_GIMPS_ASSIGNMENT,2026-08-07T16:23:51+00:00,UNALLOCATED,,,,,
SLCMP201-0739,739,1590,192577127,2^192577127-1,STRUCTURAL_SCREEN_EXHAUSTED_PRIMALITY_UNASSIGNED,FIRST_SINGULARITY_SHELL_EXHAUSTED_PRIMALITY_UNASSIGNED,514,9595,9595,NO_RECORDED_FACTOR_PRP_OR_LL_RESULT_AND_NO_ACTIVE_GIMPS_ASSIGNMENT,2026-08-07T16:23:51+00:00,UNALLOCATED,,,,,
SLCMP201-0740,740,1592,192577159,2^192577159-1,STRUCTURAL_SCREEN_EXHAUSTED_PRIMALITY_UNASSIGNED,FIRST_SINGULARITY_SHELL_EXHAUSTED_PRIMALITY_UNASSIGNED,514,9595,9595,NO_RECORDED_FACTOR_PRP_OR_LL_RESULT_AND_NO_ACTIVE_GIMPS_ASSIGNMENT,2026-08-07T16:23:51+00:00,UNALLOCATED,,,,,
SLCMP201-0741,741,1596,192577361,2^192577361-1,STRUCTURAL_SCREEN_EXHAUSTED_PRIMALITY_UNASSIGNED,FIRST_SINGULARITY_SHELL_EXHAUSTED_PRIMALITY_UNASSIGNED,513,9595,9595,NO_RECORDED_FACTOR_PRP_OR_LL_RESULT_AND_NO_ACTIVE_GIMPS_ASSIGNMENT,2026-08-07T16:23:51+00:00,UNALLOCATED,,,,,
SLCMP201-0742,742,1607,192577867,2^192577867-1,STRUCTURAL_SCREEN_EXHAUSTED_PRIMALITY_UNASSIGNED,FIRST_SINGULARITY_SHELL_EXHAUSTED_PRIMALITY_UNASSIGNED,514,9595,9595,NO_RECORDED_FACTOR_PRP_OR_LL_RESULT_AND_NO_ACTIVE_GIMPS_ASSIGNMENT,2026-08-07T16:23:51+00:00,UNALLOCATED,,,,,
SLCMP201-0743,743,1608,192577999,2^192577999-1,STRUCTURAL_SCREEN_EXHAUSTED_PRIMALITY_UNASSIGNED,FIRST_SINGULARITY_SHELL_EXHAUSTED_PRIMALITY_UNASSIGNED,514,9595,9595,NO_RECORDED_FACTOR_PRP_OR_LL_RESULT_AND_NO_ACTIVE_GIMPS_ASSIGNMENT,2026-08-07T16:23:51+00:00,UNALLOCATED,,,,,
SLCMP201-0744,744,1613,192578207,2^192578207-1,STRUCTURAL_SCREEN_EXHAUSTED_PRIMALITY_UNASSIGNED,FIRST_SINGULARITY_SHELL_EXHAUSTED_PRIMALITY_UNASSIGNED,514,9595,9595,NO_RECORDED_FACTOR_PRP_OR_LL_RESULT_AND_NO_ACTIVE_GIMPS_ASSIGNMENT,2026-08-07T16:23:51+00:00,UNALLOCATED,,,,,
SLCMP201-0745,745,1616,192578251,2^192578251-1,STRUCTURAL_SCREEN_EXHAUSTED_PRIMALITY_UNASSIGNED,FIRST_SINGULARITY_SHELL_EXHAUSTED_PRIMALITY_UNASSIGNED,514,9595,9595,NO_RECORDED_FACTOR_PRP_OR_LL_RESULT_AND_NO_ACTIVE_GIMPS_ASSIGNMENT,2026-08-07T16:23:51+00:00,UNALLOCATED,,,,,
SLCMP201-0746,746,1627,192578887,2^192578887-1,STRUCTURAL_SCREEN_EXHAUSTED_PRIMALITY_UNASSIGNED,FIRST_SINGULARITY_SHELL_EXHAUSTED_PRIMALITY_UNASSIGNED,514,9595,9595,NO_RECORDED_FACTOR_PRP_OR_LL_RESULT_AND_NO_ACTIVE_GIMPS_ASSIGNMENT,2026-08-07T16:23:51+00:00,UNALLOCATED,,,,,
SLCMP201-0747,747,1628,192578899,2^192578899-1,STRUCTURAL_SCREEN_EXHAUSTED_PRIMALITY_UNASSIGNED,FIRST_SINGULARITY_SHELL_EXHAUSTED_PRIMALITY_UNASSIGNED,514,9595,9595,NO_RECORDED_FACTOR_PRP_OR_LL_RESULT_AND_NO_ACTIVE_GIMPS_ASSIGNMENT,2026-08-07T16:23:51+00:00,UNALLOCATED,,,,,
SLCMP201-0748,748,1638,192579493,2^192579493-1,STRUCTURAL_SCREEN_EXHAUSTED_PRIMALITY_UNASSIGNED,FIRST_SINGULARITY_SHELL_EXHAUSTED_PRIMALITY_UNASSIGNED,513,9595,9595,NO_RECORDED_FACTOR_PRP_OR_LL_RESULT_AND_NO_ACTIVE_GIMPS_ASSIGNMENT,2026-08-07T16:23:51+00:00,UNALLOCATED,,,,,
SLCMP201-0749,749,1639,192579509,2^192579509-1,STRUCTURAL_SCREEN_EXHAUSTED_PRIMALITY_UNASSIGNED,FIRST_SINGULARITY_SHELL_EXHAUSTED_PRIMALITY_UNASSIGNED,513,9595,9595,NO_RECORDED_FACTOR_PRP_OR_LL_RESULT_AND_NO_ACTIVE_GIMPS_ASSIGNMENT,2026-08-07T16:23:51+00:00,UNALLOCATED,,,,,
SLCMP201-0750,750,1640,192579551,2^192579551-1,STRUCTURAL_SCREEN_EXHAUSTED_PRIMALITY_UNASSIGNED,FIRST_SINGULARITY_SHELL_EXHAUSTED_PRIMALITY_UNASSIGNED,514,9595,9595,NO_RECORDED_FACTOR_PRP_OR_LL_RESULT_AND_NO_ACTIVE_GIMPS_ASSIGNMENT,2026-08-07T16:23:51+00:00,UNALLOCATED,,,,,
SLCMP201-0751,751,1641,192579571,2^192579571-1,STRUCTURAL_SCREEN_EXHAUSTED_PRIMALITY_UNASSIGNED,FIRST_SINGULARITY_SHELL_EXHAUSTED_PRIMALITY_UNASSIGNED,514,9595,9595,NO_RECORDED_FACTOR_PRP_OR_LL_RESULT_AND_NO_ACTIVE_GIMPS_ASSIGNMENT,2026-08-07T16:23:51+00:00,UNALLOCATED,,,,,
SLCMP201-0752,752,1642,192579589,2^192579589-1,STRUCTURAL_SCREEN_EXHAUSTED_PRIMALITY_UNASSIGNED,FIRST_SINGULARITY_SHELL_EXHAUSTED_PRIMALITY_UNASSIGNED,513,9595,9595,NO_RECORDED_FACTOR_PRP_OR_LL_RESULT_AND_NO_ACTIVE_GIMPS_ASSIGNMENT,2026-08-07T16:23:51+00:00,UNALLOCATED,,,,,
SLCMP201-0753,753,1656,192580231,2^192580231-1,STRUCTURAL_SCREEN_EXHAUSTED_PRIMALITY_UNASSIGNED,FIRST_SINGULARITY_SHELL_EXHAUSTED_PRIMALITY_UNASSIGNED,514,9595,9595,NO_RECORDED_FACTOR_PRP_OR_LL_RESULT_AND_NO_ACTIVE_GIMPS_ASSIGNMENT,2026-08-07T16:23:51+00:00,UNALLOCATED,,,,,
SLCMP201-0754,754,1662,192580481,2^192580481-1,STRUCTURAL_SCREEN_EXHAUSTED_PRIMALITY_UNASSIGNED,FIRST_SINGULARITY_SHELL_EXHAUSTED_PRIMALITY_UNASSIGNED,513,9595,9595,NO_RECORDED_FACTOR_PRP_OR_LL_RESULT_AND_NO_ACTIVE_GIMPS_ASSIGNMENT,2026-08-07T16:23:51+00:00,UNALLOCATED,,,,,
SLCMP201-0755,755,1664,192580627,2^192580627-1,STRUCTURAL_SCREEN_EXHAUSTED_PRIMALITY_UNASSIGNED,FIRST_SINGULARITY_SHELL_EXHAUSTED_PRIMALITY_UNASSIGNED,514,9595,9595,NO_RECORDED_FACTOR_PRP_OR_LL_RESULT_AND_NO_ACTIVE_GIMPS_ASSIGNMENT,2026-08-07T16:23:51+00:00,UNALLOCATED,,,,,
SLCMP201-0756,756,1666,192580669,2^192580669-1,STRUCTURAL_SCREEN_EXHAUSTED_PRIMALITY_UNASSIGNED,FIRST_SINGULARITY_SHELL_EXHAUSTED_PRIMALITY_UNASSIGNED,513,9595,9595,NO_RECORDED_FACTOR_PRP_OR_LL_RESULT_AND_NO_ACTIVE_GIMPS_ASSIGNMENT,2026-08-07T16:23:51+00:00,UNALLOCATED,,,,,
SLCMP201-0757,757,1667,192580733,2^192580733-1,STRUCTURAL_SCREEN_EXHAUSTED_PRIMALITY_UNASSIGNED,FIRST_SINGULARITY_SHELL_EXHAUSTED_PRIMALITY_UNASSIGNED,513,9595,9595,NO_RECORDED_FACTOR_PRP_OR_LL_RESULT_AND_NO_ACTIVE_GIMPS_ASSIGNMENT,2026-08-07T16:23:51+00:00,UNALLOCATED,,,,,
SLCMP201-0758,758,1668,192580757,2^192580757-1,STRUCTURAL_SCREEN_EXHAUSTED_PRIMALITY_UNASSIGNED,FIRST_SINGULARITY_SHELL_EXHAUSTED_PRIMALITY_UNASSIGNED,513,9595,9595,NO_RECORDED_FACTOR_PRP_OR_LL_RESULT_AND_NO_ACTIVE_GIMPS_ASSIGNMENT,2026-08-07T16:23:51+00:00,UNALLOCATED,,,,,
SLCMP201-0759,759,1670,192580963,2^192580963-1,STRUCTURAL_SCREEN_EXHAUSTED_PRIMALITY_UNASSIGNED,FIRST_SINGULARITY_SHELL_EXHAUSTED_PRIMALITY_UNASSIGNED,514,9595,9595,NO_RECORDED_FACTOR_PRP_OR_LL_RESULT_AND_NO_ACTIVE_GIMPS_ASSIGNMENT,2026-08-07T16:23:51+00:00,UNALLOCATED,,,,,
SLCMP201-0760,760,1678,192581401,2^192581401-1,STRUCTURAL_SCREEN_EXHAUSTED_PRIMALITY_UNASSIGNED,FIRST_SINGULARITY_SHELL_EXHAUSTED_PRIMALITY_UNASSIGNED,513,9595,9595,NO_RECORDED_FACTOR_PRP_OR_LL_RESULT_AND_NO_ACTIVE_GIMPS_ASSIGNMENT,2026-08-07T16:23:51+00:00,UNALLOCATED,,,,,
SLCMP201-0761,761,1679,192581437,2^192581437-1,STRUCTURAL_SCREEN_EXHAUSTED_PRIMALITY_UNASSIGNED,FIRST_SINGULARITY_SHELL_EXHAUSTED_PRIMALITY_UNASSIGNED,513,9595,9595,NO_RECORDED_FACTOR_PRP_OR_LL_RESULT_AND_NO_ACTIVE_GIMPS_ASSIGNMENT,2026-08-07T16:23:51+00:00,UNALLOCATED,,,,,
SLCMP201-0762,762,1680,192581537,2^192581537-1,STRUCTURAL_SCREEN_EXHAUSTED_PRIMALITY_UNASSIGNED,FIRST_SINGULARITY_SHELL_EXHAUSTED_PRIMALITY_UNASSIGNED,513,9595,9595,NO_RECORDED_FACTOR_PRP_OR_LL_RESULT_AND_NO_ACTIVE_GIMPS_ASSIGNMENT,2026-08-07T16:23:51+00:00,UNALLOCATED,,,,,
SLCMP201-0763,763,1681,192581611,2^192581611-1,STRUCTURAL_SCREEN_EXHAUSTED_PRIMALITY_UNASSIGNED,FIRST_SINGULARITY_SHELL_EXHAUSTED_PRIMALITY_UNASSIGNED,514,9595,9595,NO_RECORDED_FACTOR_PRP_OR_LL_RESULT_AND_NO_ACTIVE_GIMPS_ASSIGNMENT,2026-08-07T16:23:51+00:00,UNALLOCATED,,,,,
SLCMP201-0764,764,1682,192581617,2^192581617-1,STRUCTURAL_SCREEN_EXHAUSTED_PRIMALITY_UNASSIGNED,FIRST_SINGULARITY_SHELL_EXHAUSTED_PRIMALITY_UNASSIGNED,513,9595,9595,NO_RECORDED_FACTOR_PRP_OR_LL_RESULT_AND_NO_ACTIVE_GIMPS_ASSIGNMENT,2026-08-07T16:23:51+00:00,UNALLOCATED,,,,,
SLCMP201-0765,765,1687,192581833,2^192581833-1,STRUCTURAL_SCREEN_EXHAUSTED_PRIMALITY_UNASSIGNED,FIRST_SINGULARITY_SHELL_EXHAUSTED_PRIMALITY_UNASSIGNED,513,9595,9595,NO_RECORDED_FACTOR_PRP_OR_LL_RESULT_AND_NO_ACTIVE_GIMPS_ASSIGNMENT,2026-08-07T16:23:51+00:00,UNALLOCATED,,,,,
SLCMP201-0766,766,1694,192581969,2^192581969-1,STRUCTURAL_SCREEN_EXHAUSTED_PRIMALITY_UNASSIGNED,FIRST_SINGULARITY_SHELL_EXHAUSTED_PRIMALITY_UNASSIGNED,513,9595,9595,NO_RECORDED_FACTOR_PRP_OR_LL_RESULT_AND_NO_ACTIVE_GIMPS_ASSIGNMENT,2026-08-07T16:23:51+00:00,UNALLOCATED,,,,,
SLCMP201-0767,767,1703,192582491,2^192582491-1,STRUCTURAL_SCREEN_EXHAUSTED_PRIMALITY_UNASSIGNED,FIRST_SINGULARITY_SHELL_EXHAUSTED_PRIMALITY_UNASSIGNED,514,9595,9595,NO_RECORDED_FACTOR_PRP_OR_LL_RESULT_AND_NO_ACTIVE_GIMPS_ASSIGNMENT,2026-08-07T16:23:51+00:00,UNALLOCATED,,,,,
SLCMP201-0768,768,1705,192582671,2^192582671-1,STRUCTURAL_SCREEN_EXHAUSTED_PRIMALITY_UNASSIGNED,FIRST_SINGULARITY_SHELL_EXHAUSTED_PRIMALITY_UNASSIGNED,514,9595,9595,NO_RECORDED_FACTOR_PRP_OR_LL_RESULT_AND_NO_ACTIVE_GIMPS_ASSIGNMENT,2026-08-07T16:23:51+00:00,UNALLOCATED,,,,,
SLCMP201-0769,769,1707,192582713,2^192582713-1,STRUCTURAL_SCREEN_EXHAUSTED_PRIMALITY_UNASSIGNED,FIRST_SINGULARITY_SHELL_EXHAUSTED_PRIMALITY_UNASSIGNED,513,9595,9595,NO_RECORDED_FACTOR_PRP_OR_LL_RESULT_AND_NO_ACTIVE_GIMPS_ASSIGNMENT,2026-08-07T16:23:51+00:00,UNALLOCATED,,,,,
SLCMP201-0770,770,1712,192583009,2^192583009-1,STRUCTURAL_SCREEN_EXHAUSTED_PRIMALITY_UNASSIGNED,FIRST_SINGULARITY_SHELL_EXHAUSTED_PRIMALITY_UNASSIGNED,513,9595,9595,NO_RECORDED_FACTOR_PRP_OR_LL_RESULT_AND_NO_ACTIVE_GIMPS_ASSIGNMENT,2026-08-07T16:23:51+00:00,UNALLOCATED,,,,,
SLCMP201-0771,771,1713,192583051,2^192583051-1,STRUCTURAL_SCREEN_EXHAUSTED_PRIMALITY_UNASSIGNED,FIRST_SINGULARITY_SHELL_EXHAUSTED_PRIMALITY_UNASSIGNED,514,9595,9595,NO_RECORDED_FACTOR_PRP_OR_LL_RESULT_AND_NO_ACTIVE_GIMPS_ASSIGNMENT,2026-08-07T16:23:51+00:00,UNALLOCATED,,,,,
SLCMP201-0772,772,1717,192583213,2^192583213-1,STRUCTURAL_SCREEN_EXHAUSTED_PRIMALITY_UNASSIGNED,FIRST_SINGULARITY_SHELL_EXHAUSTED_PRIMALITY_UNASSIGNED,513,9595,9595,NO_RECORDED_FACTOR_PRP_OR_LL_RESULT_AND_NO_ACTIVE_GIMPS_ASSIGNMENT,2026-08-07T16:23:51+00:00,UNALLOCATED,,,,,
SLCMP201-0773,773,1720,192583357,2^192583357-1,STRUCTURAL_SCREEN_EXHAUSTED_PRIMALITY_UNASSIGNED,FIRST_SINGULARITY_SHELL_EXHAUSTED_PRIMALITY_UNASSIGNED,513,9595,9595,NO_RECORDED_FACTOR_PRP_OR_LL_RESULT_AND_NO_ACTIVE_GIMPS_ASSIGNMENT,2026-08-07T16:23:51+00:00,UNALLOCATED,,,,,
SLCMP201-0774,774,1725,192583607,2^192583607-1,STRUCTURAL_SCREEN_EXHAUSTED_PRIMALITY_UNASSIGNED,FIRST_SINGULARITY_SHELL_EXHAUSTED_PRIMALITY_UNASSIGNED,514,9595,9595,NO_RECORDED_FACTOR_PRP_OR_LL_RESULT_AND_NO_ACTIVE_GIMPS_ASSIGNMENT,2026-08-07T16:23:51+00:00,UNALLOCATED,,,,,
SLCMP201-0775,775,1732,192584023,2^192584023-1,STRUCTURAL_SCREEN_EXHAUSTED_PRIMALITY_UNASSIGNED,FIRST_SINGULARITY_SHELL_EXHAUSTED_PRIMALITY_UNASSIGNED,514,9595,9595,NO_RECORDED_FACTOR_PRP_OR_LL_RESULT_AND_NO_ACTIVE_GIMPS_ASSIGNMENT,2026-08-07T16:23:51+00:00,UNALLOCATED,,,,,
SLCMP201-0776,776,1736,192584281,2^192584281-1,STRUCTURAL_SCREEN_EXHAUSTED_PRIMALITY_UNASSIGNED,FIRST_SINGULARITY_SHELL_EXHAUSTED_PRIMALITY_UNASSIGNED,513,9595,9595,NO_RECORDED_FACTOR_PRP_OR_LL_RESULT_AND_NO_ACTIVE_GIMPS_ASSIGNMENT,2026-08-07T16:23:51+00:00,UNALLOCATED,,,,,
SLCMP201-0777,777,1741,192584677,2^192584677-1,STRUCTURAL_SCREEN_EXHAUSTED_PRIMALITY_UNASSIGNED,FIRST_SINGULARITY_SHELL_EXHAUSTED_PRIMALITY_UNASSIGNED,513,9595,9595,NO_RECORDED_FACTOR_PRP_OR_LL_RESULT_AND_NO_ACTIVE_GIMPS_ASSIGNMENT,2026-08-07T16:23:51+00:00,UNALLOCATED,,,,,
SLCMP201-0778,778,1743,192584767,2^192584767-1,STRUCTURAL_SCREEN_EXHAUSTED_PRIMALITY_UNASSIGNED,FIRST_SINGULARITY_SHELL_EXHAUSTED_PRIMALITY_UNASSIGNED,514,9595,9595,NO_RECORDED_FACTOR_PRP_OR_LL_RESULT_AND_NO_ACTIVE_GIMPS_ASSIGNMENT,2026-08-07T16:23:51+00:00,UNALLOCATED,,,,,
SLCMP201-0779,779,1747,192585047,2^192585047-1,STRUCTURAL_SCREEN_EXHAUSTED_PRIMALITY_UNASSIGNED,FIRST_SINGULARITY_SHELL_EXHAUSTED_PRIMALITY_UNASSIGNED,514,9595,9595,NO_RECORDED_FACTOR_PRP_OR_LL_RESULT_AND_NO_ACTIVE_GIMPS_ASSIGNMENT,2026-08-07T16:23:51+00:00,UNALLOCATED,,,,,
SLCMP201-0780,780,1751,192585103,2^192585103-1,STRUCTURAL_SCREEN_EXHAUSTED_PRIMALITY_UNASSIGNED,FIRST_SINGULARITY_SHELL_EXHAUSTED_PRIMALITY_UNASSIGNED,514,9595,9595,NO_RECORDED_FACTOR_PRP_OR_LL_RESULT_AND_NO_ACTIVE_GIMPS_ASSIGNMENT,2026-08-07T16:23:51+00:00,UNALLOCATED,,,,,
SLCMP201-0781,781,1752,192585139,2^192585139-1,STRUCTURAL_SCREEN_EXHAUSTED_PRIMALITY_UNASSIGNED,FIRST_SINGULARITY_SHELL_EXHAUSTED_PRIMALITY_UNASSIGNED,514,9595,9595,NO_RECORDED_FACTOR_PRP_OR_LL_RESULT_AND_NO_ACTIVE_GIMPS_ASSIGNMENT,2026-08-07T16:23:51+00:00,UNALLOCATED,,,,,
SLCMP201-0782,782,1753,192585193,2^192585193-1,STRUCTURAL_SCREEN_EXHAUSTED_PRIMALITY_UNASSIGNED,FIRST_SINGULARITY_SHELL_EXHAUSTED_PRIMALITY_UNASSIGNED,513,9595,9595,NO_RECORDED_FACTOR_PRP_OR_LL_RESULT_AND_NO_ACTIVE_GIMPS_ASSIGNMENT,2026-08-07T16:23:51+00:00,UNALLOCATED,,,,,
SLCMP201-0783,783,1757,192585257,2^192585257-1,STRUCTURAL_SCREEN_EXHAUSTED_PRIMALITY_UNASSIGNED,FIRST_SINGULARITY_SHELL_EXHAUSTED_PRIMALITY_UNASSIGNED,513,9595,9595,NO_RECORDED_FACTOR_PRP_OR_LL_RESULT_AND_NO_ACTIVE_GIMPS_ASSIGNMENT,2026-08-07T16:23:51+00:00,UNALLOCATED,,,,,
SLCMP201-0784,784,1763,192585521,2^192585521-1,STRUCTURAL_SCREEN_EXHAUSTED_PRIMALITY_UNASSIGNED,FIRST_SINGULARITY_SHELL_EXHAUSTED_PRIMALITY_UNASSIGNED,513,9595,9595,NO_RECORDED_FACTOR_PRP_OR_LL_RESULT_AND_NO_ACTIVE_GIMPS_ASSIGNMENT,2026-08-07T16:23:51+00:00,UNALLOCATED,,,,,
SLCMP201-0785,785,1764,192585593,2^192585593-1,STRUCTURAL_SCREEN_EXHAUSTED_PRIMALITY_UNASSIGNED,FIRST_SINGULARITY_SHELL_EXHAUSTED_PRIMALITY_UNASSIGNED,513,9595,9595,NO_RECORDED_FACTOR_PRP_OR_LL_RESULT_AND_NO_ACTIVE_GIMPS_ASSIGNMENT,2026-08-07T16:23:51+00:00,UNALLOCATED,,,,,
SLCMP201-0786,786,1766,192585661,2^192585661-1,STRUCTURAL_SCREEN_EXHAUSTED_PRIMALITY_UNASSIGNED,FIRST_SINGULARITY_SHELL_EXHAUSTED_PRIMALITY_UNASSIGNED,513,9595,9595,NO_RECORDED_FACTOR_PRP_OR_LL_RESULT_AND_NO_ACTIVE_GIMPS_ASSIGNMENT,2026-08-07T16:23:51+00:00,UNALLOCATED,,,,,
SLCMP201-0787,787,1768,192585791,2^192585791-1,STRUCTURAL_SCREEN_EXHAUSTED_PRIMALITY_UNASSIGNED,FIRST_SINGULARITY_SHELL_EXHAUSTED_PRIMALITY_UNASSIGNED,514,9595,9595,NO_RECORDED_FACTOR_PRP_OR_LL_RESULT_AND_NO_ACTIVE_GIMPS_ASSIGNMENT,2026-08-07T16:23:51+00:00,UNALLOCATED,,,,,
SLCMP201-0788,788,1771,192586169,2^192586169-1,STRUCTURAL_SCREEN_EXHAUSTED_PRIMALITY_UNASSIGNED,FIRST_SINGULARITY_SHELL_EXHAUSTED_PRIMALITY_UNASSIGNED,513,9595,9595,NO_RECORDED_FACTOR_PRP_OR_LL_RESULT_AND_NO_ACTIVE_GIMPS_ASSIGNMENT,2026-08-07T16:23:51+00:00,UNALLOCATED,,,,,
SLCMP201-0789,789,1772,192586181,2^192586181-1,STRUCTURAL_SCREEN_EXHAUSTED_PRIMALITY_UNASSIGNED,FIRST_SINGULARITY_SHELL_EXHAUSTED_PRIMALITY_UNASSIGNED,513,9595,9595,NO_RECORDED_FACTOR_PRP_OR_LL_RESULT_AND_NO_ACTIVE_GIMPS_ASSIGNMENT,2026-08-07T16:23:51+00:00,UNALLOCATED,,,,,
SLCMP201-0790,790,1777,192586349,2^192586349-1,STRUCTURAL_SCREEN_EXHAUSTED_PRIMALITY_UNASSIGNED,FIRST_SINGULARITY_SHELL_EXHAUSTED_PRIMALITY_UNASSIGNED,513,9595,9595,NO_RECORDED_FACTOR_PRP_OR_LL_RESULT_AND_NO_ACTIVE_GIMPS_ASSIGNMENT,2026-08-07T16:23:51+00:00,UNALLOCATED,,,,,
SLCMP201-0791,791,1778,192586391,2^192586391-1,STRUCTURAL_SCREEN_EXHAUSTED_PRIMALITY_UNASSIGNED,FIRST_SINGULARITY_SHELL_EXHAUSTED_PRIMALITY_UNASSIGNED,514,9595,9595,NO_RECORDED_FACTOR_PRP_OR_LL_RESULT_AND_NO_ACTIVE_GIMPS_ASSIGNMENT,2026-08-07T16:23:51+00:00,UNALLOCATED,,,,,
SLCMP201-0792,792,1783,192586661,2^192586661-1,STRUCTURAL_SCREEN_EXHAUSTED_PRIMALITY_UNASSIGNED,FIRST_SINGULARITY_SHELL_EXHAUSTED_PRIMALITY_UNASSIGNED,513,9595,9595,NO_RECORDED_FACTOR_PRP_OR_LL_RESULT_AND_NO_ACTIVE_GIMPS_ASSIGNMENT,2026-08-07T16:23:51+00:00,UNALLOCATED,,,,,
SLCMP201-0793,793,1784,192586673,2^192586673-1,STRUCTURAL_SCREEN_EXHAUSTED_PRIMALITY_UNASSIGNED,FIRST_SINGULARITY_SHELL_EXHAUSTED_PRIMALITY_UNASSIGNED,513,9595,9595,NO_RECORDED_FACTOR_PRP_OR_LL_RESULT_AND_NO_ACTIVE_GIMPS_ASSIGNMENT,2026-08-07T16:23:51+00:00,UNALLOCATED,,,,,
SLCMP201-0794,794,1788,192586847,2^192586847-1,STRUCTURAL_SCREEN_EXHAUSTED_PRIMALITY_UNASSIGNED,FIRST_SINGULARITY_SHELL_EXHAUSTED_PRIMALITY_UNASSIGNED,514,9595,9595,NO_RECORDED_FACTOR_PRP_OR_LL_RESULT_AND_NO_ACTIVE_GIMPS_ASSIGNMENT,2026-08-07T16:23:51+00:00,UNALLOCATED,,,,,
SLCMP201-0795,795,1789,192586873,2^192586873-1,STRUCTURAL_SCREEN_EXHAUSTED_PRIMALITY_UNASSIGNED,FIRST_SINGULARITY_SHELL_EXHAUSTED_PRIMALITY_UNASSIGNED,513,9595,9595,NO_RECORDED_FACTOR_PRP_OR_LL_RESULT_AND_NO_ACTIVE_GIMPS_ASSIGNMENT,2026-08-07T16:23:51+00:00,UNALLOCATED,,,,,
SLCMP201-0796,796,1790,192586909,2^192586909-1,STRUCTURAL_SCREEN_EXHAUSTED_PRIMALITY_UNASSIGNED,FIRST_SINGULARITY_SHELL_EXHAUSTED_PRIMALITY_UNASSIGNED,513,9595,9595,NO_RECORDED_FACTOR_PRP_OR_LL_RESULT_AND_NO_ACTIVE_GIMPS_ASSIGNMENT,2026-08-07T16:23:51+00:00,UNALLOCATED,,,,,
SLCMP201-0797,797,1792,192587071,2^192587071-1,STRUCTURAL_SCREEN_EXHAUSTED_PRIMALITY_UNASSIGNED,FIRST_SINGULARITY_SHELL_EXHAUSTED_PRIMALITY_UNASSIGNED,514,9595,9595,NO_RECORDED_FACTOR_PRP_OR_LL_RESULT_AND_NO_ACTIVE_GIMPS_ASSIGNMENT,2026-08-07T16:23:51+00:00,UNALLOCATED,,,,,
SLCMP201-0798,798,1794,192587117,2^192587117-1,STRUCTURAL_SCREEN_EXHAUSTED_PRIMALITY_UNASSIGNED,FIRST_SINGULARITY_SHELL_EXHAUSTED_PRIMALITY_UNASSIGNED,513,9595,9595,NO_RECORDED_FACTOR_PRP_OR_LL_RESULT_AND_NO_ACTIVE_GIMPS_ASSIGNMENT,2026-08-07T16:23:51+00:00,UNALLOCATED,,,,,
SLCMP201-0799,799,1804,192587641,2^192587641-1,STRUCTURAL_SCREEN_EXHAUSTED_PRIMALITY_UNASSIGNED,FIRST_SINGULARITY_SHELL_EXHAUSTED_PRIMALITY_UNASSIGNED,513,9595,9595,NO_RECORDED_FACTOR_PRP_OR_LL_RESULT_AND_NO_ACTIVE_GIMPS_ASSIGNMENT,2026-08-07T16:23:51+00:00,UNALLOCATED,,,,,
SLCMP201-0800,800,1822,192588457,2^192588457-1,STRUCTURAL_SCREEN_EXHAUSTED_PRIMALITY_UNASSIGNED,FIRST_SINGULARITY_SHELL_EXHAUSTED_PRIMALITY_UNASSIGNED,513,9595,9595,NO_RECORDED_FACTOR_PRP_OR_LL_RESULT_AND_NO_ACTIVE_GIMPS_ASSIGNMENT,2026-08-07T16:23:51+00:00,UNALLOCATED,,,,,
SLCMP201-0801,801,1831,192589003,2^192589003-1,STRUCTURAL_SCREEN_EXHAUSTED_PRIMALITY_UNASSIGNED,FIRST_SINGULARITY_SHELL_EXHAUSTED_PRIMALITY_UNASSIGNED,514,9595,9595,NO_RECORDED_FACTOR_PRP_OR_LL_RESULT_AND_NO_ACTIVE_GIMPS_ASSIGNMENT,2026-08-07T16:23:51+00:00,UNALLOCATED,,,,,
SLCMP201-0802,802,1834,192589207,2^192589207-1,STRUCTURAL_SCREEN_EXHAUSTED_PRIMALITY_UNASSIGNED,FIRST_SINGULARITY_SHELL_EXHAUSTED_PRIMALITY_UNASSIGNED,514,9595,9595,NO_RECORDED_FACTOR_PRP_OR_LL_RESULT_AND_NO_ACTIVE_GIMPS_ASSIGNMENT,2026-08-07T16:23:51+00:00,UNALLOCATED,,,,,
SLCMP201-0803,803,1835,192589247,2^192589247-1,STRUCTURAL_SCREEN_EXHAUSTED_PRIMALITY_UNASSIGNED,FIRST_SINGULARITY_SHELL_EXHAUSTED_PRIMALITY_UNASSIGNED,514,9595,9595,NO_RECORDED_FACTOR_PRP_OR_LL_RESULT_AND_NO_ACTIVE_GIMPS_ASSIGNMENT,2026-08-07T16:23:51+00:00,UNALLOCATED,,,,,
SLCMP201-0804,804,1837,192589357,2^192589357-1,STRUCTURAL_SCREEN_EXHAUSTED_PRIMALITY_UNASSIGNED,FIRST_SINGULARITY_SHELL_EXHAUSTED_PRIMALITY_UNASSIGNED,513,9595,9595,NO_RECORDED_FACTOR_PRP_OR_LL_RESULT_AND_NO_ACTIVE_GIMPS_ASSIGNMENT,2026-08-07T16:23:51+00:00,UNALLOCATED,,,,,
SLCMP201-0805,805,1838,192589433,2^192589433-1,STRUCTURAL_SCREEN_EXHAUSTED_PRIMALITY_UNASSIGNED,FIRST_SINGULARITY_SHELL_EXHAUSTED_PRIMALITY_UNASSIGNED,513,9595,9595,NO_RECORDED_FACTOR_PRP_OR_LL_RESULT_AND_NO_ACTIVE_GIMPS_ASSIGNMENT,2026-08-07T16:23:51+00:00,UNALLOCATED,,,,,
SLCMP201-0806,806,1839,192589457,2^192589457-1,STRUCTURAL_SCREEN_EXHAUSTED_PRIMALITY_UNASSIGNED,FIRST_SINGULARITY_SHELL_EXHAUSTED_PRIMALITY_UNASSIGNED,513,9595,9595,NO_RECORDED_FACTOR_PRP_OR_LL_RESULT_AND_NO_ACTIVE_GIMPS_ASSIGNMENT,2026-08-07T16:23:51+00:00,UNALLOCATED,,,,,
SLCMP201-0807,807,1848,192589979,2^192589979-1,STRUCTURAL_SCREEN_EXHAUSTED_PRIMALITY_UNASSIGNED,FIRST_SINGULARITY_SHELL_EXHAUSTED_PRIMALITY_UNASSIGNED,514,9595,9595,NO_RECORDED_FACTOR_PRP_OR_LL_RESULT_AND_NO_ACTIVE_GIMPS_ASSIGNMENT,2026-08-07T16:23:51+00:00,UNALLOCATED,,,,,
SLCMP201-0808,808,1849,192590009,2^192590009-1,STRUCTURAL_SCREEN_EXHAUSTED_PRIMALITY_UNASSIGNED,FIRST_SINGULARITY_SHELL_EXHAUSTED_PRIMALITY_UNASSIGNED,513,9595,9595,NO_RECORDED_FACTOR_PRP_OR_LL_RESULT_AND_NO_ACTIVE_GIMPS_ASSIGNMENT,2026-08-07T16:23:51+00:00,UNALLOCATED,,,,,
SLCMP201-0809,809,1855,192590221,2^192590221-1,STRUCTURAL_SCREEN_EXHAUSTED_PRIMALITY_UNASSIGNED,FIRST_SINGULARITY_SHELL_EXHAUSTED_PRIMALITY_UNASSIGNED,513,9595,9595,NO_RECORDED_FACTOR_PRP_OR_LL_RESULT_AND_NO_ACTIVE_GIMPS_ASSIGNMENT,2026-08-07T16:23:51+00:00,UNALLOCATED,,,,,
SLCMP201-0810,810,1856,192590257,2^192590257-1,STRUCTURAL_SCREEN_EXHAUSTED_PRIMALITY_UNASSIGNED,FIRST_SINGULARITY_SHELL_EXHAUSTED_PRIMALITY_UNASSIGNED,513,9595,9595,NO_RECORDED_FACTOR_PRP_OR_LL_RESULT_AND_NO_ACTIVE_GIMPS_ASSIGNMENT,2026-08-07T16:23:51+00:00,UNALLOCATED,,,,,
SLCMP201-0811,811,1860,192590413,2^192590413-1,STRUCTURAL_SCREEN_EXHAUSTED_PRIMALITY_UNASSIGNED,FIRST_SINGULARITY_SHELL_EXHAUSTED_PRIMALITY_UNASSIGNED,513,9595,9595,NO_RECORDED_FACTOR_PRP_OR_LL_RESULT_AND_NO_ACTIVE_GIMPS_ASSIGNMENT,2026-08-07T16:23:51+00:00,UNALLOCATED,,,,,
SLCMP201-0812,812,1861,192590459,2^192590459-1,STRUCTURAL_SCREEN_EXHAUSTED_PRIMALITY_UNASSIGNED,FIRST_SINGULARITY_SHELL_EXHAUSTED_PRIMALITY_UNASSIGNED,514,9595,9595,NO_RECORDED_FACTOR_PRP_OR_LL_RESULT_AND_NO_ACTIVE_GIMPS_ASSIGNMENT,2026-08-07T16:23:51+00:00,UNALLOCATED,,,,,
SLCMP201-0813,813,1868,192590677,2^192590677-1,STRUCTURAL_SCREEN_EXHAUSTED_PRIMALITY_UNASSIGNED,FIRST_SINGULARITY_SHELL_EXHAUSTED_PRIMALITY_UNASSIGNED,513,9595,9595,NO_RECORDED_FACTOR_PRP_OR_LL_RESULT_AND_NO_ACTIVE_GIMPS_ASSIGNMENT,2026-08-07T16:23:51+00:00,UNALLOCATED,,,,,
SLCMP201-0814,814,1881,192591319,2^192591319-1,STRUCTURAL_SCREEN_EXHAUSTED_PRIMALITY_UNASSIGNED,FIRST_SINGULARITY_SHELL_EXHAUSTED_PRIMALITY_UNASSIGNED,514,9595,9595,NO_RECORDED_FACTOR_PRP_OR_LL_RESULT_AND_NO_ACTIVE_GIMPS_ASSIGNMENT,2026-08-07T16:23:51+00:00,UNALLOCATED,,,,,
SLCMP201-0815,815,1895,192592187,2^192592187-1,STRUCTURAL_SCREEN_EXHAUSTED_PRIMALITY_UNASSIGNED,FIRST_SINGULARITY_SHELL_EXHAUSTED_PRIMALITY_UNASSIGNED,514,9595,9595,NO_RECORDED_FACTOR_PRP_OR_LL_RESULT_AND_NO_ACTIVE_GIMPS_ASSIGNMENT,2026-08-07T16:23:51+00:00,UNALLOCATED,,,,,
SLCMP201-0816,816,1902,192592691,2^192592691-1,STRUCTURAL_SCREEN_EXHAUSTED_PRIMALITY_UNASSIGNED,FIRST_SINGULARITY_SHELL_EXHAUSTED_PRIMALITY_UNASSIGNED,514,9595,9595,NO_RECORDED_FACTOR_PRP_OR_LL_RESULT_AND_NO_ACTIVE_GIMPS_ASSIGNMENT,2026-08-07T16:23:51+00:00,UNALLOCATED,,,,,
SLCMP201-0817,817,1909,192593129,2^192593129-1,STRUCTURAL_SCREEN_EXHAUSTED_PRIMALITY_UNASSIGNED,FIRST_SINGULARITY_SHELL_EXHAUSTED_PRIMALITY_UNASSIGNED,513,9595,9595,NO_RECORDED_FACTOR_PRP_OR_LL_RESULT_AND_NO_ACTIVE_GIMPS_ASSIGNMENT,2026-08-07T16:23:51+00:00,UNALLOCATED,,,,,
SLCMP201-0818,818,1911,192593201,2^192593201-1,STRUCTURAL_SCREEN_EXHAUSTED_PRIMALITY_UNASSIGNED,FIRST_SINGULARITY_SHELL_EXHAUSTED_PRIMALITY_UNASSIGNED,513,9595,9595,NO_RECORDED_FACTOR_PRP_OR_LL_RESULT_AND_NO_ACTIVE_GIMPS_ASSIGNMENT,2026-08-07T16:23:51+00:00,UNALLOCATED,,,,,
SLCMP201-0819,819,1913,192593293,2^192593293-1,STRUCTURAL_SCREEN_EXHAUSTED_PRIMALITY_UNASSIGNED,FIRST_SINGULARITY_SHELL_EXHAUSTED_PRIMALITY_UNASSIGNED,513,9595,9595,NO_RECORDED_FACTOR_PRP_OR_LL_RESULT_AND_NO_ACTIVE_GIMPS_ASSIGNMENT,2026-08-07T16:23:51+00:00,UNALLOCATED,,,,,
SLCMP201-0820,820,1914,192593363,2^192593363-1,STRUCTURAL_SCREEN_EXHAUSTED_PRIMALITY_UNASSIGNED,FIRST_SINGULARITY_SHELL_EXHAUSTED_PRIMALITY_UNASSIGNED,514,9595,9595,NO_RECORDED_FACTOR_PRP_OR_LL_RESULT_AND_NO_ACTIVE_GIMPS_ASSIGNMENT,2026-08-07T16:23:51+00:00,UNALLOCATED,,,,,
SLCMP201-0821,821,1922,192593719,2^192593719-1,STRUCTURAL_SCREEN_EXHAUSTED_PRIMALITY_UNASSIGNED,FIRST_SINGULARITY_SHELL_EXHAUSTED_PRIMALITY_UNASSIGNED,514,9595,9595,NO_RECORDED_FACTOR_PRP_OR_LL_RESULT_AND_NO_ACTIVE_GIMPS_ASSIGNMENT,2026-08-07T16:23:51+00:00,UNALLOCATED,,,,,
SLCMP201-0822,822,1924,192594049,2^192594049-1,STRUCTURAL_SCREEN_EXHAUSTED_PRIMALITY_UNASSIGNED,FIRST_SINGULARITY_SHELL_EXHAUSTED_PRIMALITY_UNASSIGNED,513,9595,9595,NO_RECORDED_FACTOR_PRP_OR_LL_RESULT_AND_NO_ACTIVE_GIMPS_ASSIGNMENT,2026-08-07T16:23:51+00:00,UNALLOCATED,,,,,
SLCMP201-0823,823,1931,192594229,2^192594229-1,STRUCTURAL_SCREEN_EXHAUSTED_PRIMALITY_UNASSIGNED,FIRST_SINGULARITY_SHELL_EXHAUSTED_PRIMALITY_UNASSIGNED,513,9595,9595,NO_RECORDED_FACTOR_PRP_OR_LL_RESULT_AND_NO_ACTIVE_GIMPS_ASSIGNMENT,2026-08-07T16:23:51+00:00,UNALLOCATED,,,,,
SLCMP201-0824,824,1933,192594319,2^192594319-1,STRUCTURAL_SCREEN_EXHAUSTED_PRIMALITY_UNASSIGNED,FIRST_SINGULARITY_SHELL_EXHAUSTED_PRIMALITY_UNASSIGNED,514,9595,9595,NO_RECORDED_FACTOR_PRP_OR_LL_RESULT_AND_NO_ACTIVE_GIMPS_ASSIGNMENT,2026-08-07T16:23:51+00:00,UNALLOCATED,,,,,
SLCMP201-0825,825,1935,192594403,2^192594403-1,STRUCTURAL_SCREEN_EXHAUSTED_PRIMALITY_UNASSIGNED,FIRST_SINGULARITY_SHELL_EXHAUSTED_PRIMALITY_UNASSIGNED,514,9595,9595,NO_RECORDED_FACTOR_PRP_OR_LL_RESULT_AND_NO_ACTIVE_GIMPS_ASSIGNMENT,2026-08-07T16:23:51+00:00,UNALLOCATED,,,,,
SLCMP201-0826,826,1944,192594907,2^192594907-1,STRUCTURAL_SCREEN_EXHAUSTED_PRIMALITY_UNASSIGNED,FIRST_SINGULARITY_SHELL_EXHAUSTED_PRIMALITY_UNASSIGNED,514,9595,9595,NO_RECORDED_FACTOR_PRP_OR_LL_RESULT_AND_NO_ACTIVE_GIMPS_ASSIGNMENT,2026-08-07T16:23:51+00:00,UNALLOCATED,,,,,
SLCMP201-0827,827,1946,192594959,2^192594959-1,STRUCTURAL_SCREEN_EXHAUSTED_PRIMALITY_UNASSIGNED,FIRST_SINGULARITY_SHELL_EXHAUSTED_PRIMALITY_UNASSIGNED,514,9595,9595,NO_RECORDED_FACTOR_PRP_OR_LL_RESULT_AND_NO_ACTIVE_GIMPS_ASSIGNMENT,2026-08-07T16:23:51+00:00,UNALLOCATED,,,,,
SLCMP201-0828,828,1958,192595817,2^192595817-1,STRUCTURAL_SCREEN_EXHAUSTED_PRIMALITY_UNASSIGNED,FIRST_SINGULARITY_SHELL_EXHAUSTED_PRIMALITY_UNASSIGNED,513,9595,9595,NO_RECORDED_FACTOR_PRP_OR_LL_RESULT_AND_NO_ACTIVE_GIMPS_ASSIGNMENT,2026-08-07T16:23:51+00:00,UNALLOCATED,,,,,
SLCMP201-0829,829,1967,192596387,2^192596387-1,STRUCTURAL_SCREEN_EXHAUSTED_PRIMALITY_UNASSIGNED,FIRST_SINGULARITY_SHELL_EXHAUSTED_PRIMALITY_UNASSIGNED,514,9595,9595,NO_RECORDED_FACTOR_PRP_OR_LL_RESULT_AND_NO_ACTIVE_GIMPS_ASSIGNMENT,2026-08-07T16:23:51+00:00,UNALLOCATED,,,,,
SLCMP201-0830,830,1972,192596539,2^192596539-1,STRUCTURAL_SCREEN_EXHAUSTED_PRIMALITY_UNASSIGNED,FIRST_SINGULARITY_SHELL_EXHAUSTED_PRIMALITY_UNASSIGNED,514,9595,9595,NO_RECORDED_FACTOR_PRP_OR_LL_RESULT_AND_NO_ACTIVE_GIMPS_ASSIGNMENT,2026-08-07T16:23:51+00:00,UNALLOCATED,,,,,
SLCMP201-0831,831,1977,192596839,2^192596839-1,STRUCTURAL_SCREEN_EXHAUSTED_PRIMALITY_UNASSIGNED,FIRST_SINGULARITY_SHELL_EXHAUSTED_PRIMALITY_UNASSIGNED,514,9595,9595,NO_RECORDED_FACTOR_PRP_OR_LL_RESULT_AND_NO_ACTIVE_GIMPS_ASSIGNMENT,2026-08-07T16:23:51+00:00,UNALLOCATED,,,,,
SLCMP201-0832,832,1981,192596969,2^192596969-1,STRUCTURAL_SCREEN_EXHAUSTED_PRIMALITY_UNASSIGNED,FIRST_SINGULARITY_SHELL_EXHAUSTED_PRIMALITY_UNASSIGNED,513,9595,9595,NO_RECORDED_FACTOR_PRP_OR_LL_RESULT_AND_NO_ACTIVE_GIMPS_ASSIGNMENT,2026-08-07T16:23:51+00:00,UNALLOCATED,,,,,
SLCMP201-0833,833,1985,192597109,2^192597109-1,STRUCTURAL_SCREEN_EXHAUSTED_PRIMALITY_UNASSIGNED,FIRST_SINGULARITY_SHELL_EXHAUSTED_PRIMALITY_UNASSIGNED,513,9595,9595,NO_RECORDED_FACTOR_PRP_OR_LL_RESULT_AND_NO_ACTIVE_GIMPS_ASSIGNMENT,2026-08-07T16:23:51+00:00,UNALLOCATED,,,,,
SLCMP201-0834,834,1986,192597179,2^192597179-1,STRUCTURAL_SCREEN_EXHAUSTED_PRIMALITY_UNASSIGNED,FIRST_SINGULARITY_SHELL_EXHAUSTED_PRIMALITY_UNASSIGNED,514,9595,9595,NO_RECORDED_FACTOR_PRP_OR_LL_RESULT_AND_NO_ACTIVE_GIMPS_ASSIGNMENT,2026-08-07T16:23:51+00:00,UNALLOCATED,,,,,
SLCMP201-0835,835,1987,192597187,2^192597187-1,STRUCTURAL_SCREEN_EXHAUSTED_PRIMALITY_UNASSIGNED,FIRST_SINGULARITY_SHELL_EXHAUSTED_PRIMALITY_UNASSIGNED,514,9595,9595,NO_RECORDED_FACTOR_PRP_OR_LL_RESULT_AND_NO_ACTIVE_GIMPS_ASSIGNMENT,2026-08-07T16:23:51+00:00,UNALLOCATED,,,,,
SLCMP201-0836,836,1999,192597749,2^192597749-1,STRUCTURAL_SCREEN_EXHAUSTED_PRIMALITY_UNASSIGNED,FIRST_SINGULARITY_SHELL_EXHAUSTED_PRIMALITY_UNASSIGNED,513,9595,9595,NO_RECORDED_FACTOR_PRP_OR_LL_RESULT_AND_NO_ACTIVE_GIMPS_ASSIGNMENT,2026-08-07T16:23:51+00:00,UNALLOCATED,,,,,
SLCMP201-0837,837,2002,192597827,2^192597827-1,STRUCTURAL_SCREEN_EXHAUSTED_PRIMALITY_UNASSIGNED,FIRST_SINGULARITY_SHELL_EXHAUSTED_PRIMALITY_UNASSIGNED,514,9595,9595,NO_RECORDED_FACTOR_PRP_OR_LL_RESULT_AND_NO_ACTIVE_GIMPS_ASSIGNMENT,2026-08-07T16:23:51+00:00,UNALLOCATED,,,,,
SLCMP201-0838,838,2006,192597907,2^192597907-1,STRUCTURAL_SCREEN_EXHAUSTED_PRIMALITY_UNASSIGNED,FIRST_SINGULARITY_SHELL_EXHAUSTED_PRIMALITY_UNASSIGNED,514,9595,9595,NO_RECORDED_FACTOR_PRP_OR_LL_RESULT_AND_NO_ACTIVE_GIMPS_ASSIGNMENT,2026-08-07T16:23:51+00:00,UNALLOCATED,,,,,
SLCMP201-0839,839,2007,192597917,2^192597917-1,STRUCTURAL_SCREEN_EXHAUSTED_PRIMALITY_UNASSIGNED,FIRST_SINGULARITY_SHELL_EXHAUSTED_PRIMALITY_UNASSIGNED,513,9595,9595,NO_RECORDED_FACTOR_PRP_OR_LL_RESULT_AND_NO_ACTIVE_GIMPS_ASSIGNMENT,2026-08-07T16:23:51+00:00,UNALLOCATED,,,,,
SLCMP201-0840,840,2010,192598103,2^192598103-1,STRUCTURAL_SCREEN_EXHAUSTED_PRIMALITY_UNASSIGNED,FIRST_SINGULARITY_SHELL_EXHAUSTED_PRIMALITY_UNASSIGNED,514,9595,9595,NO_RECORDED_FACTOR_PRP_OR_LL_RESULT_AND_NO_ACTIVE_GIMPS_ASSIGNMENT,2026-08-07T16:23:51+00:00,UNALLOCATED,,,,,
SLCMP201-0841,841,2038,192599731,2^192599731-1,STRUCTURAL_SCREEN_EXHAUSTED_PRIMALITY_UNASSIGNED,FIRST_SINGULARITY_SHELL_EXHAUSTED_PRIMALITY_UNASSIGNED,514,9595,9595,NO_RECORDED_FACTOR_PRP_OR_LL_RESULT_AND_NO_ACTIVE_GIMPS_ASSIGNMENT,2026-08-07T16:23:51+00:00,UNALLOCATED,,,,,
SLCMP201-0842,842,2043,192599947,2^192599947-1,STRUCTURAL_SCREEN_EXHAUSTED_PRIMALITY_UNASSIGNED,FIRST_SINGULARITY_SHELL_EXHAUSTED_PRIMALITY_UNASSIGNED,514,9595,9595,NO_RECORDED_FACTOR_PRP_OR_LL_RESULT_AND_NO_ACTIVE_GIMPS_ASSIGNMENT,2026-08-07T16:23:51+00:00,UNALLOCATED,,,,,
SLCMP201-0843,843,2052,192600547,2^192600547-1,STRUCTURAL_SCREEN_EXHAUSTED_PRIMALITY_UNASSIGNED,FIRST_SINGULARITY_SHELL_EXHAUSTED_PRIMALITY_UNASSIGNED,514,9595,9595,NO_RECORDED_FACTOR_PRP_OR_LL_RESULT_AND_NO_ACTIVE_GIMPS_ASSIGNMENT,2026-08-07T16:23:51+00:00,UNALLOCATED,,,,,
SLCMP201-0844,844,2056,192600823,2^192600823-1,STRUCTURAL_SCREEN_EXHAUSTED_PRIMALITY_UNASSIGNED,FIRST_SINGULARITY_SHELL_EXHAUSTED_PRIMALITY_UNASSIGNED,514,9595,9595,NO_RECORDED_FACTOR_PRP_OR_LL_RESULT_AND_NO_ACTIVE_GIMPS_ASSIGNMENT,2026-08-07T16:23:51+00:00,UNALLOCATED,,,,,
SLCMP201-0845,845,2059,192600893,2^192600893-1,STRUCTURAL_SCREEN_EXHAUSTED_PRIMALITY_UNASSIGNED,FIRST_SINGULARITY_SHELL_EXHAUSTED_PRIMALITY_UNASSIGNED,513,9595,9595,NO_RECORDED_FACTOR_PRP_OR_LL_RESULT_AND_NO_ACTIVE_GIMPS_ASSIGNMENT,2026-08-07T16:23:51+00:00,UNALLOCATED,,,,,
SLCMP201-0846,846,2064,192601127,2^192601127-1,STRUCTURAL_SCREEN_EXHAUSTED_PRIMALITY_UNASSIGNED,FIRST_SINGULARITY_SHELL_EXHAUSTED_PRIMALITY_UNASSIGNED,514,9595,9595,NO_RECORDED_FACTOR_PRP_OR_LL_RESULT_AND_NO_ACTIVE_GIMPS_ASSIGNMENT,2026-08-07T16:23:51+00:00,UNALLOCATED,,,,,
SLCMP201-0847,847,2073,192601427,2^192601427-1,STRUCTURAL_SCREEN_EXHAUSTED_PRIMALITY_UNASSIGNED,FIRST_SINGULARITY_SHELL_EXHAUSTED_PRIMALITY_UNASSIGNED,514,9595,9595,NO_RECORDED_FACTOR_PRP_OR_LL_RESULT_AND_NO_ACTIVE_GIMPS_ASSIGNMENT,2026-08-07T16:23:51+00:00,UNALLOCATED,,,,,
SLCMP201-0848,848,2074,192601439,2^192601439-1,STRUCTURAL_SCREEN_EXHAUSTED_PRIMALITY_UNASSIGNED,FIRST_SINGULARITY_SHELL_EXHAUSTED_PRIMALITY_UNASSIGNED,514,9595,9595,NO_RECORDED_FACTOR_PRP_OR_LL_RESULT_AND_NO_ACTIVE_GIMPS_ASSIGNMENT,2026-08-07T16:23:51+00:00,UNALLOCATED,,,,,
SLCMP201-0849,849,2081,192601757,2^192601757-1,STRUCTURAL_SCREEN_EXHAUSTED_PRIMALITY_UNASSIGNED,FIRST_SINGULARITY_SHELL_EXHAUSTED_PRIMALITY_UNASSIGNED,513,9595,9595,NO_RECORDED_FACTOR_PRP_OR_LL_RESULT_AND_NO_ACTIVE_GIMPS_ASSIGNMENT,2026-08-07T16:23:51+00:00,UNALLOCATED,,,,,
SLCMP201-0850,850,2083,192602017,2^192602017-1,STRUCTURAL_SCREEN_EXHAUSTED_PRIMALITY_UNASSIGNED,FIRST_SINGULARITY_SHELL_EXHAUSTED_PRIMALITY_UNASSIGNED,513,9595,9595,NO_RECORDED_FACTOR_PRP_OR_LL_RESULT_AND_NO_ACTIVE_GIMPS_ASSIGNMENT,2026-08-07T16:23:51+00:00,UNALLOCATED,,,,,
SLCMP201-0851,851,2088,192602257,2^192602257-1,STRUCTURAL_SCREEN_EXHAUSTED_PRIMALITY_UNASSIGNED,FIRST_SINGULARITY_SHELL_EXHAUSTED_PRIMALITY_UNASSIGNED,513,9595,9595,NO_RECORDED_FACTOR_PRP_OR_LL_RESULT_AND_NO_ACTIVE_GIMPS_ASSIGNMENT,2026-08-07T16:23:51+00:00,UNALLOCATED,,,,,
SLCMP201-0852,852,2089,192602309,2^192602309-1,STRUCTURAL_SCREEN_EXHAUSTED_PRIMALITY_UNASSIGNED,FIRST_SINGULARITY_SHELL_EXHAUSTED_PRIMALITY_UNASSIGNED,513,9595,9595,NO_RECORDED_FACTOR_PRP_OR_LL_RESULT_AND_NO_ACTIVE_GIMPS_ASSIGNMENT,2026-08-07T16:23:51+00:00,UNALLOCATED,,,,,
SLCMP201-0853,853,2090,192602393,2^192602393-1,STRUCTURAL_SCREEN_EXHAUSTED_PRIMALITY_UNASSIGNED,FIRST_SINGULARITY_SHELL_EXHAUSTED_PRIMALITY_UNASSIGNED,513,9595,9595,NO_RECORDED_FACTOR_PRP_OR_LL_RESULT_AND_NO_ACTIVE_GIMPS_ASSIGNMENT,2026-08-07T16:23:51+00:00,UNALLOCATED,,,,,
SLCMP201-0854,854,2092,192602489,2^192602489-1,STRUCTURAL_SCREEN_EXHAUSTED_PRIMALITY_UNASSIGNED,FIRST_SINGULARITY_SHELL_EXHAUSTED_PRIMALITY_UNASSIGNED,513,9595,9595,NO_RECORDED_FACTOR_PRP_OR_LL_RESULT_AND_NO_ACTIVE_GIMPS_ASSIGNMENT,2026-08-07T16:23:51+00:00,UNALLOCATED,,,,,
SLCMP201-0855,855,2093,192602549,2^192602549-1,STRUCTURAL_SCREEN_EXHAUSTED_PRIMALITY_UNASSIGNED,FIRST_SINGULARITY_SHELL_EXHAUSTED_PRIMALITY_UNASSIGNED,513,9595,9595,NO_RECORDED_FACTOR_PRP_OR_LL_RESULT_AND_NO_ACTIVE_GIMPS_ASSIGNMENT,2026-08-07T16:23:51+00:00,UNALLOCATED,,,,,
SLCMP201-0856,856,2108,192603739,2^192603739-1,STRUCTURAL_SCREEN_EXHAUSTED_PRIMALITY_UNASSIGNED,FIRST_SINGULARITY_SHELL_EXHAUSTED_PRIMALITY_UNASSIGNED,514,9595,9595,NO_RECORDED_FACTOR_PRP_OR_LL_RESULT_AND_NO_ACTIVE_GIMPS_ASSIGNMENT,2026-08-07T16:23:51+00:00,UNALLOCATED,,,,,
SLCMP201-0857,857,2109,192603769,2^192603769-1,STRUCTURAL_SCREEN_EXHAUSTED_PRIMALITY_UNASSIGNED,FIRST_SINGULARITY_SHELL_EXHAUSTED_PRIMALITY_UNASSIGNED,513,9595,9595,NO_RECORDED_FACTOR_PRP_OR_LL_RESULT_AND_NO_ACTIVE_GIMPS_ASSIGNMENT,2026-08-07T16:23:51+00:00,UNALLOCATED,,,,,
SLCMP201-0858,858,2122,192604127,2^192604127-1,STRUCTURAL_SCREEN_EXHAUSTED_PRIMALITY_UNASSIGNED,FIRST_SINGULARITY_SHELL_EXHAUSTED_PRIMALITY_UNASSIGNED,514,9595,9595,NO_RECORDED_FACTOR_PRP_OR_LL_RESULT_AND_NO_ACTIVE_GIMPS_ASSIGNMENT,2026-08-07T16:23:51+00:00,UNALLOCATED,,,,,
SLCMP201-0859,859,2129,192604493,2^192604493-1,STRUCTURAL_SCREEN_EXHAUSTED_PRIMALITY_UNASSIGNED,FIRST_SINGULARITY_SHELL_EXHAUSTED_PRIMALITY_UNASSIGNED,513,9595,9595,NO_RECORDED_FACTOR_PRP_OR_LL_RESULT_AND_NO_ACTIVE_GIMPS_ASSIGNMENT,2026-08-07T16:23:51+00:00,UNALLOCATED,,,,,
SLCMP201-0860,860,2139,192604817,2^192604817-1,STRUCTURAL_SCREEN_EXHAUSTED_PRIMALITY_UNASSIGNED,FIRST_SINGULARITY_SHELL_EXHAUSTED_PRIMALITY_UNASSIGNED,513,9595,9595,NO_RECORDED_FACTOR_PRP_OR_LL_RESULT_AND_NO_ACTIVE_GIMPS_ASSIGNMENT,2026-08-07T16:23:51+00:00,UNALLOCATED,,,,,
SLCMP201-0861,861,2146,192605027,2^192605027-1,STRUCTURAL_SCREEN_EXHAUSTED_PRIMALITY_UNASSIGNED,FIRST_SINGULARITY_SHELL_EXHAUSTED_PRIMALITY_UNASSIGNED,514,9595,9595,NO_RECORDED_FACTOR_PRP_OR_LL_RESULT_AND_NO_ACTIVE_GIMPS_ASSIGNMENT,2026-08-07T16:23:51+00:00,UNALLOCATED,,,,,
SLCMP201-0862,862,2152,192605437,2^192605437-1,STRUCTURAL_SCREEN_EXHAUSTED_PRIMALITY_UNASSIGNED,FIRST_SINGULARITY_SHELL_EXHAUSTED_PRIMALITY_UNASSIGNED,513,9595,9595,NO_RECORDED_FACTOR_PRP_OR_LL_RESULT_AND_NO_ACTIVE_GIMPS_ASSIGNMENT,2026-08-07T16:23:51+00:00,UNALLOCATED,,,,,
SLCMP201-0863,863,2161,192605927,2^192605927-1,STRUCTURAL_SCREEN_EXHAUSTED_PRIMALITY_UNASSIGNED,FIRST_SINGULARITY_SHELL_EXHAUSTED_PRIMALITY_UNASSIGNED,514,9595,9595,NO_RECORDED_FACTOR_PRP_OR_LL_RESULT_AND_NO_ACTIVE_GIMPS_ASSIGNMENT,2026-08-07T16:23:51+00:00,UNALLOCATED,,,,,
SLCMP201-0864,864,2163,192605977,2^192605977-1,STRUCTURAL_SCREEN_EXHAUSTED_PRIMALITY_UNASSIGNED,FIRST_SINGULARITY_SHELL_EXHAUSTED_PRIMALITY_UNASSIGNED,513,9595,9595,NO_RECORDED_FACTOR_PRP_OR_LL_RESULT_AND_NO_ACTIVE_GIMPS_ASSIGNMENT,2026-08-07T16:23:51+00:00,UNALLOCATED,,,,,
SLCMP201-0865,865,2164,192605989,2^192605989-1,STRUCTURAL_SCREEN_EXHAUSTED_PRIMALITY_UNASSIGNED,FIRST_SINGULARITY_SHELL_EXHAUSTED_PRIMALITY_UNASSIGNED,513,9595,9595,NO_RECORDED_FACTOR_PRP_OR_LL_RESULT_AND_NO_ACTIVE_GIMPS_ASSIGNMENT,2026-08-07T16:23:51+00:00,UNALLOCATED,,,,,
SLCMP201-0866,866,2165,192606019,2^192606019-1,STRUCTURAL_SCREEN_EXHAUSTED_PRIMALITY_UNASSIGNED,FIRST_SINGULARITY_SHELL_EXHAUSTED_PRIMALITY_UNASSIGNED,514,9595,9595,NO_RECORDED_FACTOR_PRP_OR_LL_RESULT_AND_NO_ACTIVE_GIMPS_ASSIGNMENT,2026-08-07T16:23:51+00:00,UNALLOCATED,,,,,
SLCMP201-0867,867,2167,192606061,2^192606061-1,STRUCTURAL_SCREEN_EXHAUSTED_PRIMALITY_UNASSIGNED,FIRST_SINGULARITY_SHELL_EXHAUSTED_PRIMALITY_UNASSIGNED,513,9595,9595,NO_RECORDED_FACTOR_PRP_OR_LL_RESULT_AND_NO_ACTIVE_GIMPS_ASSIGNMENT,2026-08-07T16:23:51+00:00,UNALLOCATED,,,,,
SLCMP201-0868,868,2168,192606067,2^192606067-1,STRUCTURAL_SCREEN_EXHAUSTED_PRIMALITY_UNASSIGNED,FIRST_SINGULARITY_SHELL_EXHAUSTED_PRIMALITY_UNASSIGNED,514,9595,9595,NO_RECORDED_FACTOR_PRP_OR_LL_RESULT_AND_NO_ACTIVE_GIMPS_ASSIGNMENT,2026-08-07T16:23:51+00:00,UNALLOCATED,,,,,
SLCMP201-0869,869,2169,192606157,2^192606157-1,STRUCTURAL_SCREEN_EXHAUSTED_PRIMALITY_UNASSIGNED,FIRST_SINGULARITY_SHELL_EXHAUSTED_PRIMALITY_UNASSIGNED,513,9595,9595,NO_RECORDED_FACTOR_PRP_OR_LL_RESULT_AND_NO_ACTIVE_GIMPS_ASSIGNMENT,2026-08-07T16:23:51+00:00,UNALLOCATED,,,,,
SLCMP201-0870,870,2170,192606251,2^192606251-1,STRUCTURAL_SCREEN_EXHAUSTED_PRIMALITY_UNASSIGNED,FIRST_SINGULARITY_SHELL_EXHAUSTED_PRIMALITY_UNASSIGNED,514,9595,9595,NO_RECORDED_FACTOR_PRP_OR_LL_RESULT_AND_NO_ACTIVE_GIMPS_ASSIGNMENT,2026-08-07T16:23:51+00:00,UNALLOCATED,,,,,
SLCMP201-0871,871,2171,192606259,2^192606259-1,STRUCTURAL_SCREEN_EXHAUSTED_PRIMALITY_UNASSIGNED,FIRST_SINGULARITY_SHELL_EXHAUSTED_PRIMALITY_UNASSIGNED,514,9595,9595,NO_RECORDED_FACTOR_PRP_OR_LL_RESULT_AND_NO_ACTIVE_GIMPS_ASSIGNMENT,2026-08-07T16:23:51+00:00,UNALLOCATED,,,,,
SLCMP201-0872,872,2172,192606283,2^192606283-1,STRUCTURAL_SCREEN_EXHAUSTED_PRIMALITY_UNASSIGNED,FIRST_SINGULARITY_SHELL_EXHAUSTED_PRIMALITY_UNASSIGNED,514,9595,9595,NO_RECORDED_FACTOR_PRP_OR_LL_RESULT_AND_NO_ACTIVE_GIMPS_ASSIGNMENT,2026-08-07T16:23:51+00:00,UNALLOCATED,,,,,
SLCMP201-0873,873,2173,192606367,2^192606367-1,STRUCTURAL_SCREEN_EXHAUSTED_PRIMALITY_UNASSIGNED,FIRST_SINGULARITY_SHELL_EXHAUSTED_PRIMALITY_UNASSIGNED,514,9595,9595,NO_RECORDED_FACTOR_PRP_OR_LL_RESULT_AND_NO_ACTIVE_GIMPS_ASSIGNMENT,2026-08-07T16:23:51+00:00,UNALLOCATED,,,,,
SLCMP201-0874,874,2175,192606409,2^192606409-1,STRUCTURAL_SCREEN_EXHAUSTED_PRIMALITY_UNASSIGNED,FIRST_SINGULARITY_SHELL_EXHAUSTED_PRIMALITY_UNASSIGNED,513,9595,9595,NO_RECORDED_FACTOR_PRP_OR_LL_RESULT_AND_NO_ACTIVE_GIMPS_ASSIGNMENT,2026-08-07T16:23:51+00:00,UNALLOCATED,,,,,
SLCMP201-0875,875,2176,192606451,2^192606451-1,STRUCTURAL_SCREEN_EXHAUSTED_PRIMALITY_UNASSIGNED,FIRST_SINGULARITY_SHELL_EXHAUSTED_PRIMALITY_UNASSIGNED,514,9595,9595,NO_RECORDED_FACTOR_PRP_OR_LL_RESULT_AND_NO_ACTIVE_GIMPS_ASSIGNMENT,2026-08-07T16:23:51+00:00,UNALLOCATED,,,,,
SLCMP201-0876,876,2177,192606493,2^192606493-1,STRUCTURAL_SCREEN_EXHAUSTED_PRIMALITY_UNASSIGNED,FIRST_SINGULARITY_SHELL_EXHAUSTED_PRIMALITY_UNASSIGNED,513,9595,9595,NO_RECORDED_FACTOR_PRP_OR_LL_RESULT_AND_NO_ACTIVE_GIMPS_ASSIGNMENT,2026-08-07T16:23:51+00:00,UNALLOCATED,,,,,
SLCMP201-0877,877,2178,192606509,2^192606509-1,STRUCTURAL_SCREEN_EXHAUSTED_PRIMALITY_UNASSIGNED,FIRST_SINGULARITY_SHELL_EXHAUSTED_PRIMALITY_UNASSIGNED,513,9595,9595,NO_RECORDED_FACTOR_PRP_OR_LL_RESULT_AND_NO_ACTIVE_GIMPS_ASSIGNMENT,2026-08-07T16:23:51+00:00,UNALLOCATED,,,,,
SLCMP201-0878,878,2179,192606511,2^192606511-1,STRUCTURAL_SCREEN_EXHAUSTED_PRIMALITY_UNASSIGNED,FIRST_SINGULARITY_SHELL_EXHAUSTED_PRIMALITY_UNASSIGNED,514,9595,9595,NO_RECORDED_FACTOR_PRP_OR_LL_RESULT_AND_NO_ACTIVE_GIMPS_ASSIGNMENT,2026-08-07T16:23:51+00:00,UNALLOCATED,,,,,
SLCMP201-0879,879,2180,192606541,2^192606541-1,STRUCTURAL_SCREEN_EXHAUSTED_PRIMALITY_UNASSIGNED,FIRST_SINGULARITY_SHELL_EXHAUSTED_PRIMALITY_UNASSIGNED,513,9595,9595,NO_RECORDED_FACTOR_PRP_OR_LL_RESULT_AND_NO_ACTIVE_GIMPS_ASSIGNMENT,2026-08-07T16:23:51+00:00,UNALLOCATED,,,,,
SLCMP201-0880,880,2181,192606679,2^192606679-1,STRUCTURAL_SCREEN_EXHAUSTED_PRIMALITY_UNASSIGNED,FIRST_SINGULARITY_SHELL_EXHAUSTED_PRIMALITY_UNASSIGNED,514,9595,9595,NO_RECORDED_FACTOR_PRP_OR_LL_RESULT_AND_NO_ACTIVE_GIMPS_ASSIGNMENT,2026-08-07T16:23:51+00:00,UNALLOCATED,,,,,
SLCMP201-0881,881,2182,192606797,2^192606797-1,STRUCTURAL_SCREEN_EXHAUSTED_PRIMALITY_UNASSIGNED,FIRST_SINGULARITY_SHELL_EXHAUSTED_PRIMALITY_UNASSIGNED,513,9595,9595,NO_RECORDED_FACTOR_PRP_OR_LL_RESULT_AND_NO_ACTIVE_GIMPS_ASSIGNMENT,2026-08-07T16:23:51+00:00,UNALLOCATED,,,,,
SLCMP201-0882,882,2183,192606833,2^192606833-1,STRUCTURAL_SCREEN_EXHAUSTED_PRIMALITY_UNASSIGNED,FIRST_SINGULARITY_SHELL_EXHAUSTED_PRIMALITY_UNASSIGNED,513,9595,9595,NO_RECORDED_FACTOR_PRP_OR_LL_RESULT_AND_NO_ACTIVE_GIMPS_ASSIGNMENT,2026-08-07T16:23:51+00:00,UNALLOCATED,,,,,
SLCMP201-0883,883,2185,192607087,2^192607087-1,STRUCTURAL_SCREEN_EXHAUSTED_PRIMALITY_UNASSIGNED,FIRST_SINGULARITY_SHELL_EXHAUSTED_PRIMALITY_UNASSIGNED,514,9595,9595,NO_RECORDED_FACTOR_PRP_OR_LL_RESULT_AND_NO_ACTIVE_GIMPS_ASSIGNMENT,2026-08-07T16:23:51+00:00,UNALLOCATED,,,,,
SLCMP201-0884,884,2186,192607133,2^192607133-1,STRUCTURAL_SCREEN_EXHAUSTED_PRIMALITY_UNASSIGNED,FIRST_SINGULARITY_SHELL_EXHAUSTED_PRIMALITY_UNASSIGNED,513,9595,9595,NO_RECORDED_FACTOR_PRP_OR_LL_RESULT_AND_NO_ACTIVE_GIMPS_ASSIGNMENT,2026-08-07T16:23:51+00:00,UNALLOCATED,,,,,
SLCMP201-0885,885,2187,192607187,2^192607187-1,STRUCTURAL_SCREEN_EXHAUSTED_PRIMALITY_UNASSIGNED,FIRST_SINGULARITY_SHELL_EXHAUSTED_PRIMALITY_UNASSIGNED,514,9595,9595,NO_RECORDED_FACTOR_PRP_OR_LL_RESULT_AND_NO_ACTIVE_GIMPS_ASSIGNMENT,2026-08-07T16:23:51+00:00,UNALLOCATED,,,,,
SLCMP201-0886,886,2188,192607213,2^192607213-1,STRUCTURAL_SCREEN_EXHAUSTED_PRIMALITY_UNASSIGNED,FIRST_SINGULARITY_SHELL_EXHAUSTED_PRIMALITY_UNASSIGNED,513,9595,9595,NO_RECORDED_FACTOR_PRP_OR_LL_RESULT_AND_NO_ACTIVE_GIMPS_ASSIGNMENT,2026-08-07T16:23:51+00:00,UNALLOCATED,,,,,
SLCMP201-0887,887,2189,192607243,2^192607243-1,STRUCTURAL_SCREEN_EXHAUSTED_PRIMALITY_UNASSIGNED,FIRST_SINGULARITY_SHELL_EXHAUSTED_PRIMALITY_UNASSIGNED,514,9595,9595,NO_RECORDED_FACTOR_PRP_OR_LL_RESULT_AND_NO_ACTIVE_GIMPS_ASSIGNMENT,2026-08-07T16:23:51+00:00,UNALLOCATED,,,,,
SLCMP201-0888,888,2190,192607249,2^192607249-1,STRUCTURAL_SCREEN_EXHAUSTED_PRIMALITY_UNASSIGNED,FIRST_SINGULARITY_SHELL_EXHAUSTED_PRIMALITY_UNASSIGNED,513,9595,9595,NO_RECORDED_FACTOR_PRP_OR_LL_RESULT_AND_NO_ACTIVE_GIMPS_ASSIGNMENT,2026-08-07T16:23:51+00:00,UNALLOCATED,,,,,
SLCMP201-0889,889,2192,192607391,2^192607391-1,STRUCTURAL_SCREEN_EXHAUSTED_PRIMALITY_UNASSIGNED,FIRST_SINGULARITY_SHELL_EXHAUSTED_PRIMALITY_UNASSIGNED,514,9595,9595,NO_RECORDED_FACTOR_PRP_OR_LL_RESULT_AND_NO_ACTIVE_GIMPS_ASSIGNMENT,2026-08-07T16:23:51+00:00,UNALLOCATED,,,,,
SLCMP201-0890,890,2193,192607409,2^192607409-1,STRUCTURAL_SCREEN_EXHAUSTED_PRIMALITY_UNASSIGNED,FIRST_SINGULARITY_SHELL_EXHAUSTED_PRIMALITY_UNASSIGNED,513,9595,9595,NO_RECORDED_FACTOR_PRP_OR_LL_RESULT_AND_NO_ACTIVE_GIMPS_ASSIGNMENT,2026-08-07T16:23:51+00:00,UNALLOCATED,,,,,
SLCMP201-0891,891,2194,192607411,2^192607411-1,STRUCTURAL_SCREEN_EXHAUSTED_PRIMALITY_UNASSIGNED,FIRST_SINGULARITY_SHELL_EXHAUSTED_PRIMALITY_UNASSIGNED,514,9595,9595,NO_RECORDED_FACTOR_PRP_OR_LL_RESULT_AND_NO_ACTIVE_GIMPS_ASSIGNMENT,2026-08-07T16:23:51+00:00,UNALLOCATED,,,,,
SLCMP201-0892,892,2195,192607423,2^192607423-1,STRUCTURAL_SCREEN_EXHAUSTED_PRIMALITY_UNASSIGNED,FIRST_SINGULARITY_SHELL_EXHAUSTED_PRIMALITY_UNASSIGNED,514,9595,9595,NO_RECORDED_FACTOR_PRP_OR_LL_RESULT_AND_NO_ACTIVE_GIMPS_ASSIGNMENT,2026-08-07T16:23:51+00:00,UNALLOCATED,,,,,
SLCMP201-0893,893,2196,192607477,2^192607477-1,STRUCTURAL_SCREEN_EXHAUSTED_PRIMALITY_UNASSIGNED,FIRST_SINGULARITY_SHELL_EXHAUSTED_PRIMALITY_UNASSIGNED,513,9595,9595,NO_RECORDED_FACTOR_PRP_OR_LL_RESULT_AND_NO_ACTIVE_GIMPS_ASSIGNMENT,2026-08-07T16:23:51+00:00,UNALLOCATED,,,,,
SLCMP201-0894,894,2197,192607669,2^192607669-1,STRUCTURAL_SCREEN_EXHAUSTED_PRIMALITY_UNASSIGNED,FIRST_SINGULARITY_SHELL_EXHAUSTED_PRIMALITY_UNASSIGNED,513,9595,9595,NO_RECORDED_FACTOR_PRP_OR_LL_RESULT_AND_NO_ACTIVE_GIMPS_ASSIGNMENT,2026-08-07T16:23:51+00:00,UNALLOCATED,,,,,
SLCMP201-0895,895,2198,192607691,2^192607691-1,STRUCTURAL_SCREEN_EXHAUSTED_PRIMALITY_UNASSIGNED,FIRST_SINGULARITY_SHELL_EXHAUSTED_PRIMALITY_UNASSIGNED,514,9595,9595,NO_RECORDED_FACTOR_PRP_OR_LL_RESULT_AND_NO_ACTIVE_GIMPS_ASSIGNMENT,2026-08-07T16:23:51+00:00,UNALLOCATED,,,,,
SLCMP201-0896,896,2199,192607699,2^192607699-1,STRUCTURAL_SCREEN_EXHAUSTED_PRIMALITY_UNASSIGNED,FIRST_SINGULARITY_SHELL_EXHAUSTED_PRIMALITY_UNASSIGNED,514,9595,9595,NO_RECORDED_FACTOR_PRP_OR_LL_RESULT_AND_NO_ACTIVE_GIMPS_ASSIGNMENT,2026-08-07T16:23:51+00:00,UNALLOCATED,,,,,
SLCMP201-0897,897,2200,192607717,2^192607717-1,STRUCTURAL_SCREEN_EXHAUSTED_PRIMALITY_UNASSIGNED,FIRST_SINGULARITY_SHELL_EXHAUSTED_PRIMALITY_UNASSIGNED,513,9595,9595,NO_RECORDED_FACTOR_PRP_OR_LL_RESULT_AND_NO_ACTIVE_GIMPS_ASSIGNMENT,2026-08-07T16:23:51+00:00,UNALLOCATED,,,,,
SLCMP201-0898,898,2201,192607733,2^192607733-1,STRUCTURAL_SCREEN_EXHAUSTED_PRIMALITY_UNASSIGNED,FIRST_SINGULARITY_SHELL_EXHAUSTED_PRIMALITY_UNASSIGNED,513,9595,9595,NO_RECORDED_FACTOR_PRP_OR_LL_RESULT_AND_NO_ACTIVE_GIMPS_ASSIGNMENT,2026-08-07T16:23:51+00:00,UNALLOCATED,,,,,
SLCMP201-0899,899,2203,192607913,2^192607913-1,STRUCTURAL_SCREEN_EXHAUSTED_PRIMALITY_UNASSIGNED,FIRST_SINGULARITY_SHELL_EXHAUSTED_PRIMALITY_UNASSIGNED,513,9595,9595,NO_RECORDED_FACTOR_PRP_OR_LL_RESULT_AND_NO_ACTIVE_GIMPS_ASSIGNMENT,2026-08-07T16:23:51+00:00,UNALLOCATED,,,,,
SLCMP201-0900,900,2204,192607967,2^192607967-1,STRUCTURAL_SCREEN_EXHAUSTED_PRIMALITY_UNASSIGNED,FIRST_SINGULARITY_SHELL_EXHAUSTED_PRIMALITY_UNASSIGNED,514,9595,9595,NO_RECORDED_FACTOR_PRP_OR_LL_RESULT_AND_NO_ACTIVE_GIMPS_ASSIGNMENT,2026-08-07T16:23:51+00:00,UNALLOCATED,,,,,
SLCMP201-0901,901,2205,192608033,2^192608033-1,STRUCTURAL_SCREEN_EXHAUSTED_PRIMALITY_UNASSIGNED,FIRST_SINGULARITY_SHELL_EXHAUSTED_PRIMALITY_UNASSIGNED,513,9595,9595,NO_RECORDED_FACTOR_PRP_OR_LL_RESULT_AND_NO_ACTIVE_GIMPS_ASSIGNMENT,2026-08-07T16:23:51+00:00,UNALLOCATED,,,,,
SLCMP201-0902,902,2206,192608041,2^192608041-1,STRUCTURAL_SCREEN_EXHAUSTED_PRIMALITY_UNASSIGNED,FIRST_SINGULARITY_SHELL_EXHAUSTED_PRIMALITY_UNASSIGNED,513,9595,9595,NO_RECORDED_FACTOR_PRP_OR_LL_RESULT_AND_NO_ACTIVE_GIMPS_ASSIGNMENT,2026-08-07T16:23:51+00:00,UNALLOCATED,,,,,
SLCMP201-0903,903,2208,192608243,2^192608243-1,STRUCTURAL_SCREEN_EXHAUSTED_PRIMALITY_UNASSIGNED,FIRST_SINGULARITY_SHELL_EXHAUSTED_PRIMALITY_UNASSIGNED,514,9595,9595,NO_RECORDED_FACTOR_PRP_OR_LL_RESULT_AND_NO_ACTIVE_GIMPS_ASSIGNMENT,2026-08-07T16:23:51+00:00,UNALLOCATED,,,,,
SLCMP201-0904,904,2209,192608261,2^192608261-1,STRUCTURAL_SCREEN_EXHAUSTED_PRIMALITY_UNASSIGNED,FIRST_SINGULARITY_SHELL_EXHAUSTED_PRIMALITY_UNASSIGNED,513,9595,9595,NO_RECORDED_FACTOR_PRP_OR_LL_RESULT_AND_NO_ACTIVE_GIMPS_ASSIGNMENT,2026-08-07T16:23:51+00:00,UNALLOCATED,,,,,
SLCMP201-0905,905,2210,192608267,2^192608267-1,STRUCTURAL_SCREEN_EXHAUSTED_PRIMALITY_UNASSIGNED,FIRST_SINGULARITY_SHELL_EXHAUSTED_PRIMALITY_UNASSIGNED,514,9595,9595,NO_RECORDED_FACTOR_PRP_OR_LL_RESULT_AND_NO_ACTIVE_GIMPS_ASSIGNMENT,2026-08-07T16:23:51+00:00,UNALLOCATED,,,,,
SLCMP201-0906,906,2211,192608287,2^192608287-1,STRUCTURAL_SCREEN_EXHAUSTED_PRIMALITY_UNASSIGNED,FIRST_SINGULARITY_SHELL_EXHAUSTED_PRIMALITY_UNASSIGNED,514,9595,9595,NO_RECORDED_FACTOR_PRP_OR_LL_RESULT_AND_NO_ACTIVE_GIMPS_ASSIGNMENT,2026-08-07T16:23:51+00:00,UNALLOCATED,,,,,
SLCMP201-0907,907,2213,192608357,2^192608357-1,STRUCTURAL_SCREEN_EXHAUSTED_PRIMALITY_UNASSIGNED,FIRST_SINGULARITY_SHELL_EXHAUSTED_PRIMALITY_UNASSIGNED,513,9595,9595,NO_RECORDED_FACTOR_PRP_OR_LL_RESULT_AND_NO_ACTIVE_GIMPS_ASSIGNMENT,2026-08-07T16:23:51+00:00,UNALLOCATED,,,,,
SLCMP201-0908,908,2214,192608431,2^192608431-1,STRUCTURAL_SCREEN_EXHAUSTED_PRIMALITY_UNASSIGNED,FIRST_SINGULARITY_SHELL_EXHAUSTED_PRIMALITY_UNASSIGNED,514,9595,9595,NO_RECORDED_FACTOR_PRP_OR_LL_RESULT_AND_NO_ACTIVE_GIMPS_ASSIGNMENT,2026-08-07T16:23:51+00:00,UNALLOCATED,,,,,
SLCMP201-0909,909,2215,192608483,2^192608483-1,STRUCTURAL_SCREEN_EXHAUSTED_PRIMALITY_UNASSIGNED,FIRST_SINGULARITY_SHELL_EXHAUSTED_PRIMALITY_UNASSIGNED,514,9595,9595,NO_RECORDED_FACTOR_PRP_OR_LL_RESULT_AND_NO_ACTIVE_GIMPS_ASSIGNMENT,2026-08-07T16:23:51+00:00,UNALLOCATED,,,,,
SLCMP201-0910,910,2216,192608551,2^192608551-1,STRUCTURAL_SCREEN_EXHAUSTED_PRIMALITY_UNASSIGNED,FIRST_SINGULARITY_SHELL_EXHAUSTED_PRIMALITY_UNASSIGNED,514,9595,9595,NO_RECORDED_FACTOR_PRP_OR_LL_RESULT_AND_NO_ACTIVE_GIMPS_ASSIGNMENT,2026-08-07T16:23:51+00:00,UNALLOCATED,,,,,
SLCMP201-0911,911,2217,192608629,2^192608629-1,STRUCTURAL_SCREEN_EXHAUSTED_PRIMALITY_UNASSIGNED,FIRST_SINGULARITY_SHELL_EXHAUSTED_PRIMALITY_UNASSIGNED,513,9595,9595,NO_RECORDED_FACTOR_PRP_OR_LL_RESULT_AND_NO_ACTIVE_GIMPS_ASSIGNMENT,2026-08-07T16:23:51+00:00,UNALLOCATED,,,,,
SLCMP201-0912,912,2218,192608683,2^192608683-1,STRUCTURAL_SCREEN_EXHAUSTED_PRIMALITY_UNASSIGNED,FIRST_SINGULARITY_SHELL_EXHAUSTED_PRIMALITY_UNASSIGNED,514,9595,9595,NO_RECORDED_FACTOR_PRP_OR_LL_RESULT_AND_NO_ACTIVE_GIMPS_ASSIGNMENT,2026-08-07T16:23:51+00:00,UNALLOCATED,,,,,
SLCMP201-0913,913,2219,192608701,2^192608701-1,STRUCTURAL_SCREEN_EXHAUSTED_PRIMALITY_UNASSIGNED,FIRST_SINGULARITY_SHELL_EXHAUSTED_PRIMALITY_UNASSIGNED,513,9595,9595,NO_RECORDED_FACTOR_PRP_OR_LL_RESULT_AND_NO_ACTIVE_GIMPS_ASSIGNMENT,2026-08-07T16:23:51+00:00,UNALLOCATED,,,,,
SLCMP201-0914,914,2220,192608743,2^192608743-1,STRUCTURAL_SCREEN_EXHAUSTED_PRIMALITY_UNASSIGNED,FIRST_SINGULARITY_SHELL_EXHAUSTED_PRIMALITY_UNASSIGNED,514,9595,9595,NO_RECORDED_FACTOR_PRP_OR_LL_RESULT_AND_NO_ACTIVE_GIMPS_ASSIGNMENT,2026-08-07T16:23:51+00:00,UNALLOCATED,,,,,
SLCMP201-0915,915,2221,192608803,2^192608803-1,STRUCTURAL_SCREEN_EXHAUSTED_PRIMALITY_UNASSIGNED,FIRST_SINGULARITY_SHELL_EXHAUSTED_PRIMALITY_UNASSIGNED,514,9595,9595,NO_RECORDED_FACTOR_PRP_OR_LL_RESULT_AND_NO_ACTIVE_GIMPS_ASSIGNMENT,2026-08-07T16:23:51+00:00,UNALLOCATED,,,,,
SLCMP201-0916,916,2222,192608971,2^192608971-1,STRUCTURAL_SCREEN_EXHAUSTED_PRIMALITY_UNASSIGNED,FIRST_SINGULARITY_SHELL_EXHAUSTED_PRIMALITY_UNASSIGNED,514,9595,9595,NO_RECORDED_FACTOR_PRP_OR_LL_RESULT_AND_NO_ACTIVE_GIMPS_ASSIGNMENT,2026-08-07T16:23:51+00:00,UNALLOCATED,,,,,
SLCMP201-0917,917,2225,192609139,2^192609139-1,STRUCTURAL_SCREEN_EXHAUSTED_PRIMALITY_UNASSIGNED,FIRST_SINGULARITY_SHELL_EXHAUSTED_PRIMALITY_UNASSIGNED,514,9595,9595,NO_RECORDED_FACTOR_PRP_OR_LL_RESULT_AND_NO_ACTIVE_GIMPS_ASSIGNMENT,2026-08-07T16:23:51+00:00,UNALLOCATED,,,,,
SLCMP201-0918,918,2226,192609187,2^192609187-1,STRUCTURAL_SCREEN_EXHAUSTED_PRIMALITY_UNASSIGNED,FIRST_SINGULARITY_SHELL_EXHAUSTED_PRIMALITY_UNASSIGNED,514,9595,9595,NO_RECORDED_FACTOR_PRP_OR_LL_RESULT_AND_NO_ACTIVE_GIMPS_ASSIGNMENT,2026-08-07T16:23:51+00:00,UNALLOCATED,,,,,
SLCMP201-0919,919,2227,192609227,2^192609227-1,STRUCTURAL_SCREEN_EXHAUSTED_PRIMALITY_UNASSIGNED,FIRST_SINGULARITY_SHELL_EXHAUSTED_PRIMALITY_UNASSIGNED,514,9595,9595,NO_RECORDED_FACTOR_PRP_OR_LL_RESULT_AND_NO_ACTIVE_GIMPS_ASSIGNMENT,2026-08-07T16:23:51+00:00,UNALLOCATED,,,,,
SLCMP201-0920,920,2228,192609247,2^192609247-1,STRUCTURAL_SCREEN_EXHAUSTED_PRIMALITY_UNASSIGNED,FIRST_SINGULARITY_SHELL_EXHAUSTED_PRIMALITY_UNASSIGNED,514,9595,9595,NO_RECORDED_FACTOR_PRP_OR_LL_RESULT_AND_NO_ACTIVE_GIMPS_ASSIGNMENT,2026-08-07T16:23:51+00:00,UNALLOCATED,,,,,
SLCMP201-0921,921,2229,192609257,2^192609257-1,STRUCTURAL_SCREEN_EXHAUSTED_PRIMALITY_UNASSIGNED,FIRST_SINGULARITY_SHELL_EXHAUSTED_PRIMALITY_UNASSIGNED,513,9595,9595,NO_RECORDED_FACTOR_PRP_OR_LL_RESULT_AND_NO_ACTIVE_GIMPS_ASSIGNMENT,2026-08-07T16:23:51+00:00,UNALLOCATED,,,,,
SLCMP201-0922,922,2230,192609301,2^192609301-1,STRUCTURAL_SCREEN_EXHAUSTED_PRIMALITY_UNASSIGNED,FIRST_SINGULARITY_SHELL_EXHAUSTED_PRIMALITY_UNASSIGNED,513,9595,9595,NO_RECORDED_FACTOR_PRP_OR_LL_RESULT_AND_NO_ACTIVE_GIMPS_ASSIGNMENT,2026-08-07T16:23:51+00:00,UNALLOCATED,,,,,
SLCMP201-0923,923,2231,192609359,2^192609359-1,STRUCTURAL_SCREEN_EXHAUSTED_PRIMALITY_UNASSIGNED,FIRST_SINGULARITY_SHELL_EXHAUSTED_PRIMALITY_UNASSIGNED,514,9595,9595,NO_RECORDED_FACTOR_PRP_OR_LL_RESULT_AND_NO_ACTIVE_GIMPS_ASSIGNMENT,2026-08-07T16:23:51+00:00,UNALLOCATED,,,,,
SLCMP201-0924,924,2233,192609511,2^192609511-1,STRUCTURAL_SCREEN_EXHAUSTED_PRIMALITY_UNASSIGNED,FIRST_SINGULARITY_SHELL_EXHAUSTED_PRIMALITY_UNASSIGNED,514,9595,9595,NO_RECORDED_FACTOR_PRP_OR_LL_RESULT_AND_NO_ACTIVE_GIMPS_ASSIGNMENT,2026-08-07T16:23:51+00:00,UNALLOCATED,,,,,
SLCMP201-0925,925,2234,192609629,2^192609629-1,STRUCTURAL_SCREEN_EXHAUSTED_PRIMALITY_UNASSIGNED,FIRST_SINGULARITY_SHELL_EXHAUSTED_PRIMALITY_UNASSIGNED,513,9595,9595,NO_RECORDED_FACTOR_PRP_OR_LL_RESULT_AND_NO_ACTIVE_GIMPS_ASSIGNMENT,2026-08-07T16:23:51+00:00,UNALLOCATED,,,,,
SLCMP201-0926,926,2235,192609661,2^192609661-1,STRUCTURAL_SCREEN_EXHAUSTED_PRIMALITY_UNASSIGNED,FIRST_SINGULARITY_SHELL_EXHAUSTED_PRIMALITY_UNASSIGNED,513,9595,9595,NO_RECORDED_FACTOR_PRP_OR_LL_RESULT_AND_NO_ACTIVE_GIMPS_ASSIGNMENT,2026-08-07T16:23:51+00:00,UNALLOCATED,,,,,
SLCMP201-0927,927,2236,192609671,2^192609671-1,STRUCTURAL_SCREEN_EXHAUSTED_PRIMALITY_UNASSIGNED,FIRST_SINGULARITY_SHELL_EXHAUSTED_PRIMALITY_UNASSIGNED,514,9595,9595,NO_RECORDED_FACTOR_PRP_OR_LL_RESULT_AND_NO_ACTIVE_GIMPS_ASSIGNMENT,2026-08-07T16:23:51+00:00,UNALLOCATED,,,,,
SLCMP201-0928,928,2237,192609709,2^192609709-1,STRUCTURAL_SCREEN_EXHAUSTED_PRIMALITY_UNASSIGNED,FIRST_SINGULARITY_SHELL_EXHAUSTED_PRIMALITY_UNASSIGNED,513,9595,9595,NO_RECORDED_FACTOR_PRP_OR_LL_RESULT_AND_NO_ACTIVE_GIMPS_ASSIGNMENT,2026-08-07T16:23:51+00:00,UNALLOCATED,,,,,
SLCMP201-0929,929,2238,192609733,2^192609733-1,STRUCTURAL_SCREEN_EXHAUSTED_PRIMALITY_UNASSIGNED,FIRST_SINGULARITY_SHELL_EXHAUSTED_PRIMALITY_UNASSIGNED,513,9595,9595,NO_RECORDED_FACTOR_PRP_OR_LL_RESULT_AND_NO_ACTIVE_GIMPS_ASSIGNMENT,2026-08-07T16:23:51+00:00,UNALLOCATED,,,,,
SLCMP201-0930,930,2239,192609749,2^192609749-1,STRUCTURAL_SCREEN_EXHAUSTED_PRIMALITY_UNASSIGNED,FIRST_SINGULARITY_SHELL_EXHAUSTED_PRIMALITY_UNASSIGNED,513,9595,9595,NO_RECORDED_FACTOR_PRP_OR_LL_RESULT_AND_NO_ACTIVE_GIMPS_ASSIGNMENT,2026-08-07T16:23:51+00:00,UNALLOCATED,,,,,
SLCMP201-0931,931,2241,192609869,2^192609869-1,STRUCTURAL_SCREEN_EXHAUSTED_PRIMALITY_UNASSIGNED,FIRST_SINGULARITY_SHELL_EXHAUSTED_PRIMALITY_UNASSIGNED,513,9595,9595,NO_RECORDED_FACTOR_PRP_OR_LL_RESULT_AND_NO_ACTIVE_GIMPS_ASSIGNMENT,2026-08-07T16:23:51+00:00,UNALLOCATED,,,,,
SLCMP201-0932,932,2242,192609931,2^192609931-1,STRUCTURAL_SCREEN_EXHAUSTED_PRIMALITY_UNASSIGNED,FIRST_SINGULARITY_SHELL_EXHAUSTED_PRIMALITY_UNASSIGNED,514,9595,9595,NO_RECORDED_FACTOR_PRP_OR_LL_RESULT_AND_NO_ACTIVE_GIMPS_ASSIGNMENT,2026-08-07T16:23:51+00:00,UNALLOCATED,,,,,
SLCMP201-0933,933,2243,192610157,2^192610157-1,STRUCTURAL_SCREEN_EXHAUSTED_PRIMALITY_UNASSIGNED,FIRST_SINGULARITY_SHELL_EXHAUSTED_PRIMALITY_UNASSIGNED,513,9595,9595,NO_RECORDED_FACTOR_PRP_OR_LL_RESULT_AND_NO_ACTIVE_GIMPS_ASSIGNMENT,2026-08-07T16:23:51+00:00,UNALLOCATED,,,,,
SLCMP201-0934,934,2244,192610189,2^192610189-1,STRUCTURAL_SCREEN_EXHAUSTED_PRIMALITY_UNASSIGNED,FIRST_SINGULARITY_SHELL_EXHAUSTED_PRIMALITY_UNASSIGNED,513,9595,9595,NO_RECORDED_FACTOR_PRP_OR_LL_RESULT_AND_NO_ACTIVE_GIMPS_ASSIGNMENT,2026-08-07T16:23:51+00:00,UNALLOCATED,,,,,
SLCMP201-0935,935,2245,192610219,2^192610219-1,STRUCTURAL_SCREEN_EXHAUSTED_PRIMALITY_UNASSIGNED,FIRST_SINGULARITY_SHELL_EXHAUSTED_PRIMALITY_UNASSIGNED,514,9595,9595,NO_RECORDED_FACTOR_PRP_OR_LL_RESULT_AND_NO_ACTIVE_GIMPS_ASSIGNMENT,2026-08-07T16:23:51+00:00,UNALLOCATED,,,,,
SLCMP201-0936,936,2246,192610237,2^192610237-1,STRUCTURAL_SCREEN_EXHAUSTED_PRIMALITY_UNASSIGNED,FIRST_SINGULARITY_SHELL_EXHAUSTED_PRIMALITY_UNASSIGNED,513,9595,9595,NO_RECORDED_FACTOR_PRP_OR_LL_RESULT_AND_NO_ACTIVE_GIMPS_ASSIGNMENT,2026-08-07T16:23:51+00:00,UNALLOCATED,,,,,
SLCMP201-0937,937,2247,192610393,2^192610393-1,STRUCTURAL_SCREEN_EXHAUSTED_PRIMALITY_UNASSIGNED,FIRST_SINGULARITY_SHELL_EXHAUSTED_PRIMALITY_UNASSIGNED,513,9595,9595,NO_RECORDED_FACTOR_PRP_OR_LL_RESULT_AND_NO_ACTIVE_GIMPS_ASSIGNMENT,2026-08-07T16:23:51+00:00,UNALLOCATED,,,,,
SLCMP201-0938,938,2248,192610469,2^192610469-1,STRUCTURAL_SCREEN_EXHAUSTED_PRIMALITY_UNASSIGNED,FIRST_SINGULARITY_SHELL_EXHAUSTED_PRIMALITY_UNASSIGNED,513,9595,9595,NO_RECORDED_FACTOR_PRP_OR_LL_RESULT_AND_NO_ACTIVE_GIMPS_ASSIGNMENT,2026-08-07T16:23:51+00:00,UNALLOCATED,,,,,
SLCMP201-0939,939,2249,192610511,2^192610511-1,STRUCTURAL_SCREEN_EXHAUSTED_PRIMALITY_UNASSIGNED,FIRST_SINGULARITY_SHELL_EXHAUSTED_PRIMALITY_UNASSIGNED,514,9595,9595,NO_RECORDED_FACTOR_PRP_OR_LL_RESULT_AND_NO_ACTIVE_GIMPS_ASSIGNMENT,2026-08-07T16:23:51+00:00,UNALLOCATED,,,,,
SLCMP201-0940,940,2250,192610577,2^192610577-1,STRUCTURAL_SCREEN_EXHAUSTED_PRIMALITY_UNASSIGNED,FIRST_SINGULARITY_SHELL_EXHAUSTED_PRIMALITY_UNASSIGNED,513,9595,9595,NO_RECORDED_FACTOR_PRP_OR_LL_RESULT_AND_NO_ACTIVE_GIMPS_ASSIGNMENT,2026-08-07T16:23:51+00:00,UNALLOCATED,,,,,
SLCMP201-0941,941,2252,192610601,2^192610601-1,STRUCTURAL_SCREEN_EXHAUSTED_PRIMALITY_UNASSIGNED,FIRST_SINGULARITY_SHELL_EXHAUSTED_PRIMALITY_UNASSIGNED,513,9595,9595,NO_RECORDED_FACTOR_PRP_OR_LL_RESULT_AND_NO_ACTIVE_GIMPS_ASSIGNMENT,2026-08-07T16:23:51+00:00,UNALLOCATED,,,,,
SLCMP201-0942,942,2253,192610681,2^192610681-1,STRUCTURAL_SCREEN_EXHAUSTED_PRIMALITY_UNASSIGNED,FIRST_SINGULARITY_SHELL_EXHAUSTED_PRIMALITY_UNASSIGNED,513,9595,9595,NO_RECORDED_FACTOR_PRP_OR_LL_RESULT_AND_NO_ACTIVE_GIMPS_ASSIGNMENT,2026-08-07T16:23:51+00:00,UNALLOCATED,,,,,
SLCMP201-0943,943,2254,192610723,2^192610723-1,STRUCTURAL_SCREEN_EXHAUSTED_PRIMALITY_UNASSIGNED,FIRST_SINGULARITY_SHELL_EXHAUSTED_PRIMALITY_UNASSIGNED,514,9595,9595,NO_RECORDED_FACTOR_PRP_OR_LL_RESULT_AND_NO_ACTIVE_GIMPS_ASSIGNMENT,2026-08-07T16:23:51+00:00,UNALLOCATED,,,,,
SLCMP201-0944,944,2255,192610823,2^192610823-1,STRUCTURAL_SCREEN_EXHAUSTED_PRIMALITY_UNASSIGNED,FIRST_SINGULARITY_SHELL_EXHAUSTED_PRIMALITY_UNASSIGNED,514,9595,9595,NO_RECORDED_FACTOR_PRP_OR_LL_RESULT_AND_NO_ACTIVE_GIMPS_ASSIGNMENT,2026-08-07T16:23:51+00:00,UNALLOCATED,,,,,
SLCMP201-0945,945,2256,192610849,2^192610849-1,STRUCTURAL_SCREEN_EXHAUSTED_PRIMALITY_UNASSIGNED,FIRST_SINGULARITY_SHELL_EXHAUSTED_PRIMALITY_UNASSIGNED,513,9595,9595,NO_RECORDED_FACTOR_PRP_OR_LL_RESULT_AND_NO_ACTIVE_GIMPS_ASSIGNMENT,2026-08-07T16:23:51+00:00,UNALLOCATED,,,,,
SLCMP201-0946,946,2257,192610861,2^192610861-1,STRUCTURAL_SCREEN_EXHAUSTED_PRIMALITY_UNASSIGNED,FIRST_SINGULARITY_SHELL_EXHAUSTED_PRIMALITY_UNASSIGNED,513,9595,9595,NO_RECORDED_FACTOR_PRP_OR_LL_RESULT_AND_NO_ACTIVE_GIMPS_ASSIGNMENT,2026-08-07T16:23:51+00:00,UNALLOCATED,,,,,
SLCMP201-0947,947,2258,192610921,2^192610921-1,STRUCTURAL_SCREEN_EXHAUSTED_PRIMALITY_UNASSIGNED,FIRST_SINGULARITY_SHELL_EXHAUSTED_PRIMALITY_UNASSIGNED,513,9595,9595,NO_RECORDED_FACTOR_PRP_OR_LL_RESULT_AND_NO_ACTIVE_GIMPS_ASSIGNMENT,2026-08-07T16:23:51+00:00,UNALLOCATED,,,,,
SLCMP201-0948,948,2259,192611033,2^192611033-1,STRUCTURAL_SCREEN_EXHAUSTED_PRIMALITY_UNASSIGNED,FIRST_SINGULARITY_SHELL_EXHAUSTED_PRIMALITY_UNASSIGNED,513,9595,9595,NO_RECORDED_FACTOR_PRP_OR_LL_RESULT_AND_NO_ACTIVE_GIMPS_ASSIGNMENT,2026-08-07T16:23:51+00:00,UNALLOCATED,,,,,
SLCMP201-0949,949,2260,192611059,2^192611059-1,STRUCTURAL_SCREEN_EXHAUSTED_PRIMALITY_UNASSIGNED,FIRST_SINGULARITY_SHELL_EXHAUSTED_PRIMALITY_UNASSIGNED,514,9595,9595,NO_RECORDED_FACTOR_PRP_OR_LL_RESULT_AND_NO_ACTIVE_GIMPS_ASSIGNMENT,2026-08-07T16:23:51+00:00,UNALLOCATED,,,,,
SLCMP201-0950,950,2261,192611137,2^192611137-1,STRUCTURAL_SCREEN_EXHAUSTED_PRIMALITY_UNASSIGNED,FIRST_SINGULARITY_SHELL_EXHAUSTED_PRIMALITY_UNASSIGNED,513,9595,9595,NO_RECORDED_FACTOR_PRP_OR_LL_RESULT_AND_NO_ACTIVE_GIMPS_ASSIGNMENT,2026-08-07T16:23:51+00:00,UNALLOCATED,,,,,
SLCMP201-0951,951,2262,192611203,2^192611203-1,STRUCTURAL_SCREEN_EXHAUSTED_PRIMALITY_UNASSIGNED,FIRST_SINGULARITY_SHELL_EXHAUSTED_PRIMALITY_UNASSIGNED,514,9595,9595,NO_RECORDED_FACTOR_PRP_OR_LL_RESULT_AND_NO_ACTIVE_GIMPS_ASSIGNMENT,2026-08-07T16:23:51+00:00,UNALLOCATED,,,,,
SLCMP201-0952,952,2264,192611371,2^192611371-1,STRUCTURAL_SCREEN_EXHAUSTED_PRIMALITY_UNASSIGNED,FIRST_SINGULARITY_SHELL_EXHAUSTED_PRIMALITY_UNASSIGNED,514,9595,9595,NO_RECORDED_FACTOR_PRP_OR_LL_RESULT_AND_NO_ACTIVE_GIMPS_ASSIGNMENT,2026-08-07T16:23:51+00:00,UNALLOCATED,,,,,
SLCMP201-0953,953,2265,192611437,2^192611437-1,STRUCTURAL_SCREEN_EXHAUSTED_PRIMALITY_UNASSIGNED,FIRST_SINGULARITY_SHELL_EXHAUSTED_PRIMALITY_UNASSIGNED,513,9595,9595,NO_RECORDED_FACTOR_PRP_OR_LL_RESULT_AND_NO_ACTIVE_GIMPS_ASSIGNMENT,2026-08-07T16:23:51+00:00,UNALLOCATED,,,,,
SLCMP201-0954,954,2266,192611473,2^192611473-1,STRUCTURAL_SCREEN_EXHAUSTED_PRIMALITY_UNASSIGNED,FIRST_SINGULARITY_SHELL_EXHAUSTED_PRIMALITY_UNASSIGNED,513,9595,9595,NO_RECORDED_FACTOR_PRP_OR_LL_RESULT_AND_NO_ACTIVE_GIMPS_ASSIGNMENT,2026-08-07T16:23:51+00:00,UNALLOCATED,,,,,
SLCMP201-0955,955,2267,192611633,2^192611633-1,STRUCTURAL_SCREEN_EXHAUSTED_PRIMALITY_UNASSIGNED,FIRST_SINGULARITY_SHELL_EXHAUSTED_PRIMALITY_UNASSIGNED,513,9595,9595,NO_RECORDED_FACTOR_PRP_OR_LL_RESULT_AND_NO_ACTIVE_GIMPS_ASSIGNMENT,2026-08-07T16:23:51+00:00,UNALLOCATED,,,,,
SLCMP201-0956,956,2268,192611641,2^192611641-1,STRUCTURAL_SCREEN_EXHAUSTED_PRIMALITY_UNASSIGNED,FIRST_SINGULARITY_SHELL_EXHAUSTED_PRIMALITY_UNASSIGNED,513,9595,9595,NO_RECORDED_FACTOR_PRP_OR_LL_RESULT_AND_NO_ACTIVE_GIMPS_ASSIGNMENT,2026-08-07T16:23:51+00:00,UNALLOCATED,,,,,
SLCMP201-0957,957,2269,192611807,2^192611807-1,STRUCTURAL_SCREEN_EXHAUSTED_PRIMALITY_UNASSIGNED,FIRST_SINGULARITY_SHELL_EXHAUSTED_PRIMALITY_UNASSIGNED,514,9595,9595,NO_RECORDED_FACTOR_PRP_OR_LL_RESULT_AND_NO_ACTIVE_GIMPS_ASSIGNMENT,2026-08-07T16:23:51+00:00,UNALLOCATED,,,,,
SLCMP201-0958,958,2274,192611981,2^192611981-1,STRUCTURAL_SCREEN_EXHAUSTED_PRIMALITY_UNASSIGNED,FIRST_SINGULARITY_SHELL_EXHAUSTED_PRIMALITY_UNASSIGNED,513,9595,9595,NO_RECORDED_FACTOR_PRP_OR_LL_RESULT_AND_NO_ACTIVE_GIMPS_ASSIGNMENT,2026-08-07T16:23:51+00:00,UNALLOCATED,,,,,
SLCMP201-0959,959,2289,192613189,2^192613189-1,STRUCTURAL_SCREEN_EXHAUSTED_PRIMALITY_UNASSIGNED,FIRST_SINGULARITY_SHELL_EXHAUSTED_PRIMALITY_UNASSIGNED,513,9595,9595,NO_RECORDED_FACTOR_PRP_OR_LL_RESULT_AND_NO_ACTIVE_GIMPS_ASSIGNMENT,2026-08-07T16:23:51+00:00,UNALLOCATED,,,,,
SLCMP201-0960,960,2290,192613217,2^192613217-1,STRUCTURAL_SCREEN_EXHAUSTED_PRIMALITY_UNASSIGNED,FIRST_SINGULARITY_SHELL_EXHAUSTED_PRIMALITY_UNASSIGNED,513,9595,9595,NO_RECORDED_FACTOR_PRP_OR_LL_RESULT_AND_NO_ACTIVE_GIMPS_ASSIGNMENT,2026-08-07T16:23:51+00:00,UNALLOCATED,,,,,
SLCMP201-0961,961,2291,192613301,2^192613301-1,STRUCTURAL_SCREEN_EXHAUSTED_PRIMALITY_UNASSIGNED,FIRST_SINGULARITY_SHELL_EXHAUSTED_PRIMALITY_UNASSIGNED,513,9595,9595,NO_RECORDED_FACTOR_PRP_OR_LL_RESULT_AND_NO_ACTIVE_GIMPS_ASSIGNMENT,2026-08-07T16:23:51+00:00,UNALLOCATED,,,,,
SLCMP201-0962,962,2292,192613313,2^192613313-1,STRUCTURAL_SCREEN_EXHAUSTED_PRIMALITY_UNASSIGNED,FIRST_SINGULARITY_SHELL_EXHAUSTED_PRIMALITY_UNASSIGNED,513,9595,9595,NO_RECORDED_FACTOR_PRP_OR_LL_RESULT_AND_NO_ACTIVE_GIMPS_ASSIGNMENT,2026-08-07T16:23:51+00:00,UNALLOCATED,,,,,
SLCMP201-0963,963,2294,192613397,2^192613397-1,STRUCTURAL_SCREEN_EXHAUSTED_PRIMALITY_UNASSIGNED,FIRST_SINGULARITY_SHELL_EXHAUSTED_PRIMALITY_UNASSIGNED,513,9595,9595,NO_RECORDED_FACTOR_PRP_OR_LL_RESULT_AND_NO_ACTIVE_GIMPS_ASSIGNMENT,2026-08-07T16:23:51+00:00,UNALLOCATED,,,,,
SLCMP201-0964,964,2297,192613549,2^192613549-1,STRUCTURAL_SCREEN_EXHAUSTED_PRIMALITY_UNASSIGNED,FIRST_SINGULARITY_SHELL_EXHAUSTED_PRIMALITY_UNASSIGNED,513,9595,9595,NO_RECORDED_FACTOR_PRP_OR_LL_RESULT_AND_NO_ACTIVE_GIMPS_ASSIGNMENT,2026-08-07T16:23:51+00:00,UNALLOCATED,,,,,
SLCMP201-0965,965,2303,192613787,2^192613787-1,STRUCTURAL_SCREEN_EXHAUSTED_PRIMALITY_UNASSIGNED,FIRST_SINGULARITY_SHELL_EXHAUSTED_PRIMALITY_UNASSIGNED,514,9595,9595,NO_RECORDED_FACTOR_PRP_OR_LL_RESULT_AND_NO_ACTIVE_GIMPS_ASSIGNMENT,2026-08-07T16:23:51+00:00,UNALLOCATED,,,,,
SLCMP201-0966,966,2304,192613793,2^192613793-1,STRUCTURAL_SCREEN_EXHAUSTED_PRIMALITY_UNASSIGNED,FIRST_SINGULARITY_SHELL_EXHAUSTED_PRIMALITY_UNASSIGNED,513,9595,9595,NO_RECORDED_FACTOR_PRP_OR_LL_RESULT_AND_NO_ACTIVE_GIMPS_ASSIGNMENT,2026-08-07T16:23:51+00:00,UNALLOCATED,,,,,
SLCMP201-0967,967,2305,192613831,2^192613831-1,STRUCTURAL_SCREEN_EXHAUSTED_PRIMALITY_UNASSIGNED,FIRST_SINGULARITY_SHELL_EXHAUSTED_PRIMALITY_UNASSIGNED,514,9595,9595,NO_RECORDED_FACTOR_PRP_OR_LL_RESULT_AND_NO_ACTIVE_GIMPS_ASSIGNMENT,2026-08-07T16:23:51+00:00,UNALLOCATED,,,,,
SLCMP201-0968,968,2307,192614057,2^192614057-1,STRUCTURAL_SCREEN_EXHAUSTED_PRIMALITY_UNASSIGNED,FIRST_SINGULARITY_SHELL_EXHAUSTED_PRIMALITY_UNASSIGNED,513,9595,9595,NO_RECORDED_FACTOR_PRP_OR_LL_RESULT_AND_NO_ACTIVE_GIMPS_ASSIGNMENT,2026-08-07T16:23:51+00:00,UNALLOCATED,,,,,
SLCMP201-0969,969,2308,192614069,2^192614069-1,STRUCTURAL_SCREEN_EXHAUSTED_PRIMALITY_UNASSIGNED,FIRST_SINGULARITY_SHELL_EXHAUSTED_PRIMALITY_UNASSIGNED,513,9595,9595,NO_RECORDED_FACTOR_PRP_OR_LL_RESULT_AND_NO_ACTIVE_GIMPS_ASSIGNMENT,2026-08-07T16:23:51+00:00,UNALLOCATED,,,,,
SLCMP201-0970,970,2309,192614159,2^192614159-1,STRUCTURAL_SCREEN_EXHAUSTED_PRIMALITY_UNASSIGNED,FIRST_SINGULARITY_SHELL_EXHAUSTED_PRIMALITY_UNASSIGNED,514,9595,9595,NO_RECORDED_FACTOR_PRP_OR_LL_RESULT_AND_NO_ACTIVE_GIMPS_ASSIGNMENT,2026-08-07T16:23:51+00:00,UNALLOCATED,,,,,
SLCMP201-0971,971,2312,192614321,2^192614321-1,STRUCTURAL_SCREEN_EXHAUSTED_PRIMALITY_UNASSIGNED,FIRST_SINGULARITY_SHELL_EXHAUSTED_PRIMALITY_UNASSIGNED,513,9595,9595,NO_RECORDED_FACTOR_PRP_OR_LL_RESULT_AND_NO_ACTIVE_GIMPS_ASSIGNMENT,2026-08-07T16:23:51+00:00,UNALLOCATED,,,,,
SLCMP201-0972,972,2313,192614371,2^192614371-1,STRUCTURAL_SCREEN_EXHAUSTED_PRIMALITY_UNASSIGNED,FIRST_SINGULARITY_SHELL_EXHAUSTED_PRIMALITY_UNASSIGNED,514,9595,9595,NO_RECORDED_FACTOR_PRP_OR_LL_RESULT_AND_NO_ACTIVE_GIMPS_ASSIGNMENT,2026-08-07T16:23:51+00:00,UNALLOCATED,,,,,
SLCMP201-0973,973,2314,192614431,2^192614431-1,STRUCTURAL_SCREEN_EXHAUSTED_PRIMALITY_UNASSIGNED,FIRST_SINGULARITY_SHELL_EXHAUSTED_PRIMALITY_UNASSIGNED,514,9595,9595,NO_RECORDED_FACTOR_PRP_OR_LL_RESULT_AND_NO_ACTIVE_GIMPS_ASSIGNMENT,2026-08-07T16:23:51+00:00,UNALLOCATED,,,,,
SLCMP201-0974,974,2315,192614441,2^192614441-1,STRUCTURAL_SCREEN_EXHAUSTED_PRIMALITY_UNASSIGNED,FIRST_SINGULARITY_SHELL_EXHAUSTED_PRIMALITY_UNASSIGNED,513,9595,9595,NO_RECORDED_FACTOR_PRP_OR_LL_RESULT_AND_NO_ACTIVE_GIMPS_ASSIGNMENT,2026-08-07T16:23:51+00:00,UNALLOCATED,,,,,
SLCMP201-0975,975,2317,192614503,2^192614503-1,STRUCTURAL_SCREEN_EXHAUSTED_PRIMALITY_UNASSIGNED,FIRST_SINGULARITY_SHELL_EXHAUSTED_PRIMALITY_UNASSIGNED,514,9595,9595,NO_RECORDED_FACTOR_PRP_OR_LL_RESULT_AND_NO_ACTIVE_GIMPS_ASSIGNMENT,2026-08-07T16:23:51+00:00,UNALLOCATED,,,,,
SLCMP201-0976,976,2318,192614599,2^192614599-1,STRUCTURAL_SCREEN_EXHAUSTED_PRIMALITY_UNASSIGNED,FIRST_SINGULARITY_SHELL_EXHAUSTED_PRIMALITY_UNASSIGNED,514,9595,9595,NO_RECORDED_FACTOR_PRP_OR_LL_RESULT_AND_NO_ACTIVE_GIMPS_ASSIGNMENT,2026-08-07T16:23:51+00:00,UNALLOCATED,,,,,
SLCMP201-0977,977,2319,192614683,2^192614683-1,STRUCTURAL_SCREEN_EXHAUSTED_PRIMALITY_UNASSIGNED,FIRST_SINGULARITY_SHELL_EXHAUSTED_PRIMALITY_UNASSIGNED,514,9595,9595,NO_RECORDED_FACTOR_PRP_OR_LL_RESULT_AND_NO_ACTIVE_GIMPS_ASSIGNMENT,2026-08-07T16:23:51+00:00,UNALLOCATED,,,,,
SLCMP201-0978,978,2320,192614767,2^192614767-1,STRUCTURAL_SCREEN_EXHAUSTED_PRIMALITY_UNASSIGNED,FIRST_SINGULARITY_SHELL_EXHAUSTED_PRIMALITY_UNASSIGNED,514,9595,9595,NO_RECORDED_FACTOR_PRP_OR_LL_RESULT_AND_NO_ACTIVE_GIMPS_ASSIGNMENT,2026-08-07T16:23:51+00:00,UNALLOCATED,,,,,
SLCMP201-0979,979,2321,192614801,2^192614801-1,STRUCTURAL_SCREEN_EXHAUSTED_PRIMALITY_UNASSIGNED,FIRST_SINGULARITY_SHELL_EXHAUSTED_PRIMALITY_UNASSIGNED,513,9595,9595,NO_RECORDED_FACTOR_PRP_OR_LL_RESULT_AND_NO_ACTIVE_GIMPS_ASSIGNMENT,2026-08-07T16:23:51+00:00,UNALLOCATED,,,,,
SLCMP201-0980,980,2326,192615043,2^192615043-1,STRUCTURAL_SCREEN_EXHAUSTED_PRIMALITY_UNASSIGNED,FIRST_SINGULARITY_SHELL_EXHAUSTED_PRIMALITY_UNASSIGNED,514,9595,9595,NO_RECORDED_FACTOR_PRP_OR_LL_RESULT_AND_NO_ACTIVE_GIMPS_ASSIGNMENT,2026-08-07T16:23:51+00:00,UNALLOCATED,,,,,
SLCMP201-0981,981,2333,192615329,2^192615329-1,STRUCTURAL_SCREEN_EXHAUSTED_PRIMALITY_UNASSIGNED,FIRST_SINGULARITY_SHELL_EXHAUSTED_PRIMALITY_UNASSIGNED,513,9595,9595,NO_RECORDED_FACTOR_PRP_OR_LL_RESULT_AND_NO_ACTIVE_GIMPS_ASSIGNMENT,2026-08-07T16:23:51+00:00,UNALLOCATED,,,,,
SLCMP201-0982,982,2335,192615413,2^192615413-1,STRUCTURAL_SCREEN_EXHAUSTED_PRIMALITY_UNASSIGNED,FIRST_SINGULARITY_SHELL_EXHAUSTED_PRIMALITY_UNASSIGNED,513,9595,9595,NO_RECORDED_FACTOR_PRP_OR_LL_RESULT_AND_NO_ACTIVE_GIMPS_ASSIGNMENT,2026-08-07T16:23:51+00:00,UNALLOCATED,,,,,
SLCMP201-0983,983,2338,192615469,2^192615469-1,STRUCTURAL_SCREEN_EXHAUSTED_PRIMALITY_UNASSIGNED,FIRST_SINGULARITY_SHELL_EXHAUSTED_PRIMALITY_UNASSIGNED,513,9595,9595,NO_RECORDED_FACTOR_PRP_OR_LL_RESULT_AND_NO_ACTIVE_GIMPS_ASSIGNMENT,2026-08-07T16:23:51+00:00,UNALLOCATED,,,,,
SLCMP201-0984,984,2345,192615739,2^192615739-1,STRUCTURAL_SCREEN_EXHAUSTED_PRIMALITY_UNASSIGNED,FIRST_SINGULARITY_SHELL_EXHAUSTED_PRIMALITY_UNASSIGNED,514,9595,9595,NO_RECORDED_FACTOR_PRP_OR_LL_RESULT_AND_NO_ACTIVE_GIMPS_ASSIGNMENT,2026-08-07T16:23:51+00:00,UNALLOCATED,,,,,
SLCMP201-0985,985,2349,192615853,2^192615853-1,STRUCTURAL_SCREEN_EXHAUSTED_PRIMALITY_UNASSIGNED,FIRST_SINGULARITY_SHELL_EXHAUSTED_PRIMALITY_UNASSIGNED,513,9595,9595,NO_RECORDED_FACTOR_PRP_OR_LL_RESULT_AND_NO_ACTIVE_GIMPS_ASSIGNMENT,2026-08-07T16:23:51+00:00,UNALLOCATED,,,,,
SLCMP201-0986,986,2356,192616321,2^192616321-1,STRUCTURAL_SCREEN_EXHAUSTED_PRIMALITY_UNASSIGNED,FIRST_SINGULARITY_SHELL_EXHAUSTED_PRIMALITY_UNASSIGNED,513,9595,9595,NO_RECORDED_FACTOR_PRP_OR_LL_RESULT_AND_NO_ACTIVE_GIMPS_ASSIGNMENT,2026-08-07T16:23:51+00:00,UNALLOCATED,,,,,
SLCMP201-0987,987,2413,192619183,2^192619183-1,STRUCTURAL_SCREEN_EXHAUSTED_PRIMALITY_UNASSIGNED,FIRST_SINGULARITY_SHELL_EXHAUSTED_PRIMALITY_UNASSIGNED,514,9595,9595,NO_RECORDED_FACTOR_PRP_OR_LL_RESULT_AND_NO_ACTIVE_GIMPS_ASSIGNMENT,2026-08-07T16:23:51+00:00,UNALLOCATED,,,,,
SLCMP201-0988,988,2423,192619541,2^192619541-1,STRUCTURAL_SCREEN_EXHAUSTED_PRIMALITY_UNASSIGNED,FIRST_SINGULARITY_SHELL_EXHAUSTED_PRIMALITY_UNASSIGNED,513,9595,9595,NO_RECORDED_FACTOR_PRP_OR_LL_RESULT_AND_NO_ACTIVE_GIMPS_ASSIGNMENT,2026-08-07T16:23:51+00:00,UNALLOCATED,,,,,
SLCMP201-0989,989,2440,192620443,2^192620443-1,STRUCTURAL_SCREEN_EXHAUSTED_PRIMALITY_UNASSIGNED,FIRST_SINGULARITY_SHELL_EXHAUSTED_PRIMALITY_UNASSIGNED,514,9595,9595,NO_RECORDED_FACTOR_PRP_OR_LL_RESULT_AND_NO_ACTIVE_GIMPS_ASSIGNMENT,2026-08-07T16:23:51+00:00,UNALLOCATED,,,,,
SLCMP201-0990,990,2445,192620633,2^192620633-1,STRUCTURAL_SCREEN_EXHAUSTED_PRIMALITY_UNASSIGNED,FIRST_SINGULARITY_SHELL_EXHAUSTED_PRIMALITY_UNASSIGNED,513,9595,9595,NO_RECORDED_FACTOR_PRP_OR_LL_RESULT_AND_NO_ACTIVE_GIMPS_ASSIGNMENT,2026-08-07T16:23:51+00:00,UNALLOCATED,,,,,
SLCMP201-0991,991,2446,192620641,2^192620641-1,STRUCTURAL_SCREEN_EXHAUSTED_PRIMALITY_UNASSIGNED,FIRST_SINGULARITY_SHELL_EXHAUSTED_PRIMALITY_UNASSIGNED,513,9595,9595,NO_RECORDED_FACTOR_PRP_OR_LL_RESULT_AND_NO_ACTIVE_GIMPS_ASSIGNMENT,2026-08-07T16:23:51+00:00,UNALLOCATED,,,,,
SLCMP201-0992,992,2487,192622841,2^192622841-1,STRUCTURAL_SCREEN_EXHAUSTED_PRIMALITY_UNASSIGNED,FIRST_SINGULARITY_SHELL_EXHAUSTED_PRIMALITY_UNASSIGNED,513,9595,9595,NO_RECORDED_FACTOR_PRP_OR_LL_RESULT_AND_NO_ACTIVE_GIMPS_ASSIGNMENT,2026-08-07T16:23:51+00:00,UNALLOCATED,,,,,
SLCMP201-0993,993,2490,192622921,2^192622921-1,STRUCTURAL_SCREEN_EXHAUSTED_PRIMALITY_UNASSIGNED,FIRST_SINGULARITY_SHELL_EXHAUSTED_PRIMALITY_UNASSIGNED,513,9595,9595,NO_RECORDED_FACTOR_PRP_OR_LL_RESULT_AND_NO_ACTIVE_GIMPS_ASSIGNMENT,2026-08-07T16:23:51+00:00,UNALLOCATED,,,,,
SLCMP201-0994,994,2515,192624371,2^192624371-1,STRUCTURAL_SCREEN_EXHAUSTED_PRIMALITY_UNASSIGNED,FIRST_SINGULARITY_SHELL_EXHAUSTED_PRIMALITY_UNASSIGNED,514,9595,9595,NO_RECORDED_FACTOR_PRP_OR_LL_RESULT_AND_NO_ACTIVE_GIMPS_ASSIGNMENT,2026-08-07T16:23:51+00:00,UNALLOCATED,,,,,
SLCMP201-0995,995,2522,192624833,2^192624833-1,STRUCTURAL_SCREEN_EXHAUSTED_PRIMALITY_UNASSIGNED,FIRST_SINGULARITY_SHELL_EXHAUSTED_PRIMALITY_UNASSIGNED,513,9595,9595,NO_RECORDED_FACTOR_PRP_OR_LL_RESULT_AND_NO_ACTIVE_GIMPS_ASSIGNMENT,2026-08-07T16:23:51+00:00,UNALLOCATED,,,,,
SLCMP201-0996,996,2527,192625019,2^192625019-1,STRUCTURAL_SCREEN_EXHAUSTED_PRIMALITY_UNASSIGNED,FIRST_SINGULARITY_SHELL_EXHAUSTED_PRIMALITY_UNASSIGNED,514,9595,9595,NO_RECORDED_FACTOR_PRP_OR_LL_RESULT_AND_NO_ACTIVE_GIMPS_ASSIGNMENT,2026-08-07T16:23:51+00:00,UNALLOCATED,,,,,
SLCMP201-0997,997,2534,192625379,2^192625379-1,STRUCTURAL_SCREEN_EXHAUSTED_PRIMALITY_UNASSIGNED,FIRST_SINGULARITY_SHELL_EXHAUSTED_PRIMALITY_UNASSIGNED,514,9595,9595,NO_RECORDED_FACTOR_PRP_OR_LL_RESULT_AND_NO_ACTIVE_GIMPS_ASSIGNMENT,2026-08-07T16:23:51+00:00,UNALLOCATED,,,,,
SLCMP201-0998,998,2535,192625397,2^192625397-1,STRUCTURAL_SCREEN_EXHAUSTED_PRIMALITY_UNASSIGNED,FIRST_SINGULARITY_SHELL_EXHAUSTED_PRIMALITY_UNASSIGNED,513,9595,9595,NO_RECORDED_FACTOR_PRP_OR_LL_RESULT_AND_NO_ACTIVE_GIMPS_ASSIGNMENT,2026-08-07T16:23:51+00:00,UNALLOCATED,,,,,
SLCMP201-0999,999,2536,192625429,2^192625429-1,STRUCTURAL_SCREEN_EXHAUSTED_PRIMALITY_UNASSIGNED,FIRST_SINGULARITY_SHELL_EXHAUSTED_PRIMALITY_UNASSIGNED,513,9595,9595,NO_RECORDED_FACTOR_PRP_OR_LL_RESULT_AND_NO_ACTIVE_GIMPS_ASSIGNMENT,2026-08-07T16:23:51+00:00,UNALLOCATED,,,,,
SLCMP201-1000,1000,2537,192625507,2^192625507-1,STRUCTURAL_SCREEN_EXHAUSTED_PRIMALITY_UNASSIGNED,FIRST_SINGULARITY_SHELL_EXHAUSTED_PRIMALITY_UNASSIGNED,514,9595,9595,NO_RECORDED_FACTOR_PRP_OR_LL_RESULT_AND_NO_ACTIVE_GIMPS_ASSIGNMENT,2026-08-07T16:23:51+00:00,UNALLOCATED,,,,,
SLCMP201-1001,1001,2538,192625519,2^192625519-1,STRUCTURAL_SCREEN_EXHAUSTED_PRIMALITY_UNASSIGNED,FIRST_SINGULARITY_SHELL_EXHAUSTED_PRIMALITY_UNASSIGNED,514,9595,9595,NO_RECORDED_FACTOR_PRP_OR_LL_RESULT_AND_NO_ACTIVE_GIMPS_ASSIGNMENT,2026-08-07T16:23:51+00:00,UNALLOCATED,,,,,
SLCMP201-1002,1002,2539,192625541,2^192625541-1,STRUCTURAL_SCREEN_EXHAUSTED_PRIMALITY_UNASSIGNED,FIRST_SINGULARITY_SHELL_EXHAUSTED_PRIMALITY_UNASSIGNED,513,9595,9595,NO_RECORDED_FACTOR_PRP_OR_LL_RESULT_AND_NO_ACTIVE_GIMPS_ASSIGNMENT,2026-08-07T16:23:51+00:00,UNALLOCATED,,,,,
SLCMP201-1003,1003,2540,192625583,2^192625583-1,STRUCTURAL_SCREEN_EXHAUSTED_PRIMALITY_UNASSIGNED,FIRST_SINGULARITY_SHELL_EXHAUSTED_PRIMALITY_UNASSIGNED,514,9595,9595,NO_RECORDED_FACTOR_PRP_OR_LL_RESULT_AND_NO_ACTIVE_GIMPS_ASSIGNMENT,2026-08-07T16:23:51+00:00,UNALLOCATED,,,,,
SLCMP201-1004,1004,2541,192625597,2^192625597-1,STRUCTURAL_SCREEN_EXHAUSTED_PRIMALITY_UNASSIGNED,FIRST_SINGULARITY_SHELL_EXHAUSTED_PRIMALITY_UNASSIGNED,513,9595,9595,NO_RECORDED_FACTOR_PRP_OR_LL_RESULT_AND_NO_ACTIVE_GIMPS_ASSIGNMENT,2026-08-07T16:23:51+00:00,UNALLOCATED,,,,,
SLCMP201-1005,1005,2543,192625777,2^192625777-1,STRUCTURAL_SCREEN_EXHAUSTED_PRIMALITY_UNASSIGNED,FIRST_SINGULARITY_SHELL_EXHAUSTED_PRIMALITY_UNASSIGNED,513,9595,9595,NO_RECORDED_FACTOR_PRP_OR_LL_RESULT_AND_NO_ACTIVE_GIMPS_ASSIGNMENT,2026-08-07T16:23:51+00:00,UNALLOCATED,,,,,
SLCMP201-1006,1006,2547,192625949,2^192625949-1,STRUCTURAL_SCREEN_EXHAUSTED_PRIMALITY_UNASSIGNED,FIRST_SINGULARITY_SHELL_EXHAUSTED_PRIMALITY_UNASSIGNED,513,9595,9595,NO_RECORDED_FACTOR_PRP_OR_LL_RESULT_AND_NO_ACTIVE_GIMPS_ASSIGNMENT,2026-08-07T16:23:51+00:00,UNALLOCATED,,,,,
SLCMP201-1007,1007,2549,192626101,2^192626101-1,STRUCTURAL_SCREEN_EXHAUSTED_PRIMALITY_UNASSIGNED,FIRST_SINGULARITY_SHELL_EXHAUSTED_PRIMALITY_UNASSIGNED,513,9595,9595,NO_RECORDED_FACTOR_PRP_OR_LL_RESULT_AND_NO_ACTIVE_GIMPS_ASSIGNMENT,2026-08-07T16:23:51+00:00,UNALLOCATED,,,,,
SLCMP201-1008,1008,2550,192626129,2^192626129-1,STRUCTURAL_SCREEN_EXHAUSTED_PRIMALITY_UNASSIGNED,FIRST_SINGULARITY_SHELL_EXHAUSTED_PRIMALITY_UNASSIGNED,513,9595,9595,NO_RECORDED_FACTOR_PRP_OR_LL_RESULT_AND_NO_ACTIVE_GIMPS_ASSIGNMENT,2026-08-07T16:23:51+00:00,UNALLOCATED,,,,,
SLCMP201-1009,1009,2551,192626143,2^192626143-1,STRUCTURAL_SCREEN_EXHAUSTED_PRIMALITY_UNASSIGNED,FIRST_SINGULARITY_SHELL_EXHAUSTED_PRIMALITY_UNASSIGNED,514,9595,9595,NO_RECORDED_FACTOR_PRP_OR_LL_RESULT_AND_NO_ACTIVE_GIMPS_ASSIGNMENT,2026-08-07T16:23:51+00:00,UNALLOCATED,,,,,
SLCMP201-1010,1010,2552,192626153,2^192626153-1,STRUCTURAL_SCREEN_EXHAUSTED_PRIMALITY_UNASSIGNED,FIRST_SINGULARITY_SHELL_EXHAUSTED_PRIMALITY_UNASSIGNED,513,9595,9595,NO_RECORDED_FACTOR_PRP_OR_LL_RESULT_AND_NO_ACTIVE_GIMPS_ASSIGNMENT,2026-08-07T16:23:51+00:00,UNALLOCATED,,,,,
SLCMP201-1011,1011,2553,192626179,2^192626179-1,STRUCTURAL_SCREEN_EXHAUSTED_PRIMALITY_UNASSIGNED,FIRST_SINGULARITY_SHELL_EXHAUSTED_PRIMALITY_UNASSIGNED,514,9595,9595,NO_RECORDED_FACTOR_PRP_OR_LL_RESULT_AND_NO_ACTIVE_GIMPS_ASSIGNMENT,2026-08-07T16:23:51+00:00,UNALLOCATED,,,,,
SLCMP201-1012,1012,2554,192626299,2^192626299-1,STRUCTURAL_SCREEN_EXHAUSTED_PRIMALITY_UNASSIGNED,FIRST_SINGULARITY_SHELL_EXHAUSTED_PRIMALITY_UNASSIGNED,514,9595,9595,NO_RECORDED_FACTOR_PRP_OR_LL_RESULT_AND_NO_ACTIVE_GIMPS_ASSIGNMENT,2026-08-07T16:23:51+00:00,UNALLOCATED,,,,,
SLCMP201-1013,1013,2555,192626333,2^192626333-1,STRUCTURAL_SCREEN_EXHAUSTED_PRIMALITY_UNASSIGNED,FIRST_SINGULARITY_SHELL_EXHAUSTED_PRIMALITY_UNASSIGNED,513,9595,9595,NO_RECORDED_FACTOR_PRP_OR_LL_RESULT_AND_NO_ACTIVE_GIMPS_ASSIGNMENT,2026-08-07T16:23:51+00:00,UNALLOCATED,,,,,
SLCMP201-1014,1014,2560,192626513,2^192626513-1,STRUCTURAL_SCREEN_EXHAUSTED_PRIMALITY_UNASSIGNED,FIRST_SINGULARITY_SHELL_EXHAUSTED_PRIMALITY_UNASSIGNED,513,9595,9595,NO_RECORDED_FACTOR_PRP_OR_LL_RESULT_AND_NO_ACTIVE_GIMPS_ASSIGNMENT,2026-08-07T16:23:51+00:00,UNALLOCATED,,,,,
SLCMP201-1015,1015,2563,192626557,2^192626557-1,STRUCTURAL_SCREEN_EXHAUSTED_PRIMALITY_UNASSIGNED,FIRST_SINGULARITY_SHELL_EXHAUSTED_PRIMALITY_UNASSIGNED,513,9595,9595,NO_RECORDED_FACTOR_PRP_OR_LL_RESULT_AND_NO_ACTIVE_GIMPS_ASSIGNMENT,2026-08-07T16:23:51+00:00,UNALLOCATED,,,,,
SLCMP201-1016,1016,2571,192627053,2^192627053-1,STRUCTURAL_SCREEN_EXHAUSTED_PRIMALITY_UNASSIGNED,FIRST_SINGULARITY_SHELL_EXHAUSTED_PRIMALITY_UNASSIGNED,513,9595,9595,NO_RECORDED_FACTOR_PRP_OR_LL_RESULT_AND_NO_ACTIVE_GIMPS_ASSIGNMENT,2026-08-07T16:23:51+00:00,UNALLOCATED,,,,,
SLCMP201-1017,1017,2589,192627779,2^192627779-1,STRUCTURAL_SCREEN_EXHAUSTED_PRIMALITY_UNASSIGNED,FIRST_SINGULARITY_SHELL_EXHAUSTED_PRIMALITY_UNASSIGNED,514,9595,9595,NO_RECORDED_FACTOR_PRP_OR_LL_RESULT_AND_NO_ACTIVE_GIMPS_ASSIGNMENT,2026-08-07T16:23:51+00:00,UNALLOCATED,,,,,
SLCMP201-1018,1018,2626,192629747,2^192629747-1,STRUCTURAL_SCREEN_EXHAUSTED_PRIMALITY_UNASSIGNED,FIRST_SINGULARITY_SHELL_EXHAUSTED_PRIMALITY_UNASSIGNED,514,9595,9595,NO_RECORDED_FACTOR_PRP_OR_LL_RESULT_AND_NO_ACTIVE_GIMPS_ASSIGNMENT,2026-08-07T16:23:51+00:00,UNALLOCATED,,,,,
SLCMP201-1019,1019,2660,192631987,2^192631987-1,STRUCTURAL_SCREEN_EXHAUSTED_PRIMALITY_UNASSIGNED,FIRST_SINGULARITY_SHELL_EXHAUSTED_PRIMALITY_UNASSIGNED,514,9595,9595,NO_RECORDED_FACTOR_PRP_OR_LL_RESULT_AND_NO_ACTIVE_GIMPS_ASSIGNMENT,2026-08-07T16:23:51+00:00,UNALLOCATED,,,,,
SLCMP201-1020,1020,2662,192632129,2^192632129-1,STRUCTURAL_SCREEN_EXHAUSTED_PRIMALITY_UNASSIGNED,FIRST_SINGULARITY_SHELL_EXHAUSTED_PRIMALITY_UNASSIGNED,513,9595,9595,NO_RECORDED_FACTOR_PRP_OR_LL_RESULT_AND_NO_ACTIVE_GIMPS_ASSIGNMENT,2026-08-07T16:23:51+00:00,UNALLOCATED,,,,,
SLCMP201-1021,1021,2664,192632267,2^192632267-1,STRUCTURAL_SCREEN_EXHAUSTED_PRIMALITY_UNASSIGNED,FIRST_SINGULARITY_SHELL_EXHAUSTED_PRIMALITY_UNASSIGNED,514,9595,9595,NO_RECORDED_FACTOR_PRP_OR_LL_RESULT_AND_NO_ACTIVE_GIMPS_ASSIGNMENT,2026-08-07T16:23:51+00:00,UNALLOCATED,,,,,
SLCMP201-1022,1022,2693,192633527,2^192633527-1,STRUCTURAL_SCREEN_EXHAUSTED_PRIMALITY_UNASSIGNED,FIRST_SINGULARITY_SHELL_EXHAUSTED_PRIMALITY_UNASSIGNED,514,9595,9595,NO_RECORDED_FACTOR_PRP_OR_LL_RESULT_AND_NO_ACTIVE_GIMPS_ASSIGNMENT,2026-08-07T16:23:51+00:00,UNALLOCATED,,,,,
SLCMP201-1023,1023,2708,192634237,2^192634237-1,STRUCTURAL_SCREEN_EXHAUSTED_PRIMALITY_UNASSIGNED,FIRST_SINGULARITY_SHELL_EXHAUSTED_PRIMALITY_UNASSIGNED,513,9595,9595,NO_RECORDED_FACTOR_PRP_OR_LL_RESULT_AND_NO_ACTIVE_GIMPS_ASSIGNMENT,2026-08-07T16:23:51+00:00,UNALLOCATED,,,,,
SLCMP201-1024,1024,2713,192634399,2^192634399-1,STRUCTURAL_SCREEN_EXHAUSTED_PRIMALITY_UNASSIGNED,FIRST_SINGULARITY_SHELL_EXHAUSTED_PRIMALITY_UNASSIGNED,514,9595,9595,NO_RECORDED_FACTOR_PRP_OR_LL_RESULT_AND_NO_ACTIVE_GIMPS_ASSIGNMENT,2026-08-07T16:23:51+00:00,UNALLOCATED,,,,,
SLCMP201-1025,1025,2731,192635159,2^192635159-1,STRUCTURAL_SCREEN_EXHAUSTED_PRIMALITY_UNASSIGNED,FIRST_SINGULARITY_SHELL_EXHAUSTED_PRIMALITY_UNASSIGNED,514,9595,9595,NO_RECORDED_FACTOR_PRP_OR_LL_RESULT_AND_NO_ACTIVE_GIMPS_ASSIGNMENT,2026-08-07T16:23:51+00:00,UNALLOCATED,,,,,
SLCMP201-1026,1026,2733,192635273,2^192635273-1,STRUCTURAL_SCREEN_EXHAUSTED_PRIMALITY_UNASSIGNED,FIRST_SINGULARITY_SHELL_EXHAUSTED_PRIMALITY_UNASSIGNED,513,9595,9595,NO_RECORDED_FACTOR_PRP_OR_LL_RESULT_AND_NO_ACTIVE_GIMPS_ASSIGNMENT,2026-08-07T16:23:51+00:00,UNALLOCATED,,,,,
SLCMP201-1027,1027,2737,192635329,2^192635329-1,STRUCTURAL_SCREEN_EXHAUSTED_PRIMALITY_UNASSIGNED,FIRST_SINGULARITY_SHELL_EXHAUSTED_PRIMALITY_UNASSIGNED,513,9595,9595,NO_RECORDED_FACTOR_PRP_OR_LL_RESULT_AND_NO_ACTIVE_GIMPS_ASSIGNMENT,2026-08-07T16:23:51+00:00,UNALLOCATED,,,,,
SLCMP201-1028,1028,2740,192635479,2^192635479-1,STRUCTURAL_SCREEN_EXHAUSTED_PRIMALITY_UNASSIGNED,FIRST_SINGULARITY_SHELL_EXHAUSTED_PRIMALITY_UNASSIGNED,514,9595,9595,NO_RECORDED_FACTOR_PRP_OR_LL_RESULT_AND_NO_ACTIVE_GIMPS_ASSIGNMENT,2026-08-07T16:23:51+00:00,UNALLOCATED,,,,,
SLCMP201-1029,1029,2751,192636167,2^192636167-1,STRUCTURAL_SCREEN_EXHAUSTED_PRIMALITY_UNASSIGNED,FIRST_SINGULARITY_SHELL_EXHAUSTED_PRIMALITY_UNASSIGNED,514,9595,9595,NO_RECORDED_FACTOR_PRP_OR_LL_RESULT_AND_NO_ACTIVE_GIMPS_ASSIGNMENT,2026-08-07T16:23:51+00:00,UNALLOCATED,,,,,
SLCMP201-1030,1030,2757,192636281,2^192636281-1,STRUCTURAL_SCREEN_EXHAUSTED_PRIMALITY_UNASSIGNED,FIRST_SINGULARITY_SHELL_EXHAUSTED_PRIMALITY_UNASSIGNED,513,9595,9595,NO_RECORDED_FACTOR_PRP_OR_LL_RESULT_AND_NO_ACTIVE_GIMPS_ASSIGNMENT,2026-08-07T16:23:51+00:00,UNALLOCATED,,,,,
SLCMP201-1031,1031,2774,192637297,2^192637297-1,STRUCTURAL_SCREEN_EXHAUSTED_PRIMALITY_UNASSIGNED,FIRST_SINGULARITY_SHELL_EXHAUSTED_PRIMALITY_UNASSIGNED,513,9595,9595,NO_RECORDED_FACTOR_PRP_OR_LL_RESULT_AND_NO_ACTIVE_GIMPS_ASSIGNMENT,2026-08-07T16:23:51+00:00,UNALLOCATED,,,,,
SLCMP201-1032,1032,2776,192637337,2^192637337-1,STRUCTURAL_SCREEN_EXHAUSTED_PRIMALITY_UNASSIGNED,FIRST_SINGULARITY_SHELL_EXHAUSTED_PRIMALITY_UNASSIGNED,513,9595,9595,NO_RECORDED_FACTOR_PRP_OR_LL_RESULT_AND_NO_ACTIVE_GIMPS_ASSIGNMENT,2026-08-07T16:23:51+00:00,UNALLOCATED,,,,,
SLCMP201-1033,1033,2784,192637733,2^192637733-1,STRUCTURAL_SCREEN_EXHAUSTED_PRIMALITY_UNASSIGNED,FIRST_SINGULARITY_SHELL_EXHAUSTED_PRIMALITY_UNASSIGNED,513,9595,9595,NO_RECORDED_FACTOR_PRP_OR_LL_RESULT_AND_NO_ACTIVE_GIMPS_ASSIGNMENT,2026-08-07T16:23:51+00:00,UNALLOCATED,,,,,
SLCMP201-1034,1034,2801,192638653,2^192638653-1,STRUCTURAL_SCREEN_EXHAUSTED_PRIMALITY_UNASSIGNED,FIRST_SINGULARITY_SHELL_EXHAUSTED_PRIMALITY_UNASSIGNED,513,9595,9595,NO_RECORDED_FACTOR_PRP_OR_LL_RESULT_AND_NO_ACTIVE_GIMPS_ASSIGNMENT,2026-08-07T16:23:51+00:00,UNALLOCATED,,,,,
SLCMP201-1035,1035,2823,192639619,2^192639619-1,STRUCTURAL_SCREEN_EXHAUSTED_PRIMALITY_UNASSIGNED,FIRST_SINGULARITY_SHELL_EXHAUSTED_PRIMALITY_UNASSIGNED,514,9595,9595,NO_RECORDED_FACTOR_PRP_OR_LL_RESULT_AND_NO_ACTIVE_GIMPS_ASSIGNMENT,2026-08-07T16:23:51+00:00,UNALLOCATED,,,,,
SLCMP201-1036,1036,2836,192640009,2^192640009-1,STRUCTURAL_SCREEN_EXHAUSTED_PRIMALITY_UNASSIGNED,FIRST_SINGULARITY_SHELL_EXHAUSTED_PRIMALITY_UNASSIGNED,513,9595,9595,NO_RECORDED_FACTOR_PRP_OR_LL_RESULT_AND_NO_ACTIVE_GIMPS_ASSIGNMENT,2026-08-07T16:23:51+00:00,UNALLOCATED,,,,,
SLCMP201-1037,1037,2850,192640831,2^192640831-1,STRUCTURAL_SCREEN_EXHAUSTED_PRIMALITY_UNASSIGNED,FIRST_SINGULARITY_SHELL_EXHAUSTED_PRIMALITY_UNASSIGNED,514,9595,9595,NO_RECORDED_FACTOR_PRP_OR_LL_RESULT_AND_NO_ACTIVE_GIMPS_ASSIGNMENT,2026-08-07T16:23:51+00:00,UNALLOCATED,,,,,
SLCMP201-1038,1038,2862,192641327,2^192641327-1,STRUCTURAL_SCREEN_EXHAUSTED_PRIMALITY_UNASSIGNED,FIRST_SINGULARITY_SHELL_EXHAUSTED_PRIMALITY_UNASSIGNED,514,9595,9595,NO_RECORDED_FACTOR_PRP_OR_LL_RESULT_AND_NO_ACTIVE_GIMPS_ASSIGNMENT,2026-08-07T16:23:51+00:00,UNALLOCATED,,,,,
SLCMP201-1039,1039,2863,192641359,2^192641359-1,STRUCTURAL_SCREEN_EXHAUSTED_PRIMALITY_UNASSIGNED,FIRST_SINGULARITY_SHELL_EXHAUSTED_PRIMALITY_UNASSIGNED,514,9595,9595,NO_RECORDED_FACTOR_PRP_OR_LL_RESULT_AND_NO_ACTIVE_GIMPS_ASSIGNMENT,2026-08-07T16:23:51+00:00,UNALLOCATED,,,,,
SLCMP201-1040,1040,2864,192641447,2^192641447-1,STRUCTURAL_SCREEN_EXHAUSTED_PRIMALITY_UNASSIGNED,FIRST_SINGULARITY_SHELL_EXHAUSTED_PRIMALITY_UNASSIGNED,514,9595,9595,NO_RECORDED_FACTOR_PRP_OR_LL_RESULT_AND_NO_ACTIVE_GIMPS_ASSIGNMENT,2026-08-07T16:23:51+00:00,UNALLOCATED,,,,,
SLCMP201-1041,1041,2878,192642059,2^192642059-1,STRUCTURAL_SCREEN_EXHAUSTED_PRIMALITY_UNASSIGNED,FIRST_SINGULARITY_SHELL_EXHAUSTED_PRIMALITY_UNASSIGNED,514,9595,9595,NO_RECORDED_FACTOR_PRP_OR_LL_RESULT_AND_NO_ACTIVE_GIMPS_ASSIGNMENT,2026-08-07T16:23:51+00:00,UNALLOCATED,,,,,
SLCMP201-1042,1042,2879,192642119,2^192642119-1,STRUCTURAL_SCREEN_EXHAUSTED_PRIMALITY_UNASSIGNED,FIRST_SINGULARITY_SHELL_EXHAUSTED_PRIMALITY_UNASSIGNED,514,9595,9595,NO_RECORDED_FACTOR_PRP_OR_LL_RESULT_AND_NO_ACTIVE_GIMPS_ASSIGNMENT,2026-08-07T16:23:51+00:00,UNALLOCATED,,,,,
SLCMP201-1043,1043,2880,192642167,2^192642167-1,STRUCTURAL_SCREEN_EXHAUSTED_PRIMALITY_UNASSIGNED,FIRST_SINGULARITY_SHELL_EXHAUSTED_PRIMALITY_UNASSIGNED,514,9595,9595,NO_RECORDED_FACTOR_PRP_OR_LL_RESULT_AND_NO_ACTIVE_GIMPS_ASSIGNMENT,2026-08-07T16:23:51+00:00,UNALLOCATED,,,,,
SLCMP201-1044,1044,2881,192642217,2^192642217-1,STRUCTURAL_SCREEN_EXHAUSTED_PRIMALITY_UNASSIGNED,FIRST_SINGULARITY_SHELL_EXHAUSTED_PRIMALITY_UNASSIGNED,513,9595,9595,NO_RECORDED_FACTOR_PRP_OR_LL_RESULT_AND_NO_ACTIVE_GIMPS_ASSIGNMENT,2026-08-07T16:23:51+00:00,UNALLOCATED,,,,,
SLCMP201-1045,1045,2882,192642221,2^192642221-1,STRUCTURAL_SCREEN_EXHAUSTED_PRIMALITY_UNASSIGNED,FIRST_SINGULARITY_SHELL_EXHAUSTED_PRIMALITY_UNASSIGNED,513,9595,9595,NO_RECORDED_FACTOR_PRP_OR_LL_RESULT_AND_NO_ACTIVE_GIMPS_ASSIGNMENT,2026-08-07T16:23:51+00:00,UNALLOCATED,,,,,
SLCMP201-1046,1046,2883,192642251,2^192642251-1,STRUCTURAL_SCREEN_EXHAUSTED_PRIMALITY_UNASSIGNED,FIRST_SINGULARITY_SHELL_EXHAUSTED_PRIMALITY_UNASSIGNED,514,9595,9595,NO_RECORDED_FACTOR_PRP_OR_LL_RESULT_AND_NO_ACTIVE_GIMPS_ASSIGNMENT,2026-08-07T16:23:51+00:00,UNALLOCATED,,,,,
SLCMP201-1047,1047,2884,192642271,2^192642271-1,STRUCTURAL_SCREEN_EXHAUSTED_PRIMALITY_UNASSIGNED,FIRST_SINGULARITY_SHELL_EXHAUSTED_PRIMALITY_UNASSIGNED,514,9595,9595,NO_RECORDED_FACTOR_PRP_OR_LL_RESULT_AND_NO_ACTIVE_GIMPS_ASSIGNMENT,2026-08-07T16:23:51+00:00,UNALLOCATED,,,,,
SLCMP201-1048,1048,2885,192642299,2^192642299-1,STRUCTURAL_SCREEN_EXHAUSTED_PRIMALITY_UNASSIGNED,FIRST_SINGULARITY_SHELL_EXHAUSTED_PRIMALITY_UNASSIGNED,514,9595,9595,NO_RECORDED_FACTOR_PRP_OR_LL_RESULT_AND_NO_ACTIVE_GIMPS_ASSIGNMENT,2026-08-07T16:23:51+00:00,UNALLOCATED,,,,,
SLCMP201-1049,1049,2886,192642421,2^192642421-1,STRUCTURAL_SCREEN_EXHAUSTED_PRIMALITY_UNASSIGNED,FIRST_SINGULARITY_SHELL_EXHAUSTED_PRIMALITY_UNASSIGNED,513,9595,9595,NO_RECORDED_FACTOR_PRP_OR_LL_RESULT_AND_NO_ACTIVE_GIMPS_ASSIGNMENT,2026-08-07T16:23:51+00:00,UNALLOCATED,,,,,
SLCMP201-1050,1050,2888,192642473,2^192642473-1,STRUCTURAL_SCREEN_EXHAUSTED_PRIMALITY_UNASSIGNED,FIRST_SINGULARITY_SHELL_EXHAUSTED_PRIMALITY_UNASSIGNED,513,9595,9595,NO_RECORDED_FACTOR_PRP_OR_LL_RESULT_AND_NO_ACTIVE_GIMPS_ASSIGNMENT,2026-08-07T16:23:51+00:00,UNALLOCATED,,,,,
SLCMP201-1051,1051,2891,192642523,2^192642523-1,STRUCTURAL_SCREEN_EXHAUSTED_PRIMALITY_UNASSIGNED,FIRST_SINGULARITY_SHELL_EXHAUSTED_PRIMALITY_UNASSIGNED,514,9595,9595,NO_RECORDED_FACTOR_PRP_OR_LL_RESULT_AND_NO_ACTIVE_GIMPS_ASSIGNMENT,2026-08-07T16:23:51+00:00,UNALLOCATED,,,,,
SLCMP201-1052,1052,2892,192642529,2^192642529-1,STRUCTURAL_SCREEN_EXHAUSTED_PRIMALITY_UNASSIGNED,FIRST_SINGULARITY_SHELL_EXHAUSTED_PRIMALITY_UNASSIGNED,513,9595,9595,NO_RECORDED_FACTOR_PRP_OR_LL_RESULT_AND_NO_ACTIVE_GIMPS_ASSIGNMENT,2026-08-07T16:23:51+00:00,UNALLOCATED,,,,,
SLCMP201-1053,1053,2893,192642601,2^192642601-1,STRUCTURAL_SCREEN_EXHAUSTED_PRIMALITY_UNASSIGNED,FIRST_SINGULARITY_SHELL_EXHAUSTED_PRIMALITY_UNASSIGNED,513,9595,9595,NO_RECORDED_FACTOR_PRP_OR_LL_RESULT_AND_NO_ACTIVE_GIMPS_ASSIGNMENT,2026-08-07T16:23:51+00:00,UNALLOCATED,,,,,
SLCMP201-1054,1054,2894,192642643,2^192642643-1,STRUCTURAL_SCREEN_EXHAUSTED_PRIMALITY_UNASSIGNED,FIRST_SINGULARITY_SHELL_EXHAUSTED_PRIMALITY_UNASSIGNED,514,9595,9595,NO_RECORDED_FACTOR_PRP_OR_LL_RESULT_AND_NO_ACTIVE_GIMPS_ASSIGNMENT,2026-08-07T16:23:51+00:00,UNALLOCATED,,,,,
SLCMP201-1055,1055,2895,192642673,2^192642673-1,STRUCTURAL_SCREEN_EXHAUSTED_PRIMALITY_UNASSIGNED,FIRST_SINGULARITY_SHELL_EXHAUSTED_PRIMALITY_UNASSIGNED,513,9595,9595,NO_RECORDED_FACTOR_PRP_OR_LL_RESULT_AND_NO_ACTIVE_GIMPS_ASSIGNMENT,2026-08-07T16:23:51+00:00,UNALLOCATED,,,,,
SLCMP201-1056,1056,2917,192643771,2^192643771-1,STRUCTURAL_SCREEN_EXHAUSTED_PRIMALITY_UNASSIGNED,FIRST_SINGULARITY_SHELL_EXHAUSTED_PRIMALITY_UNASSIGNED,514,9595,9595,NO_RECORDED_FACTOR_PRP_OR_LL_RESULT_AND_NO_ACTIVE_GIMPS_ASSIGNMENT,2026-08-07T16:23:51+00:00,UNALLOCATED,,,,,
SLCMP201-1057,1057,2968,192646469,2^192646469-1,STRUCTURAL_SCREEN_EXHAUSTED_PRIMALITY_UNASSIGNED,FIRST_SINGULARITY_SHELL_EXHAUSTED_PRIMALITY_UNASSIGNED,513,9595,9595,NO_RECORDED_FACTOR_PRP_OR_LL_RESULT_AND_NO_ACTIVE_GIMPS_ASSIGNMENT,2026-08-07T16:23:51+00:00,UNALLOCATED,,,,,
SLCMP201-1058,1058,3012,192648223,2^192648223-1,STRUCTURAL_SCREEN_EXHAUSTED_PRIMALITY_UNASSIGNED,FIRST_SINGULARITY_SHELL_EXHAUSTED_PRIMALITY_UNASSIGNED,514,9595,9595,NO_RECORDED_FACTOR_PRP_OR_LL_RESULT_AND_NO_ACTIVE_GIMPS_ASSIGNMENT,2026-08-07T16:23:51+00:00,UNALLOCATED,,,,,
SLCMP201-1059,1059,3034,192649451,2^192649451-1,STRUCTURAL_SCREEN_EXHAUSTED_PRIMALITY_UNASSIGNED,FIRST_SINGULARITY_SHELL_EXHAUSTED_PRIMALITY_UNASSIGNED,514,9595,9595,NO_RECORDED_FACTOR_PRP_OR_LL_RESULT_AND_NO_ACTIVE_GIMPS_ASSIGNMENT,2026-08-07T16:23:51+00:00,UNALLOCATED,,,,,
SLCMP201-1060,1060,3038,192649601,2^192649601-1,STRUCTURAL_SCREEN_EXHAUSTED_PRIMALITY_UNASSIGNED,FIRST_SINGULARITY_SHELL_EXHAUSTED_PRIMALITY_UNASSIGNED,513,9595,9595,NO_RECORDED_FACTOR_PRP_OR_LL_RESULT_AND_NO_ACTIVE_GIMPS_ASSIGNMENT,2026-08-07T16:23:51+00:00,UNALLOCATED,,,,,
SLCMP201-1061,1061,3101,192652783,2^192652783-1,STRUCTURAL_SCREEN_EXHAUSTED_PRIMALITY_UNASSIGNED,FIRST_SINGULARITY_SHELL_EXHAUSTED_PRIMALITY_UNASSIGNED,514,9595,9595,NO_RECORDED_FACTOR_PRP_OR_LL_RESULT_AND_NO_ACTIVE_GIMPS_ASSIGNMENT,2026-08-07T16:23:51+00:00,UNALLOCATED,,,,,
SLCMP201-1062,1062,3208,192658337,2^192658337-1,STRUCTURAL_SCREEN_EXHAUSTED_PRIMALITY_UNASSIGNED,FIRST_SINGULARITY_SHELL_EXHAUSTED_PRIMALITY_UNASSIGNED,513,9595,9595,NO_RECORDED_FACTOR_PRP_OR_LL_RESULT_AND_NO_ACTIVE_GIMPS_ASSIGNMENT,2026-08-07T16:23:51+00:00,UNALLOCATED,,,,,
SLCMP201-1063,1063,3590,192677897,2^192677897-1,STRUCTURAL_SCREEN_EXHAUSTED_PRIMALITY_UNASSIGNED,FIRST_SINGULARITY_SHELL_EXHAUSTED_PRIMALITY_UNASSIGNED,513,9595,9595,NO_RECORDED_FACTOR_PRP_OR_LL_RESULT_AND_NO_ACTIVE_GIMPS_ASSIGNMENT,2026-08-07T16:23:51+00:00,UNALLOCATED,,,,,
SLCMP201-1064,1064,3591,192678037,2^192678037-1,STRUCTURAL_SCREEN_EXHAUSTED_PRIMALITY_UNASSIGNED,FIRST_SINGULARITY_SHELL_EXHAUSTED_PRIMALITY_UNASSIGNED,513,9595,9595,NO_RECORDED_FACTOR_PRP_OR_LL_RESULT_AND_NO_ACTIVE_GIMPS_ASSIGNMENT,2026-08-07T16:23:51+00:00,UNALLOCATED,,,,,
SLCMP201-1065,1065,3592,192678041,2^192678041-1,STRUCTURAL_SCREEN_EXHAUSTED_PRIMALITY_UNASSIGNED,FIRST_SINGULARITY_SHELL_EXHAUSTED_PRIMALITY_UNASSIGNED,513,9595,9595,NO_RECORDED_FACTOR_PRP_OR_LL_RESULT_AND_NO_ACTIVE_GIMPS_ASSIGNMENT,2026-08-07T16:23:51+00:00,UNALLOCATED,,,,,
SLCMP201-1066,1066,3593,192678043,2^192678043-1,STRUCTURAL_SCREEN_EXHAUSTED_PRIMALITY_UNASSIGNED,FIRST_SINGULARITY_SHELL_EXHAUSTED_PRIMALITY_UNASSIGNED,514,9595,9595,NO_RECORDED_FACTOR_PRP_OR_LL_RESULT_AND_NO_ACTIVE_GIMPS_ASSIGNMENT,2026-08-07T16:23:51+00:00,UNALLOCATED,,,,,
SLCMP201-1067,1067,3594,192678053,2^192678053-1,STRUCTURAL_SCREEN_EXHAUSTED_PRIMALITY_UNASSIGNED,FIRST_SINGULARITY_SHELL_EXHAUSTED_PRIMALITY_UNASSIGNED,513,9595,9595,NO_RECORDED_FACTOR_PRP_OR_LL_RESULT_AND_NO_ACTIVE_GIMPS_ASSIGNMENT,2026-08-07T16:23:51+00:00,UNALLOCATED,,,,,
SLCMP201-1068,1068,3596,192678149,2^192678149-1,STRUCTURAL_SCREEN_EXHAUSTED_PRIMALITY_UNASSIGNED,FIRST_SINGULARITY_SHELL_EXHAUSTED_PRIMALITY_UNASSIGNED,513,9595,9595,NO_RECORDED_FACTOR_PRP_OR_LL_RESULT_AND_NO_ACTIVE_GIMPS_ASSIGNMENT,2026-08-07T16:23:51+00:00,UNALLOCATED,,,,,
SLCMP201-1069,1069,3601,192678379,2^192678379-1,STRUCTURAL_SCREEN_EXHAUSTED_PRIMALITY_UNASSIGNED,FIRST_SINGULARITY_SHELL_EXHAUSTED_PRIMALITY_UNASSIGNED,514,9595,9595,NO_RECORDED_FACTOR_PRP_OR_LL_RESULT_AND_NO_ACTIVE_GIMPS_ASSIGNMENT,2026-08-07T16:23:51+00:00,UNALLOCATED,,,,,
SLCMP201-1070,1070,3602,192678457,2^192678457-1,STRUCTURAL_SCREEN_EXHAUSTED_PRIMALITY_UNASSIGNED,FIRST_SINGULARITY_SHELL_EXHAUSTED_PRIMALITY_UNASSIGNED,513,9595,9595,NO_RECORDED_FACTOR_PRP_OR_LL_RESULT_AND_NO_ACTIVE_GIMPS_ASSIGNMENT,2026-08-07T16:23:51+00:00,UNALLOCATED,,,,,
SLCMP201-1071,1071,3603,192678517,2^192678517-1,STRUCTURAL_SCREEN_EXHAUSTED_PRIMALITY_UNASSIGNED,FIRST_SINGULARITY_SHELL_EXHAUSTED_PRIMALITY_UNASSIGNED,513,9595,9595,NO_RECORDED_FACTOR_PRP_OR_LL_RESULT_AND_NO_ACTIVE_GIMPS_ASSIGNMENT,2026-08-07T16:23:51+00:00,UNALLOCATED,,,,,
SLCMP201-1072,1072,3604,192678587,2^192678587-1,STRUCTURAL_SCREEN_EXHAUSTED_PRIMALITY_UNASSIGNED,FIRST_SINGULARITY_SHELL_EXHAUSTED_PRIMALITY_UNASSIGNED,514,9595,9595,NO_RECORDED_FACTOR_PRP_OR_LL_RESULT_AND_NO_ACTIVE_GIMPS_ASSIGNMENT,2026-08-07T16:23:51+00:00,UNALLOCATED,,,,,
SLCMP201-1073,1073,3605,192678617,2^192678617-1,STRUCTURAL_SCREEN_EXHAUSTED_PRIMALITY_UNASSIGNED,FIRST_SINGULARITY_SHELL_EXHAUSTED_PRIMALITY_UNASSIGNED,513,9595,9595,NO_RECORDED_FACTOR_PRP_OR_LL_RESULT_AND_NO_ACTIVE_GIMPS_ASSIGNMENT,2026-08-07T16:23:51+00:00,UNALLOCATED,,,,,
SLCMP201-1074,1074,3606,192678631,2^192678631-1,STRUCTURAL_SCREEN_EXHAUSTED_PRIMALITY_UNASSIGNED,FIRST_SINGULARITY_SHELL_EXHAUSTED_PRIMALITY_UNASSIGNED,514,9595,9595,NO_RECORDED_FACTOR_PRP_OR_LL_RESULT_AND_NO_ACTIVE_GIMPS_ASSIGNMENT,2026-08-07T16:23:51+00:00,UNALLOCATED,,,,,
SLCMP201-1075,1075,3608,192678727,2^192678727-1,STRUCTURAL_SCREEN_EXHAUSTED_PRIMALITY_UNASSIGNED,FIRST_SINGULARITY_SHELL_EXHAUSTED_PRIMALITY_UNASSIGNED,514,9595,9595,NO_RECORDED_FACTOR_PRP_OR_LL_RESULT_AND_NO_ACTIVE_GIMPS_ASSIGNMENT,2026-08-07T16:23:51+00:00,UNALLOCATED,,,,,
SLCMP201-1076,1076,4017,192700289,2^192700289-1,STRUCTURAL_SCREEN_EXHAUSTED_PRIMALITY_UNASSIGNED,FIRST_SINGULARITY_SHELL_EXHAUSTED_PRIMALITY_UNASSIGNED,513,9595,9595,NO_RECORDED_FACTOR_PRP_OR_LL_RESULT_AND_NO_ACTIVE_GIMPS_ASSIGNMENT,2026-08-07T16:23:51+00:00,UNALLOCATED,,,,,
SLCMP201-1077,1077,4018,192700351,2^192700351-1,STRUCTURAL_SCREEN_EXHAUSTED_PRIMALITY_UNASSIGNED,FIRST_SINGULARITY_SHELL_EXHAUSTED_PRIMALITY_UNASSIGNED,514,9595,9595,NO_RECORDED_FACTOR_PRP_OR_LL_RESULT_AND_NO_ACTIVE_GIMPS_ASSIGNMENT,2026-08-07T16:23:51+00:00,UNALLOCATED,,,,,
SLCMP201-1078,1078,4020,192700381,2^192700381-1,STRUCTURAL_SCREEN_EXHAUSTED_PRIMALITY_UNASSIGNED,FIRST_SINGULARITY_SHELL_EXHAUSTED_PRIMALITY_UNASSIGNED,513,9595,9595,NO_RECORDED_FACTOR_PRP_OR_LL_RESULT_AND_NO_ACTIVE_GIMPS_ASSIGNMENT,2026-08-07T16:23:51+00:00,UNALLOCATED,,,,,
SLCMP201-1079,1079,4021,192700411,2^192700411-1,STRUCTURAL_SCREEN_EXHAUSTED_PRIMALITY_UNASSIGNED,FIRST_SINGULARITY_SHELL_EXHAUSTED_PRIMALITY_UNASSIGNED,514,9595,9595,NO_RECORDED_FACTOR_PRP_OR_LL_RESULT_AND_NO_ACTIVE_GIMPS_ASSIGNMENT,2026-08-07T16:23:51+00:00,UNALLOCATED,,,,,
SLCMP201-1080,1080,4022,192700483,2^192700483-1,STRUCTURAL_SCREEN_EXHAUSTED_PRIMALITY_UNASSIGNED,FIRST_SINGULARITY_SHELL_EXHAUSTED_PRIMALITY_UNASSIGNED,514,9595,9595,NO_RECORDED_FACTOR_PRP_OR_LL_RESULT_AND_NO_ACTIVE_GIMPS_ASSIGNMENT,2026-08-07T16:23:51+00:00,UNALLOCATED,,,,,
SLCMP201-1081,1081,4032,192700973,2^192700973-1,STRUCTURAL_SCREEN_EXHAUSTED_PRIMALITY_UNASSIGNED,FIRST_SINGULARITY_SHELL_EXHAUSTED_PRIMALITY_UNASSIGNED,513,9595,9595,NO_RECORDED_FACTOR_PRP_OR_LL_RESULT_AND_NO_ACTIVE_GIMPS_ASSIGNMENT,2026-08-07T16:23:51+00:00,UNALLOCATED,,,,,
SLCMP201-1082,1082,4033,192701023,2^192701023-1,STRUCTURAL_SCREEN_EXHAUSTED_PRIMALITY_UNASSIGNED,FIRST_SINGULARITY_SHELL_EXHAUSTED_PRIMALITY_UNASSIGNED,514,9595,9595,NO_RECORDED_FACTOR_PRP_OR_LL_RESULT_AND_NO_ACTIVE_GIMPS_ASSIGNMENT,2026-08-07T16:23:51+00:00,UNALLOCATED,,,,,
SLCMP201-1083,1083,4034,192701083,2^192701083-1,STRUCTURAL_SCREEN_EXHAUSTED_PRIMALITY_UNASSIGNED,FIRST_SINGULARITY_SHELL_EXHAUSTED_PRIMALITY_UNASSIGNED,514,9595,9595,NO_RECORDED_FACTOR_PRP_OR_LL_RESULT_AND_NO_ACTIVE_GIMPS_ASSIGNMENT,2026-08-07T16:23:51+00:00,UNALLOCATED,,,,,
SLCMP201-1084,1084,4038,192701359,2^192701359-1,STRUCTURAL_SCREEN_EXHAUSTED_PRIMALITY_UNASSIGNED,FIRST_SINGULARITY_SHELL_EXHAUSTED_PRIMALITY_UNASSIGNED,514,9595,9595,NO_RECORDED_FACTOR_PRP_OR_LL_RESULT_AND_NO_ACTIVE_GIMPS_ASSIGNMENT,2026-08-07T16:23:51+00:00,UNALLOCATED,,,,,
SLCMP201-1085,1085,4039,192701389,2^192701389-1,STRUCTURAL_SCREEN_EXHAUSTED_PRIMALITY_UNASSIGNED,FIRST_SINGULARITY_SHELL_EXHAUSTED_PRIMALITY_UNASSIGNED,513,9595,9595,NO_RECORDED_FACTOR_PRP_OR_LL_RESULT_AND_NO_ACTIVE_GIMPS_ASSIGNMENT,2026-08-07T16:23:51+00:00,UNALLOCATED,,,,,
SLCMP201-1086,1086,4040,192701419,2^192701419-1,STRUCTURAL_SCREEN_EXHAUSTED_PRIMALITY_UNASSIGNED,FIRST_SINGULARITY_SHELL_EXHAUSTED_PRIMALITY_UNASSIGNED,514,9595,9595,NO_RECORDED_FACTOR_PRP_OR_LL_RESULT_AND_NO_ACTIVE_GIMPS_ASSIGNMENT,2026-08-07T16:23:51+00:00,UNALLOCATED,,,,,
SLCMP201-1087,1087,4041,192701437,2^192701437-1,STRUCTURAL_SCREEN_EXHAUSTED_PRIMALITY_UNASSIGNED,FIRST_SINGULARITY_SHELL_EXHAUSTED_PRIMALITY_UNASSIGNED,513,9595,9595,NO_RECORDED_FACTOR_PRP_OR_LL_RESULT_AND_NO_ACTIVE_GIMPS_ASSIGNMENT,2026-08-07T16:23:51+00:00,UNALLOCATED,,,,,
SLCMP201-1088,1088,4369,192716827,2^192716827-1,STRUCTURAL_SCREEN_EXHAUSTED_PRIMALITY_UNASSIGNED,FIRST_SINGULARITY_SHELL_EXHAUSTED_PRIMALITY_UNASSIGNED,514,9595,9595,NO_RECORDED_FACTOR_PRP_OR_LL_RESULT_AND_NO_ACTIVE_GIMPS_ASSIGNMENT,2026-08-07T16:23:51+00:00,UNALLOCATED,,,,,
SLCMP201-1089,1089,4488,192723469,2^192723469-1,STRUCTURAL_SCREEN_EXHAUSTED_PRIMALITY_UNASSIGNED,FIRST_SINGULARITY_SHELL_EXHAUSTED_PRIMALITY_UNASSIGNED,513,9595,9595,NO_RECORDED_FACTOR_PRP_OR_LL_RESULT_AND_NO_ACTIVE_GIMPS_ASSIGNMENT,2026-08-07T16:23:51+00:00,UNALLOCATED,,,,,
SLCMP201-1090,1090,4524,192724963,2^192724963-1,STRUCTURAL_SCREEN_EXHAUSTED_PRIMALITY_UNASSIGNED,FIRST_SINGULARITY_SHELL_EXHAUSTED_PRIMALITY_UNASSIGNED,514,9595,9595,NO_RECORDED_FACTOR_PRP_OR_LL_RESULT_AND_NO_ACTIVE_GIMPS_ASSIGNMENT,2026-08-07T16:23:51+00:00,UNALLOCATED,,,,,
SLCMP201-1091,1091,4525,192724967,2^192724967-1,STRUCTURAL_SCREEN_EXHAUSTED_PRIMALITY_UNASSIGNED,FIRST_SINGULARITY_SHELL_EXHAUSTED_PRIMALITY_UNASSIGNED,514,9595,9595,NO_RECORDED_FACTOR_PRP_OR_LL_RESULT_AND_NO_ACTIVE_GIMPS_ASSIGNMENT,2026-08-07T16:23:51+00:00,UNALLOCATED,,,,,
SLCMP201-1092,1092,4526,192725021,2^192725021-1,STRUCTURAL_SCREEN_EXHAUSTED_PRIMALITY_UNASSIGNED,FIRST_SINGULARITY_SHELL_EXHAUSTED_PRIMALITY_UNASSIGNED,513,9595,9595,NO_RECORDED_FACTOR_PRP_OR_LL_RESULT_AND_NO_ACTIVE_GIMPS_ASSIGNMENT,2026-08-07T16:23:51+00:00,UNALLOCATED,,,,,
SLCMP201-1093,1093,4566,192726791,2^192726791-1,STRUCTURAL_SCREEN_EXHAUSTED_PRIMALITY_UNASSIGNED,FIRST_SINGULARITY_SHELL_EXHAUSTED_PRIMALITY_UNASSIGNED,514,9595,9595,NO_RECORDED_FACTOR_PRP_OR_LL_RESULT_AND_NO_ACTIVE_GIMPS_ASSIGNMENT,2026-08-07T16:23:51+00:00,UNALLOCATED,,,,,
SLCMP201-1094,1094,4567,192726869,2^192726869-1,STRUCTURAL_SCREEN_EXHAUSTED_PRIMALITY_UNASSIGNED,FIRST_SINGULARITY_SHELL_EXHAUSTED_PRIMALITY_UNASSIGNED,513,9595,9595,NO_RECORDED_FACTOR_PRP_OR_LL_RESULT_AND_NO_ACTIVE_GIMPS_ASSIGNMENT,2026-08-07T16:23:51+00:00,UNALLOCATED,,,,,
SLCMP201-1095,1095,4621,192729461,2^192729461-1,STRUCTURAL_SCREEN_EXHAUSTED_PRIMALITY_UNASSIGNED,FIRST_SINGULARITY_SHELL_EXHAUSTED_PRIMALITY_UNASSIGNED,513,9595,9595,NO_RECORDED_FACTOR_PRP_OR_LL_RESULT_AND_NO_ACTIVE_GIMPS_ASSIGNMENT,2026-08-07T16:23:51+00:00,UNALLOCATED,,,,,
SLCMP201-1096,1096,4683,192732647,2^192732647-1,STRUCTURAL_SCREEN_EXHAUSTED_PRIMALITY_UNASSIGNED,FIRST_SINGULARITY_SHELL_EXHAUSTED_PRIMALITY_UNASSIGNED,514,9595,9595,NO_RECORDED_FACTOR_PRP_OR_LL_RESULT_AND_NO_ACTIVE_GIMPS_ASSIGNMENT,2026-08-07T16:23:51+00:00,UNALLOCATED,,,,,
SLCMP201-1097,1097,4684,192732691,2^192732691-1,STRUCTURAL_SCREEN_EXHAUSTED_PRIMALITY_UNASSIGNED,FIRST_SINGULARITY_SHELL_EXHAUSTED_PRIMALITY_UNASSIGNED,514,9595,9595,NO_RECORDED_FACTOR_PRP_OR_LL_RESULT_AND_NO_ACTIVE_GIMPS_ASSIGNMENT,2026-08-07T16:23:51+00:00,UNALLOCATED,,,,,
SLCMP201-1098,1098,4685,192732703,2^192732703-1,STRUCTURAL_SCREEN_EXHAUSTED_PRIMALITY_UNASSIGNED,FIRST_SINGULARITY_SHELL_EXHAUSTED_PRIMALITY_UNASSIGNED,514,9595,9595,NO_RECORDED_FACTOR_PRP_OR_LL_RESULT_AND_NO_ACTIVE_GIMPS_ASSIGNMENT,2026-08-07T16:23:51+00:00,UNALLOCATED,,,,,
SLCMP201-1099,1099,4686,192732823,2^192732823-1,STRUCTURAL_SCREEN_EXHAUSTED_PRIMALITY_UNASSIGNED,FIRST_SINGULARITY_SHELL_EXHAUSTED_PRIMALITY_UNASSIGNED,514,9595,9595,NO_RECORDED_FACTOR_PRP_OR_LL_RESULT_AND_NO_ACTIVE_GIMPS_ASSIGNMENT,2026-08-07T16:23:51+00:00,UNALLOCATED,,,,,
SLCMP201-1100,1100,4687,192732901,2^192732901-1,STRUCTURAL_SCREEN_EXHAUSTED_PRIMALITY_UNASSIGNED,FIRST_SINGULARITY_SHELL_EXHAUSTED_PRIMALITY_UNASSIGNED,513,9595,9595,NO_RECORDED_FACTOR_PRP_OR_LL_RESULT_AND_NO_ACTIVE_GIMPS_ASSIGNMENT,2026-08-07T16:23:51+00:00,UNALLOCATED,,,,,
SLCMP201-1101,1101,4777,192738317,2^192738317-1,STRUCTURAL_SCREEN_EXHAUSTED_PRIMALITY_UNASSIGNED,FIRST_SINGULARITY_SHELL_EXHAUSTED_PRIMALITY_UNASSIGNED,513,9595,9595,NO_RECORDED_FACTOR_PRP_OR_LL_RESULT_AND_NO_ACTIVE_GIMPS_ASSIGNMENT,2026-08-07T16:23:51+00:00,UNALLOCATED,,,,,
SLCMP201-1102,1102,4778,192738331,2^192738331-1,STRUCTURAL_SCREEN_EXHAUSTED_PRIMALITY_UNASSIGNED,FIRST_SINGULARITY_SHELL_EXHAUSTED_PRIMALITY_UNASSIGNED,514,9595,9595,NO_RECORDED_FACTOR_PRP_OR_LL_RESULT_AND_NO_ACTIVE_GIMPS_ASSIGNMENT,2026-08-07T16:23:51+00:00,UNALLOCATED,,,,,
SLCMP201-1103,1103,4779,192738697,2^192738697-1,STRUCTURAL_SCREEN_EXHAUSTED_PRIMALITY_UNASSIGNED,FIRST_SINGULARITY_SHELL_EXHAUSTED_PRIMALITY_UNASSIGNED,513,9595,9595,NO_RECORDED_FACTOR_PRP_OR_LL_RESULT_AND_NO_ACTIVE_GIMPS_ASSIGNMENT,2026-08-07T16:23:51+00:00,UNALLOCATED,,,,,
SLCMP201-1104,1104,4780,192738731,2^192738731-1,STRUCTURAL_SCREEN_EXHAUSTED_PRIMALITY_UNASSIGNED,FIRST_SINGULARITY_SHELL_EXHAUSTED_PRIMALITY_UNASSIGNED,514,9595,9595,NO_RECORDED_FACTOR_PRP_OR_LL_RESULT_AND_NO_ACTIVE_GIMPS_ASSIGNMENT,2026-08-07T16:23:51+00:00,UNALLOCATED,,,,,
SLCMP201-1105,1105,4782,192738851,2^192738851-1,STRUCTURAL_SCREEN_EXHAUSTED_PRIMALITY_UNASSIGNED,FIRST_SINGULARITY_SHELL_EXHAUSTED_PRIMALITY_UNASSIGNED,514,9595,9595,NO_RECORDED_FACTOR_PRP_OR_LL_RESULT_AND_NO_ACTIVE_GIMPS_ASSIGNMENT,2026-08-07T16:23:51+00:00,UNALLOCATED,,,,,
SLCMP201-1106,1106,4783,192738937,2^192738937-1,STRUCTURAL_SCREEN_EXHAUSTED_PRIMALITY_UNASSIGNED,FIRST_SINGULARITY_SHELL_EXHAUSTED_PRIMALITY_UNASSIGNED,513,9595,9595,NO_RECORDED_FACTOR_PRP_OR_LL_RESULT_AND_NO_ACTIVE_GIMPS_ASSIGNMENT,2026-08-07T16:23:51+00:00,UNALLOCATED,,,,,
SLCMP201-1107,1107,4785,192739039,2^192739039-1,STRUCTURAL_SCREEN_EXHAUSTED_PRIMALITY_UNASSIGNED,FIRST_SINGULARITY_SHELL_EXHAUSTED_PRIMALITY_UNASSIGNED,514,9595,9595,NO_RECORDED_FACTOR_PRP_OR_LL_RESULT_AND_NO_ACTIVE_GIMPS_ASSIGNMENT,2026-08-07T16:23:51+00:00,UNALLOCATED,,,,,
SLCMP201-1108,1108,4786,192739177,2^192739177-1,STRUCTURAL_SCREEN_EXHAUSTED_PRIMALITY_UNASSIGNED,FIRST_SINGULARITY_SHELL_EXHAUSTED_PRIMALITY_UNASSIGNED,513,9595,9595,NO_RECORDED_FACTOR_PRP_OR_LL_RESULT_AND_NO_ACTIVE_GIMPS_ASSIGNMENT,2026-08-07T16:23:51+00:00,UNALLOCATED,,,,,
SLCMP201-1109,1109,4787,192739219,2^192739219-1,STRUCTURAL_SCREEN_EXHAUSTED_PRIMALITY_UNASSIGNED,FIRST_SINGULARITY_SHELL_EXHAUSTED_PRIMALITY_UNASSIGNED,514,9595,9595,NO_RECORDED_FACTOR_PRP_OR_LL_RESULT_AND_NO_ACTIVE_GIMPS_ASSIGNMENT,2026-08-07T16:23:51+00:00,UNALLOCATED,,,,,
SLCMP201-1110,1110,4846,192742483,2^192742483-1,STRUCTURAL_SCREEN_EXHAUSTED_PRIMALITY_UNASSIGNED,FIRST_SINGULARITY_SHELL_EXHAUSTED_PRIMALITY_UNASSIGNED,514,9595,9595,NO_RECORDED_FACTOR_PRP_OR_LL_RESULT_AND_NO_ACTIVE_GIMPS_ASSIGNMENT,2026-08-07T16:23:51+00:00,UNALLOCATED,,,,,
SLCMP201-1111,1111,4876,192743783,2^192743783-1,STRUCTURAL_SCREEN_EXHAUSTED_PRIMALITY_UNASSIGNED,FIRST_SINGULARITY_SHELL_EXHAUSTED_PRIMALITY_UNASSIGNED,514,9595,9595,NO_RECORDED_FACTOR_PRP_OR_LL_RESULT_AND_NO_ACTIVE_GIMPS_ASSIGNMENT,2026-08-07T16:23:51+00:00,UNALLOCATED,,,,,
SLCMP201-1112,1112,4877,192743827,2^192743827-1,STRUCTURAL_SCREEN_EXHAUSTED_PRIMALITY_UNASSIGNED,FIRST_SINGULARITY_SHELL_EXHAUSTED_PRIMALITY_UNASSIGNED,514,9595,9595,NO_RECORDED_FACTOR_PRP_OR_LL_RESULT_AND_NO_ACTIVE_GIMPS_ASSIGNMENT,2026-08-07T16:23:51+00:00,UNALLOCATED,,,,,
