queue_id,queue_rank,shell_survivor_rank,exponent,mersenne_object,screen_status,shell_status,screen_schedule_count,shell_schedule_count,shell_tested_opportunity_count,external_status_at_snapshot,assignment_snapshot_utc,sam_distribution_status,assignee,assignment_utc,result_status,result_reference,notes
MP-S10-R06-0001,1,132,143607547,2^143607547-1,STRUCTURAL_SCREEN_EXHAUSTED_PRIMALITY_UNASSIGNED,FIRST_SINGULARITY_SHELL_EXHAUSTED_PRIMALITY_UNASSIGNED,514,9595,9595,NO_RECORDED_FACTOR_PRP_OR_LL_RESULT_AND_NO_ACTIVE_GIMPS_ASSIGNMENT,2026-08-05T20:30:43+00:00,UNALLOCATED,,,,,
MP-S10-R06-0002,2,137,143607887,2^143607887-1,STRUCTURAL_SCREEN_EXHAUSTED_PRIMALITY_UNASSIGNED,FIRST_SINGULARITY_SHELL_EXHAUSTED_PRIMALITY_UNASSIGNED,514,9595,9595,NO_RECORDED_FACTOR_PRP_OR_LL_RESULT_AND_NO_ACTIVE_GIMPS_ASSIGNMENT,2026-08-05T20:30:43+00:00,UNALLOCATED,,,,,
MP-S10-R06-0003,3,138,143607967,2^143607967-1,STRUCTURAL_SCREEN_EXHAUSTED_PRIMALITY_UNASSIGNED,FIRST_SINGULARITY_SHELL_EXHAUSTED_PRIMALITY_UNASSIGNED,514,9595,9595,NO_RECORDED_FACTOR_PRP_OR_LL_RESULT_AND_NO_ACTIVE_GIMPS_ASSIGNMENT,2026-08-05T20:30:43+00:00,UNALLOCATED,,,,,
MP-S10-R06-0004,4,139,143607977,2^143607977-1,STRUCTURAL_SCREEN_EXHAUSTED_PRIMALITY_UNASSIGNED,FIRST_SINGULARITY_SHELL_EXHAUSTED_PRIMALITY_UNASSIGNED,513,9595,9595,NO_RECORDED_FACTOR_PRP_OR_LL_RESULT_AND_NO_ACTIVE_GIMPS_ASSIGNMENT,2026-08-05T20:30:43+00:00,UNALLOCATED,,,,,
MP-S10-R06-0005,5,140,143607979,2^143607979-1,STRUCTURAL_SCREEN_EXHAUSTED_PRIMALITY_UNASSIGNED,FIRST_SINGULARITY_SHELL_EXHAUSTED_PRIMALITY_UNASSIGNED,514,9595,9595,NO_RECORDED_FACTOR_PRP_OR_LL_RESULT_AND_NO_ACTIVE_GIMPS_ASSIGNMENT,2026-08-05T20:30:43+00:00,UNALLOCATED,,,,,
MP-S10-R06-0006,6,141,143608109,2^143608109-1,STRUCTURAL_SCREEN_EXHAUSTED_PRIMALITY_UNASSIGNED,FIRST_SINGULARITY_SHELL_EXHAUSTED_PRIMALITY_UNASSIGNED,513,9595,9595,NO_RECORDED_FACTOR_PRP_OR_LL_RESULT_AND_NO_ACTIVE_GIMPS_ASSIGNMENT,2026-08-05T20:30:43+00:00,UNALLOCATED,,,,,
MP-S10-R06-0007,7,142,143608181,2^143608181-1,STRUCTURAL_SCREEN_EXHAUSTED_PRIMALITY_UNASSIGNED,FIRST_SINGULARITY_SHELL_EXHAUSTED_PRIMALITY_UNASSIGNED,513,9595,9595,NO_RECORDED_FACTOR_PRP_OR_LL_RESULT_AND_NO_ACTIVE_GIMPS_ASSIGNMENT,2026-08-05T20:30:43+00:00,UNALLOCATED,,,,,
MP-S10-R06-0008,8,147,143608427,2^143608427-1,STRUCTURAL_SCREEN_EXHAUSTED_PRIMALITY_UNASSIGNED,FIRST_SINGULARITY_SHELL_EXHAUSTED_PRIMALITY_UNASSIGNED,514,9595,9595,NO_RECORDED_FACTOR_PRP_OR_LL_RESULT_AND_NO_ACTIVE_GIMPS_ASSIGNMENT,2026-08-05T20:30:43+00:00,UNALLOCATED,,,,,
MP-S10-R06-0009,9,175,143610139,2^143610139-1,STRUCTURAL_SCREEN_EXHAUSTED_PRIMALITY_UNASSIGNED,FIRST_SINGULARITY_SHELL_EXHAUSTED_PRIMALITY_UNASSIGNED,514,9595,9595,NO_RECORDED_FACTOR_PRP_OR_LL_RESULT_AND_NO_ACTIVE_GIMPS_ASSIGNMENT,2026-08-05T20:30:43+00:00,UNALLOCATED,,,,,
MP-S10-R06-0010,10,176,143610293,2^143610293-1,STRUCTURAL_SCREEN_EXHAUSTED_PRIMALITY_UNASSIGNED,FIRST_SINGULARITY_SHELL_EXHAUSTED_PRIMALITY_UNASSIGNED,513,9595,9595,NO_RECORDED_FACTOR_PRP_OR_LL_RESULT_AND_NO_ACTIVE_GIMPS_ASSIGNMENT,2026-08-05T20:30:43+00:00,UNALLOCATED,,,,,
MP-S10-R06-0011,11,180,143610517,2^143610517-1,STRUCTURAL_SCREEN_EXHAUSTED_PRIMALITY_UNASSIGNED,FIRST_SINGULARITY_SHELL_EXHAUSTED_PRIMALITY_UNASSIGNED,513,9595,9595,NO_RECORDED_FACTOR_PRP_OR_LL_RESULT_AND_NO_ACTIVE_GIMPS_ASSIGNMENT,2026-08-05T20:30:43+00:00,UNALLOCATED,,,,,
MP-S10-R06-0012,12,187,143610767,2^143610767-1,STRUCTURAL_SCREEN_EXHAUSTED_PRIMALITY_UNASSIGNED,FIRST_SINGULARITY_SHELL_EXHAUSTED_PRIMALITY_UNASSIGNED,514,9595,9595,NO_RECORDED_FACTOR_PRP_OR_LL_RESULT_AND_NO_ACTIVE_GIMPS_ASSIGNMENT,2026-08-05T20:30:43+00:00,UNALLOCATED,,,,,
MP-S10-R06-0013,13,188,143610773,2^143610773-1,STRUCTURAL_SCREEN_EXHAUSTED_PRIMALITY_UNASSIGNED,FIRST_SINGULARITY_SHELL_EXHAUSTED_PRIMALITY_UNASSIGNED,513,9595,9595,NO_RECORDED_FACTOR_PRP_OR_LL_RESULT_AND_NO_ACTIVE_GIMPS_ASSIGNMENT,2026-08-05T20:30:43+00:00,UNALLOCATED,,,,,
MP-S10-R06-0014,14,189,143610877,2^143610877-1,STRUCTURAL_SCREEN_EXHAUSTED_PRIMALITY_UNASSIGNED,FIRST_SINGULARITY_SHELL_EXHAUSTED_PRIMALITY_UNASSIGNED,513,9595,9595,NO_RECORDED_FACTOR_PRP_OR_LL_RESULT_AND_NO_ACTIVE_GIMPS_ASSIGNMENT,2026-08-05T20:30:43+00:00,UNALLOCATED,,,,,
MP-S10-R06-0015,15,190,143610881,2^143610881-1,STRUCTURAL_SCREEN_EXHAUSTED_PRIMALITY_UNASSIGNED,FIRST_SINGULARITY_SHELL_EXHAUSTED_PRIMALITY_UNASSIGNED,513,9595,9595,NO_RECORDED_FACTOR_PRP_OR_LL_RESULT_AND_NO_ACTIVE_GIMPS_ASSIGNMENT,2026-08-05T20:30:43+00:00,UNALLOCATED,,,,,
MP-S10-R06-0016,16,191,143610893,2^143610893-1,STRUCTURAL_SCREEN_EXHAUSTED_PRIMALITY_UNASSIGNED,FIRST_SINGULARITY_SHELL_EXHAUSTED_PRIMALITY_UNASSIGNED,513,9595,9595,NO_RECORDED_FACTOR_PRP_OR_LL_RESULT_AND_NO_ACTIVE_GIMPS_ASSIGNMENT,2026-08-05T20:30:43+00:00,UNALLOCATED,,,,,
MP-S10-R06-0017,17,192,143610931,2^143610931-1,STRUCTURAL_SCREEN_EXHAUSTED_PRIMALITY_UNASSIGNED,FIRST_SINGULARITY_SHELL_EXHAUSTED_PRIMALITY_UNASSIGNED,514,9595,9595,NO_RECORDED_FACTOR_PRP_OR_LL_RESULT_AND_NO_ACTIVE_GIMPS_ASSIGNMENT,2026-08-05T20:30:43+00:00,UNALLOCATED,,,,,
MP-S10-R06-0018,18,193,143610953,2^143610953-1,STRUCTURAL_SCREEN_EXHAUSTED_PRIMALITY_UNASSIGNED,FIRST_SINGULARITY_SHELL_EXHAUSTED_PRIMALITY_UNASSIGNED,513,9595,9595,NO_RECORDED_FACTOR_PRP_OR_LL_RESULT_AND_NO_ACTIVE_GIMPS_ASSIGNMENT,2026-08-05T20:30:43+00:00,UNALLOCATED,,,,,
MP-S10-R06-0019,19,194,143611001,2^143611001-1,STRUCTURAL_SCREEN_EXHAUSTED_PRIMALITY_UNASSIGNED,FIRST_SINGULARITY_SHELL_EXHAUSTED_PRIMALITY_UNASSIGNED,513,9595,9595,NO_RECORDED_FACTOR_PRP_OR_LL_RESULT_AND_NO_ACTIVE_GIMPS_ASSIGNMENT,2026-08-05T20:30:43+00:00,UNALLOCATED,,,,,
MP-S10-R06-0020,20,195,143611067,2^143611067-1,STRUCTURAL_SCREEN_EXHAUSTED_PRIMALITY_UNASSIGNED,FIRST_SINGULARITY_SHELL_EXHAUSTED_PRIMALITY_UNASSIGNED,514,9595,9595,NO_RECORDED_FACTOR_PRP_OR_LL_RESULT_AND_NO_ACTIVE_GIMPS_ASSIGNMENT,2026-08-05T20:30:43+00:00,UNALLOCATED,,,,,
MP-S10-R06-0021,21,196,143611123,2^143611123-1,STRUCTURAL_SCREEN_EXHAUSTED_PRIMALITY_UNASSIGNED,FIRST_SINGULARITY_SHELL_EXHAUSTED_PRIMALITY_UNASSIGNED,514,9595,9595,NO_RECORDED_FACTOR_PRP_OR_LL_RESULT_AND_NO_ACTIVE_GIMPS_ASSIGNMENT,2026-08-05T20:30:43+00:00,UNALLOCATED,,,,,
MP-S10-R06-0022,22,197,143611187,2^143611187-1,STRUCTURAL_SCREEN_EXHAUSTED_PRIMALITY_UNASSIGNED,FIRST_SINGULARITY_SHELL_EXHAUSTED_PRIMALITY_UNASSIGNED,514,9595,9595,NO_RECORDED_FACTOR_PRP_OR_LL_RESULT_AND_NO_ACTIVE_GIMPS_ASSIGNMENT,2026-08-05T20:30:43+00:00,UNALLOCATED,,,,,
MP-S10-R06-0023,23,198,143611199,2^143611199-1,STRUCTURAL_SCREEN_EXHAUSTED_PRIMALITY_UNASSIGNED,FIRST_SINGULARITY_SHELL_EXHAUSTED_PRIMALITY_UNASSIGNED,514,9595,9595,NO_RECORDED_FACTOR_PRP_OR_LL_RESULT_AND_NO_ACTIVE_GIMPS_ASSIGNMENT,2026-08-05T20:30:43+00:00,UNALLOCATED,,,,,
MP-S10-R06-0024,24,199,143611229,2^143611229-1,STRUCTURAL_SCREEN_EXHAUSTED_PRIMALITY_UNASSIGNED,FIRST_SINGULARITY_SHELL_EXHAUSTED_PRIMALITY_UNASSIGNED,513,9595,9595,NO_RECORDED_FACTOR_PRP_OR_LL_RESULT_AND_NO_ACTIVE_GIMPS_ASSIGNMENT,2026-08-05T20:30:43+00:00,UNALLOCATED,,,,,
MP-S10-R06-0025,25,200,143611249,2^143611249-1,STRUCTURAL_SCREEN_EXHAUSTED_PRIMALITY_UNASSIGNED,FIRST_SINGULARITY_SHELL_EXHAUSTED_PRIMALITY_UNASSIGNED,513,9595,9595,NO_RECORDED_FACTOR_PRP_OR_LL_RESULT_AND_NO_ACTIVE_GIMPS_ASSIGNMENT,2026-08-05T20:30:43+00:00,UNALLOCATED,,,,,
MP-S10-R06-0026,26,201,143611267,2^143611267-1,STRUCTURAL_SCREEN_EXHAUSTED_PRIMALITY_UNASSIGNED,FIRST_SINGULARITY_SHELL_EXHAUSTED_PRIMALITY_UNASSIGNED,514,9595,9595,NO_RECORDED_FACTOR_PRP_OR_LL_RESULT_AND_NO_ACTIVE_GIMPS_ASSIGNMENT,2026-08-05T20:30:43+00:00,UNALLOCATED,,,,,
MP-S10-R06-0027,27,202,143611289,2^143611289-1,STRUCTURAL_SCREEN_EXHAUSTED_PRIMALITY_UNASSIGNED,FIRST_SINGULARITY_SHELL_EXHAUSTED_PRIMALITY_UNASSIGNED,513,9595,9595,NO_RECORDED_FACTOR_PRP_OR_LL_RESULT_AND_NO_ACTIVE_GIMPS_ASSIGNMENT,2026-08-05T20:30:43+00:00,UNALLOCATED,,,,,
MP-S10-R06-0028,28,203,143611327,2^143611327-1,STRUCTURAL_SCREEN_EXHAUSTED_PRIMALITY_UNASSIGNED,FIRST_SINGULARITY_SHELL_EXHAUSTED_PRIMALITY_UNASSIGNED,514,9595,9595,NO_RECORDED_FACTOR_PRP_OR_LL_RESULT_AND_NO_ACTIVE_GIMPS_ASSIGNMENT,2026-08-05T20:30:43+00:00,UNALLOCATED,,,,,
MP-S10-R06-0029,29,204,143611399,2^143611399-1,STRUCTURAL_SCREEN_EXHAUSTED_PRIMALITY_UNASSIGNED,FIRST_SINGULARITY_SHELL_EXHAUSTED_PRIMALITY_UNASSIGNED,514,9595,9595,NO_RECORDED_FACTOR_PRP_OR_LL_RESULT_AND_NO_ACTIVE_GIMPS_ASSIGNMENT,2026-08-05T20:30:43+00:00,UNALLOCATED,,,,,
MP-S10-R06-0030,30,205,143611537,2^143611537-1,STRUCTURAL_SCREEN_EXHAUSTED_PRIMALITY_UNASSIGNED,FIRST_SINGULARITY_SHELL_EXHAUSTED_PRIMALITY_UNASSIGNED,513,9595,9595,NO_RECORDED_FACTOR_PRP_OR_LL_RESULT_AND_NO_ACTIVE_GIMPS_ASSIGNMENT,2026-08-05T20:30:43+00:00,UNALLOCATED,,,,,
MP-S10-R06-0031,31,206,143611583,2^143611583-1,STRUCTURAL_SCREEN_EXHAUSTED_PRIMALITY_UNASSIGNED,FIRST_SINGULARITY_SHELL_EXHAUSTED_PRIMALITY_UNASSIGNED,514,9595,9595,NO_RECORDED_FACTOR_PRP_OR_LL_RESULT_AND_NO_ACTIVE_GIMPS_ASSIGNMENT,2026-08-05T20:30:43+00:00,UNALLOCATED,,,,,
MP-S10-R06-0032,32,207,143611679,2^143611679-1,STRUCTURAL_SCREEN_EXHAUSTED_PRIMALITY_UNASSIGNED,FIRST_SINGULARITY_SHELL_EXHAUSTED_PRIMALITY_UNASSIGNED,514,9595,9595,NO_RECORDED_FACTOR_PRP_OR_LL_RESULT_AND_NO_ACTIVE_GIMPS_ASSIGNMENT,2026-08-05T20:30:43+00:00,UNALLOCATED,,,,,
MP-S10-R06-0033,33,208,143611687,2^143611687-1,STRUCTURAL_SCREEN_EXHAUSTED_PRIMALITY_UNASSIGNED,FIRST_SINGULARITY_SHELL_EXHAUSTED_PRIMALITY_UNASSIGNED,514,9595,9595,NO_RECORDED_FACTOR_PRP_OR_LL_RESULT_AND_NO_ACTIVE_GIMPS_ASSIGNMENT,2026-08-05T20:30:43+00:00,UNALLOCATED,,,,,
MP-S10-R06-0034,34,209,143611717,2^143611717-1,STRUCTURAL_SCREEN_EXHAUSTED_PRIMALITY_UNASSIGNED,FIRST_SINGULARITY_SHELL_EXHAUSTED_PRIMALITY_UNASSIGNED,513,9595,9595,NO_RECORDED_FACTOR_PRP_OR_LL_RESULT_AND_NO_ACTIVE_GIMPS_ASSIGNMENT,2026-08-05T20:30:43+00:00,UNALLOCATED,,,,,
MP-S10-R06-0035,35,210,143611759,2^143611759-1,STRUCTURAL_SCREEN_EXHAUSTED_PRIMALITY_UNASSIGNED,FIRST_SINGULARITY_SHELL_EXHAUSTED_PRIMALITY_UNASSIGNED,514,9595,9595,NO_RECORDED_FACTOR_PRP_OR_LL_RESULT_AND_NO_ACTIVE_GIMPS_ASSIGNMENT,2026-08-05T20:30:43+00:00,UNALLOCATED,,,,,
MP-S10-R06-0036,36,211,143611901,2^143611901-1,STRUCTURAL_SCREEN_EXHAUSTED_PRIMALITY_UNASSIGNED,FIRST_SINGULARITY_SHELL_EXHAUSTED_PRIMALITY_UNASSIGNED,513,9595,9595,NO_RECORDED_FACTOR_PRP_OR_LL_RESULT_AND_NO_ACTIVE_GIMPS_ASSIGNMENT,2026-08-05T20:30:43+00:00,UNALLOCATED,,,,,
MP-S10-R06-0037,37,212,143611987,2^143611987-1,STRUCTURAL_SCREEN_EXHAUSTED_PRIMALITY_UNASSIGNED,FIRST_SINGULARITY_SHELL_EXHAUSTED_PRIMALITY_UNASSIGNED,514,9595,9595,NO_RECORDED_FACTOR_PRP_OR_LL_RESULT_AND_NO_ACTIVE_GIMPS_ASSIGNMENT,2026-08-05T20:30:43+00:00,UNALLOCATED,,,,,
MP-S10-R06-0038,38,213,143612017,2^143612017-1,STRUCTURAL_SCREEN_EXHAUSTED_PRIMALITY_UNASSIGNED,FIRST_SINGULARITY_SHELL_EXHAUSTED_PRIMALITY_UNASSIGNED,513,9595,9595,NO_RECORDED_FACTOR_PRP_OR_LL_RESULT_AND_NO_ACTIVE_GIMPS_ASSIGNMENT,2026-08-05T20:30:43+00:00,UNALLOCATED,,,,,
MP-S10-R06-0039,39,214,143612251,2^143612251-1,STRUCTURAL_SCREEN_EXHAUSTED_PRIMALITY_UNASSIGNED,FIRST_SINGULARITY_SHELL_EXHAUSTED_PRIMALITY_UNASSIGNED,514,9595,9595,NO_RECORDED_FACTOR_PRP_OR_LL_RESULT_AND_NO_ACTIVE_GIMPS_ASSIGNMENT,2026-08-05T20:30:43+00:00,UNALLOCATED,,,,,
MP-S10-R06-0040,40,215,143612369,2^143612369-1,STRUCTURAL_SCREEN_EXHAUSTED_PRIMALITY_UNASSIGNED,FIRST_SINGULARITY_SHELL_EXHAUSTED_PRIMALITY_UNASSIGNED,513,9595,9595,NO_RECORDED_FACTOR_PRP_OR_LL_RESULT_AND_NO_ACTIVE_GIMPS_ASSIGNMENT,2026-08-05T20:30:43+00:00,UNALLOCATED,,,,,
MP-S10-R06-0041,41,216,143612407,2^143612407-1,STRUCTURAL_SCREEN_EXHAUSTED_PRIMALITY_UNASSIGNED,FIRST_SINGULARITY_SHELL_EXHAUSTED_PRIMALITY_UNASSIGNED,514,9595,9595,NO_RECORDED_FACTOR_PRP_OR_LL_RESULT_AND_NO_ACTIVE_GIMPS_ASSIGNMENT,2026-08-05T20:30:43+00:00,UNALLOCATED,,,,,
MP-S10-R06-0042,42,218,143612449,2^143612449-1,STRUCTURAL_SCREEN_EXHAUSTED_PRIMALITY_UNASSIGNED,FIRST_SINGULARITY_SHELL_EXHAUSTED_PRIMALITY_UNASSIGNED,513,9595,9595,NO_RECORDED_FACTOR_PRP_OR_LL_RESULT_AND_NO_ACTIVE_GIMPS_ASSIGNMENT,2026-08-05T20:30:43+00:00,UNALLOCATED,,,,,
MP-S10-R06-0043,43,219,143612467,2^143612467-1,STRUCTURAL_SCREEN_EXHAUSTED_PRIMALITY_UNASSIGNED,FIRST_SINGULARITY_SHELL_EXHAUSTED_PRIMALITY_UNASSIGNED,514,9595,9595,NO_RECORDED_FACTOR_PRP_OR_LL_RESULT_AND_NO_ACTIVE_GIMPS_ASSIGNMENT,2026-08-05T20:30:43+00:00,UNALLOCATED,,,,,
MP-S10-R06-0044,44,220,143612509,2^143612509-1,STRUCTURAL_SCREEN_EXHAUSTED_PRIMALITY_UNASSIGNED,FIRST_SINGULARITY_SHELL_EXHAUSTED_PRIMALITY_UNASSIGNED,513,9595,9595,NO_RECORDED_FACTOR_PRP_OR_LL_RESULT_AND_NO_ACTIVE_GIMPS_ASSIGNMENT,2026-08-05T20:30:43+00:00,UNALLOCATED,,,,,
MP-S10-R06-0045,45,221,143612531,2^143612531-1,STRUCTURAL_SCREEN_EXHAUSTED_PRIMALITY_UNASSIGNED,FIRST_SINGULARITY_SHELL_EXHAUSTED_PRIMALITY_UNASSIGNED,514,9595,9595,NO_RECORDED_FACTOR_PRP_OR_LL_RESULT_AND_NO_ACTIVE_GIMPS_ASSIGNMENT,2026-08-05T20:30:43+00:00,UNALLOCATED,,,,,
MP-S10-R06-0046,46,222,143612551,2^143612551-1,STRUCTURAL_SCREEN_EXHAUSTED_PRIMALITY_UNASSIGNED,FIRST_SINGULARITY_SHELL_EXHAUSTED_PRIMALITY_UNASSIGNED,514,9595,9595,NO_RECORDED_FACTOR_PRP_OR_LL_RESULT_AND_NO_ACTIVE_GIMPS_ASSIGNMENT,2026-08-05T20:30:43+00:00,UNALLOCATED,,,,,
MP-S10-R06-0047,47,223,143612653,2^143612653-1,STRUCTURAL_SCREEN_EXHAUSTED_PRIMALITY_UNASSIGNED,FIRST_SINGULARITY_SHELL_EXHAUSTED_PRIMALITY_UNASSIGNED,513,9595,9595,NO_RECORDED_FACTOR_PRP_OR_LL_RESULT_AND_NO_ACTIVE_GIMPS_ASSIGNMENT,2026-08-05T20:30:43+00:00,UNALLOCATED,,,,,
MP-S10-R06-0048,48,224,143612737,2^143612737-1,STRUCTURAL_SCREEN_EXHAUSTED_PRIMALITY_UNASSIGNED,FIRST_SINGULARITY_SHELL_EXHAUSTED_PRIMALITY_UNASSIGNED,513,9595,9595,NO_RECORDED_FACTOR_PRP_OR_LL_RESULT_AND_NO_ACTIVE_GIMPS_ASSIGNMENT,2026-08-05T20:30:43+00:00,UNALLOCATED,,,,,
MP-S10-R06-0049,49,225,143612761,2^143612761-1,STRUCTURAL_SCREEN_EXHAUSTED_PRIMALITY_UNASSIGNED,FIRST_SINGULARITY_SHELL_EXHAUSTED_PRIMALITY_UNASSIGNED,513,9595,9595,NO_RECORDED_FACTOR_PRP_OR_LL_RESULT_AND_NO_ACTIVE_GIMPS_ASSIGNMENT,2026-08-05T20:30:43+00:00,UNALLOCATED,,,,,
MP-S10-R06-0050,50,226,143612779,2^143612779-1,STRUCTURAL_SCREEN_EXHAUSTED_PRIMALITY_UNASSIGNED,FIRST_SINGULARITY_SHELL_EXHAUSTED_PRIMALITY_UNASSIGNED,514,9595,9595,NO_RECORDED_FACTOR_PRP_OR_LL_RESULT_AND_NO_ACTIVE_GIMPS_ASSIGNMENT,2026-08-05T20:30:43+00:00,UNALLOCATED,,,,,
MP-S10-R06-0051,51,227,143612789,2^143612789-1,STRUCTURAL_SCREEN_EXHAUSTED_PRIMALITY_UNASSIGNED,FIRST_SINGULARITY_SHELL_EXHAUSTED_PRIMALITY_UNASSIGNED,513,9595,9595,NO_RECORDED_FACTOR_PRP_OR_LL_RESULT_AND_NO_ACTIVE_GIMPS_ASSIGNMENT,2026-08-05T20:30:43+00:00,UNALLOCATED,,,,,
MP-S10-R06-0052,52,228,143612879,2^143612879-1,STRUCTURAL_SCREEN_EXHAUSTED_PRIMALITY_UNASSIGNED,FIRST_SINGULARITY_SHELL_EXHAUSTED_PRIMALITY_UNASSIGNED,514,9595,9595,NO_RECORDED_FACTOR_PRP_OR_LL_RESULT_AND_NO_ACTIVE_GIMPS_ASSIGNMENT,2026-08-05T20:30:43+00:00,UNALLOCATED,,,,,
MP-S10-R06-0053,53,229,143612899,2^143612899-1,STRUCTURAL_SCREEN_EXHAUSTED_PRIMALITY_UNASSIGNED,FIRST_SINGULARITY_SHELL_EXHAUSTED_PRIMALITY_UNASSIGNED,514,9595,9595,NO_RECORDED_FACTOR_PRP_OR_LL_RESULT_AND_NO_ACTIVE_GIMPS_ASSIGNMENT,2026-08-05T20:30:43+00:00,UNALLOCATED,,,,,
MP-S10-R06-0054,54,230,143612933,2^143612933-1,STRUCTURAL_SCREEN_EXHAUSTED_PRIMALITY_UNASSIGNED,FIRST_SINGULARITY_SHELL_EXHAUSTED_PRIMALITY_UNASSIGNED,513,9595,9595,NO_RECORDED_FACTOR_PRP_OR_LL_RESULT_AND_NO_ACTIVE_GIMPS_ASSIGNMENT,2026-08-05T20:30:43+00:00,UNALLOCATED,,,,,
MP-S10-R06-0055,55,231,143613013,2^143613013-1,STRUCTURAL_SCREEN_EXHAUSTED_PRIMALITY_UNASSIGNED,FIRST_SINGULARITY_SHELL_EXHAUSTED_PRIMALITY_UNASSIGNED,513,9595,9595,NO_RECORDED_FACTOR_PRP_OR_LL_RESULT_AND_NO_ACTIVE_GIMPS_ASSIGNMENT,2026-08-05T20:30:43+00:00,UNALLOCATED,,,,,
MP-S10-R06-0056,56,232,143613121,2^143613121-1,STRUCTURAL_SCREEN_EXHAUSTED_PRIMALITY_UNASSIGNED,FIRST_SINGULARITY_SHELL_EXHAUSTED_PRIMALITY_UNASSIGNED,513,9595,9595,NO_RECORDED_FACTOR_PRP_OR_LL_RESULT_AND_NO_ACTIVE_GIMPS_ASSIGNMENT,2026-08-05T20:30:43+00:00,UNALLOCATED,,,,,
MP-S10-R06-0057,57,233,143613149,2^143613149-1,STRUCTURAL_SCREEN_EXHAUSTED_PRIMALITY_UNASSIGNED,FIRST_SINGULARITY_SHELL_EXHAUSTED_PRIMALITY_UNASSIGNED,513,9595,9595,NO_RECORDED_FACTOR_PRP_OR_LL_RESULT_AND_NO_ACTIVE_GIMPS_ASSIGNMENT,2026-08-05T20:30:43+00:00,UNALLOCATED,,,,,
MP-S10-R06-0058,58,234,143613167,2^143613167-1,STRUCTURAL_SCREEN_EXHAUSTED_PRIMALITY_UNASSIGNED,FIRST_SINGULARITY_SHELL_EXHAUSTED_PRIMALITY_UNASSIGNED,514,9595,9595,NO_RECORDED_FACTOR_PRP_OR_LL_RESULT_AND_NO_ACTIVE_GIMPS_ASSIGNMENT,2026-08-05T20:30:43+00:00,UNALLOCATED,,,,,
MP-S10-R06-0059,59,239,143613601,2^143613601-1,STRUCTURAL_SCREEN_EXHAUSTED_PRIMALITY_UNASSIGNED,FIRST_SINGULARITY_SHELL_EXHAUSTED_PRIMALITY_UNASSIGNED,513,9595,9595,NO_RECORDED_FACTOR_PRP_OR_LL_RESULT_AND_NO_ACTIVE_GIMPS_ASSIGNMENT,2026-08-05T20:30:43+00:00,UNALLOCATED,,,,,
MP-S10-R06-0060,60,240,143613619,2^143613619-1,STRUCTURAL_SCREEN_EXHAUSTED_PRIMALITY_UNASSIGNED,FIRST_SINGULARITY_SHELL_EXHAUSTED_PRIMALITY_UNASSIGNED,514,9595,9595,NO_RECORDED_FACTOR_PRP_OR_LL_RESULT_AND_NO_ACTIVE_GIMPS_ASSIGNMENT,2026-08-05T20:30:43+00:00,UNALLOCATED,,,,,
MP-S10-R06-0061,61,241,143613733,2^143613733-1,STRUCTURAL_SCREEN_EXHAUSTED_PRIMALITY_UNASSIGNED,FIRST_SINGULARITY_SHELL_EXHAUSTED_PRIMALITY_UNASSIGNED,513,9595,9595,NO_RECORDED_FACTOR_PRP_OR_LL_RESULT_AND_NO_ACTIVE_GIMPS_ASSIGNMENT,2026-08-05T20:30:43+00:00,UNALLOCATED,,,,,
MP-S10-R06-0062,62,242,143613751,2^143613751-1,STRUCTURAL_SCREEN_EXHAUSTED_PRIMALITY_UNASSIGNED,FIRST_SINGULARITY_SHELL_EXHAUSTED_PRIMALITY_UNASSIGNED,514,9595,9595,NO_RECORDED_FACTOR_PRP_OR_LL_RESULT_AND_NO_ACTIVE_GIMPS_ASSIGNMENT,2026-08-05T20:30:43+00:00,UNALLOCATED,,,,,
MP-S10-R06-0063,63,243,143613781,2^143613781-1,STRUCTURAL_SCREEN_EXHAUSTED_PRIMALITY_UNASSIGNED,FIRST_SINGULARITY_SHELL_EXHAUSTED_PRIMALITY_UNASSIGNED,513,9595,9595,NO_RECORDED_FACTOR_PRP_OR_LL_RESULT_AND_NO_ACTIVE_GIMPS_ASSIGNMENT,2026-08-05T20:30:43+00:00,UNALLOCATED,,,,,
MP-S10-R06-0064,64,245,143613853,2^143613853-1,STRUCTURAL_SCREEN_EXHAUSTED_PRIMALITY_UNASSIGNED,FIRST_SINGULARITY_SHELL_EXHAUSTED_PRIMALITY_UNASSIGNED,513,9595,9595,NO_RECORDED_FACTOR_PRP_OR_LL_RESULT_AND_NO_ACTIVE_GIMPS_ASSIGNMENT,2026-08-05T20:30:43+00:00,UNALLOCATED,,,,,
MP-S10-R06-0065,65,247,143613919,2^143613919-1,STRUCTURAL_SCREEN_EXHAUSTED_PRIMALITY_UNASSIGNED,FIRST_SINGULARITY_SHELL_EXHAUSTED_PRIMALITY_UNASSIGNED,514,9595,9595,NO_RECORDED_FACTOR_PRP_OR_LL_RESULT_AND_NO_ACTIVE_GIMPS_ASSIGNMENT,2026-08-05T20:30:43+00:00,UNALLOCATED,,,,,
MP-S10-R06-0066,66,248,143613961,2^143613961-1,STRUCTURAL_SCREEN_EXHAUSTED_PRIMALITY_UNASSIGNED,FIRST_SINGULARITY_SHELL_EXHAUSTED_PRIMALITY_UNASSIGNED,513,9595,9595,NO_RECORDED_FACTOR_PRP_OR_LL_RESULT_AND_NO_ACTIVE_GIMPS_ASSIGNMENT,2026-08-05T20:30:43+00:00,UNALLOCATED,,,,,
MP-S10-R06-0067,67,249,143613973,2^143613973-1,STRUCTURAL_SCREEN_EXHAUSTED_PRIMALITY_UNASSIGNED,FIRST_SINGULARITY_SHELL_EXHAUSTED_PRIMALITY_UNASSIGNED,513,9595,9595,NO_RECORDED_FACTOR_PRP_OR_LL_RESULT_AND_NO_ACTIVE_GIMPS_ASSIGNMENT,2026-08-05T20:30:43+00:00,UNALLOCATED,,,,,
MP-S10-R06-0068,68,250,143614067,2^143614067-1,STRUCTURAL_SCREEN_EXHAUSTED_PRIMALITY_UNASSIGNED,FIRST_SINGULARITY_SHELL_EXHAUSTED_PRIMALITY_UNASSIGNED,514,9595,9595,NO_RECORDED_FACTOR_PRP_OR_LL_RESULT_AND_NO_ACTIVE_GIMPS_ASSIGNMENT,2026-08-05T20:30:43+00:00,UNALLOCATED,,,,,
MP-S10-R06-0069,69,251,143614123,2^143614123-1,STRUCTURAL_SCREEN_EXHAUSTED_PRIMALITY_UNASSIGNED,FIRST_SINGULARITY_SHELL_EXHAUSTED_PRIMALITY_UNASSIGNED,514,9595,9595,NO_RECORDED_FACTOR_PRP_OR_LL_RESULT_AND_NO_ACTIVE_GIMPS_ASSIGNMENT,2026-08-05T20:30:43+00:00,UNALLOCATED,,,,,
MP-S10-R06-0070,70,252,143614301,2^143614301-1,STRUCTURAL_SCREEN_EXHAUSTED_PRIMALITY_UNASSIGNED,FIRST_SINGULARITY_SHELL_EXHAUSTED_PRIMALITY_UNASSIGNED,513,9595,9595,NO_RECORDED_FACTOR_PRP_OR_LL_RESULT_AND_NO_ACTIVE_GIMPS_ASSIGNMENT,2026-08-05T20:30:43+00:00,UNALLOCATED,,,,,
MP-S10-R06-0071,71,253,143614411,2^143614411-1,STRUCTURAL_SCREEN_EXHAUSTED_PRIMALITY_UNASSIGNED,FIRST_SINGULARITY_SHELL_EXHAUSTED_PRIMALITY_UNASSIGNED,514,9595,9595,NO_RECORDED_FACTOR_PRP_OR_LL_RESULT_AND_NO_ACTIVE_GIMPS_ASSIGNMENT,2026-08-05T20:30:43+00:00,UNALLOCATED,,,,,
MP-S10-R06-0072,72,254,143614447,2^143614447-1,STRUCTURAL_SCREEN_EXHAUSTED_PRIMALITY_UNASSIGNED,FIRST_SINGULARITY_SHELL_EXHAUSTED_PRIMALITY_UNASSIGNED,514,9595,9595,NO_RECORDED_FACTOR_PRP_OR_LL_RESULT_AND_NO_ACTIVE_GIMPS_ASSIGNMENT,2026-08-05T20:30:43+00:00,UNALLOCATED,,,,,
MP-S10-R06-0073,73,255,143614451,2^143614451-1,STRUCTURAL_SCREEN_EXHAUSTED_PRIMALITY_UNASSIGNED,FIRST_SINGULARITY_SHELL_EXHAUSTED_PRIMALITY_UNASSIGNED,514,9595,9595,NO_RECORDED_FACTOR_PRP_OR_LL_RESULT_AND_NO_ACTIVE_GIMPS_ASSIGNMENT,2026-08-05T20:30:43+00:00,UNALLOCATED,,,,,
MP-S10-R06-0074,74,256,143614477,2^143614477-1,STRUCTURAL_SCREEN_EXHAUSTED_PRIMALITY_UNASSIGNED,FIRST_SINGULARITY_SHELL_EXHAUSTED_PRIMALITY_UNASSIGNED,513,9595,9595,NO_RECORDED_FACTOR_PRP_OR_LL_RESULT_AND_NO_ACTIVE_GIMPS_ASSIGNMENT,2026-08-05T20:30:43+00:00,UNALLOCATED,,,,,
MP-S10-R06-0075,75,257,143614511,2^143614511-1,STRUCTURAL_SCREEN_EXHAUSTED_PRIMALITY_UNASSIGNED,FIRST_SINGULARITY_SHELL_EXHAUSTED_PRIMALITY_UNASSIGNED,514,9595,9595,NO_RECORDED_FACTOR_PRP_OR_LL_RESULT_AND_NO_ACTIVE_GIMPS_ASSIGNMENT,2026-08-05T20:30:43+00:00,UNALLOCATED,,,,,
MP-S10-R06-0076,76,258,143614531,2^143614531-1,STRUCTURAL_SCREEN_EXHAUSTED_PRIMALITY_UNASSIGNED,FIRST_SINGULARITY_SHELL_EXHAUSTED_PRIMALITY_UNASSIGNED,514,9595,9595,NO_RECORDED_FACTOR_PRP_OR_LL_RESULT_AND_NO_ACTIVE_GIMPS_ASSIGNMENT,2026-08-05T20:30:43+00:00,UNALLOCATED,,,,,
MP-S10-R06-0077,77,259,143614561,2^143614561-1,STRUCTURAL_SCREEN_EXHAUSTED_PRIMALITY_UNASSIGNED,FIRST_SINGULARITY_SHELL_EXHAUSTED_PRIMALITY_UNASSIGNED,513,9595,9595,NO_RECORDED_FACTOR_PRP_OR_LL_RESULT_AND_NO_ACTIVE_GIMPS_ASSIGNMENT,2026-08-05T20:30:43+00:00,UNALLOCATED,,,,,
MP-S10-R06-0078,78,260,143614609,2^143614609-1,STRUCTURAL_SCREEN_EXHAUSTED_PRIMALITY_UNASSIGNED,FIRST_SINGULARITY_SHELL_EXHAUSTED_PRIMALITY_UNASSIGNED,513,9595,9595,NO_RECORDED_FACTOR_PRP_OR_LL_RESULT_AND_NO_ACTIVE_GIMPS_ASSIGNMENT,2026-08-05T20:30:43+00:00,UNALLOCATED,,,,,
MP-S10-R06-0079,79,261,143614613,2^143614613-1,STRUCTURAL_SCREEN_EXHAUSTED_PRIMALITY_UNASSIGNED,FIRST_SINGULARITY_SHELL_EXHAUSTED_PRIMALITY_UNASSIGNED,513,9595,9595,NO_RECORDED_FACTOR_PRP_OR_LL_RESULT_AND_NO_ACTIVE_GIMPS_ASSIGNMENT,2026-08-05T20:30:43+00:00,UNALLOCATED,,,,,
MP-S10-R06-0080,80,262,143614621,2^143614621-1,STRUCTURAL_SCREEN_EXHAUSTED_PRIMALITY_UNASSIGNED,FIRST_SINGULARITY_SHELL_EXHAUSTED_PRIMALITY_UNASSIGNED,513,9595,9595,NO_RECORDED_FACTOR_PRP_OR_LL_RESULT_AND_NO_ACTIVE_GIMPS_ASSIGNMENT,2026-08-05T20:30:43+00:00,UNALLOCATED,,,,,
MP-S10-R06-0081,81,263,143614643,2^143614643-1,STRUCTURAL_SCREEN_EXHAUSTED_PRIMALITY_UNASSIGNED,FIRST_SINGULARITY_SHELL_EXHAUSTED_PRIMALITY_UNASSIGNED,514,9595,9595,NO_RECORDED_FACTOR_PRP_OR_LL_RESULT_AND_NO_ACTIVE_GIMPS_ASSIGNMENT,2026-08-05T20:30:43+00:00,UNALLOCATED,,,,,
MP-S10-R06-0082,82,264,143614687,2^143614687-1,STRUCTURAL_SCREEN_EXHAUSTED_PRIMALITY_UNASSIGNED,FIRST_SINGULARITY_SHELL_EXHAUSTED_PRIMALITY_UNASSIGNED,514,9595,9595,NO_RECORDED_FACTOR_PRP_OR_LL_RESULT_AND_NO_ACTIVE_GIMPS_ASSIGNMENT,2026-08-05T20:30:43+00:00,UNALLOCATED,,,,,
MP-S10-R06-0083,83,265,143614697,2^143614697-1,STRUCTURAL_SCREEN_EXHAUSTED_PRIMALITY_UNASSIGNED,FIRST_SINGULARITY_SHELL_EXHAUSTED_PRIMALITY_UNASSIGNED,513,9595,9595,NO_RECORDED_FACTOR_PRP_OR_LL_RESULT_AND_NO_ACTIVE_GIMPS_ASSIGNMENT,2026-08-05T20:30:43+00:00,UNALLOCATED,,,,,
MP-S10-R06-0084,84,266,143614721,2^143614721-1,STRUCTURAL_SCREEN_EXHAUSTED_PRIMALITY_UNASSIGNED,FIRST_SINGULARITY_SHELL_EXHAUSTED_PRIMALITY_UNASSIGNED,513,9595,9595,NO_RECORDED_FACTOR_PRP_OR_LL_RESULT_AND_NO_ACTIVE_GIMPS_ASSIGNMENT,2026-08-05T20:30:43+00:00,UNALLOCATED,,,,,
MP-S10-R06-0085,85,267,143614747,2^143614747-1,STRUCTURAL_SCREEN_EXHAUSTED_PRIMALITY_UNASSIGNED,FIRST_SINGULARITY_SHELL_EXHAUSTED_PRIMALITY_UNASSIGNED,514,9595,9595,NO_RECORDED_FACTOR_PRP_OR_LL_RESULT_AND_NO_ACTIVE_GIMPS_ASSIGNMENT,2026-08-05T20:30:43+00:00,UNALLOCATED,,,,,
MP-S10-R06-0086,86,268,143614769,2^143614769-1,STRUCTURAL_SCREEN_EXHAUSTED_PRIMALITY_UNASSIGNED,FIRST_SINGULARITY_SHELL_EXHAUSTED_PRIMALITY_UNASSIGNED,513,9595,9595,NO_RECORDED_FACTOR_PRP_OR_LL_RESULT_AND_NO_ACTIVE_GIMPS_ASSIGNMENT,2026-08-05T20:30:43+00:00,UNALLOCATED,,,,,
MP-S10-R06-0087,87,269,143614837,2^143614837-1,STRUCTURAL_SCREEN_EXHAUSTED_PRIMALITY_UNASSIGNED,FIRST_SINGULARITY_SHELL_EXHAUSTED_PRIMALITY_UNASSIGNED,513,9595,9595,NO_RECORDED_FACTOR_PRP_OR_LL_RESULT_AND_NO_ACTIVE_GIMPS_ASSIGNMENT,2026-08-05T20:30:43+00:00,UNALLOCATED,,,,,
MP-S10-R06-0088,88,270,143614853,2^143614853-1,STRUCTURAL_SCREEN_EXHAUSTED_PRIMALITY_UNASSIGNED,FIRST_SINGULARITY_SHELL_EXHAUSTED_PRIMALITY_UNASSIGNED,513,9595,9595,NO_RECORDED_FACTOR_PRP_OR_LL_RESULT_AND_NO_ACTIVE_GIMPS_ASSIGNMENT,2026-08-05T20:30:43+00:00,UNALLOCATED,,,,,
MP-S10-R06-0089,89,271,143615023,2^143615023-1,STRUCTURAL_SCREEN_EXHAUSTED_PRIMALITY_UNASSIGNED,FIRST_SINGULARITY_SHELL_EXHAUSTED_PRIMALITY_UNASSIGNED,514,9595,9595,NO_RECORDED_FACTOR_PRP_OR_LL_RESULT_AND_NO_ACTIVE_GIMPS_ASSIGNMENT,2026-08-05T20:30:43+00:00,UNALLOCATED,,,,,
MP-S10-R06-0090,90,272,143615089,2^143615089-1,STRUCTURAL_SCREEN_EXHAUSTED_PRIMALITY_UNASSIGNED,FIRST_SINGULARITY_SHELL_EXHAUSTED_PRIMALITY_UNASSIGNED,513,9595,9595,NO_RECORDED_FACTOR_PRP_OR_LL_RESULT_AND_NO_ACTIVE_GIMPS_ASSIGNMENT,2026-08-05T20:30:43+00:00,UNALLOCATED,,,,,
MP-S10-R06-0091,91,273,143615119,2^143615119-1,STRUCTURAL_SCREEN_EXHAUSTED_PRIMALITY_UNASSIGNED,FIRST_SINGULARITY_SHELL_EXHAUSTED_PRIMALITY_UNASSIGNED,514,9595,9595,NO_RECORDED_FACTOR_PRP_OR_LL_RESULT_AND_NO_ACTIVE_GIMPS_ASSIGNMENT,2026-08-05T20:30:43+00:00,UNALLOCATED,,,,,
MP-S10-R06-0092,92,274,143615189,2^143615189-1,STRUCTURAL_SCREEN_EXHAUSTED_PRIMALITY_UNASSIGNED,FIRST_SINGULARITY_SHELL_EXHAUSTED_PRIMALITY_UNASSIGNED,513,9595,9595,NO_RECORDED_FACTOR_PRP_OR_LL_RESULT_AND_NO_ACTIVE_GIMPS_ASSIGNMENT,2026-08-05T20:30:43+00:00,UNALLOCATED,,,,,
MP-S10-R06-0093,93,277,143615477,2^143615477-1,STRUCTURAL_SCREEN_EXHAUSTED_PRIMALITY_UNASSIGNED,FIRST_SINGULARITY_SHELL_EXHAUSTED_PRIMALITY_UNASSIGNED,513,9595,9595,NO_RECORDED_FACTOR_PRP_OR_LL_RESULT_AND_NO_ACTIVE_GIMPS_ASSIGNMENT,2026-08-05T20:30:43+00:00,UNALLOCATED,,,,,
MP-S10-R06-0094,94,278,143615501,2^143615501-1,STRUCTURAL_SCREEN_EXHAUSTED_PRIMALITY_UNASSIGNED,FIRST_SINGULARITY_SHELL_EXHAUSTED_PRIMALITY_UNASSIGNED,513,9595,9595,NO_RECORDED_FACTOR_PRP_OR_LL_RESULT_AND_NO_ACTIVE_GIMPS_ASSIGNMENT,2026-08-05T20:30:43+00:00,UNALLOCATED,,,,,
MP-S10-R06-0095,95,280,143615683,2^143615683-1,STRUCTURAL_SCREEN_EXHAUSTED_PRIMALITY_UNASSIGNED,FIRST_SINGULARITY_SHELL_EXHAUSTED_PRIMALITY_UNASSIGNED,514,9595,9595,NO_RECORDED_FACTOR_PRP_OR_LL_RESULT_AND_NO_ACTIVE_GIMPS_ASSIGNMENT,2026-08-05T20:30:43+00:00,UNALLOCATED,,,,,
MP-S10-R06-0096,96,281,143615783,2^143615783-1,STRUCTURAL_SCREEN_EXHAUSTED_PRIMALITY_UNASSIGNED,FIRST_SINGULARITY_SHELL_EXHAUSTED_PRIMALITY_UNASSIGNED,514,9595,9595,NO_RECORDED_FACTOR_PRP_OR_LL_RESULT_AND_NO_ACTIVE_GIMPS_ASSIGNMENT,2026-08-05T20:30:43+00:00,UNALLOCATED,,,,,
MP-S10-R06-0097,97,282,143615789,2^143615789-1,STRUCTURAL_SCREEN_EXHAUSTED_PRIMALITY_UNASSIGNED,FIRST_SINGULARITY_SHELL_EXHAUSTED_PRIMALITY_UNASSIGNED,513,9595,9595,NO_RECORDED_FACTOR_PRP_OR_LL_RESULT_AND_NO_ACTIVE_GIMPS_ASSIGNMENT,2026-08-05T20:30:43+00:00,UNALLOCATED,,,,,
MP-S10-R06-0098,98,285,143615909,2^143615909-1,STRUCTURAL_SCREEN_EXHAUSTED_PRIMALITY_UNASSIGNED,FIRST_SINGULARITY_SHELL_EXHAUSTED_PRIMALITY_UNASSIGNED,513,9595,9595,NO_RECORDED_FACTOR_PRP_OR_LL_RESULT_AND_NO_ACTIVE_GIMPS_ASSIGNMENT,2026-08-05T20:30:43+00:00,UNALLOCATED,,,,,
MP-S10-R06-0099,99,286,143615921,2^143615921-1,STRUCTURAL_SCREEN_EXHAUSTED_PRIMALITY_UNASSIGNED,FIRST_SINGULARITY_SHELL_EXHAUSTED_PRIMALITY_UNASSIGNED,513,9595,9595,NO_RECORDED_FACTOR_PRP_OR_LL_RESULT_AND_NO_ACTIVE_GIMPS_ASSIGNMENT,2026-08-05T20:30:43+00:00,UNALLOCATED,,,,,
MP-S10-R06-0100,100,287,143615987,2^143615987-1,STRUCTURAL_SCREEN_EXHAUSTED_PRIMALITY_UNASSIGNED,FIRST_SINGULARITY_SHELL_EXHAUSTED_PRIMALITY_UNASSIGNED,514,9595,9595,NO_RECORDED_FACTOR_PRP_OR_LL_RESULT_AND_NO_ACTIVE_GIMPS_ASSIGNMENT,2026-08-05T20:30:43+00:00,UNALLOCATED,,,,,
MP-S10-R06-0101,101,288,143616029,2^143616029-1,STRUCTURAL_SCREEN_EXHAUSTED_PRIMALITY_UNASSIGNED,FIRST_SINGULARITY_SHELL_EXHAUSTED_PRIMALITY_UNASSIGNED,513,9595,9595,NO_RECORDED_FACTOR_PRP_OR_LL_RESULT_AND_NO_ACTIVE_GIMPS_ASSIGNMENT,2026-08-05T20:30:43+00:00,UNALLOCATED,,,,,
MP-S10-R06-0102,102,289,143616199,2^143616199-1,STRUCTURAL_SCREEN_EXHAUSTED_PRIMALITY_UNASSIGNED,FIRST_SINGULARITY_SHELL_EXHAUSTED_PRIMALITY_UNASSIGNED,514,9595,9595,NO_RECORDED_FACTOR_PRP_OR_LL_RESULT_AND_NO_ACTIVE_GIMPS_ASSIGNMENT,2026-08-05T20:30:43+00:00,UNALLOCATED,,,,,
MP-S10-R06-0103,103,291,143616283,2^143616283-1,STRUCTURAL_SCREEN_EXHAUSTED_PRIMALITY_UNASSIGNED,FIRST_SINGULARITY_SHELL_EXHAUSTED_PRIMALITY_UNASSIGNED,514,9595,9595,NO_RECORDED_FACTOR_PRP_OR_LL_RESULT_AND_NO_ACTIVE_GIMPS_ASSIGNMENT,2026-08-05T20:30:43+00:00,UNALLOCATED,,,,,
MP-S10-R06-0104,104,292,143616287,2^143616287-1,STRUCTURAL_SCREEN_EXHAUSTED_PRIMALITY_UNASSIGNED,FIRST_SINGULARITY_SHELL_EXHAUSTED_PRIMALITY_UNASSIGNED,514,9595,9595,NO_RECORDED_FACTOR_PRP_OR_LL_RESULT_AND_NO_ACTIVE_GIMPS_ASSIGNMENT,2026-08-05T20:30:43+00:00,UNALLOCATED,,,,,
MP-S10-R06-0105,105,293,143616313,2^143616313-1,STRUCTURAL_SCREEN_EXHAUSTED_PRIMALITY_UNASSIGNED,FIRST_SINGULARITY_SHELL_EXHAUSTED_PRIMALITY_UNASSIGNED,513,9595,9595,NO_RECORDED_FACTOR_PRP_OR_LL_RESULT_AND_NO_ACTIVE_GIMPS_ASSIGNMENT,2026-08-05T20:30:43+00:00,UNALLOCATED,,,,,
MP-S10-R06-0106,106,294,143616353,2^143616353-1,STRUCTURAL_SCREEN_EXHAUSTED_PRIMALITY_UNASSIGNED,FIRST_SINGULARITY_SHELL_EXHAUSTED_PRIMALITY_UNASSIGNED,513,9595,9595,NO_RECORDED_FACTOR_PRP_OR_LL_RESULT_AND_NO_ACTIVE_GIMPS_ASSIGNMENT,2026-08-05T20:30:43+00:00,UNALLOCATED,,,,,
MP-S10-R06-0107,107,295,143616377,2^143616377-1,STRUCTURAL_SCREEN_EXHAUSTED_PRIMALITY_UNASSIGNED,FIRST_SINGULARITY_SHELL_EXHAUSTED_PRIMALITY_UNASSIGNED,513,9595,9595,NO_RECORDED_FACTOR_PRP_OR_LL_RESULT_AND_NO_ACTIVE_GIMPS_ASSIGNMENT,2026-08-05T20:30:43+00:00,UNALLOCATED,,,,,
MP-S10-R06-0108,108,297,143616463,2^143616463-1,STRUCTURAL_SCREEN_EXHAUSTED_PRIMALITY_UNASSIGNED,FIRST_SINGULARITY_SHELL_EXHAUSTED_PRIMALITY_UNASSIGNED,514,9595,9595,NO_RECORDED_FACTOR_PRP_OR_LL_RESULT_AND_NO_ACTIVE_GIMPS_ASSIGNMENT,2026-08-05T20:30:43+00:00,UNALLOCATED,,,,,
MP-S10-R06-0109,109,298,143616569,2^143616569-1,STRUCTURAL_SCREEN_EXHAUSTED_PRIMALITY_UNASSIGNED,FIRST_SINGULARITY_SHELL_EXHAUSTED_PRIMALITY_UNASSIGNED,513,9595,9595,NO_RECORDED_FACTOR_PRP_OR_LL_RESULT_AND_NO_ACTIVE_GIMPS_ASSIGNMENT,2026-08-05T20:30:43+00:00,UNALLOCATED,,,,,
MP-S10-R06-0110,110,299,143616593,2^143616593-1,STRUCTURAL_SCREEN_EXHAUSTED_PRIMALITY_UNASSIGNED,FIRST_SINGULARITY_SHELL_EXHAUSTED_PRIMALITY_UNASSIGNED,513,9595,9595,NO_RECORDED_FACTOR_PRP_OR_LL_RESULT_AND_NO_ACTIVE_GIMPS_ASSIGNMENT,2026-08-05T20:30:43+00:00,UNALLOCATED,,,,,
MP-S10-R06-0111,111,300,143616619,2^143616619-1,STRUCTURAL_SCREEN_EXHAUSTED_PRIMALITY_UNASSIGNED,FIRST_SINGULARITY_SHELL_EXHAUSTED_PRIMALITY_UNASSIGNED,514,9595,9595,NO_RECORDED_FACTOR_PRP_OR_LL_RESULT_AND_NO_ACTIVE_GIMPS_ASSIGNMENT,2026-08-05T20:30:43+00:00,UNALLOCATED,,,,,
MP-S10-R06-0112,112,301,143616637,2^143616637-1,STRUCTURAL_SCREEN_EXHAUSTED_PRIMALITY_UNASSIGNED,FIRST_SINGULARITY_SHELL_EXHAUSTED_PRIMALITY_UNASSIGNED,513,9595,9595,NO_RECORDED_FACTOR_PRP_OR_LL_RESULT_AND_NO_ACTIVE_GIMPS_ASSIGNMENT,2026-08-05T20:30:43+00:00,UNALLOCATED,,,,,
MP-S10-R06-0113,113,302,143616667,2^143616667-1,STRUCTURAL_SCREEN_EXHAUSTED_PRIMALITY_UNASSIGNED,FIRST_SINGULARITY_SHELL_EXHAUSTED_PRIMALITY_UNASSIGNED,514,9595,9595,NO_RECORDED_FACTOR_PRP_OR_LL_RESULT_AND_NO_ACTIVE_GIMPS_ASSIGNMENT,2026-08-05T20:30:43+00:00,UNALLOCATED,,,,,
MP-S10-R06-0114,114,303,143616701,2^143616701-1,STRUCTURAL_SCREEN_EXHAUSTED_PRIMALITY_UNASSIGNED,FIRST_SINGULARITY_SHELL_EXHAUSTED_PRIMALITY_UNASSIGNED,513,9595,9595,NO_RECORDED_FACTOR_PRP_OR_LL_RESULT_AND_NO_ACTIVE_GIMPS_ASSIGNMENT,2026-08-05T20:30:43+00:00,UNALLOCATED,,,,,
MP-S10-R06-0115,115,304,143616829,2^143616829-1,STRUCTURAL_SCREEN_EXHAUSTED_PRIMALITY_UNASSIGNED,FIRST_SINGULARITY_SHELL_EXHAUSTED_PRIMALITY_UNASSIGNED,513,9595,9595,NO_RECORDED_FACTOR_PRP_OR_LL_RESULT_AND_NO_ACTIVE_GIMPS_ASSIGNMENT,2026-08-05T20:30:43+00:00,UNALLOCATED,,,,,
MP-S10-R06-0116,116,305,143616857,2^143616857-1,STRUCTURAL_SCREEN_EXHAUSTED_PRIMALITY_UNASSIGNED,FIRST_SINGULARITY_SHELL_EXHAUSTED_PRIMALITY_UNASSIGNED,513,9595,9595,NO_RECORDED_FACTOR_PRP_OR_LL_RESULT_AND_NO_ACTIVE_GIMPS_ASSIGNMENT,2026-08-05T20:30:43+00:00,UNALLOCATED,,,,,
MP-S10-R06-0117,117,306,143616887,2^143616887-1,STRUCTURAL_SCREEN_EXHAUSTED_PRIMALITY_UNASSIGNED,FIRST_SINGULARITY_SHELL_EXHAUSTED_PRIMALITY_UNASSIGNED,514,9595,9595,NO_RECORDED_FACTOR_PRP_OR_LL_RESULT_AND_NO_ACTIVE_GIMPS_ASSIGNMENT,2026-08-05T20:30:43+00:00,UNALLOCATED,,,,,
MP-S10-R06-0118,118,307,143616959,2^143616959-1,STRUCTURAL_SCREEN_EXHAUSTED_PRIMALITY_UNASSIGNED,FIRST_SINGULARITY_SHELL_EXHAUSTED_PRIMALITY_UNASSIGNED,514,9595,9595,NO_RECORDED_FACTOR_PRP_OR_LL_RESULT_AND_NO_ACTIVE_GIMPS_ASSIGNMENT,2026-08-05T20:30:43+00:00,UNALLOCATED,,,,,
MP-S10-R06-0119,119,308,143617093,2^143617093-1,STRUCTURAL_SCREEN_EXHAUSTED_PRIMALITY_UNASSIGNED,FIRST_SINGULARITY_SHELL_EXHAUSTED_PRIMALITY_UNASSIGNED,513,9595,9595,NO_RECORDED_FACTOR_PRP_OR_LL_RESULT_AND_NO_ACTIVE_GIMPS_ASSIGNMENT,2026-08-05T20:30:43+00:00,UNALLOCATED,,,,,
MP-S10-R06-0120,120,309,143617171,2^143617171-1,STRUCTURAL_SCREEN_EXHAUSTED_PRIMALITY_UNASSIGNED,FIRST_SINGULARITY_SHELL_EXHAUSTED_PRIMALITY_UNASSIGNED,514,9595,9595,NO_RECORDED_FACTOR_PRP_OR_LL_RESULT_AND_NO_ACTIVE_GIMPS_ASSIGNMENT,2026-08-05T20:30:43+00:00,UNALLOCATED,,,,,
MP-S10-R06-0121,121,310,143617213,2^143617213-1,STRUCTURAL_SCREEN_EXHAUSTED_PRIMALITY_UNASSIGNED,FIRST_SINGULARITY_SHELL_EXHAUSTED_PRIMALITY_UNASSIGNED,513,9595,9595,NO_RECORDED_FACTOR_PRP_OR_LL_RESULT_AND_NO_ACTIVE_GIMPS_ASSIGNMENT,2026-08-05T20:30:43+00:00,UNALLOCATED,,,,,
MP-S10-R06-0122,122,311,143617303,2^143617303-1,STRUCTURAL_SCREEN_EXHAUSTED_PRIMALITY_UNASSIGNED,FIRST_SINGULARITY_SHELL_EXHAUSTED_PRIMALITY_UNASSIGNED,514,9595,9595,NO_RECORDED_FACTOR_PRP_OR_LL_RESULT_AND_NO_ACTIVE_GIMPS_ASSIGNMENT,2026-08-05T20:30:43+00:00,UNALLOCATED,,,,,
MP-S10-R06-0123,123,312,143617319,2^143617319-1,STRUCTURAL_SCREEN_EXHAUSTED_PRIMALITY_UNASSIGNED,FIRST_SINGULARITY_SHELL_EXHAUSTED_PRIMALITY_UNASSIGNED,514,9595,9595,NO_RECORDED_FACTOR_PRP_OR_LL_RESULT_AND_NO_ACTIVE_GIMPS_ASSIGNMENT,2026-08-05T20:30:43+00:00,UNALLOCATED,,,,,
MP-S10-R06-0124,124,313,143617351,2^143617351-1,STRUCTURAL_SCREEN_EXHAUSTED_PRIMALITY_UNASSIGNED,FIRST_SINGULARITY_SHELL_EXHAUSTED_PRIMALITY_UNASSIGNED,514,9595,9595,NO_RECORDED_FACTOR_PRP_OR_LL_RESULT_AND_NO_ACTIVE_GIMPS_ASSIGNMENT,2026-08-05T20:30:43+00:00,UNALLOCATED,,,,,
MP-S10-R06-0125,125,314,143617373,2^143617373-1,STRUCTURAL_SCREEN_EXHAUSTED_PRIMALITY_UNASSIGNED,FIRST_SINGULARITY_SHELL_EXHAUSTED_PRIMALITY_UNASSIGNED,513,9595,9595,NO_RECORDED_FACTOR_PRP_OR_LL_RESULT_AND_NO_ACTIVE_GIMPS_ASSIGNMENT,2026-08-05T20:30:43+00:00,UNALLOCATED,,,,,
MP-S10-R06-0126,126,315,143617391,2^143617391-1,STRUCTURAL_SCREEN_EXHAUSTED_PRIMALITY_UNASSIGNED,FIRST_SINGULARITY_SHELL_EXHAUSTED_PRIMALITY_UNASSIGNED,514,9595,9595,NO_RECORDED_FACTOR_PRP_OR_LL_RESULT_AND_NO_ACTIVE_GIMPS_ASSIGNMENT,2026-08-05T20:30:43+00:00,UNALLOCATED,,,,,
MP-S10-R06-0127,127,316,143617399,2^143617399-1,STRUCTURAL_SCREEN_EXHAUSTED_PRIMALITY_UNASSIGNED,FIRST_SINGULARITY_SHELL_EXHAUSTED_PRIMALITY_UNASSIGNED,514,9595,9595,NO_RECORDED_FACTOR_PRP_OR_LL_RESULT_AND_NO_ACTIVE_GIMPS_ASSIGNMENT,2026-08-05T20:30:43+00:00,UNALLOCATED,,,,,
MP-S10-R06-0128,128,317,143617417,2^143617417-1,STRUCTURAL_SCREEN_EXHAUSTED_PRIMALITY_UNASSIGNED,FIRST_SINGULARITY_SHELL_EXHAUSTED_PRIMALITY_UNASSIGNED,513,9595,9595,NO_RECORDED_FACTOR_PRP_OR_LL_RESULT_AND_NO_ACTIVE_GIMPS_ASSIGNMENT,2026-08-05T20:30:43+00:00,UNALLOCATED,,,,,
MP-S10-R06-0129,129,318,143617421,2^143617421-1,STRUCTURAL_SCREEN_EXHAUSTED_PRIMALITY_UNASSIGNED,FIRST_SINGULARITY_SHELL_EXHAUSTED_PRIMALITY_UNASSIGNED,513,9595,9595,NO_RECORDED_FACTOR_PRP_OR_LL_RESULT_AND_NO_ACTIVE_GIMPS_ASSIGNMENT,2026-08-05T20:30:43+00:00,UNALLOCATED,,,,,
MP-S10-R06-0130,130,319,143617429,2^143617429-1,STRUCTURAL_SCREEN_EXHAUSTED_PRIMALITY_UNASSIGNED,FIRST_SINGULARITY_SHELL_EXHAUSTED_PRIMALITY_UNASSIGNED,513,9595,9595,NO_RECORDED_FACTOR_PRP_OR_LL_RESULT_AND_NO_ACTIVE_GIMPS_ASSIGNMENT,2026-08-05T20:30:43+00:00,UNALLOCATED,,,,,
MP-S10-R06-0131,131,320,143617489,2^143617489-1,STRUCTURAL_SCREEN_EXHAUSTED_PRIMALITY_UNASSIGNED,FIRST_SINGULARITY_SHELL_EXHAUSTED_PRIMALITY_UNASSIGNED,513,9595,9595,NO_RECORDED_FACTOR_PRP_OR_LL_RESULT_AND_NO_ACTIVE_GIMPS_ASSIGNMENT,2026-08-05T20:30:43+00:00,UNALLOCATED,,,,,
MP-S10-R06-0132,132,321,143617517,2^143617517-1,STRUCTURAL_SCREEN_EXHAUSTED_PRIMALITY_UNASSIGNED,FIRST_SINGULARITY_SHELL_EXHAUSTED_PRIMALITY_UNASSIGNED,513,9595,9595,NO_RECORDED_FACTOR_PRP_OR_LL_RESULT_AND_NO_ACTIVE_GIMPS_ASSIGNMENT,2026-08-05T20:30:43+00:00,UNALLOCATED,,,,,
MP-S10-R06-0133,133,322,143617613,2^143617613-1,STRUCTURAL_SCREEN_EXHAUSTED_PRIMALITY_UNASSIGNED,FIRST_SINGULARITY_SHELL_EXHAUSTED_PRIMALITY_UNASSIGNED,513,9595,9595,NO_RECORDED_FACTOR_PRP_OR_LL_RESULT_AND_NO_ACTIVE_GIMPS_ASSIGNMENT,2026-08-05T20:30:43+00:00,UNALLOCATED,,,,,
MP-S10-R06-0134,134,323,143617667,2^143617667-1,STRUCTURAL_SCREEN_EXHAUSTED_PRIMALITY_UNASSIGNED,FIRST_SINGULARITY_SHELL_EXHAUSTED_PRIMALITY_UNASSIGNED,514,9595,9595,NO_RECORDED_FACTOR_PRP_OR_LL_RESULT_AND_NO_ACTIVE_GIMPS_ASSIGNMENT,2026-08-05T20:30:43+00:00,UNALLOCATED,,,,,
MP-S10-R06-0135,135,324,143617753,2^143617753-1,STRUCTURAL_SCREEN_EXHAUSTED_PRIMALITY_UNASSIGNED,FIRST_SINGULARITY_SHELL_EXHAUSTED_PRIMALITY_UNASSIGNED,513,9595,9595,NO_RECORDED_FACTOR_PRP_OR_LL_RESULT_AND_NO_ACTIVE_GIMPS_ASSIGNMENT,2026-08-05T20:30:43+00:00,UNALLOCATED,,,,,
MP-S10-R06-0136,136,325,143617777,2^143617777-1,STRUCTURAL_SCREEN_EXHAUSTED_PRIMALITY_UNASSIGNED,FIRST_SINGULARITY_SHELL_EXHAUSTED_PRIMALITY_UNASSIGNED,513,9595,9595,NO_RECORDED_FACTOR_PRP_OR_LL_RESULT_AND_NO_ACTIVE_GIMPS_ASSIGNMENT,2026-08-05T20:30:43+00:00,UNALLOCATED,,,,,
MP-S10-R06-0137,137,326,143617781,2^143617781-1,STRUCTURAL_SCREEN_EXHAUSTED_PRIMALITY_UNASSIGNED,FIRST_SINGULARITY_SHELL_EXHAUSTED_PRIMALITY_UNASSIGNED,513,9595,9595,NO_RECORDED_FACTOR_PRP_OR_LL_RESULT_AND_NO_ACTIVE_GIMPS_ASSIGNMENT,2026-08-05T20:30:43+00:00,UNALLOCATED,,,,,
MP-S10-R06-0138,138,327,143617849,2^143617849-1,STRUCTURAL_SCREEN_EXHAUSTED_PRIMALITY_UNASSIGNED,FIRST_SINGULARITY_SHELL_EXHAUSTED_PRIMALITY_UNASSIGNED,513,9595,9595,NO_RECORDED_FACTOR_PRP_OR_LL_RESULT_AND_NO_ACTIVE_GIMPS_ASSIGNMENT,2026-08-05T20:30:43+00:00,UNALLOCATED,,,,,
MP-S10-R06-0139,139,328,143617897,2^143617897-1,STRUCTURAL_SCREEN_EXHAUSTED_PRIMALITY_UNASSIGNED,FIRST_SINGULARITY_SHELL_EXHAUSTED_PRIMALITY_UNASSIGNED,513,9595,9595,NO_RECORDED_FACTOR_PRP_OR_LL_RESULT_AND_NO_ACTIVE_GIMPS_ASSIGNMENT,2026-08-05T20:30:43+00:00,UNALLOCATED,,,,,
MP-S10-R06-0140,140,329,143617949,2^143617949-1,STRUCTURAL_SCREEN_EXHAUSTED_PRIMALITY_UNASSIGNED,FIRST_SINGULARITY_SHELL_EXHAUSTED_PRIMALITY_UNASSIGNED,513,9595,9595,NO_RECORDED_FACTOR_PRP_OR_LL_RESULT_AND_NO_ACTIVE_GIMPS_ASSIGNMENT,2026-08-05T20:30:43+00:00,UNALLOCATED,,,,,
MP-S10-R06-0141,141,330,143617967,2^143617967-1,STRUCTURAL_SCREEN_EXHAUSTED_PRIMALITY_UNASSIGNED,FIRST_SINGULARITY_SHELL_EXHAUSTED_PRIMALITY_UNASSIGNED,514,9595,9595,NO_RECORDED_FACTOR_PRP_OR_LL_RESULT_AND_NO_ACTIVE_GIMPS_ASSIGNMENT,2026-08-05T20:30:43+00:00,UNALLOCATED,,,,,
MP-S10-R06-0142,142,331,143618011,2^143618011-1,STRUCTURAL_SCREEN_EXHAUSTED_PRIMALITY_UNASSIGNED,FIRST_SINGULARITY_SHELL_EXHAUSTED_PRIMALITY_UNASSIGNED,514,9595,9595,NO_RECORDED_FACTOR_PRP_OR_LL_RESULT_AND_NO_ACTIVE_GIMPS_ASSIGNMENT,2026-08-05T20:30:43+00:00,UNALLOCATED,,,,,
MP-S10-R06-0143,143,332,143618087,2^143618087-1,STRUCTURAL_SCREEN_EXHAUSTED_PRIMALITY_UNASSIGNED,FIRST_SINGULARITY_SHELL_EXHAUSTED_PRIMALITY_UNASSIGNED,514,9595,9595,NO_RECORDED_FACTOR_PRP_OR_LL_RESULT_AND_NO_ACTIVE_GIMPS_ASSIGNMENT,2026-08-05T20:30:43+00:00,UNALLOCATED,,,,,
MP-S10-R06-0144,144,333,143618089,2^143618089-1,STRUCTURAL_SCREEN_EXHAUSTED_PRIMALITY_UNASSIGNED,FIRST_SINGULARITY_SHELL_EXHAUSTED_PRIMALITY_UNASSIGNED,513,9595,9595,NO_RECORDED_FACTOR_PRP_OR_LL_RESULT_AND_NO_ACTIVE_GIMPS_ASSIGNMENT,2026-08-05T20:30:43+00:00,UNALLOCATED,,,,,
MP-S10-R06-0145,145,334,143618117,2^143618117-1,STRUCTURAL_SCREEN_EXHAUSTED_PRIMALITY_UNASSIGNED,FIRST_SINGULARITY_SHELL_EXHAUSTED_PRIMALITY_UNASSIGNED,513,9595,9595,NO_RECORDED_FACTOR_PRP_OR_LL_RESULT_AND_NO_ACTIVE_GIMPS_ASSIGNMENT,2026-08-05T20:30:43+00:00,UNALLOCATED,,,,,
MP-S10-R06-0146,146,335,143618173,2^143618173-1,STRUCTURAL_SCREEN_EXHAUSTED_PRIMALITY_UNASSIGNED,FIRST_SINGULARITY_SHELL_EXHAUSTED_PRIMALITY_UNASSIGNED,513,9595,9595,NO_RECORDED_FACTOR_PRP_OR_LL_RESULT_AND_NO_ACTIVE_GIMPS_ASSIGNMENT,2026-08-05T20:30:43+00:00,UNALLOCATED,,,,,
MP-S10-R06-0147,147,337,143618357,2^143618357-1,STRUCTURAL_SCREEN_EXHAUSTED_PRIMALITY_UNASSIGNED,FIRST_SINGULARITY_SHELL_EXHAUSTED_PRIMALITY_UNASSIGNED,513,9595,9595,NO_RECORDED_FACTOR_PRP_OR_LL_RESULT_AND_NO_ACTIVE_GIMPS_ASSIGNMENT,2026-08-05T20:30:43+00:00,UNALLOCATED,,,,,
MP-S10-R06-0148,148,338,143618389,2^143618389-1,STRUCTURAL_SCREEN_EXHAUSTED_PRIMALITY_UNASSIGNED,FIRST_SINGULARITY_SHELL_EXHAUSTED_PRIMALITY_UNASSIGNED,513,9595,9595,NO_RECORDED_FACTOR_PRP_OR_LL_RESULT_AND_NO_ACTIVE_GIMPS_ASSIGNMENT,2026-08-05T20:30:43+00:00,UNALLOCATED,,,,,
MP-S10-R06-0149,149,339,143618459,2^143618459-1,STRUCTURAL_SCREEN_EXHAUSTED_PRIMALITY_UNASSIGNED,FIRST_SINGULARITY_SHELL_EXHAUSTED_PRIMALITY_UNASSIGNED,514,9595,9595,NO_RECORDED_FACTOR_PRP_OR_LL_RESULT_AND_NO_ACTIVE_GIMPS_ASSIGNMENT,2026-08-05T20:30:43+00:00,UNALLOCATED,,,,,
MP-S10-R06-0150,150,340,143618471,2^143618471-1,STRUCTURAL_SCREEN_EXHAUSTED_PRIMALITY_UNASSIGNED,FIRST_SINGULARITY_SHELL_EXHAUSTED_PRIMALITY_UNASSIGNED,514,9595,9595,NO_RECORDED_FACTOR_PRP_OR_LL_RESULT_AND_NO_ACTIVE_GIMPS_ASSIGNMENT,2026-08-05T20:30:43+00:00,UNALLOCATED,,,,,
MP-S10-R06-0151,151,341,143618597,2^143618597-1,STRUCTURAL_SCREEN_EXHAUSTED_PRIMALITY_UNASSIGNED,FIRST_SINGULARITY_SHELL_EXHAUSTED_PRIMALITY_UNASSIGNED,513,9595,9595,NO_RECORDED_FACTOR_PRP_OR_LL_RESULT_AND_NO_ACTIVE_GIMPS_ASSIGNMENT,2026-08-05T20:30:43+00:00,UNALLOCATED,,,,,
MP-S10-R06-0152,152,342,143618611,2^143618611-1,STRUCTURAL_SCREEN_EXHAUSTED_PRIMALITY_UNASSIGNED,FIRST_SINGULARITY_SHELL_EXHAUSTED_PRIMALITY_UNASSIGNED,514,9595,9595,NO_RECORDED_FACTOR_PRP_OR_LL_RESULT_AND_NO_ACTIVE_GIMPS_ASSIGNMENT,2026-08-05T20:30:43+00:00,UNALLOCATED,,,,,
MP-S10-R06-0153,153,343,143618659,2^143618659-1,STRUCTURAL_SCREEN_EXHAUSTED_PRIMALITY_UNASSIGNED,FIRST_SINGULARITY_SHELL_EXHAUSTED_PRIMALITY_UNASSIGNED,514,9595,9595,NO_RECORDED_FACTOR_PRP_OR_LL_RESULT_AND_NO_ACTIVE_GIMPS_ASSIGNMENT,2026-08-05T20:30:43+00:00,UNALLOCATED,,,,,
MP-S10-R06-0154,154,344,143618723,2^143618723-1,STRUCTURAL_SCREEN_EXHAUSTED_PRIMALITY_UNASSIGNED,FIRST_SINGULARITY_SHELL_EXHAUSTED_PRIMALITY_UNASSIGNED,514,9595,9595,NO_RECORDED_FACTOR_PRP_OR_LL_RESULT_AND_NO_ACTIVE_GIMPS_ASSIGNMENT,2026-08-05T20:30:43+00:00,UNALLOCATED,,,,,
MP-S10-R06-0155,155,345,143618747,2^143618747-1,STRUCTURAL_SCREEN_EXHAUSTED_PRIMALITY_UNASSIGNED,FIRST_SINGULARITY_SHELL_EXHAUSTED_PRIMALITY_UNASSIGNED,514,9595,9595,NO_RECORDED_FACTOR_PRP_OR_LL_RESULT_AND_NO_ACTIVE_GIMPS_ASSIGNMENT,2026-08-05T20:30:43+00:00,UNALLOCATED,,,,,
MP-S10-R06-0156,156,346,143618767,2^143618767-1,STRUCTURAL_SCREEN_EXHAUSTED_PRIMALITY_UNASSIGNED,FIRST_SINGULARITY_SHELL_EXHAUSTED_PRIMALITY_UNASSIGNED,514,9595,9595,NO_RECORDED_FACTOR_PRP_OR_LL_RESULT_AND_NO_ACTIVE_GIMPS_ASSIGNMENT,2026-08-05T20:30:43+00:00,UNALLOCATED,,,,,
MP-S10-R06-0157,157,347,143618899,2^143618899-1,STRUCTURAL_SCREEN_EXHAUSTED_PRIMALITY_UNASSIGNED,FIRST_SINGULARITY_SHELL_EXHAUSTED_PRIMALITY_UNASSIGNED,514,9595,9595,NO_RECORDED_FACTOR_PRP_OR_LL_RESULT_AND_NO_ACTIVE_GIMPS_ASSIGNMENT,2026-08-05T20:30:43+00:00,UNALLOCATED,,,,,
MP-S10-R06-0158,158,348,143618911,2^143618911-1,STRUCTURAL_SCREEN_EXHAUSTED_PRIMALITY_UNASSIGNED,FIRST_SINGULARITY_SHELL_EXHAUSTED_PRIMALITY_UNASSIGNED,514,9595,9595,NO_RECORDED_FACTOR_PRP_OR_LL_RESULT_AND_NO_ACTIVE_GIMPS_ASSIGNMENT,2026-08-05T20:30:43+00:00,UNALLOCATED,,,,,
MP-S10-R06-0159,159,349,143618927,2^143618927-1,STRUCTURAL_SCREEN_EXHAUSTED_PRIMALITY_UNASSIGNED,FIRST_SINGULARITY_SHELL_EXHAUSTED_PRIMALITY_UNASSIGNED,514,9595,9595,NO_RECORDED_FACTOR_PRP_OR_LL_RESULT_AND_NO_ACTIVE_GIMPS_ASSIGNMENT,2026-08-05T20:30:43+00:00,UNALLOCATED,,,,,
MP-S10-R06-0160,160,350,143618983,2^143618983-1,STRUCTURAL_SCREEN_EXHAUSTED_PRIMALITY_UNASSIGNED,FIRST_SINGULARITY_SHELL_EXHAUSTED_PRIMALITY_UNASSIGNED,514,9595,9595,NO_RECORDED_FACTOR_PRP_OR_LL_RESULT_AND_NO_ACTIVE_GIMPS_ASSIGNMENT,2026-08-05T20:30:43+00:00,UNALLOCATED,,,,,
MP-S10-R06-0161,161,351,143619139,2^143619139-1,STRUCTURAL_SCREEN_EXHAUSTED_PRIMALITY_UNASSIGNED,FIRST_SINGULARITY_SHELL_EXHAUSTED_PRIMALITY_UNASSIGNED,514,9595,9595,NO_RECORDED_FACTOR_PRP_OR_LL_RESULT_AND_NO_ACTIVE_GIMPS_ASSIGNMENT,2026-08-05T20:30:43+00:00,UNALLOCATED,,,,,
MP-S10-R06-0162,162,352,143619149,2^143619149-1,STRUCTURAL_SCREEN_EXHAUSTED_PRIMALITY_UNASSIGNED,FIRST_SINGULARITY_SHELL_EXHAUSTED_PRIMALITY_UNASSIGNED,513,9595,9595,NO_RECORDED_FACTOR_PRP_OR_LL_RESULT_AND_NO_ACTIVE_GIMPS_ASSIGNMENT,2026-08-05T20:30:43+00:00,UNALLOCATED,,,,,
MP-S10-R06-0163,163,353,143619367,2^143619367-1,STRUCTURAL_SCREEN_EXHAUSTED_PRIMALITY_UNASSIGNED,FIRST_SINGULARITY_SHELL_EXHAUSTED_PRIMALITY_UNASSIGNED,514,9595,9595,NO_RECORDED_FACTOR_PRP_OR_LL_RESULT_AND_NO_ACTIVE_GIMPS_ASSIGNMENT,2026-08-05T20:30:43+00:00,UNALLOCATED,,,,,
MP-S10-R06-0164,164,354,143619401,2^143619401-1,STRUCTURAL_SCREEN_EXHAUSTED_PRIMALITY_UNASSIGNED,FIRST_SINGULARITY_SHELL_EXHAUSTED_PRIMALITY_UNASSIGNED,513,9595,9595,NO_RECORDED_FACTOR_PRP_OR_LL_RESULT_AND_NO_ACTIVE_GIMPS_ASSIGNMENT,2026-08-05T20:30:43+00:00,UNALLOCATED,,,,,
MP-S10-R06-0165,165,355,143619481,2^143619481-1,STRUCTURAL_SCREEN_EXHAUSTED_PRIMALITY_UNASSIGNED,FIRST_SINGULARITY_SHELL_EXHAUSTED_PRIMALITY_UNASSIGNED,513,9595,9595,NO_RECORDED_FACTOR_PRP_OR_LL_RESULT_AND_NO_ACTIVE_GIMPS_ASSIGNMENT,2026-08-05T20:30:43+00:00,UNALLOCATED,,,,,
MP-S10-R06-0166,166,356,143619491,2^143619491-1,STRUCTURAL_SCREEN_EXHAUSTED_PRIMALITY_UNASSIGNED,FIRST_SINGULARITY_SHELL_EXHAUSTED_PRIMALITY_UNASSIGNED,514,9595,9595,NO_RECORDED_FACTOR_PRP_OR_LL_RESULT_AND_NO_ACTIVE_GIMPS_ASSIGNMENT,2026-08-05T20:30:43+00:00,UNALLOCATED,,,,,
MP-S10-R06-0167,167,357,143619647,2^143619647-1,STRUCTURAL_SCREEN_EXHAUSTED_PRIMALITY_UNASSIGNED,FIRST_SINGULARITY_SHELL_EXHAUSTED_PRIMALITY_UNASSIGNED,514,9595,9595,NO_RECORDED_FACTOR_PRP_OR_LL_RESULT_AND_NO_ACTIVE_GIMPS_ASSIGNMENT,2026-08-05T20:30:43+00:00,UNALLOCATED,,,,,
MP-S10-R06-0168,168,358,143619649,2^143619649-1,STRUCTURAL_SCREEN_EXHAUSTED_PRIMALITY_UNASSIGNED,FIRST_SINGULARITY_SHELL_EXHAUSTED_PRIMALITY_UNASSIGNED,513,9595,9595,NO_RECORDED_FACTOR_PRP_OR_LL_RESULT_AND_NO_ACTIVE_GIMPS_ASSIGNMENT,2026-08-05T20:30:43+00:00,UNALLOCATED,,,,,
MP-S10-R06-0169,169,359,143619661,2^143619661-1,STRUCTURAL_SCREEN_EXHAUSTED_PRIMALITY_UNASSIGNED,FIRST_SINGULARITY_SHELL_EXHAUSTED_PRIMALITY_UNASSIGNED,513,9595,9595,NO_RECORDED_FACTOR_PRP_OR_LL_RESULT_AND_NO_ACTIVE_GIMPS_ASSIGNMENT,2026-08-05T20:30:43+00:00,UNALLOCATED,,,,,
MP-S10-R06-0170,170,360,143619667,2^143619667-1,STRUCTURAL_SCREEN_EXHAUSTED_PRIMALITY_UNASSIGNED,FIRST_SINGULARITY_SHELL_EXHAUSTED_PRIMALITY_UNASSIGNED,514,9595,9595,NO_RECORDED_FACTOR_PRP_OR_LL_RESULT_AND_NO_ACTIVE_GIMPS_ASSIGNMENT,2026-08-05T20:30:43+00:00,UNALLOCATED,,,,,
MP-S10-R06-0171,171,361,143619719,2^143619719-1,STRUCTURAL_SCREEN_EXHAUSTED_PRIMALITY_UNASSIGNED,FIRST_SINGULARITY_SHELL_EXHAUSTED_PRIMALITY_UNASSIGNED,514,9595,9595,NO_RECORDED_FACTOR_PRP_OR_LL_RESULT_AND_NO_ACTIVE_GIMPS_ASSIGNMENT,2026-08-05T20:30:43+00:00,UNALLOCATED,,,,,
MP-S10-R06-0172,172,362,143619731,2^143619731-1,STRUCTURAL_SCREEN_EXHAUSTED_PRIMALITY_UNASSIGNED,FIRST_SINGULARITY_SHELL_EXHAUSTED_PRIMALITY_UNASSIGNED,514,9595,9595,NO_RECORDED_FACTOR_PRP_OR_LL_RESULT_AND_NO_ACTIVE_GIMPS_ASSIGNMENT,2026-08-05T20:30:43+00:00,UNALLOCATED,,,,,
MP-S10-R06-0173,173,363,143619781,2^143619781-1,STRUCTURAL_SCREEN_EXHAUSTED_PRIMALITY_UNASSIGNED,FIRST_SINGULARITY_SHELL_EXHAUSTED_PRIMALITY_UNASSIGNED,513,9595,9595,NO_RECORDED_FACTOR_PRP_OR_LL_RESULT_AND_NO_ACTIVE_GIMPS_ASSIGNMENT,2026-08-05T20:30:43+00:00,UNALLOCATED,,,,,
MP-S10-R06-0174,174,364,143619821,2^143619821-1,STRUCTURAL_SCREEN_EXHAUSTED_PRIMALITY_UNASSIGNED,FIRST_SINGULARITY_SHELL_EXHAUSTED_PRIMALITY_UNASSIGNED,513,9595,9595,NO_RECORDED_FACTOR_PRP_OR_LL_RESULT_AND_NO_ACTIVE_GIMPS_ASSIGNMENT,2026-08-05T20:30:43+00:00,UNALLOCATED,,,,,
MP-S10-R06-0175,175,366,143619979,2^143619979-1,STRUCTURAL_SCREEN_EXHAUSTED_PRIMALITY_UNASSIGNED,FIRST_SINGULARITY_SHELL_EXHAUSTED_PRIMALITY_UNASSIGNED,514,9595,9595,NO_RECORDED_FACTOR_PRP_OR_LL_RESULT_AND_NO_ACTIVE_GIMPS_ASSIGNMENT,2026-08-05T20:30:43+00:00,UNALLOCATED,,,,,
MP-S10-R06-0176,176,367,143619991,2^143619991-1,STRUCTURAL_SCREEN_EXHAUSTED_PRIMALITY_UNASSIGNED,FIRST_SINGULARITY_SHELL_EXHAUSTED_PRIMALITY_UNASSIGNED,514,9595,9595,NO_RECORDED_FACTOR_PRP_OR_LL_RESULT_AND_NO_ACTIVE_GIMPS_ASSIGNMENT,2026-08-05T20:30:43+00:00,UNALLOCATED,,,,,
MP-S10-R06-0177,177,369,143620133,2^143620133-1,STRUCTURAL_SCREEN_EXHAUSTED_PRIMALITY_UNASSIGNED,FIRST_SINGULARITY_SHELL_EXHAUSTED_PRIMALITY_UNASSIGNED,513,9595,9595,NO_RECORDED_FACTOR_PRP_OR_LL_RESULT_AND_NO_ACTIVE_GIMPS_ASSIGNMENT,2026-08-05T20:30:43+00:00,UNALLOCATED,,,,,
MP-S10-R06-0178,178,370,143620163,2^143620163-1,STRUCTURAL_SCREEN_EXHAUSTED_PRIMALITY_UNASSIGNED,FIRST_SINGULARITY_SHELL_EXHAUSTED_PRIMALITY_UNASSIGNED,514,9595,9595,NO_RECORDED_FACTOR_PRP_OR_LL_RESULT_AND_NO_ACTIVE_GIMPS_ASSIGNMENT,2026-08-05T20:30:43+00:00,UNALLOCATED,,,,,
MP-S10-R06-0179,179,371,143620207,2^143620207-1,STRUCTURAL_SCREEN_EXHAUSTED_PRIMALITY_UNASSIGNED,FIRST_SINGULARITY_SHELL_EXHAUSTED_PRIMALITY_UNASSIGNED,514,9595,9595,NO_RECORDED_FACTOR_PRP_OR_LL_RESULT_AND_NO_ACTIVE_GIMPS_ASSIGNMENT,2026-08-05T20:30:43+00:00,UNALLOCATED,,,,,
MP-S10-R06-0180,180,372,143620223,2^143620223-1,STRUCTURAL_SCREEN_EXHAUSTED_PRIMALITY_UNASSIGNED,FIRST_SINGULARITY_SHELL_EXHAUSTED_PRIMALITY_UNASSIGNED,514,9595,9595,NO_RECORDED_FACTOR_PRP_OR_LL_RESULT_AND_NO_ACTIVE_GIMPS_ASSIGNMENT,2026-08-05T20:30:43+00:00,UNALLOCATED,,,,,
MP-S10-R06-0181,181,373,143620307,2^143620307-1,STRUCTURAL_SCREEN_EXHAUSTED_PRIMALITY_UNASSIGNED,FIRST_SINGULARITY_SHELL_EXHAUSTED_PRIMALITY_UNASSIGNED,514,9595,9595,NO_RECORDED_FACTOR_PRP_OR_LL_RESULT_AND_NO_ACTIVE_GIMPS_ASSIGNMENT,2026-08-05T20:30:43+00:00,UNALLOCATED,,,,,
MP-S10-R06-0182,182,374,143620339,2^143620339-1,STRUCTURAL_SCREEN_EXHAUSTED_PRIMALITY_UNASSIGNED,FIRST_SINGULARITY_SHELL_EXHAUSTED_PRIMALITY_UNASSIGNED,514,9595,9595,NO_RECORDED_FACTOR_PRP_OR_LL_RESULT_AND_NO_ACTIVE_GIMPS_ASSIGNMENT,2026-08-05T20:30:43+00:00,UNALLOCATED,,,,,
MP-S10-R06-0183,183,375,143620343,2^143620343-1,STRUCTURAL_SCREEN_EXHAUSTED_PRIMALITY_UNASSIGNED,FIRST_SINGULARITY_SHELL_EXHAUSTED_PRIMALITY_UNASSIGNED,514,9595,9595,NO_RECORDED_FACTOR_PRP_OR_LL_RESULT_AND_NO_ACTIVE_GIMPS_ASSIGNMENT,2026-08-05T20:30:43+00:00,UNALLOCATED,,,,,
MP-S10-R06-0184,184,376,143620357,2^143620357-1,STRUCTURAL_SCREEN_EXHAUSTED_PRIMALITY_UNASSIGNED,FIRST_SINGULARITY_SHELL_EXHAUSTED_PRIMALITY_UNASSIGNED,513,9595,9595,NO_RECORDED_FACTOR_PRP_OR_LL_RESULT_AND_NO_ACTIVE_GIMPS_ASSIGNMENT,2026-08-05T20:30:43+00:00,UNALLOCATED,,,,,
MP-S10-R06-0185,185,377,143620397,2^143620397-1,STRUCTURAL_SCREEN_EXHAUSTED_PRIMALITY_UNASSIGNED,FIRST_SINGULARITY_SHELL_EXHAUSTED_PRIMALITY_UNASSIGNED,513,9595,9595,NO_RECORDED_FACTOR_PRP_OR_LL_RESULT_AND_NO_ACTIVE_GIMPS_ASSIGNMENT,2026-08-05T20:30:43+00:00,UNALLOCATED,,,,,
MP-S10-R06-0186,186,378,143620517,2^143620517-1,STRUCTURAL_SCREEN_EXHAUSTED_PRIMALITY_UNASSIGNED,FIRST_SINGULARITY_SHELL_EXHAUSTED_PRIMALITY_UNASSIGNED,513,9595,9595,NO_RECORDED_FACTOR_PRP_OR_LL_RESULT_AND_NO_ACTIVE_GIMPS_ASSIGNMENT,2026-08-05T20:30:43+00:00,UNALLOCATED,,,,,
MP-S10-R06-0187,187,379,143620571,2^143620571-1,STRUCTURAL_SCREEN_EXHAUSTED_PRIMALITY_UNASSIGNED,FIRST_SINGULARITY_SHELL_EXHAUSTED_PRIMALITY_UNASSIGNED,514,9595,9595,NO_RECORDED_FACTOR_PRP_OR_LL_RESULT_AND_NO_ACTIVE_GIMPS_ASSIGNMENT,2026-08-05T20:30:43+00:00,UNALLOCATED,,,,,
MP-S10-R06-0188,188,380,143620667,2^143620667-1,STRUCTURAL_SCREEN_EXHAUSTED_PRIMALITY_UNASSIGNED,FIRST_SINGULARITY_SHELL_EXHAUSTED_PRIMALITY_UNASSIGNED,514,9595,9595,NO_RECORDED_FACTOR_PRP_OR_LL_RESULT_AND_NO_ACTIVE_GIMPS_ASSIGNMENT,2026-08-05T20:30:43+00:00,UNALLOCATED,,,,,
MP-S10-R06-0189,189,381,143620727,2^143620727-1,STRUCTURAL_SCREEN_EXHAUSTED_PRIMALITY_UNASSIGNED,FIRST_SINGULARITY_SHELL_EXHAUSTED_PRIMALITY_UNASSIGNED,514,9595,9595,NO_RECORDED_FACTOR_PRP_OR_LL_RESULT_AND_NO_ACTIVE_GIMPS_ASSIGNMENT,2026-08-05T20:30:43+00:00,UNALLOCATED,,,,,
MP-S10-R06-0190,190,382,143620987,2^143620987-1,STRUCTURAL_SCREEN_EXHAUSTED_PRIMALITY_UNASSIGNED,FIRST_SINGULARITY_SHELL_EXHAUSTED_PRIMALITY_UNASSIGNED,514,9595,9595,NO_RECORDED_FACTOR_PRP_OR_LL_RESULT_AND_NO_ACTIVE_GIMPS_ASSIGNMENT,2026-08-05T20:30:43+00:00,UNALLOCATED,,,,,
MP-S10-R06-0191,191,383,143621029,2^143621029-1,STRUCTURAL_SCREEN_EXHAUSTED_PRIMALITY_UNASSIGNED,FIRST_SINGULARITY_SHELL_EXHAUSTED_PRIMALITY_UNASSIGNED,513,9595,9595,NO_RECORDED_FACTOR_PRP_OR_LL_RESULT_AND_NO_ACTIVE_GIMPS_ASSIGNMENT,2026-08-05T20:30:43+00:00,UNALLOCATED,,,,,
MP-S10-R06-0192,192,384,143621099,2^143621099-1,STRUCTURAL_SCREEN_EXHAUSTED_PRIMALITY_UNASSIGNED,FIRST_SINGULARITY_SHELL_EXHAUSTED_PRIMALITY_UNASSIGNED,514,9595,9595,NO_RECORDED_FACTOR_PRP_OR_LL_RESULT_AND_NO_ACTIVE_GIMPS_ASSIGNMENT,2026-08-05T20:30:43+00:00,UNALLOCATED,,,,,
MP-S10-R06-0193,193,385,143621167,2^143621167-1,STRUCTURAL_SCREEN_EXHAUSTED_PRIMALITY_UNASSIGNED,FIRST_SINGULARITY_SHELL_EXHAUSTED_PRIMALITY_UNASSIGNED,514,9595,9595,NO_RECORDED_FACTOR_PRP_OR_LL_RESULT_AND_NO_ACTIVE_GIMPS_ASSIGNMENT,2026-08-05T20:30:43+00:00,UNALLOCATED,,,,,
MP-S10-R06-0194,194,386,143621197,2^143621197-1,STRUCTURAL_SCREEN_EXHAUSTED_PRIMALITY_UNASSIGNED,FIRST_SINGULARITY_SHELL_EXHAUSTED_PRIMALITY_UNASSIGNED,513,9595,9595,NO_RECORDED_FACTOR_PRP_OR_LL_RESULT_AND_NO_ACTIVE_GIMPS_ASSIGNMENT,2026-08-05T20:30:43+00:00,UNALLOCATED,,,,,
MP-S10-R06-0195,195,387,143621201,2^143621201-1,STRUCTURAL_SCREEN_EXHAUSTED_PRIMALITY_UNASSIGNED,FIRST_SINGULARITY_SHELL_EXHAUSTED_PRIMALITY_UNASSIGNED,513,9595,9595,NO_RECORDED_FACTOR_PRP_OR_LL_RESULT_AND_NO_ACTIVE_GIMPS_ASSIGNMENT,2026-08-05T20:30:43+00:00,UNALLOCATED,,,,,
MP-S10-R06-0196,196,388,143621221,2^143621221-1,STRUCTURAL_SCREEN_EXHAUSTED_PRIMALITY_UNASSIGNED,FIRST_SINGULARITY_SHELL_EXHAUSTED_PRIMALITY_UNASSIGNED,513,9595,9595,NO_RECORDED_FACTOR_PRP_OR_LL_RESULT_AND_NO_ACTIVE_GIMPS_ASSIGNMENT,2026-08-05T20:30:43+00:00,UNALLOCATED,,,,,
MP-S10-R06-0197,197,389,143621641,2^143621641-1,STRUCTURAL_SCREEN_EXHAUSTED_PRIMALITY_UNASSIGNED,FIRST_SINGULARITY_SHELL_EXHAUSTED_PRIMALITY_UNASSIGNED,513,9595,9595,NO_RECORDED_FACTOR_PRP_OR_LL_RESULT_AND_NO_ACTIVE_GIMPS_ASSIGNMENT,2026-08-05T20:30:43+00:00,UNALLOCATED,,,,,
MP-S10-R06-0198,198,390,143621761,2^143621761-1,STRUCTURAL_SCREEN_EXHAUSTED_PRIMALITY_UNASSIGNED,FIRST_SINGULARITY_SHELL_EXHAUSTED_PRIMALITY_UNASSIGNED,513,9595,9595,NO_RECORDED_FACTOR_PRP_OR_LL_RESULT_AND_NO_ACTIVE_GIMPS_ASSIGNMENT,2026-08-05T20:30:43+00:00,UNALLOCATED,,,,,
MP-S10-R06-0199,199,391,143621767,2^143621767-1,STRUCTURAL_SCREEN_EXHAUSTED_PRIMALITY_UNASSIGNED,FIRST_SINGULARITY_SHELL_EXHAUSTED_PRIMALITY_UNASSIGNED,514,9595,9595,NO_RECORDED_FACTOR_PRP_OR_LL_RESULT_AND_NO_ACTIVE_GIMPS_ASSIGNMENT,2026-08-05T20:30:43+00:00,UNALLOCATED,,,,,
MP-S10-R06-0200,200,392,143621773,2^143621773-1,STRUCTURAL_SCREEN_EXHAUSTED_PRIMALITY_UNASSIGNED,FIRST_SINGULARITY_SHELL_EXHAUSTED_PRIMALITY_UNASSIGNED,513,9595,9595,NO_RECORDED_FACTOR_PRP_OR_LL_RESULT_AND_NO_ACTIVE_GIMPS_ASSIGNMENT,2026-08-05T20:30:43+00:00,UNALLOCATED,,,,,
MP-S10-R06-0201,201,393,143621957,2^143621957-1,STRUCTURAL_SCREEN_EXHAUSTED_PRIMALITY_UNASSIGNED,FIRST_SINGULARITY_SHELL_EXHAUSTED_PRIMALITY_UNASSIGNED,513,9595,9595,NO_RECORDED_FACTOR_PRP_OR_LL_RESULT_AND_NO_ACTIVE_GIMPS_ASSIGNMENT,2026-08-05T20:30:43+00:00,UNALLOCATED,,,,,
MP-S10-R06-0202,202,394,143621971,2^143621971-1,STRUCTURAL_SCREEN_EXHAUSTED_PRIMALITY_UNASSIGNED,FIRST_SINGULARITY_SHELL_EXHAUSTED_PRIMALITY_UNASSIGNED,514,9595,9595,NO_RECORDED_FACTOR_PRP_OR_LL_RESULT_AND_NO_ACTIVE_GIMPS_ASSIGNMENT,2026-08-05T20:30:43+00:00,UNALLOCATED,,,,,
MP-S10-R06-0203,203,395,143622131,2^143622131-1,STRUCTURAL_SCREEN_EXHAUSTED_PRIMALITY_UNASSIGNED,FIRST_SINGULARITY_SHELL_EXHAUSTED_PRIMALITY_UNASSIGNED,514,9595,9595,NO_RECORDED_FACTOR_PRP_OR_LL_RESULT_AND_NO_ACTIVE_GIMPS_ASSIGNMENT,2026-08-05T20:30:43+00:00,UNALLOCATED,,,,,
MP-S10-R06-0204,204,396,143622211,2^143622211-1,STRUCTURAL_SCREEN_EXHAUSTED_PRIMALITY_UNASSIGNED,FIRST_SINGULARITY_SHELL_EXHAUSTED_PRIMALITY_UNASSIGNED,514,9595,9595,NO_RECORDED_FACTOR_PRP_OR_LL_RESULT_AND_NO_ACTIVE_GIMPS_ASSIGNMENT,2026-08-05T20:30:43+00:00,UNALLOCATED,,,,,
MP-S10-R06-0205,205,397,143622229,2^143622229-1,STRUCTURAL_SCREEN_EXHAUSTED_PRIMALITY_UNASSIGNED,FIRST_SINGULARITY_SHELL_EXHAUSTED_PRIMALITY_UNASSIGNED,513,9595,9595,NO_RECORDED_FACTOR_PRP_OR_LL_RESULT_AND_NO_ACTIVE_GIMPS_ASSIGNMENT,2026-08-05T20:30:43+00:00,UNALLOCATED,,,,,
MP-S10-R06-0206,206,398,143622299,2^143622299-1,STRUCTURAL_SCREEN_EXHAUSTED_PRIMALITY_UNASSIGNED,FIRST_SINGULARITY_SHELL_EXHAUSTED_PRIMALITY_UNASSIGNED,514,9595,9595,NO_RECORDED_FACTOR_PRP_OR_LL_RESULT_AND_NO_ACTIVE_GIMPS_ASSIGNMENT,2026-08-05T20:30:43+00:00,UNALLOCATED,,,,,
MP-S10-R06-0207,207,399,143622313,2^143622313-1,STRUCTURAL_SCREEN_EXHAUSTED_PRIMALITY_UNASSIGNED,FIRST_SINGULARITY_SHELL_EXHAUSTED_PRIMALITY_UNASSIGNED,513,9595,9595,NO_RECORDED_FACTOR_PRP_OR_LL_RESULT_AND_NO_ACTIVE_GIMPS_ASSIGNMENT,2026-08-05T20:30:43+00:00,UNALLOCATED,,,,,
MP-S10-R06-0208,208,400,143622361,2^143622361-1,STRUCTURAL_SCREEN_EXHAUSTED_PRIMALITY_UNASSIGNED,FIRST_SINGULARITY_SHELL_EXHAUSTED_PRIMALITY_UNASSIGNED,513,9595,9595,NO_RECORDED_FACTOR_PRP_OR_LL_RESULT_AND_NO_ACTIVE_GIMPS_ASSIGNMENT,2026-08-05T20:30:43+00:00,UNALLOCATED,,,,,
MP-S10-R06-0209,209,401,143622383,2^143622383-1,STRUCTURAL_SCREEN_EXHAUSTED_PRIMALITY_UNASSIGNED,FIRST_SINGULARITY_SHELL_EXHAUSTED_PRIMALITY_UNASSIGNED,514,9595,9595,NO_RECORDED_FACTOR_PRP_OR_LL_RESULT_AND_NO_ACTIVE_GIMPS_ASSIGNMENT,2026-08-05T20:30:43+00:00,UNALLOCATED,,,,,
MP-S10-R06-0210,210,402,143622403,2^143622403-1,STRUCTURAL_SCREEN_EXHAUSTED_PRIMALITY_UNASSIGNED,FIRST_SINGULARITY_SHELL_EXHAUSTED_PRIMALITY_UNASSIGNED,514,9595,9595,NO_RECORDED_FACTOR_PRP_OR_LL_RESULT_AND_NO_ACTIVE_GIMPS_ASSIGNMENT,2026-08-05T20:30:43+00:00,UNALLOCATED,,,,,
MP-S10-R06-0211,211,403,143622449,2^143622449-1,STRUCTURAL_SCREEN_EXHAUSTED_PRIMALITY_UNASSIGNED,FIRST_SINGULARITY_SHELL_EXHAUSTED_PRIMALITY_UNASSIGNED,513,9595,9595,NO_RECORDED_FACTOR_PRP_OR_LL_RESULT_AND_NO_ACTIVE_GIMPS_ASSIGNMENT,2026-08-05T20:30:43+00:00,UNALLOCATED,,,,,
MP-S10-R06-0212,212,404,143622469,2^143622469-1,STRUCTURAL_SCREEN_EXHAUSTED_PRIMALITY_UNASSIGNED,FIRST_SINGULARITY_SHELL_EXHAUSTED_PRIMALITY_UNASSIGNED,513,9595,9595,NO_RECORDED_FACTOR_PRP_OR_LL_RESULT_AND_NO_ACTIVE_GIMPS_ASSIGNMENT,2026-08-05T20:30:43+00:00,UNALLOCATED,,,,,
MP-S10-R06-0213,213,405,143622503,2^143622503-1,STRUCTURAL_SCREEN_EXHAUSTED_PRIMALITY_UNASSIGNED,FIRST_SINGULARITY_SHELL_EXHAUSTED_PRIMALITY_UNASSIGNED,514,9595,9595,NO_RECORDED_FACTOR_PRP_OR_LL_RESULT_AND_NO_ACTIVE_GIMPS_ASSIGNMENT,2026-08-05T20:30:43+00:00,UNALLOCATED,,,,,
MP-S10-R06-0214,214,406,143622601,2^143622601-1,STRUCTURAL_SCREEN_EXHAUSTED_PRIMALITY_UNASSIGNED,FIRST_SINGULARITY_SHELL_EXHAUSTED_PRIMALITY_UNASSIGNED,513,9595,9595,NO_RECORDED_FACTOR_PRP_OR_LL_RESULT_AND_NO_ACTIVE_GIMPS_ASSIGNMENT,2026-08-05T20:30:43+00:00,UNALLOCATED,,,,,
MP-S10-R06-0215,215,407,143622637,2^143622637-1,STRUCTURAL_SCREEN_EXHAUSTED_PRIMALITY_UNASSIGNED,FIRST_SINGULARITY_SHELL_EXHAUSTED_PRIMALITY_UNASSIGNED,513,9595,9595,NO_RECORDED_FACTOR_PRP_OR_LL_RESULT_AND_NO_ACTIVE_GIMPS_ASSIGNMENT,2026-08-05T20:30:43+00:00,UNALLOCATED,,,,,
MP-S10-R06-0216,216,408,143622793,2^143622793-1,STRUCTURAL_SCREEN_EXHAUSTED_PRIMALITY_UNASSIGNED,FIRST_SINGULARITY_SHELL_EXHAUSTED_PRIMALITY_UNASSIGNED,513,9595,9595,NO_RECORDED_FACTOR_PRP_OR_LL_RESULT_AND_NO_ACTIVE_GIMPS_ASSIGNMENT,2026-08-05T20:30:43+00:00,UNALLOCATED,,,,,
MP-S10-R06-0217,217,409,143622799,2^143622799-1,STRUCTURAL_SCREEN_EXHAUSTED_PRIMALITY_UNASSIGNED,FIRST_SINGULARITY_SHELL_EXHAUSTED_PRIMALITY_UNASSIGNED,514,9595,9595,NO_RECORDED_FACTOR_PRP_OR_LL_RESULT_AND_NO_ACTIVE_GIMPS_ASSIGNMENT,2026-08-05T20:30:43+00:00,UNALLOCATED,,,,,
MP-S10-R06-0218,218,410,143622811,2^143622811-1,STRUCTURAL_SCREEN_EXHAUSTED_PRIMALITY_UNASSIGNED,FIRST_SINGULARITY_SHELL_EXHAUSTED_PRIMALITY_UNASSIGNED,514,9595,9595,NO_RECORDED_FACTOR_PRP_OR_LL_RESULT_AND_NO_ACTIVE_GIMPS_ASSIGNMENT,2026-08-05T20:30:43+00:00,UNALLOCATED,,,,,
MP-S10-R06-0219,219,444,143624717,2^143624717-1,STRUCTURAL_SCREEN_EXHAUSTED_PRIMALITY_UNASSIGNED,FIRST_SINGULARITY_SHELL_EXHAUSTED_PRIMALITY_UNASSIGNED,513,9595,9595,NO_RECORDED_FACTOR_PRP_OR_LL_RESULT_AND_NO_ACTIVE_GIMPS_ASSIGNMENT,2026-08-05T20:30:43+00:00,UNALLOCATED,,,,,
MP-S10-R06-0220,220,454,143625359,2^143625359-1,STRUCTURAL_SCREEN_EXHAUSTED_PRIMALITY_UNASSIGNED,FIRST_SINGULARITY_SHELL_EXHAUSTED_PRIMALITY_UNASSIGNED,514,9595,9595,NO_RECORDED_FACTOR_PRP_OR_LL_RESULT_AND_NO_ACTIVE_GIMPS_ASSIGNMENT,2026-08-05T20:30:43+00:00,UNALLOCATED,,,,,
MP-S10-R06-0221,221,455,143625479,2^143625479-1,STRUCTURAL_SCREEN_EXHAUSTED_PRIMALITY_UNASSIGNED,FIRST_SINGULARITY_SHELL_EXHAUSTED_PRIMALITY_UNASSIGNED,514,9595,9595,NO_RECORDED_FACTOR_PRP_OR_LL_RESULT_AND_NO_ACTIVE_GIMPS_ASSIGNMENT,2026-08-05T20:30:43+00:00,UNALLOCATED,,,,,
MP-S10-R06-0222,222,456,143625523,2^143625523-1,STRUCTURAL_SCREEN_EXHAUSTED_PRIMALITY_UNASSIGNED,FIRST_SINGULARITY_SHELL_EXHAUSTED_PRIMALITY_UNASSIGNED,514,9595,9595,NO_RECORDED_FACTOR_PRP_OR_LL_RESULT_AND_NO_ACTIVE_GIMPS_ASSIGNMENT,2026-08-05T20:30:43+00:00,UNALLOCATED,,,,,
MP-S10-R06-0223,223,457,143625551,2^143625551-1,STRUCTURAL_SCREEN_EXHAUSTED_PRIMALITY_UNASSIGNED,FIRST_SINGULARITY_SHELL_EXHAUSTED_PRIMALITY_UNASSIGNED,514,9595,9595,NO_RECORDED_FACTOR_PRP_OR_LL_RESULT_AND_NO_ACTIVE_GIMPS_ASSIGNMENT,2026-08-05T20:30:43+00:00,UNALLOCATED,,,,,
MP-S10-R06-0224,224,458,143625557,2^143625557-1,STRUCTURAL_SCREEN_EXHAUSTED_PRIMALITY_UNASSIGNED,FIRST_SINGULARITY_SHELL_EXHAUSTED_PRIMALITY_UNASSIGNED,513,9595,9595,NO_RECORDED_FACTOR_PRP_OR_LL_RESULT_AND_NO_ACTIVE_GIMPS_ASSIGNMENT,2026-08-05T20:30:43+00:00,UNALLOCATED,,,,,
MP-S10-R06-0225,225,459,143625733,2^143625733-1,STRUCTURAL_SCREEN_EXHAUSTED_PRIMALITY_UNASSIGNED,FIRST_SINGULARITY_SHELL_EXHAUSTED_PRIMALITY_UNASSIGNED,513,9595,9595,NO_RECORDED_FACTOR_PRP_OR_LL_RESULT_AND_NO_ACTIVE_GIMPS_ASSIGNMENT,2026-08-05T20:30:43+00:00,UNALLOCATED,,,,,
MP-S10-R06-0226,226,460,143625739,2^143625739-1,STRUCTURAL_SCREEN_EXHAUSTED_PRIMALITY_UNASSIGNED,FIRST_SINGULARITY_SHELL_EXHAUSTED_PRIMALITY_UNASSIGNED,514,9595,9595,NO_RECORDED_FACTOR_PRP_OR_LL_RESULT_AND_NO_ACTIVE_GIMPS_ASSIGNMENT,2026-08-05T20:30:43+00:00,UNALLOCATED,,,,,
MP-S10-R06-0227,227,461,143625763,2^143625763-1,STRUCTURAL_SCREEN_EXHAUSTED_PRIMALITY_UNASSIGNED,FIRST_SINGULARITY_SHELL_EXHAUSTED_PRIMALITY_UNASSIGNED,514,9595,9595,NO_RECORDED_FACTOR_PRP_OR_LL_RESULT_AND_NO_ACTIVE_GIMPS_ASSIGNMENT,2026-08-05T20:30:43+00:00,UNALLOCATED,,,,,
MP-S10-R06-0228,228,462,143625901,2^143625901-1,STRUCTURAL_SCREEN_EXHAUSTED_PRIMALITY_UNASSIGNED,FIRST_SINGULARITY_SHELL_EXHAUSTED_PRIMALITY_UNASSIGNED,513,9595,9595,NO_RECORDED_FACTOR_PRP_OR_LL_RESULT_AND_NO_ACTIVE_GIMPS_ASSIGNMENT,2026-08-05T20:30:43+00:00,UNALLOCATED,,,,,
MP-S10-R06-0229,229,463,143625941,2^143625941-1,STRUCTURAL_SCREEN_EXHAUSTED_PRIMALITY_UNASSIGNED,FIRST_SINGULARITY_SHELL_EXHAUSTED_PRIMALITY_UNASSIGNED,513,9595,9595,NO_RECORDED_FACTOR_PRP_OR_LL_RESULT_AND_NO_ACTIVE_GIMPS_ASSIGNMENT,2026-08-05T20:30:43+00:00,UNALLOCATED,,,,,
MP-S10-R06-0230,230,464,143626033,2^143626033-1,STRUCTURAL_SCREEN_EXHAUSTED_PRIMALITY_UNASSIGNED,FIRST_SINGULARITY_SHELL_EXHAUSTED_PRIMALITY_UNASSIGNED,513,9595,9595,NO_RECORDED_FACTOR_PRP_OR_LL_RESULT_AND_NO_ACTIVE_GIMPS_ASSIGNMENT,2026-08-05T20:30:43+00:00,UNALLOCATED,,,,,
MP-S10-R06-0231,231,465,143626039,2^143626039-1,STRUCTURAL_SCREEN_EXHAUSTED_PRIMALITY_UNASSIGNED,FIRST_SINGULARITY_SHELL_EXHAUSTED_PRIMALITY_UNASSIGNED,514,9595,9595,NO_RECORDED_FACTOR_PRP_OR_LL_RESULT_AND_NO_ACTIVE_GIMPS_ASSIGNMENT,2026-08-05T20:30:43+00:00,UNALLOCATED,,,,,
MP-S10-R06-0232,232,466,143626129,2^143626129-1,STRUCTURAL_SCREEN_EXHAUSTED_PRIMALITY_UNASSIGNED,FIRST_SINGULARITY_SHELL_EXHAUSTED_PRIMALITY_UNASSIGNED,513,9595,9595,NO_RECORDED_FACTOR_PRP_OR_LL_RESULT_AND_NO_ACTIVE_GIMPS_ASSIGNMENT,2026-08-05T20:30:43+00:00,UNALLOCATED,,,,,
MP-S10-R06-0233,233,467,143626159,2^143626159-1,STRUCTURAL_SCREEN_EXHAUSTED_PRIMALITY_UNASSIGNED,FIRST_SINGULARITY_SHELL_EXHAUSTED_PRIMALITY_UNASSIGNED,514,9595,9595,NO_RECORDED_FACTOR_PRP_OR_LL_RESULT_AND_NO_ACTIVE_GIMPS_ASSIGNMENT,2026-08-05T20:30:43+00:00,UNALLOCATED,,,,,
MP-S10-R06-0234,234,468,143626177,2^143626177-1,STRUCTURAL_SCREEN_EXHAUSTED_PRIMALITY_UNASSIGNED,FIRST_SINGULARITY_SHELL_EXHAUSTED_PRIMALITY_UNASSIGNED,513,9595,9595,NO_RECORDED_FACTOR_PRP_OR_LL_RESULT_AND_NO_ACTIVE_GIMPS_ASSIGNMENT,2026-08-05T20:30:43+00:00,UNALLOCATED,,,,,
MP-S10-R06-0235,235,469,143626247,2^143626247-1,STRUCTURAL_SCREEN_EXHAUSTED_PRIMALITY_UNASSIGNED,FIRST_SINGULARITY_SHELL_EXHAUSTED_PRIMALITY_UNASSIGNED,514,9595,9595,NO_RECORDED_FACTOR_PRP_OR_LL_RESULT_AND_NO_ACTIVE_GIMPS_ASSIGNMENT,2026-08-05T20:30:43+00:00,UNALLOCATED,,,,,
MP-S10-R06-0236,236,470,143626289,2^143626289-1,STRUCTURAL_SCREEN_EXHAUSTED_PRIMALITY_UNASSIGNED,FIRST_SINGULARITY_SHELL_EXHAUSTED_PRIMALITY_UNASSIGNED,513,9595,9595,NO_RECORDED_FACTOR_PRP_OR_LL_RESULT_AND_NO_ACTIVE_GIMPS_ASSIGNMENT,2026-08-05T20:30:43+00:00,UNALLOCATED,,,,,
MP-S10-R06-0237,237,472,143626369,2^143626369-1,STRUCTURAL_SCREEN_EXHAUSTED_PRIMALITY_UNASSIGNED,FIRST_SINGULARITY_SHELL_EXHAUSTED_PRIMALITY_UNASSIGNED,513,9595,9595,NO_RECORDED_FACTOR_PRP_OR_LL_RESULT_AND_NO_ACTIVE_GIMPS_ASSIGNMENT,2026-08-05T20:30:43+00:00,UNALLOCATED,,,,,
MP-S10-R06-0238,238,473,143626433,2^143626433-1,STRUCTURAL_SCREEN_EXHAUSTED_PRIMALITY_UNASSIGNED,FIRST_SINGULARITY_SHELL_EXHAUSTED_PRIMALITY_UNASSIGNED,513,9595,9595,NO_RECORDED_FACTOR_PRP_OR_LL_RESULT_AND_NO_ACTIVE_GIMPS_ASSIGNMENT,2026-08-05T20:30:43+00:00,UNALLOCATED,,,,,
MP-S10-R06-0239,239,474,143626447,2^143626447-1,STRUCTURAL_SCREEN_EXHAUSTED_PRIMALITY_UNASSIGNED,FIRST_SINGULARITY_SHELL_EXHAUSTED_PRIMALITY_UNASSIGNED,514,9595,9595,NO_RECORDED_FACTOR_PRP_OR_LL_RESULT_AND_NO_ACTIVE_GIMPS_ASSIGNMENT,2026-08-05T20:30:43+00:00,UNALLOCATED,,,,,
MP-S10-R06-0240,240,475,143626607,2^143626607-1,STRUCTURAL_SCREEN_EXHAUSTED_PRIMALITY_UNASSIGNED,FIRST_SINGULARITY_SHELL_EXHAUSTED_PRIMALITY_UNASSIGNED,514,9595,9595,NO_RECORDED_FACTOR_PRP_OR_LL_RESULT_AND_NO_ACTIVE_GIMPS_ASSIGNMENT,2026-08-05T20:30:43+00:00,UNALLOCATED,,,,,
MP-S10-R06-0241,241,476,143626631,2^143626631-1,STRUCTURAL_SCREEN_EXHAUSTED_PRIMALITY_UNASSIGNED,FIRST_SINGULARITY_SHELL_EXHAUSTED_PRIMALITY_UNASSIGNED,514,9595,9595,NO_RECORDED_FACTOR_PRP_OR_LL_RESULT_AND_NO_ACTIVE_GIMPS_ASSIGNMENT,2026-08-05T20:30:43+00:00,UNALLOCATED,,,,,
MP-S10-R06-0242,242,477,143626633,2^143626633-1,STRUCTURAL_SCREEN_EXHAUSTED_PRIMALITY_UNASSIGNED,FIRST_SINGULARITY_SHELL_EXHAUSTED_PRIMALITY_UNASSIGNED,513,9595,9595,NO_RECORDED_FACTOR_PRP_OR_LL_RESULT_AND_NO_ACTIVE_GIMPS_ASSIGNMENT,2026-08-05T20:30:43+00:00,UNALLOCATED,,,,,
MP-S10-R06-0243,243,478,143626699,2^143626699-1,STRUCTURAL_SCREEN_EXHAUSTED_PRIMALITY_UNASSIGNED,FIRST_SINGULARITY_SHELL_EXHAUSTED_PRIMALITY_UNASSIGNED,514,9595,9595,NO_RECORDED_FACTOR_PRP_OR_LL_RESULT_AND_NO_ACTIVE_GIMPS_ASSIGNMENT,2026-08-05T20:30:43+00:00,UNALLOCATED,,,,,
MP-S10-R06-0244,244,479,143626723,2^143626723-1,STRUCTURAL_SCREEN_EXHAUSTED_PRIMALITY_UNASSIGNED,FIRST_SINGULARITY_SHELL_EXHAUSTED_PRIMALITY_UNASSIGNED,514,9595,9595,NO_RECORDED_FACTOR_PRP_OR_LL_RESULT_AND_NO_ACTIVE_GIMPS_ASSIGNMENT,2026-08-05T20:30:43+00:00,UNALLOCATED,,,,,
MP-S10-R06-0245,245,480,143626733,2^143626733-1,STRUCTURAL_SCREEN_EXHAUSTED_PRIMALITY_UNASSIGNED,FIRST_SINGULARITY_SHELL_EXHAUSTED_PRIMALITY_UNASSIGNED,513,9595,9595,NO_RECORDED_FACTOR_PRP_OR_LL_RESULT_AND_NO_ACTIVE_GIMPS_ASSIGNMENT,2026-08-05T20:30:43+00:00,UNALLOCATED,,,,,
MP-S10-R06-0246,246,481,143626753,2^143626753-1,STRUCTURAL_SCREEN_EXHAUSTED_PRIMALITY_UNASSIGNED,FIRST_SINGULARITY_SHELL_EXHAUSTED_PRIMALITY_UNASSIGNED,513,9595,9595,NO_RECORDED_FACTOR_PRP_OR_LL_RESULT_AND_NO_ACTIVE_GIMPS_ASSIGNMENT,2026-08-05T20:30:43+00:00,UNALLOCATED,,,,,
MP-S10-R06-0247,247,483,143626891,2^143626891-1,STRUCTURAL_SCREEN_EXHAUSTED_PRIMALITY_UNASSIGNED,FIRST_SINGULARITY_SHELL_EXHAUSTED_PRIMALITY_UNASSIGNED,514,9595,9595,NO_RECORDED_FACTOR_PRP_OR_LL_RESULT_AND_NO_ACTIVE_GIMPS_ASSIGNMENT,2026-08-05T20:30:43+00:00,UNALLOCATED,,,,,
MP-S10-R06-0248,248,487,143627017,2^143627017-1,STRUCTURAL_SCREEN_EXHAUSTED_PRIMALITY_UNASSIGNED,FIRST_SINGULARITY_SHELL_EXHAUSTED_PRIMALITY_UNASSIGNED,513,9595,9595,NO_RECORDED_FACTOR_PRP_OR_LL_RESULT_AND_NO_ACTIVE_GIMPS_ASSIGNMENT,2026-08-05T20:30:43+00:00,UNALLOCATED,,,,,
MP-S10-R06-0249,249,488,143627021,2^143627021-1,STRUCTURAL_SCREEN_EXHAUSTED_PRIMALITY_UNASSIGNED,FIRST_SINGULARITY_SHELL_EXHAUSTED_PRIMALITY_UNASSIGNED,513,9595,9595,NO_RECORDED_FACTOR_PRP_OR_LL_RESULT_AND_NO_ACTIVE_GIMPS_ASSIGNMENT,2026-08-05T20:30:43+00:00,UNALLOCATED,,,,,
MP-S10-R06-0250,250,489,143627047,2^143627047-1,STRUCTURAL_SCREEN_EXHAUSTED_PRIMALITY_UNASSIGNED,FIRST_SINGULARITY_SHELL_EXHAUSTED_PRIMALITY_UNASSIGNED,514,9595,9595,NO_RECORDED_FACTOR_PRP_OR_LL_RESULT_AND_NO_ACTIVE_GIMPS_ASSIGNMENT,2026-08-05T20:30:43+00:00,UNALLOCATED,,,,,
MP-S10-R06-0251,251,490,143627051,2^143627051-1,STRUCTURAL_SCREEN_EXHAUSTED_PRIMALITY_UNASSIGNED,FIRST_SINGULARITY_SHELL_EXHAUSTED_PRIMALITY_UNASSIGNED,514,9595,9595,NO_RECORDED_FACTOR_PRP_OR_LL_RESULT_AND_NO_ACTIVE_GIMPS_ASSIGNMENT,2026-08-05T20:30:43+00:00,UNALLOCATED,,,,,
MP-S10-R06-0252,252,491,143627147,2^143627147-1,STRUCTURAL_SCREEN_EXHAUSTED_PRIMALITY_UNASSIGNED,FIRST_SINGULARITY_SHELL_EXHAUSTED_PRIMALITY_UNASSIGNED,514,9595,9595,NO_RECORDED_FACTOR_PRP_OR_LL_RESULT_AND_NO_ACTIVE_GIMPS_ASSIGNMENT,2026-08-05T20:30:43+00:00,UNALLOCATED,,,,,
MP-S10-R06-0253,253,492,143627149,2^143627149-1,STRUCTURAL_SCREEN_EXHAUSTED_PRIMALITY_UNASSIGNED,FIRST_SINGULARITY_SHELL_EXHAUSTED_PRIMALITY_UNASSIGNED,513,9595,9595,NO_RECORDED_FACTOR_PRP_OR_LL_RESULT_AND_NO_ACTIVE_GIMPS_ASSIGNMENT,2026-08-05T20:30:43+00:00,UNALLOCATED,,,,,
MP-S10-R06-0254,254,493,143627177,2^143627177-1,STRUCTURAL_SCREEN_EXHAUSTED_PRIMALITY_UNASSIGNED,FIRST_SINGULARITY_SHELL_EXHAUSTED_PRIMALITY_UNASSIGNED,513,9595,9595,NO_RECORDED_FACTOR_PRP_OR_LL_RESULT_AND_NO_ACTIVE_GIMPS_ASSIGNMENT,2026-08-05T20:30:43+00:00,UNALLOCATED,,,,,
MP-S10-R06-0255,255,494,143627179,2^143627179-1,STRUCTURAL_SCREEN_EXHAUSTED_PRIMALITY_UNASSIGNED,FIRST_SINGULARITY_SHELL_EXHAUSTED_PRIMALITY_UNASSIGNED,514,9595,9595,NO_RECORDED_FACTOR_PRP_OR_LL_RESULT_AND_NO_ACTIVE_GIMPS_ASSIGNMENT,2026-08-05T20:30:43+00:00,UNALLOCATED,,,,,
MP-S10-R06-0256,256,495,143627219,2^143627219-1,STRUCTURAL_SCREEN_EXHAUSTED_PRIMALITY_UNASSIGNED,FIRST_SINGULARITY_SHELL_EXHAUSTED_PRIMALITY_UNASSIGNED,514,9595,9595,NO_RECORDED_FACTOR_PRP_OR_LL_RESULT_AND_NO_ACTIVE_GIMPS_ASSIGNMENT,2026-08-05T20:30:43+00:00,UNALLOCATED,,,,,
MP-S10-R06-0257,257,496,143627257,2^143627257-1,STRUCTURAL_SCREEN_EXHAUSTED_PRIMALITY_UNASSIGNED,FIRST_SINGULARITY_SHELL_EXHAUSTED_PRIMALITY_UNASSIGNED,513,9595,9595,NO_RECORDED_FACTOR_PRP_OR_LL_RESULT_AND_NO_ACTIVE_GIMPS_ASSIGNMENT,2026-08-05T20:30:43+00:00,UNALLOCATED,,,,,
MP-S10-R06-0258,258,497,143627321,2^143627321-1,STRUCTURAL_SCREEN_EXHAUSTED_PRIMALITY_UNASSIGNED,FIRST_SINGULARITY_SHELL_EXHAUSTED_PRIMALITY_UNASSIGNED,513,9595,9595,NO_RECORDED_FACTOR_PRP_OR_LL_RESULT_AND_NO_ACTIVE_GIMPS_ASSIGNMENT,2026-08-05T20:30:43+00:00,UNALLOCATED,,,,,
MP-S10-R06-0259,259,498,143627413,2^143627413-1,STRUCTURAL_SCREEN_EXHAUSTED_PRIMALITY_UNASSIGNED,FIRST_SINGULARITY_SHELL_EXHAUSTED_PRIMALITY_UNASSIGNED,513,9595,9595,NO_RECORDED_FACTOR_PRP_OR_LL_RESULT_AND_NO_ACTIVE_GIMPS_ASSIGNMENT,2026-08-05T20:30:43+00:00,UNALLOCATED,,,,,
MP-S10-R06-0260,260,499,143627437,2^143627437-1,STRUCTURAL_SCREEN_EXHAUSTED_PRIMALITY_UNASSIGNED,FIRST_SINGULARITY_SHELL_EXHAUSTED_PRIMALITY_UNASSIGNED,513,9595,9595,NO_RECORDED_FACTOR_PRP_OR_LL_RESULT_AND_NO_ACTIVE_GIMPS_ASSIGNMENT,2026-08-05T20:30:43+00:00,UNALLOCATED,,,,,
MP-S10-R06-0261,261,500,143627443,2^143627443-1,STRUCTURAL_SCREEN_EXHAUSTED_PRIMALITY_UNASSIGNED,FIRST_SINGULARITY_SHELL_EXHAUSTED_PRIMALITY_UNASSIGNED,514,9595,9595,NO_RECORDED_FACTOR_PRP_OR_LL_RESULT_AND_NO_ACTIVE_GIMPS_ASSIGNMENT,2026-08-05T20:30:43+00:00,UNALLOCATED,,,,,
MP-S10-R06-0262,262,501,143627503,2^143627503-1,STRUCTURAL_SCREEN_EXHAUSTED_PRIMALITY_UNASSIGNED,FIRST_SINGULARITY_SHELL_EXHAUSTED_PRIMALITY_UNASSIGNED,514,9595,9595,NO_RECORDED_FACTOR_PRP_OR_LL_RESULT_AND_NO_ACTIVE_GIMPS_ASSIGNMENT,2026-08-05T20:30:43+00:00,UNALLOCATED,,,,,
MP-S10-R06-0263,263,502,143627513,2^143627513-1,STRUCTURAL_SCREEN_EXHAUSTED_PRIMALITY_UNASSIGNED,FIRST_SINGULARITY_SHELL_EXHAUSTED_PRIMALITY_UNASSIGNED,513,9595,9595,NO_RECORDED_FACTOR_PRP_OR_LL_RESULT_AND_NO_ACTIVE_GIMPS_ASSIGNMENT,2026-08-05T20:30:43+00:00,UNALLOCATED,,,,,
MP-S10-R06-0264,264,503,143627587,2^143627587-1,STRUCTURAL_SCREEN_EXHAUSTED_PRIMALITY_UNASSIGNED,FIRST_SINGULARITY_SHELL_EXHAUSTED_PRIMALITY_UNASSIGNED,514,9595,9595,NO_RECORDED_FACTOR_PRP_OR_LL_RESULT_AND_NO_ACTIVE_GIMPS_ASSIGNMENT,2026-08-05T20:30:43+00:00,UNALLOCATED,,,,,
MP-S10-R06-0265,265,504,143627647,2^143627647-1,STRUCTURAL_SCREEN_EXHAUSTED_PRIMALITY_UNASSIGNED,FIRST_SINGULARITY_SHELL_EXHAUSTED_PRIMALITY_UNASSIGNED,514,9595,9595,NO_RECORDED_FACTOR_PRP_OR_LL_RESULT_AND_NO_ACTIVE_GIMPS_ASSIGNMENT,2026-08-05T20:30:43+00:00,UNALLOCATED,,,,,
MP-S10-R06-0266,266,645,143635633,2^143635633-1,STRUCTURAL_SCREEN_EXHAUSTED_PRIMALITY_UNASSIGNED,FIRST_SINGULARITY_SHELL_EXHAUSTED_PRIMALITY_UNASSIGNED,513,9595,9595,NO_RECORDED_FACTOR_PRP_OR_LL_RESULT_AND_NO_ACTIVE_GIMPS_ASSIGNMENT,2026-08-05T20:30:43+00:00,UNALLOCATED,,,,,
MP-S10-R06-0267,267,646,143635787,2^143635787-1,STRUCTURAL_SCREEN_EXHAUSTED_PRIMALITY_UNASSIGNED,FIRST_SINGULARITY_SHELL_EXHAUSTED_PRIMALITY_UNASSIGNED,514,9595,9595,NO_RECORDED_FACTOR_PRP_OR_LL_RESULT_AND_NO_ACTIVE_GIMPS_ASSIGNMENT,2026-08-05T20:30:43+00:00,UNALLOCATED,,,,,
MP-S10-R06-0268,268,647,143635931,2^143635931-1,STRUCTURAL_SCREEN_EXHAUSTED_PRIMALITY_UNASSIGNED,FIRST_SINGULARITY_SHELL_EXHAUSTED_PRIMALITY_UNASSIGNED,514,9595,9595,NO_RECORDED_FACTOR_PRP_OR_LL_RESULT_AND_NO_ACTIVE_GIMPS_ASSIGNMENT,2026-08-05T20:30:43+00:00,UNALLOCATED,,,,,
MP-S10-R06-0269,269,648,143635979,2^143635979-1,STRUCTURAL_SCREEN_EXHAUSTED_PRIMALITY_UNASSIGNED,FIRST_SINGULARITY_SHELL_EXHAUSTED_PRIMALITY_UNASSIGNED,514,9595,9595,NO_RECORDED_FACTOR_PRP_OR_LL_RESULT_AND_NO_ACTIVE_GIMPS_ASSIGNMENT,2026-08-05T20:30:43+00:00,UNALLOCATED,,,,,
MP-S10-R06-0270,270,649,143636021,2^143636021-1,STRUCTURAL_SCREEN_EXHAUSTED_PRIMALITY_UNASSIGNED,FIRST_SINGULARITY_SHELL_EXHAUSTED_PRIMALITY_UNASSIGNED,513,9595,9595,NO_RECORDED_FACTOR_PRP_OR_LL_RESULT_AND_NO_ACTIVE_GIMPS_ASSIGNMENT,2026-08-05T20:30:43+00:00,UNALLOCATED,,,,,
MP-S10-R06-0271,271,650,143636023,2^143636023-1,STRUCTURAL_SCREEN_EXHAUSTED_PRIMALITY_UNASSIGNED,FIRST_SINGULARITY_SHELL_EXHAUSTED_PRIMALITY_UNASSIGNED,514,9595,9595,NO_RECORDED_FACTOR_PRP_OR_LL_RESULT_AND_NO_ACTIVE_GIMPS_ASSIGNMENT,2026-08-05T20:30:43+00:00,UNALLOCATED,,,,,
MP-S10-R06-0272,272,651,143636063,2^143636063-1,STRUCTURAL_SCREEN_EXHAUSTED_PRIMALITY_UNASSIGNED,FIRST_SINGULARITY_SHELL_EXHAUSTED_PRIMALITY_UNASSIGNED,514,9595,9595,NO_RECORDED_FACTOR_PRP_OR_LL_RESULT_AND_NO_ACTIVE_GIMPS_ASSIGNMENT,2026-08-05T20:30:43+00:00,UNALLOCATED,,,,,
MP-S10-R06-0273,273,652,143636069,2^143636069-1,STRUCTURAL_SCREEN_EXHAUSTED_PRIMALITY_UNASSIGNED,FIRST_SINGULARITY_SHELL_EXHAUSTED_PRIMALITY_UNASSIGNED,513,9595,9595,NO_RECORDED_FACTOR_PRP_OR_LL_RESULT_AND_NO_ACTIVE_GIMPS_ASSIGNMENT,2026-08-05T20:30:43+00:00,UNALLOCATED,,,,,
MP-S10-R06-0274,274,653,143636071,2^143636071-1,STRUCTURAL_SCREEN_EXHAUSTED_PRIMALITY_UNASSIGNED,FIRST_SINGULARITY_SHELL_EXHAUSTED_PRIMALITY_UNASSIGNED,514,9595,9595,NO_RECORDED_FACTOR_PRP_OR_LL_RESULT_AND_NO_ACTIVE_GIMPS_ASSIGNMENT,2026-08-05T20:30:43+00:00,UNALLOCATED,,,,,
MP-S10-R06-0275,275,654,143636203,2^143636203-1,STRUCTURAL_SCREEN_EXHAUSTED_PRIMALITY_UNASSIGNED,FIRST_SINGULARITY_SHELL_EXHAUSTED_PRIMALITY_UNASSIGNED,514,9595,9595,NO_RECORDED_FACTOR_PRP_OR_LL_RESULT_AND_NO_ACTIVE_GIMPS_ASSIGNMENT,2026-08-05T20:30:43+00:00,UNALLOCATED,,,,,
MP-S10-R06-0276,276,655,143636303,2^143636303-1,STRUCTURAL_SCREEN_EXHAUSTED_PRIMALITY_UNASSIGNED,FIRST_SINGULARITY_SHELL_EXHAUSTED_PRIMALITY_UNASSIGNED,514,9595,9595,NO_RECORDED_FACTOR_PRP_OR_LL_RESULT_AND_NO_ACTIVE_GIMPS_ASSIGNMENT,2026-08-05T20:30:43+00:00,UNALLOCATED,,,,,
MP-S10-R06-0277,277,656,143636419,2^143636419-1,STRUCTURAL_SCREEN_EXHAUSTED_PRIMALITY_UNASSIGNED,FIRST_SINGULARITY_SHELL_EXHAUSTED_PRIMALITY_UNASSIGNED,514,9595,9595,NO_RECORDED_FACTOR_PRP_OR_LL_RESULT_AND_NO_ACTIVE_GIMPS_ASSIGNMENT,2026-08-05T20:30:43+00:00,UNALLOCATED,,,,,
MP-S10-R06-0278,278,657,143636431,2^143636431-1,STRUCTURAL_SCREEN_EXHAUSTED_PRIMALITY_UNASSIGNED,FIRST_SINGULARITY_SHELL_EXHAUSTED_PRIMALITY_UNASSIGNED,514,9595,9595,NO_RECORDED_FACTOR_PRP_OR_LL_RESULT_AND_NO_ACTIVE_GIMPS_ASSIGNMENT,2026-08-05T20:30:43+00:00,UNALLOCATED,,,,,
MP-S10-R06-0279,279,658,143636539,2^143636539-1,STRUCTURAL_SCREEN_EXHAUSTED_PRIMALITY_UNASSIGNED,FIRST_SINGULARITY_SHELL_EXHAUSTED_PRIMALITY_UNASSIGNED,514,9595,9595,NO_RECORDED_FACTOR_PRP_OR_LL_RESULT_AND_NO_ACTIVE_GIMPS_ASSIGNMENT,2026-08-05T20:30:43+00:00,UNALLOCATED,,,,,
MP-S10-R06-0280,280,660,143636567,2^143636567-1,STRUCTURAL_SCREEN_EXHAUSTED_PRIMALITY_UNASSIGNED,FIRST_SINGULARITY_SHELL_EXHAUSTED_PRIMALITY_UNASSIGNED,514,9595,9595,NO_RECORDED_FACTOR_PRP_OR_LL_RESULT_AND_NO_ACTIVE_GIMPS_ASSIGNMENT,2026-08-05T20:30:43+00:00,UNALLOCATED,,,,,
MP-S10-R06-0281,281,662,143636617,2^143636617-1,STRUCTURAL_SCREEN_EXHAUSTED_PRIMALITY_UNASSIGNED,FIRST_SINGULARITY_SHELL_EXHAUSTED_PRIMALITY_UNASSIGNED,513,9595,9595,NO_RECORDED_FACTOR_PRP_OR_LL_RESULT_AND_NO_ACTIVE_GIMPS_ASSIGNMENT,2026-08-05T20:30:43+00:00,UNALLOCATED,,,,,
MP-S10-R06-0282,282,663,143636629,2^143636629-1,STRUCTURAL_SCREEN_EXHAUSTED_PRIMALITY_UNASSIGNED,FIRST_SINGULARITY_SHELL_EXHAUSTED_PRIMALITY_UNASSIGNED,513,9595,9595,NO_RECORDED_FACTOR_PRP_OR_LL_RESULT_AND_NO_ACTIVE_GIMPS_ASSIGNMENT,2026-08-05T20:30:43+00:00,UNALLOCATED,,,,,
MP-S10-R06-0283,283,666,143636711,2^143636711-1,STRUCTURAL_SCREEN_EXHAUSTED_PRIMALITY_UNASSIGNED,FIRST_SINGULARITY_SHELL_EXHAUSTED_PRIMALITY_UNASSIGNED,514,9595,9595,NO_RECORDED_FACTOR_PRP_OR_LL_RESULT_AND_NO_ACTIVE_GIMPS_ASSIGNMENT,2026-08-05T20:30:43+00:00,UNALLOCATED,,,,,
MP-S10-R06-0284,284,668,143636869,2^143636869-1,STRUCTURAL_SCREEN_EXHAUSTED_PRIMALITY_UNASSIGNED,FIRST_SINGULARITY_SHELL_EXHAUSTED_PRIMALITY_UNASSIGNED,513,9595,9595,NO_RECORDED_FACTOR_PRP_OR_LL_RESULT_AND_NO_ACTIVE_GIMPS_ASSIGNMENT,2026-08-05T20:30:43+00:00,UNALLOCATED,,,,,
MP-S10-R06-0285,285,670,143636891,2^143636891-1,STRUCTURAL_SCREEN_EXHAUSTED_PRIMALITY_UNASSIGNED,FIRST_SINGULARITY_SHELL_EXHAUSTED_PRIMALITY_UNASSIGNED,514,9595,9595,NO_RECORDED_FACTOR_PRP_OR_LL_RESULT_AND_NO_ACTIVE_GIMPS_ASSIGNMENT,2026-08-05T20:30:43+00:00,UNALLOCATED,,,,,
MP-S10-R06-0286,286,671,143636947,2^143636947-1,STRUCTURAL_SCREEN_EXHAUSTED_PRIMALITY_UNASSIGNED,FIRST_SINGULARITY_SHELL_EXHAUSTED_PRIMALITY_UNASSIGNED,514,9595,9595,NO_RECORDED_FACTOR_PRP_OR_LL_RESULT_AND_NO_ACTIVE_GIMPS_ASSIGNMENT,2026-08-05T20:30:43+00:00,UNALLOCATED,,,,,
MP-S10-R06-0287,287,672,143636989,2^143636989-1,STRUCTURAL_SCREEN_EXHAUSTED_PRIMALITY_UNASSIGNED,FIRST_SINGULARITY_SHELL_EXHAUSTED_PRIMALITY_UNASSIGNED,513,9595,9595,NO_RECORDED_FACTOR_PRP_OR_LL_RESULT_AND_NO_ACTIVE_GIMPS_ASSIGNMENT,2026-08-05T20:30:43+00:00,UNALLOCATED,,,,,
MP-S10-R06-0288,288,673,143636993,2^143636993-1,STRUCTURAL_SCREEN_EXHAUSTED_PRIMALITY_UNASSIGNED,FIRST_SINGULARITY_SHELL_EXHAUSTED_PRIMALITY_UNASSIGNED,513,9595,9595,NO_RECORDED_FACTOR_PRP_OR_LL_RESULT_AND_NO_ACTIVE_GIMPS_ASSIGNMENT,2026-08-05T20:30:43+00:00,UNALLOCATED,,,,,
MP-S10-R06-0289,289,674,143637007,2^143637007-1,STRUCTURAL_SCREEN_EXHAUSTED_PRIMALITY_UNASSIGNED,FIRST_SINGULARITY_SHELL_EXHAUSTED_PRIMALITY_UNASSIGNED,514,9595,9595,NO_RECORDED_FACTOR_PRP_OR_LL_RESULT_AND_NO_ACTIVE_GIMPS_ASSIGNMENT,2026-08-05T20:30:43+00:00,UNALLOCATED,,,,,
MP-S10-R06-0290,290,680,143637413,2^143637413-1,STRUCTURAL_SCREEN_EXHAUSTED_PRIMALITY_UNASSIGNED,FIRST_SINGULARITY_SHELL_EXHAUSTED_PRIMALITY_UNASSIGNED,513,9595,9595,NO_RECORDED_FACTOR_PRP_OR_LL_RESULT_AND_NO_ACTIVE_GIMPS_ASSIGNMENT,2026-08-05T20:30:43+00:00,UNALLOCATED,,,,,
MP-S10-R06-0291,291,681,143637427,2^143637427-1,STRUCTURAL_SCREEN_EXHAUSTED_PRIMALITY_UNASSIGNED,FIRST_SINGULARITY_SHELL_EXHAUSTED_PRIMALITY_UNASSIGNED,514,9595,9595,NO_RECORDED_FACTOR_PRP_OR_LL_RESULT_AND_NO_ACTIVE_GIMPS_ASSIGNMENT,2026-08-05T20:30:43+00:00,UNALLOCATED,,,,,
MP-S10-R06-0292,292,682,143637443,2^143637443-1,STRUCTURAL_SCREEN_EXHAUSTED_PRIMALITY_UNASSIGNED,FIRST_SINGULARITY_SHELL_EXHAUSTED_PRIMALITY_UNASSIGNED,514,9595,9595,NO_RECORDED_FACTOR_PRP_OR_LL_RESULT_AND_NO_ACTIVE_GIMPS_ASSIGNMENT,2026-08-05T20:30:43+00:00,UNALLOCATED,,,,,
MP-S10-R06-0293,293,683,143637467,2^143637467-1,STRUCTURAL_SCREEN_EXHAUSTED_PRIMALITY_UNASSIGNED,FIRST_SINGULARITY_SHELL_EXHAUSTED_PRIMALITY_UNASSIGNED,514,9595,9595,NO_RECORDED_FACTOR_PRP_OR_LL_RESULT_AND_NO_ACTIVE_GIMPS_ASSIGNMENT,2026-08-05T20:30:43+00:00,UNALLOCATED,,,,,
MP-S10-R06-0294,294,684,143637469,2^143637469-1,STRUCTURAL_SCREEN_EXHAUSTED_PRIMALITY_UNASSIGNED,FIRST_SINGULARITY_SHELL_EXHAUSTED_PRIMALITY_UNASSIGNED,513,9595,9595,NO_RECORDED_FACTOR_PRP_OR_LL_RESULT_AND_NO_ACTIVE_GIMPS_ASSIGNMENT,2026-08-05T20:30:43+00:00,UNALLOCATED,,,,,
MP-S10-R06-0295,295,685,143637541,2^143637541-1,STRUCTURAL_SCREEN_EXHAUSTED_PRIMALITY_UNASSIGNED,FIRST_SINGULARITY_SHELL_EXHAUSTED_PRIMALITY_UNASSIGNED,513,9595,9595,NO_RECORDED_FACTOR_PRP_OR_LL_RESULT_AND_NO_ACTIVE_GIMPS_ASSIGNMENT,2026-08-05T20:30:43+00:00,UNALLOCATED,,,,,
MP-S10-R06-0296,296,686,143637583,2^143637583-1,STRUCTURAL_SCREEN_EXHAUSTED_PRIMALITY_UNASSIGNED,FIRST_SINGULARITY_SHELL_EXHAUSTED_PRIMALITY_UNASSIGNED,514,9595,9595,NO_RECORDED_FACTOR_PRP_OR_LL_RESULT_AND_NO_ACTIVE_GIMPS_ASSIGNMENT,2026-08-05T20:30:43+00:00,UNALLOCATED,,,,,
MP-S10-R06-0297,297,687,143637619,2^143637619-1,STRUCTURAL_SCREEN_EXHAUSTED_PRIMALITY_UNASSIGNED,FIRST_SINGULARITY_SHELL_EXHAUSTED_PRIMALITY_UNASSIGNED,514,9595,9595,NO_RECORDED_FACTOR_PRP_OR_LL_RESULT_AND_NO_ACTIVE_GIMPS_ASSIGNMENT,2026-08-05T20:30:43+00:00,UNALLOCATED,,,,,
MP-S10-R06-0298,298,688,143637623,2^143637623-1,STRUCTURAL_SCREEN_EXHAUSTED_PRIMALITY_UNASSIGNED,FIRST_SINGULARITY_SHELL_EXHAUSTED_PRIMALITY_UNASSIGNED,514,9595,9595,NO_RECORDED_FACTOR_PRP_OR_LL_RESULT_AND_NO_ACTIVE_GIMPS_ASSIGNMENT,2026-08-05T20:30:43+00:00,UNALLOCATED,,,,,
MP-S10-R06-0299,299,689,143637677,2^143637677-1,STRUCTURAL_SCREEN_EXHAUSTED_PRIMALITY_UNASSIGNED,FIRST_SINGULARITY_SHELL_EXHAUSTED_PRIMALITY_UNASSIGNED,513,9595,9595,NO_RECORDED_FACTOR_PRP_OR_LL_RESULT_AND_NO_ACTIVE_GIMPS_ASSIGNMENT,2026-08-05T20:30:43+00:00,UNALLOCATED,,,,,
MP-S10-R06-0300,300,690,143637679,2^143637679-1,STRUCTURAL_SCREEN_EXHAUSTED_PRIMALITY_UNASSIGNED,FIRST_SINGULARITY_SHELL_EXHAUSTED_PRIMALITY_UNASSIGNED,514,9595,9595,NO_RECORDED_FACTOR_PRP_OR_LL_RESULT_AND_NO_ACTIVE_GIMPS_ASSIGNMENT,2026-08-05T20:30:43+00:00,UNALLOCATED,,,,,
MP-S10-R06-0301,301,691,143637733,2^143637733-1,STRUCTURAL_SCREEN_EXHAUSTED_PRIMALITY_UNASSIGNED,FIRST_SINGULARITY_SHELL_EXHAUSTED_PRIMALITY_UNASSIGNED,513,9595,9595,NO_RECORDED_FACTOR_PRP_OR_LL_RESULT_AND_NO_ACTIVE_GIMPS_ASSIGNMENT,2026-08-05T20:30:43+00:00,UNALLOCATED,,,,,
MP-S10-R06-0302,302,692,143637761,2^143637761-1,STRUCTURAL_SCREEN_EXHAUSTED_PRIMALITY_UNASSIGNED,FIRST_SINGULARITY_SHELL_EXHAUSTED_PRIMALITY_UNASSIGNED,513,9595,9595,NO_RECORDED_FACTOR_PRP_OR_LL_RESULT_AND_NO_ACTIVE_GIMPS_ASSIGNMENT,2026-08-05T20:30:43+00:00,UNALLOCATED,,,,,
MP-S10-R06-0303,303,693,143637817,2^143637817-1,STRUCTURAL_SCREEN_EXHAUSTED_PRIMALITY_UNASSIGNED,FIRST_SINGULARITY_SHELL_EXHAUSTED_PRIMALITY_UNASSIGNED,513,9595,9595,NO_RECORDED_FACTOR_PRP_OR_LL_RESULT_AND_NO_ACTIVE_GIMPS_ASSIGNMENT,2026-08-05T20:30:43+00:00,UNALLOCATED,,,,,
MP-S10-R06-0304,304,695,143637827,2^143637827-1,STRUCTURAL_SCREEN_EXHAUSTED_PRIMALITY_UNASSIGNED,FIRST_SINGULARITY_SHELL_EXHAUSTED_PRIMALITY_UNASSIGNED,514,9595,9595,NO_RECORDED_FACTOR_PRP_OR_LL_RESULT_AND_NO_ACTIVE_GIMPS_ASSIGNMENT,2026-08-05T20:30:43+00:00,UNALLOCATED,,,,,
MP-S10-R06-0305,305,696,143637833,2^143637833-1,STRUCTURAL_SCREEN_EXHAUSTED_PRIMALITY_UNASSIGNED,FIRST_SINGULARITY_SHELL_EXHAUSTED_PRIMALITY_UNASSIGNED,513,9595,9595,NO_RECORDED_FACTOR_PRP_OR_LL_RESULT_AND_NO_ACTIVE_GIMPS_ASSIGNMENT,2026-08-05T20:30:43+00:00,UNALLOCATED,,,,,
MP-S10-R06-0306,306,697,143637881,2^143637881-1,STRUCTURAL_SCREEN_EXHAUSTED_PRIMALITY_UNASSIGNED,FIRST_SINGULARITY_SHELL_EXHAUSTED_PRIMALITY_UNASSIGNED,513,9595,9595,NO_RECORDED_FACTOR_PRP_OR_LL_RESULT_AND_NO_ACTIVE_GIMPS_ASSIGNMENT,2026-08-05T20:30:43+00:00,UNALLOCATED,,,,,
MP-S10-R06-0307,307,698,143637917,2^143637917-1,STRUCTURAL_SCREEN_EXHAUSTED_PRIMALITY_UNASSIGNED,FIRST_SINGULARITY_SHELL_EXHAUSTED_PRIMALITY_UNASSIGNED,513,9595,9595,NO_RECORDED_FACTOR_PRP_OR_LL_RESULT_AND_NO_ACTIVE_GIMPS_ASSIGNMENT,2026-08-05T20:30:43+00:00,UNALLOCATED,,,,,
MP-S10-R06-0308,308,699,143637953,2^143637953-1,STRUCTURAL_SCREEN_EXHAUSTED_PRIMALITY_UNASSIGNED,FIRST_SINGULARITY_SHELL_EXHAUSTED_PRIMALITY_UNASSIGNED,513,9595,9595,NO_RECORDED_FACTOR_PRP_OR_LL_RESULT_AND_NO_ACTIVE_GIMPS_ASSIGNMENT,2026-08-05T20:30:43+00:00,UNALLOCATED,,,,,
MP-S10-R06-0309,309,700,143638007,2^143638007-1,STRUCTURAL_SCREEN_EXHAUSTED_PRIMALITY_UNASSIGNED,FIRST_SINGULARITY_SHELL_EXHAUSTED_PRIMALITY_UNASSIGNED,514,9595,9595,NO_RECORDED_FACTOR_PRP_OR_LL_RESULT_AND_NO_ACTIVE_GIMPS_ASSIGNMENT,2026-08-05T20:30:43+00:00,UNALLOCATED,,,,,
MP-S10-R06-0310,310,701,143638111,2^143638111-1,STRUCTURAL_SCREEN_EXHAUSTED_PRIMALITY_UNASSIGNED,FIRST_SINGULARITY_SHELL_EXHAUSTED_PRIMALITY_UNASSIGNED,514,9595,9595,NO_RECORDED_FACTOR_PRP_OR_LL_RESULT_AND_NO_ACTIVE_GIMPS_ASSIGNMENT,2026-08-05T20:30:43+00:00,UNALLOCATED,,,,,
MP-S10-R06-0311,311,702,143638139,2^143638139-1,STRUCTURAL_SCREEN_EXHAUSTED_PRIMALITY_UNASSIGNED,FIRST_SINGULARITY_SHELL_EXHAUSTED_PRIMALITY_UNASSIGNED,514,9595,9595,NO_RECORDED_FACTOR_PRP_OR_LL_RESULT_AND_NO_ACTIVE_GIMPS_ASSIGNMENT,2026-08-05T20:30:43+00:00,UNALLOCATED,,,,,
MP-S10-R06-0312,312,703,143638141,2^143638141-1,STRUCTURAL_SCREEN_EXHAUSTED_PRIMALITY_UNASSIGNED,FIRST_SINGULARITY_SHELL_EXHAUSTED_PRIMALITY_UNASSIGNED,513,9595,9595,NO_RECORDED_FACTOR_PRP_OR_LL_RESULT_AND_NO_ACTIVE_GIMPS_ASSIGNMENT,2026-08-05T20:30:43+00:00,UNALLOCATED,,,,,
MP-S10-R06-0313,313,704,143638163,2^143638163-1,STRUCTURAL_SCREEN_EXHAUSTED_PRIMALITY_UNASSIGNED,FIRST_SINGULARITY_SHELL_EXHAUSTED_PRIMALITY_UNASSIGNED,514,9595,9595,NO_RECORDED_FACTOR_PRP_OR_LL_RESULT_AND_NO_ACTIVE_GIMPS_ASSIGNMENT,2026-08-05T20:30:43+00:00,UNALLOCATED,,,,,
MP-S10-R06-0314,314,705,143638193,2^143638193-1,STRUCTURAL_SCREEN_EXHAUSTED_PRIMALITY_UNASSIGNED,FIRST_SINGULARITY_SHELL_EXHAUSTED_PRIMALITY_UNASSIGNED,513,9595,9595,NO_RECORDED_FACTOR_PRP_OR_LL_RESULT_AND_NO_ACTIVE_GIMPS_ASSIGNMENT,2026-08-05T20:30:43+00:00,UNALLOCATED,,,,,
MP-S10-R06-0315,315,707,143638249,2^143638249-1,STRUCTURAL_SCREEN_EXHAUSTED_PRIMALITY_UNASSIGNED,FIRST_SINGULARITY_SHELL_EXHAUSTED_PRIMALITY_UNASSIGNED,513,9595,9595,NO_RECORDED_FACTOR_PRP_OR_LL_RESULT_AND_NO_ACTIVE_GIMPS_ASSIGNMENT,2026-08-05T20:30:43+00:00,UNALLOCATED,,,,,
MP-S10-R06-0316,316,708,143638351,2^143638351-1,STRUCTURAL_SCREEN_EXHAUSTED_PRIMALITY_UNASSIGNED,FIRST_SINGULARITY_SHELL_EXHAUSTED_PRIMALITY_UNASSIGNED,514,9595,9595,NO_RECORDED_FACTOR_PRP_OR_LL_RESULT_AND_NO_ACTIVE_GIMPS_ASSIGNMENT,2026-08-05T20:30:43+00:00,UNALLOCATED,,,,,
MP-S10-R06-0317,317,709,143638387,2^143638387-1,STRUCTURAL_SCREEN_EXHAUSTED_PRIMALITY_UNASSIGNED,FIRST_SINGULARITY_SHELL_EXHAUSTED_PRIMALITY_UNASSIGNED,514,9595,9595,NO_RECORDED_FACTOR_PRP_OR_LL_RESULT_AND_NO_ACTIVE_GIMPS_ASSIGNMENT,2026-08-05T20:30:43+00:00,UNALLOCATED,,,,,
MP-S10-R06-0318,318,710,143638433,2^143638433-1,STRUCTURAL_SCREEN_EXHAUSTED_PRIMALITY_UNASSIGNED,FIRST_SINGULARITY_SHELL_EXHAUSTED_PRIMALITY_UNASSIGNED,513,9595,9595,NO_RECORDED_FACTOR_PRP_OR_LL_RESULT_AND_NO_ACTIVE_GIMPS_ASSIGNMENT,2026-08-05T20:30:43+00:00,UNALLOCATED,,,,,
MP-S10-R06-0319,319,712,143638757,2^143638757-1,STRUCTURAL_SCREEN_EXHAUSTED_PRIMALITY_UNASSIGNED,FIRST_SINGULARITY_SHELL_EXHAUSTED_PRIMALITY_UNASSIGNED,513,9595,9595,NO_RECORDED_FACTOR_PRP_OR_LL_RESULT_AND_NO_ACTIVE_GIMPS_ASSIGNMENT,2026-08-05T20:30:43+00:00,UNALLOCATED,,,,,
MP-S10-R06-0320,320,713,143639077,2^143639077-1,STRUCTURAL_SCREEN_EXHAUSTED_PRIMALITY_UNASSIGNED,FIRST_SINGULARITY_SHELL_EXHAUSTED_PRIMALITY_UNASSIGNED,513,9595,9595,NO_RECORDED_FACTOR_PRP_OR_LL_RESULT_AND_NO_ACTIVE_GIMPS_ASSIGNMENT,2026-08-05T20:30:43+00:00,UNALLOCATED,,,,,
MP-S10-R06-0321,321,714,143639161,2^143639161-1,STRUCTURAL_SCREEN_EXHAUSTED_PRIMALITY_UNASSIGNED,FIRST_SINGULARITY_SHELL_EXHAUSTED_PRIMALITY_UNASSIGNED,513,9595,9595,NO_RECORDED_FACTOR_PRP_OR_LL_RESULT_AND_NO_ACTIVE_GIMPS_ASSIGNMENT,2026-08-05T20:30:43+00:00,UNALLOCATED,,,,,
MP-S10-R06-0322,322,715,143639231,2^143639231-1,STRUCTURAL_SCREEN_EXHAUSTED_PRIMALITY_UNASSIGNED,FIRST_SINGULARITY_SHELL_EXHAUSTED_PRIMALITY_UNASSIGNED,514,9595,9595,NO_RECORDED_FACTOR_PRP_OR_LL_RESULT_AND_NO_ACTIVE_GIMPS_ASSIGNMENT,2026-08-05T20:30:43+00:00,UNALLOCATED,,,,,
MP-S10-R06-0323,323,716,143639257,2^143639257-1,STRUCTURAL_SCREEN_EXHAUSTED_PRIMALITY_UNASSIGNED,FIRST_SINGULARITY_SHELL_EXHAUSTED_PRIMALITY_UNASSIGNED,513,9595,9595,NO_RECORDED_FACTOR_PRP_OR_LL_RESULT_AND_NO_ACTIVE_GIMPS_ASSIGNMENT,2026-08-05T20:30:43+00:00,UNALLOCATED,,,,,
MP-S10-R06-0324,324,717,143639303,2^143639303-1,STRUCTURAL_SCREEN_EXHAUSTED_PRIMALITY_UNASSIGNED,FIRST_SINGULARITY_SHELL_EXHAUSTED_PRIMALITY_UNASSIGNED,514,9595,9595,NO_RECORDED_FACTOR_PRP_OR_LL_RESULT_AND_NO_ACTIVE_GIMPS_ASSIGNMENT,2026-08-05T20:30:43+00:00,UNALLOCATED,,,,,
MP-S10-R06-0325,325,718,143639333,2^143639333-1,STRUCTURAL_SCREEN_EXHAUSTED_PRIMALITY_UNASSIGNED,FIRST_SINGULARITY_SHELL_EXHAUSTED_PRIMALITY_UNASSIGNED,513,9595,9595,NO_RECORDED_FACTOR_PRP_OR_LL_RESULT_AND_NO_ACTIVE_GIMPS_ASSIGNMENT,2026-08-05T20:30:43+00:00,UNALLOCATED,,,,,
MP-S10-R06-0326,326,719,143639401,2^143639401-1,STRUCTURAL_SCREEN_EXHAUSTED_PRIMALITY_UNASSIGNED,FIRST_SINGULARITY_SHELL_EXHAUSTED_PRIMALITY_UNASSIGNED,513,9595,9595,NO_RECORDED_FACTOR_PRP_OR_LL_RESULT_AND_NO_ACTIVE_GIMPS_ASSIGNMENT,2026-08-05T20:30:43+00:00,UNALLOCATED,,,,,
MP-S10-R06-0327,327,720,143639497,2^143639497-1,STRUCTURAL_SCREEN_EXHAUSTED_PRIMALITY_UNASSIGNED,FIRST_SINGULARITY_SHELL_EXHAUSTED_PRIMALITY_UNASSIGNED,513,9595,9595,NO_RECORDED_FACTOR_PRP_OR_LL_RESULT_AND_NO_ACTIVE_GIMPS_ASSIGNMENT,2026-08-05T20:30:43+00:00,UNALLOCATED,,,,,
MP-S10-R06-0328,328,721,143639701,2^143639701-1,STRUCTURAL_SCREEN_EXHAUSTED_PRIMALITY_UNASSIGNED,FIRST_SINGULARITY_SHELL_EXHAUSTED_PRIMALITY_UNASSIGNED,513,9595,9595,NO_RECORDED_FACTOR_PRP_OR_LL_RESULT_AND_NO_ACTIVE_GIMPS_ASSIGNMENT,2026-08-05T20:30:43+00:00,UNALLOCATED,,,,,
MP-S10-R06-0329,329,722,143639711,2^143639711-1,STRUCTURAL_SCREEN_EXHAUSTED_PRIMALITY_UNASSIGNED,FIRST_SINGULARITY_SHELL_EXHAUSTED_PRIMALITY_UNASSIGNED,514,9595,9595,NO_RECORDED_FACTOR_PRP_OR_LL_RESULT_AND_NO_ACTIVE_GIMPS_ASSIGNMENT,2026-08-05T20:30:43+00:00,UNALLOCATED,,,,,
MP-S10-R06-0330,330,723,143639723,2^143639723-1,STRUCTURAL_SCREEN_EXHAUSTED_PRIMALITY_UNASSIGNED,FIRST_SINGULARITY_SHELL_EXHAUSTED_PRIMALITY_UNASSIGNED,514,9595,9595,NO_RECORDED_FACTOR_PRP_OR_LL_RESULT_AND_NO_ACTIVE_GIMPS_ASSIGNMENT,2026-08-05T20:30:43+00:00,UNALLOCATED,,,,,
MP-S10-R06-0331,331,724,143639779,2^143639779-1,STRUCTURAL_SCREEN_EXHAUSTED_PRIMALITY_UNASSIGNED,FIRST_SINGULARITY_SHELL_EXHAUSTED_PRIMALITY_UNASSIGNED,514,9595,9595,NO_RECORDED_FACTOR_PRP_OR_LL_RESULT_AND_NO_ACTIVE_GIMPS_ASSIGNMENT,2026-08-05T20:30:43+00:00,UNALLOCATED,,,,,
MP-S10-R06-0332,332,725,143639819,2^143639819-1,STRUCTURAL_SCREEN_EXHAUSTED_PRIMALITY_UNASSIGNED,FIRST_SINGULARITY_SHELL_EXHAUSTED_PRIMALITY_UNASSIGNED,514,9595,9595,NO_RECORDED_FACTOR_PRP_OR_LL_RESULT_AND_NO_ACTIVE_GIMPS_ASSIGNMENT,2026-08-05T20:30:43+00:00,UNALLOCATED,,,,,
MP-S10-R06-0333,333,726,143639827,2^143639827-1,STRUCTURAL_SCREEN_EXHAUSTED_PRIMALITY_UNASSIGNED,FIRST_SINGULARITY_SHELL_EXHAUSTED_PRIMALITY_UNASSIGNED,514,9595,9595,NO_RECORDED_FACTOR_PRP_OR_LL_RESULT_AND_NO_ACTIVE_GIMPS_ASSIGNMENT,2026-08-05T20:30:43+00:00,UNALLOCATED,,,,,
MP-S10-R06-0334,334,727,143639843,2^143639843-1,STRUCTURAL_SCREEN_EXHAUSTED_PRIMALITY_UNASSIGNED,FIRST_SINGULARITY_SHELL_EXHAUSTED_PRIMALITY_UNASSIGNED,514,9595,9595,NO_RECORDED_FACTOR_PRP_OR_LL_RESULT_AND_NO_ACTIVE_GIMPS_ASSIGNMENT,2026-08-05T20:30:43+00:00,UNALLOCATED,,,,,
MP-S10-R06-0335,335,728,143639861,2^143639861-1,STRUCTURAL_SCREEN_EXHAUSTED_PRIMALITY_UNASSIGNED,FIRST_SINGULARITY_SHELL_EXHAUSTED_PRIMALITY_UNASSIGNED,513,9595,9595,NO_RECORDED_FACTOR_PRP_OR_LL_RESULT_AND_NO_ACTIVE_GIMPS_ASSIGNMENT,2026-08-05T20:30:43+00:00,UNALLOCATED,,,,,
MP-S10-R06-0336,336,729,143639939,2^143639939-1,STRUCTURAL_SCREEN_EXHAUSTED_PRIMALITY_UNASSIGNED,FIRST_SINGULARITY_SHELL_EXHAUSTED_PRIMALITY_UNASSIGNED,514,9595,9595,NO_RECORDED_FACTOR_PRP_OR_LL_RESULT_AND_NO_ACTIVE_GIMPS_ASSIGNMENT,2026-08-05T20:30:43+00:00,UNALLOCATED,,,,,
MP-S10-R06-0337,337,730,143640041,2^143640041-1,STRUCTURAL_SCREEN_EXHAUSTED_PRIMALITY_UNASSIGNED,FIRST_SINGULARITY_SHELL_EXHAUSTED_PRIMALITY_UNASSIGNED,513,9595,9595,NO_RECORDED_FACTOR_PRP_OR_LL_RESULT_AND_NO_ACTIVE_GIMPS_ASSIGNMENT,2026-08-05T20:30:43+00:00,UNALLOCATED,,,,,
MP-S10-R06-0338,338,731,143640071,2^143640071-1,STRUCTURAL_SCREEN_EXHAUSTED_PRIMALITY_UNASSIGNED,FIRST_SINGULARITY_SHELL_EXHAUSTED_PRIMALITY_UNASSIGNED,514,9595,9595,NO_RECORDED_FACTOR_PRP_OR_LL_RESULT_AND_NO_ACTIVE_GIMPS_ASSIGNMENT,2026-08-05T20:30:43+00:00,UNALLOCATED,,,,,
MP-S10-R06-0339,339,732,143640121,2^143640121-1,STRUCTURAL_SCREEN_EXHAUSTED_PRIMALITY_UNASSIGNED,FIRST_SINGULARITY_SHELL_EXHAUSTED_PRIMALITY_UNASSIGNED,513,9595,9595,NO_RECORDED_FACTOR_PRP_OR_LL_RESULT_AND_NO_ACTIVE_GIMPS_ASSIGNMENT,2026-08-05T20:30:43+00:00,UNALLOCATED,,,,,
MP-S10-R06-0340,340,733,143640137,2^143640137-1,STRUCTURAL_SCREEN_EXHAUSTED_PRIMALITY_UNASSIGNED,FIRST_SINGULARITY_SHELL_EXHAUSTED_PRIMALITY_UNASSIGNED,513,9595,9595,NO_RECORDED_FACTOR_PRP_OR_LL_RESULT_AND_NO_ACTIVE_GIMPS_ASSIGNMENT,2026-08-05T20:30:43+00:00,UNALLOCATED,,,,,
MP-S10-R06-0341,341,734,143640139,2^143640139-1,STRUCTURAL_SCREEN_EXHAUSTED_PRIMALITY_UNASSIGNED,FIRST_SINGULARITY_SHELL_EXHAUSTED_PRIMALITY_UNASSIGNED,514,9595,9595,NO_RECORDED_FACTOR_PRP_OR_LL_RESULT_AND_NO_ACTIVE_GIMPS_ASSIGNMENT,2026-08-05T20:30:43+00:00,UNALLOCATED,,,,,
MP-S10-R06-0342,342,735,143640199,2^143640199-1,STRUCTURAL_SCREEN_EXHAUSTED_PRIMALITY_UNASSIGNED,FIRST_SINGULARITY_SHELL_EXHAUSTED_PRIMALITY_UNASSIGNED,514,9595,9595,NO_RECORDED_FACTOR_PRP_OR_LL_RESULT_AND_NO_ACTIVE_GIMPS_ASSIGNMENT,2026-08-05T20:30:43+00:00,UNALLOCATED,,,,,
MP-S10-R06-0343,343,736,143640269,2^143640269-1,STRUCTURAL_SCREEN_EXHAUSTED_PRIMALITY_UNASSIGNED,FIRST_SINGULARITY_SHELL_EXHAUSTED_PRIMALITY_UNASSIGNED,513,9595,9595,NO_RECORDED_FACTOR_PRP_OR_LL_RESULT_AND_NO_ACTIVE_GIMPS_ASSIGNMENT,2026-08-05T20:30:43+00:00,UNALLOCATED,,,,,
MP-S10-R06-0344,344,737,143640283,2^143640283-1,STRUCTURAL_SCREEN_EXHAUSTED_PRIMALITY_UNASSIGNED,FIRST_SINGULARITY_SHELL_EXHAUSTED_PRIMALITY_UNASSIGNED,514,9595,9595,NO_RECORDED_FACTOR_PRP_OR_LL_RESULT_AND_NO_ACTIVE_GIMPS_ASSIGNMENT,2026-08-05T20:30:43+00:00,UNALLOCATED,,,,,
MP-S10-R06-0345,345,738,143640337,2^143640337-1,STRUCTURAL_SCREEN_EXHAUSTED_PRIMALITY_UNASSIGNED,FIRST_SINGULARITY_SHELL_EXHAUSTED_PRIMALITY_UNASSIGNED,513,9595,9595,NO_RECORDED_FACTOR_PRP_OR_LL_RESULT_AND_NO_ACTIVE_GIMPS_ASSIGNMENT,2026-08-05T20:30:43+00:00,UNALLOCATED,,,,,
MP-S10-R06-0346,346,739,143640467,2^143640467-1,STRUCTURAL_SCREEN_EXHAUSTED_PRIMALITY_UNASSIGNED,FIRST_SINGULARITY_SHELL_EXHAUSTED_PRIMALITY_UNASSIGNED,514,9595,9595,NO_RECORDED_FACTOR_PRP_OR_LL_RESULT_AND_NO_ACTIVE_GIMPS_ASSIGNMENT,2026-08-05T20:30:43+00:00,UNALLOCATED,,,,,
MP-S10-R06-0347,347,750,143641009,2^143641009-1,STRUCTURAL_SCREEN_EXHAUSTED_PRIMALITY_UNASSIGNED,FIRST_SINGULARITY_SHELL_EXHAUSTED_PRIMALITY_UNASSIGNED,513,9595,9595,NO_RECORDED_FACTOR_PRP_OR_LL_RESULT_AND_NO_ACTIVE_GIMPS_ASSIGNMENT,2026-08-05T20:30:43+00:00,UNALLOCATED,,,,,
MP-S10-R06-0348,348,791,143643571,2^143643571-1,STRUCTURAL_SCREEN_EXHAUSTED_PRIMALITY_UNASSIGNED,FIRST_SINGULARITY_SHELL_EXHAUSTED_PRIMALITY_UNASSIGNED,514,9595,9595,NO_RECORDED_FACTOR_PRP_OR_LL_RESULT_AND_NO_ACTIVE_GIMPS_ASSIGNMENT,2026-08-05T20:30:43+00:00,UNALLOCATED,,,,,
MP-S10-R06-0349,349,792,143643611,2^143643611-1,STRUCTURAL_SCREEN_EXHAUSTED_PRIMALITY_UNASSIGNED,FIRST_SINGULARITY_SHELL_EXHAUSTED_PRIMALITY_UNASSIGNED,514,9595,9595,NO_RECORDED_FACTOR_PRP_OR_LL_RESULT_AND_NO_ACTIVE_GIMPS_ASSIGNMENT,2026-08-05T20:30:43+00:00,UNALLOCATED,,,,,
MP-S10-R06-0350,350,793,143643793,2^143643793-1,STRUCTURAL_SCREEN_EXHAUSTED_PRIMALITY_UNASSIGNED,FIRST_SINGULARITY_SHELL_EXHAUSTED_PRIMALITY_UNASSIGNED,513,9595,9595,NO_RECORDED_FACTOR_PRP_OR_LL_RESULT_AND_NO_ACTIVE_GIMPS_ASSIGNMENT,2026-08-05T20:30:43+00:00,UNALLOCATED,,,,,
MP-S10-R06-0351,351,794,143643839,2^143643839-1,STRUCTURAL_SCREEN_EXHAUSTED_PRIMALITY_UNASSIGNED,FIRST_SINGULARITY_SHELL_EXHAUSTED_PRIMALITY_UNASSIGNED,514,9595,9595,NO_RECORDED_FACTOR_PRP_OR_LL_RESULT_AND_NO_ACTIVE_GIMPS_ASSIGNMENT,2026-08-05T20:30:43+00:00,UNALLOCATED,,,,,
MP-S10-R06-0352,352,795,143643943,2^143643943-1,STRUCTURAL_SCREEN_EXHAUSTED_PRIMALITY_UNASSIGNED,FIRST_SINGULARITY_SHELL_EXHAUSTED_PRIMALITY_UNASSIGNED,514,9595,9595,NO_RECORDED_FACTOR_PRP_OR_LL_RESULT_AND_NO_ACTIVE_GIMPS_ASSIGNMENT,2026-08-05T20:30:43+00:00,UNALLOCATED,,,,,
MP-S10-R06-0353,353,796,143643949,2^143643949-1,STRUCTURAL_SCREEN_EXHAUSTED_PRIMALITY_UNASSIGNED,FIRST_SINGULARITY_SHELL_EXHAUSTED_PRIMALITY_UNASSIGNED,513,9595,9595,NO_RECORDED_FACTOR_PRP_OR_LL_RESULT_AND_NO_ACTIVE_GIMPS_ASSIGNMENT,2026-08-05T20:30:43+00:00,UNALLOCATED,,,,,
MP-S10-R06-0354,354,797,143643961,2^143643961-1,STRUCTURAL_SCREEN_EXHAUSTED_PRIMALITY_UNASSIGNED,FIRST_SINGULARITY_SHELL_EXHAUSTED_PRIMALITY_UNASSIGNED,513,9595,9595,NO_RECORDED_FACTOR_PRP_OR_LL_RESULT_AND_NO_ACTIVE_GIMPS_ASSIGNMENT,2026-08-05T20:30:43+00:00,UNALLOCATED,,,,,
MP-S10-R06-0355,355,798,143644057,2^143644057-1,STRUCTURAL_SCREEN_EXHAUSTED_PRIMALITY_UNASSIGNED,FIRST_SINGULARITY_SHELL_EXHAUSTED_PRIMALITY_UNASSIGNED,513,9595,9595,NO_RECORDED_FACTOR_PRP_OR_LL_RESULT_AND_NO_ACTIVE_GIMPS_ASSIGNMENT,2026-08-05T20:30:43+00:00,UNALLOCATED,,,,,
MP-S10-R06-0356,356,799,143644087,2^143644087-1,STRUCTURAL_SCREEN_EXHAUSTED_PRIMALITY_UNASSIGNED,FIRST_SINGULARITY_SHELL_EXHAUSTED_PRIMALITY_UNASSIGNED,514,9595,9595,NO_RECORDED_FACTOR_PRP_OR_LL_RESULT_AND_NO_ACTIVE_GIMPS_ASSIGNMENT,2026-08-05T20:30:43+00:00,UNALLOCATED,,,,,
MP-S10-R06-0357,357,800,143644097,2^143644097-1,STRUCTURAL_SCREEN_EXHAUSTED_PRIMALITY_UNASSIGNED,FIRST_SINGULARITY_SHELL_EXHAUSTED_PRIMALITY_UNASSIGNED,513,9595,9595,NO_RECORDED_FACTOR_PRP_OR_LL_RESULT_AND_NO_ACTIVE_GIMPS_ASSIGNMENT,2026-08-05T20:30:43+00:00,UNALLOCATED,,,,,
MP-S10-R06-0358,358,801,143644103,2^143644103-1,STRUCTURAL_SCREEN_EXHAUSTED_PRIMALITY_UNASSIGNED,FIRST_SINGULARITY_SHELL_EXHAUSTED_PRIMALITY_UNASSIGNED,514,9595,9595,NO_RECORDED_FACTOR_PRP_OR_LL_RESULT_AND_NO_ACTIVE_GIMPS_ASSIGNMENT,2026-08-05T20:30:43+00:00,UNALLOCATED,,,,,
MP-S10-R06-0359,359,802,143644201,2^143644201-1,STRUCTURAL_SCREEN_EXHAUSTED_PRIMALITY_UNASSIGNED,FIRST_SINGULARITY_SHELL_EXHAUSTED_PRIMALITY_UNASSIGNED,513,9595,9595,NO_RECORDED_FACTOR_PRP_OR_LL_RESULT_AND_NO_ACTIVE_GIMPS_ASSIGNMENT,2026-08-05T20:30:43+00:00,UNALLOCATED,,,,,
MP-S10-R06-0360,360,803,143644211,2^143644211-1,STRUCTURAL_SCREEN_EXHAUSTED_PRIMALITY_UNASSIGNED,FIRST_SINGULARITY_SHELL_EXHAUSTED_PRIMALITY_UNASSIGNED,514,9595,9595,NO_RECORDED_FACTOR_PRP_OR_LL_RESULT_AND_NO_ACTIVE_GIMPS_ASSIGNMENT,2026-08-05T20:30:43+00:00,UNALLOCATED,,,,,
MP-S10-R06-0361,361,804,143644229,2^143644229-1,STRUCTURAL_SCREEN_EXHAUSTED_PRIMALITY_UNASSIGNED,FIRST_SINGULARITY_SHELL_EXHAUSTED_PRIMALITY_UNASSIGNED,513,9595,9595,NO_RECORDED_FACTOR_PRP_OR_LL_RESULT_AND_NO_ACTIVE_GIMPS_ASSIGNMENT,2026-08-05T20:30:43+00:00,UNALLOCATED,,,,,
MP-S10-R06-0362,362,805,143644243,2^143644243-1,STRUCTURAL_SCREEN_EXHAUSTED_PRIMALITY_UNASSIGNED,FIRST_SINGULARITY_SHELL_EXHAUSTED_PRIMALITY_UNASSIGNED,514,9595,9595,NO_RECORDED_FACTOR_PRP_OR_LL_RESULT_AND_NO_ACTIVE_GIMPS_ASSIGNMENT,2026-08-05T20:30:43+00:00,UNALLOCATED,,,,,
MP-S10-R06-0363,363,806,143644247,2^143644247-1,STRUCTURAL_SCREEN_EXHAUSTED_PRIMALITY_UNASSIGNED,FIRST_SINGULARITY_SHELL_EXHAUSTED_PRIMALITY_UNASSIGNED,514,9595,9595,NO_RECORDED_FACTOR_PRP_OR_LL_RESULT_AND_NO_ACTIVE_GIMPS_ASSIGNMENT,2026-08-05T20:30:43+00:00,UNALLOCATED,,,,,
MP-S10-R06-0364,364,807,143644261,2^143644261-1,STRUCTURAL_SCREEN_EXHAUSTED_PRIMALITY_UNASSIGNED,FIRST_SINGULARITY_SHELL_EXHAUSTED_PRIMALITY_UNASSIGNED,513,9595,9595,NO_RECORDED_FACTOR_PRP_OR_LL_RESULT_AND_NO_ACTIVE_GIMPS_ASSIGNMENT,2026-08-05T20:30:43+00:00,UNALLOCATED,,,,,
MP-S10-R06-0365,365,808,143644327,2^143644327-1,STRUCTURAL_SCREEN_EXHAUSTED_PRIMALITY_UNASSIGNED,FIRST_SINGULARITY_SHELL_EXHAUSTED_PRIMALITY_UNASSIGNED,514,9595,9595,NO_RECORDED_FACTOR_PRP_OR_LL_RESULT_AND_NO_ACTIVE_GIMPS_ASSIGNMENT,2026-08-05T20:30:43+00:00,UNALLOCATED,,,,,
MP-S10-R06-0366,366,809,143644349,2^143644349-1,STRUCTURAL_SCREEN_EXHAUSTED_PRIMALITY_UNASSIGNED,FIRST_SINGULARITY_SHELL_EXHAUSTED_PRIMALITY_UNASSIGNED,513,9595,9595,NO_RECORDED_FACTOR_PRP_OR_LL_RESULT_AND_NO_ACTIVE_GIMPS_ASSIGNMENT,2026-08-05T20:30:43+00:00,UNALLOCATED,,,,,
MP-S10-R06-0367,367,810,143644367,2^143644367-1,STRUCTURAL_SCREEN_EXHAUSTED_PRIMALITY_UNASSIGNED,FIRST_SINGULARITY_SHELL_EXHAUSTED_PRIMALITY_UNASSIGNED,514,9595,9595,NO_RECORDED_FACTOR_PRP_OR_LL_RESULT_AND_NO_ACTIVE_GIMPS_ASSIGNMENT,2026-08-05T20:30:43+00:00,UNALLOCATED,,,,,
MP-S10-R06-0368,368,811,143644399,2^143644399-1,STRUCTURAL_SCREEN_EXHAUSTED_PRIMALITY_UNASSIGNED,FIRST_SINGULARITY_SHELL_EXHAUSTED_PRIMALITY_UNASSIGNED,514,9595,9595,NO_RECORDED_FACTOR_PRP_OR_LL_RESULT_AND_NO_ACTIVE_GIMPS_ASSIGNMENT,2026-08-05T20:30:43+00:00,UNALLOCATED,,,,,
MP-S10-R06-0369,369,812,143644439,2^143644439-1,STRUCTURAL_SCREEN_EXHAUSTED_PRIMALITY_UNASSIGNED,FIRST_SINGULARITY_SHELL_EXHAUSTED_PRIMALITY_UNASSIGNED,514,9595,9595,NO_RECORDED_FACTOR_PRP_OR_LL_RESULT_AND_NO_ACTIVE_GIMPS_ASSIGNMENT,2026-08-05T20:30:43+00:00,UNALLOCATED,,,,,
MP-S10-R06-0370,370,813,143644537,2^143644537-1,STRUCTURAL_SCREEN_EXHAUSTED_PRIMALITY_UNASSIGNED,FIRST_SINGULARITY_SHELL_EXHAUSTED_PRIMALITY_UNASSIGNED,513,9595,9595,NO_RECORDED_FACTOR_PRP_OR_LL_RESULT_AND_NO_ACTIVE_GIMPS_ASSIGNMENT,2026-08-05T20:30:43+00:00,UNALLOCATED,,,,,
MP-S10-R06-0371,371,814,143644609,2^143644609-1,STRUCTURAL_SCREEN_EXHAUSTED_PRIMALITY_UNASSIGNED,FIRST_SINGULARITY_SHELL_EXHAUSTED_PRIMALITY_UNASSIGNED,513,9595,9595,NO_RECORDED_FACTOR_PRP_OR_LL_RESULT_AND_NO_ACTIVE_GIMPS_ASSIGNMENT,2026-08-05T20:30:43+00:00,UNALLOCATED,,,,,
MP-S10-R06-0372,372,815,143644649,2^143644649-1,STRUCTURAL_SCREEN_EXHAUSTED_PRIMALITY_UNASSIGNED,FIRST_SINGULARITY_SHELL_EXHAUSTED_PRIMALITY_UNASSIGNED,513,9595,9595,NO_RECORDED_FACTOR_PRP_OR_LL_RESULT_AND_NO_ACTIVE_GIMPS_ASSIGNMENT,2026-08-05T20:30:43+00:00,UNALLOCATED,,,,,
MP-S10-R06-0373,373,816,143644651,2^143644651-1,STRUCTURAL_SCREEN_EXHAUSTED_PRIMALITY_UNASSIGNED,FIRST_SINGULARITY_SHELL_EXHAUSTED_PRIMALITY_UNASSIGNED,514,9595,9595,NO_RECORDED_FACTOR_PRP_OR_LL_RESULT_AND_NO_ACTIVE_GIMPS_ASSIGNMENT,2026-08-05T20:30:43+00:00,UNALLOCATED,,,,,
MP-S10-R06-0374,374,817,143644741,2^143644741-1,STRUCTURAL_SCREEN_EXHAUSTED_PRIMALITY_UNASSIGNED,FIRST_SINGULARITY_SHELL_EXHAUSTED_PRIMALITY_UNASSIGNED,513,9595,9595,NO_RECORDED_FACTOR_PRP_OR_LL_RESULT_AND_NO_ACTIVE_GIMPS_ASSIGNMENT,2026-08-05T20:30:43+00:00,UNALLOCATED,,,,,
MP-S10-R06-0375,375,818,143644789,2^143644789-1,STRUCTURAL_SCREEN_EXHAUSTED_PRIMALITY_UNASSIGNED,FIRST_SINGULARITY_SHELL_EXHAUSTED_PRIMALITY_UNASSIGNED,513,9595,9595,NO_RECORDED_FACTOR_PRP_OR_LL_RESULT_AND_NO_ACTIVE_GIMPS_ASSIGNMENT,2026-08-05T20:30:43+00:00,UNALLOCATED,,,,,
MP-S10-R06-0376,376,819,143644987,2^143644987-1,STRUCTURAL_SCREEN_EXHAUSTED_PRIMALITY_UNASSIGNED,FIRST_SINGULARITY_SHELL_EXHAUSTED_PRIMALITY_UNASSIGNED,514,9595,9595,NO_RECORDED_FACTOR_PRP_OR_LL_RESULT_AND_NO_ACTIVE_GIMPS_ASSIGNMENT,2026-08-05T20:30:43+00:00,UNALLOCATED,,,,,
MP-S10-R06-0377,377,820,143645009,2^143645009-1,STRUCTURAL_SCREEN_EXHAUSTED_PRIMALITY_UNASSIGNED,FIRST_SINGULARITY_SHELL_EXHAUSTED_PRIMALITY_UNASSIGNED,513,9595,9595,NO_RECORDED_FACTOR_PRP_OR_LL_RESULT_AND_NO_ACTIVE_GIMPS_ASSIGNMENT,2026-08-05T20:30:43+00:00,UNALLOCATED,,,,,
MP-S10-R06-0378,378,821,143645011,2^143645011-1,STRUCTURAL_SCREEN_EXHAUSTED_PRIMALITY_UNASSIGNED,FIRST_SINGULARITY_SHELL_EXHAUSTED_PRIMALITY_UNASSIGNED,514,9595,9595,NO_RECORDED_FACTOR_PRP_OR_LL_RESULT_AND_NO_ACTIVE_GIMPS_ASSIGNMENT,2026-08-05T20:30:43+00:00,UNALLOCATED,,,,,
MP-S10-R06-0379,379,822,143645071,2^143645071-1,STRUCTURAL_SCREEN_EXHAUSTED_PRIMALITY_UNASSIGNED,FIRST_SINGULARITY_SHELL_EXHAUSTED_PRIMALITY_UNASSIGNED,514,9595,9595,NO_RECORDED_FACTOR_PRP_OR_LL_RESULT_AND_NO_ACTIVE_GIMPS_ASSIGNMENT,2026-08-05T20:30:43+00:00,UNALLOCATED,,,,,
MP-S10-R06-0380,380,823,143645191,2^143645191-1,STRUCTURAL_SCREEN_EXHAUSTED_PRIMALITY_UNASSIGNED,FIRST_SINGULARITY_SHELL_EXHAUSTED_PRIMALITY_UNASSIGNED,514,9595,9595,NO_RECORDED_FACTOR_PRP_OR_LL_RESULT_AND_NO_ACTIVE_GIMPS_ASSIGNMENT,2026-08-05T20:30:43+00:00,UNALLOCATED,,,,,
MP-S10-R06-0381,381,825,143645303,2^143645303-1,STRUCTURAL_SCREEN_EXHAUSTED_PRIMALITY_UNASSIGNED,FIRST_SINGULARITY_SHELL_EXHAUSTED_PRIMALITY_UNASSIGNED,514,9595,9595,NO_RECORDED_FACTOR_PRP_OR_LL_RESULT_AND_NO_ACTIVE_GIMPS_ASSIGNMENT,2026-08-05T20:30:43+00:00,UNALLOCATED,,,,,
MP-S10-R06-0382,382,826,143645309,2^143645309-1,STRUCTURAL_SCREEN_EXHAUSTED_PRIMALITY_UNASSIGNED,FIRST_SINGULARITY_SHELL_EXHAUSTED_PRIMALITY_UNASSIGNED,513,9595,9595,NO_RECORDED_FACTOR_PRP_OR_LL_RESULT_AND_NO_ACTIVE_GIMPS_ASSIGNMENT,2026-08-05T20:30:43+00:00,UNALLOCATED,,,,,
MP-S10-R06-0383,383,827,143645321,2^143645321-1,STRUCTURAL_SCREEN_EXHAUSTED_PRIMALITY_UNASSIGNED,FIRST_SINGULARITY_SHELL_EXHAUSTED_PRIMALITY_UNASSIGNED,513,9595,9595,NO_RECORDED_FACTOR_PRP_OR_LL_RESULT_AND_NO_ACTIVE_GIMPS_ASSIGNMENT,2026-08-05T20:30:43+00:00,UNALLOCATED,,,,,
MP-S10-R06-0384,384,828,143645371,2^143645371-1,STRUCTURAL_SCREEN_EXHAUSTED_PRIMALITY_UNASSIGNED,FIRST_SINGULARITY_SHELL_EXHAUSTED_PRIMALITY_UNASSIGNED,514,9595,9595,NO_RECORDED_FACTOR_PRP_OR_LL_RESULT_AND_NO_ACTIVE_GIMPS_ASSIGNMENT,2026-08-05T20:30:43+00:00,UNALLOCATED,,,,,
MP-S10-R06-0385,385,829,143645417,2^143645417-1,STRUCTURAL_SCREEN_EXHAUSTED_PRIMALITY_UNASSIGNED,FIRST_SINGULARITY_SHELL_EXHAUSTED_PRIMALITY_UNASSIGNED,513,9595,9595,NO_RECORDED_FACTOR_PRP_OR_LL_RESULT_AND_NO_ACTIVE_GIMPS_ASSIGNMENT,2026-08-05T20:30:43+00:00,UNALLOCATED,,,,,
MP-S10-R06-0386,386,830,143645429,2^143645429-1,STRUCTURAL_SCREEN_EXHAUSTED_PRIMALITY_UNASSIGNED,FIRST_SINGULARITY_SHELL_EXHAUSTED_PRIMALITY_UNASSIGNED,513,9595,9595,NO_RECORDED_FACTOR_PRP_OR_LL_RESULT_AND_NO_ACTIVE_GIMPS_ASSIGNMENT,2026-08-05T20:30:43+00:00,UNALLOCATED,,,,,
MP-S10-R06-0387,387,831,143645477,2^143645477-1,STRUCTURAL_SCREEN_EXHAUSTED_PRIMALITY_UNASSIGNED,FIRST_SINGULARITY_SHELL_EXHAUSTED_PRIMALITY_UNASSIGNED,513,9595,9595,NO_RECORDED_FACTOR_PRP_OR_LL_RESULT_AND_NO_ACTIVE_GIMPS_ASSIGNMENT,2026-08-05T20:30:43+00:00,UNALLOCATED,,,,,
MP-S10-R06-0388,388,832,143645587,2^143645587-1,STRUCTURAL_SCREEN_EXHAUSTED_PRIMALITY_UNASSIGNED,FIRST_SINGULARITY_SHELL_EXHAUSTED_PRIMALITY_UNASSIGNED,514,9595,9595,NO_RECORDED_FACTOR_PRP_OR_LL_RESULT_AND_NO_ACTIVE_GIMPS_ASSIGNMENT,2026-08-05T20:30:43+00:00,UNALLOCATED,,,,,
MP-S10-R06-0389,389,833,143645609,2^143645609-1,STRUCTURAL_SCREEN_EXHAUSTED_PRIMALITY_UNASSIGNED,FIRST_SINGULARITY_SHELL_EXHAUSTED_PRIMALITY_UNASSIGNED,513,9595,9595,NO_RECORDED_FACTOR_PRP_OR_LL_RESULT_AND_NO_ACTIVE_GIMPS_ASSIGNMENT,2026-08-05T20:30:43+00:00,UNALLOCATED,,,,,
MP-S10-R06-0390,390,834,143645639,2^143645639-1,STRUCTURAL_SCREEN_EXHAUSTED_PRIMALITY_UNASSIGNED,FIRST_SINGULARITY_SHELL_EXHAUSTED_PRIMALITY_UNASSIGNED,514,9595,9595,NO_RECORDED_FACTOR_PRP_OR_LL_RESULT_AND_NO_ACTIVE_GIMPS_ASSIGNMENT,2026-08-05T20:30:43+00:00,UNALLOCATED,,,,,
MP-S10-R06-0391,391,835,143645669,2^143645669-1,STRUCTURAL_SCREEN_EXHAUSTED_PRIMALITY_UNASSIGNED,FIRST_SINGULARITY_SHELL_EXHAUSTED_PRIMALITY_UNASSIGNED,513,9595,9595,NO_RECORDED_FACTOR_PRP_OR_LL_RESULT_AND_NO_ACTIVE_GIMPS_ASSIGNMENT,2026-08-05T20:30:43+00:00,UNALLOCATED,,,,,
MP-S10-R06-0392,392,836,143645683,2^143645683-1,STRUCTURAL_SCREEN_EXHAUSTED_PRIMALITY_UNASSIGNED,FIRST_SINGULARITY_SHELL_EXHAUSTED_PRIMALITY_UNASSIGNED,514,9595,9595,NO_RECORDED_FACTOR_PRP_OR_LL_RESULT_AND_NO_ACTIVE_GIMPS_ASSIGNMENT,2026-08-05T20:30:43+00:00,UNALLOCATED,,,,,
MP-S10-R06-0393,393,837,143645813,2^143645813-1,STRUCTURAL_SCREEN_EXHAUSTED_PRIMALITY_UNASSIGNED,FIRST_SINGULARITY_SHELL_EXHAUSTED_PRIMALITY_UNASSIGNED,513,9595,9595,NO_RECORDED_FACTOR_PRP_OR_LL_RESULT_AND_NO_ACTIVE_GIMPS_ASSIGNMENT,2026-08-05T20:30:43+00:00,UNALLOCATED,,,,,
MP-S10-R06-0394,394,838,143645863,2^143645863-1,STRUCTURAL_SCREEN_EXHAUSTED_PRIMALITY_UNASSIGNED,FIRST_SINGULARITY_SHELL_EXHAUSTED_PRIMALITY_UNASSIGNED,514,9595,9595,NO_RECORDED_FACTOR_PRP_OR_LL_RESULT_AND_NO_ACTIVE_GIMPS_ASSIGNMENT,2026-08-05T20:30:43+00:00,UNALLOCATED,,,,,
MP-S10-R06-0395,395,839,143645893,2^143645893-1,STRUCTURAL_SCREEN_EXHAUSTED_PRIMALITY_UNASSIGNED,FIRST_SINGULARITY_SHELL_EXHAUSTED_PRIMALITY_UNASSIGNED,513,9595,9595,NO_RECORDED_FACTOR_PRP_OR_LL_RESULT_AND_NO_ACTIVE_GIMPS_ASSIGNMENT,2026-08-05T20:30:43+00:00,UNALLOCATED,,,,,
MP-S10-R06-0396,396,840,143645897,2^143645897-1,STRUCTURAL_SCREEN_EXHAUSTED_PRIMALITY_UNASSIGNED,FIRST_SINGULARITY_SHELL_EXHAUSTED_PRIMALITY_UNASSIGNED,513,9595,9595,NO_RECORDED_FACTOR_PRP_OR_LL_RESULT_AND_NO_ACTIVE_GIMPS_ASSIGNMENT,2026-08-05T20:30:43+00:00,UNALLOCATED,,,,,
MP-S10-R06-0397,397,841,143645917,2^143645917-1,STRUCTURAL_SCREEN_EXHAUSTED_PRIMALITY_UNASSIGNED,FIRST_SINGULARITY_SHELL_EXHAUSTED_PRIMALITY_UNASSIGNED,513,9595,9595,NO_RECORDED_FACTOR_PRP_OR_LL_RESULT_AND_NO_ACTIVE_GIMPS_ASSIGNMENT,2026-08-05T20:30:43+00:00,UNALLOCATED,,,,,
MP-S10-R06-0398,398,842,143645941,2^143645941-1,STRUCTURAL_SCREEN_EXHAUSTED_PRIMALITY_UNASSIGNED,FIRST_SINGULARITY_SHELL_EXHAUSTED_PRIMALITY_UNASSIGNED,513,9595,9595,NO_RECORDED_FACTOR_PRP_OR_LL_RESULT_AND_NO_ACTIVE_GIMPS_ASSIGNMENT,2026-08-05T20:30:43+00:00,UNALLOCATED,,,,,
MP-S10-R06-0399,399,843,143645987,2^143645987-1,STRUCTURAL_SCREEN_EXHAUSTED_PRIMALITY_UNASSIGNED,FIRST_SINGULARITY_SHELL_EXHAUSTED_PRIMALITY_UNASSIGNED,514,9595,9595,NO_RECORDED_FACTOR_PRP_OR_LL_RESULT_AND_NO_ACTIVE_GIMPS_ASSIGNMENT,2026-08-05T20:30:43+00:00,UNALLOCATED,,,,,
MP-S10-R06-0400,400,844,143646037,2^143646037-1,STRUCTURAL_SCREEN_EXHAUSTED_PRIMALITY_UNASSIGNED,FIRST_SINGULARITY_SHELL_EXHAUSTED_PRIMALITY_UNASSIGNED,513,9595,9595,NO_RECORDED_FACTOR_PRP_OR_LL_RESULT_AND_NO_ACTIVE_GIMPS_ASSIGNMENT,2026-08-05T20:30:43+00:00,UNALLOCATED,,,,,
MP-S10-R06-0401,401,845,143646043,2^143646043-1,STRUCTURAL_SCREEN_EXHAUSTED_PRIMALITY_UNASSIGNED,FIRST_SINGULARITY_SHELL_EXHAUSTED_PRIMALITY_UNASSIGNED,514,9595,9595,NO_RECORDED_FACTOR_PRP_OR_LL_RESULT_AND_NO_ACTIVE_GIMPS_ASSIGNMENT,2026-08-05T20:30:43+00:00,UNALLOCATED,,,,,
MP-S10-R06-0402,402,846,143646103,2^143646103-1,STRUCTURAL_SCREEN_EXHAUSTED_PRIMALITY_UNASSIGNED,FIRST_SINGULARITY_SHELL_EXHAUSTED_PRIMALITY_UNASSIGNED,514,9595,9595,NO_RECORDED_FACTOR_PRP_OR_LL_RESULT_AND_NO_ACTIVE_GIMPS_ASSIGNMENT,2026-08-05T20:30:43+00:00,UNALLOCATED,,,,,
MP-S10-R06-0403,403,847,143646127,2^143646127-1,STRUCTURAL_SCREEN_EXHAUSTED_PRIMALITY_UNASSIGNED,FIRST_SINGULARITY_SHELL_EXHAUSTED_PRIMALITY_UNASSIGNED,514,9595,9595,NO_RECORDED_FACTOR_PRP_OR_LL_RESULT_AND_NO_ACTIVE_GIMPS_ASSIGNMENT,2026-08-05T20:30:43+00:00,UNALLOCATED,,,,,
MP-S10-R06-0404,404,848,143646197,2^143646197-1,STRUCTURAL_SCREEN_EXHAUSTED_PRIMALITY_UNASSIGNED,FIRST_SINGULARITY_SHELL_EXHAUSTED_PRIMALITY_UNASSIGNED,513,9595,9595,NO_RECORDED_FACTOR_PRP_OR_LL_RESULT_AND_NO_ACTIVE_GIMPS_ASSIGNMENT,2026-08-05T20:30:43+00:00,UNALLOCATED,,,,,
MP-S10-R06-0405,405,849,143646229,2^143646229-1,STRUCTURAL_SCREEN_EXHAUSTED_PRIMALITY_UNASSIGNED,FIRST_SINGULARITY_SHELL_EXHAUSTED_PRIMALITY_UNASSIGNED,513,9595,9595,NO_RECORDED_FACTOR_PRP_OR_LL_RESULT_AND_NO_ACTIVE_GIMPS_ASSIGNMENT,2026-08-05T20:30:43+00:00,UNALLOCATED,,,,,
MP-S10-R06-0406,406,850,143646259,2^143646259-1,STRUCTURAL_SCREEN_EXHAUSTED_PRIMALITY_UNASSIGNED,FIRST_SINGULARITY_SHELL_EXHAUSTED_PRIMALITY_UNASSIGNED,514,9595,9595,NO_RECORDED_FACTOR_PRP_OR_LL_RESULT_AND_NO_ACTIVE_GIMPS_ASSIGNMENT,2026-08-05T20:30:43+00:00,UNALLOCATED,,,,,
MP-S10-R06-0407,407,851,143646317,2^143646317-1,STRUCTURAL_SCREEN_EXHAUSTED_PRIMALITY_UNASSIGNED,FIRST_SINGULARITY_SHELL_EXHAUSTED_PRIMALITY_UNASSIGNED,513,9595,9595,NO_RECORDED_FACTOR_PRP_OR_LL_RESULT_AND_NO_ACTIVE_GIMPS_ASSIGNMENT,2026-08-05T20:30:43+00:00,UNALLOCATED,,,,,
MP-S10-R06-0408,408,853,143646499,2^143646499-1,STRUCTURAL_SCREEN_EXHAUSTED_PRIMALITY_UNASSIGNED,FIRST_SINGULARITY_SHELL_EXHAUSTED_PRIMALITY_UNASSIGNED,514,9595,9595,NO_RECORDED_FACTOR_PRP_OR_LL_RESULT_AND_NO_ACTIVE_GIMPS_ASSIGNMENT,2026-08-05T20:30:43+00:00,UNALLOCATED,,,,,
MP-S10-R06-0409,409,854,143646551,2^143646551-1,STRUCTURAL_SCREEN_EXHAUSTED_PRIMALITY_UNASSIGNED,FIRST_SINGULARITY_SHELL_EXHAUSTED_PRIMALITY_UNASSIGNED,514,9595,9595,NO_RECORDED_FACTOR_PRP_OR_LL_RESULT_AND_NO_ACTIVE_GIMPS_ASSIGNMENT,2026-08-05T20:30:43+00:00,UNALLOCATED,,,,,
MP-S10-R06-0410,410,855,143646563,2^143646563-1,STRUCTURAL_SCREEN_EXHAUSTED_PRIMALITY_UNASSIGNED,FIRST_SINGULARITY_SHELL_EXHAUSTED_PRIMALITY_UNASSIGNED,514,9595,9595,NO_RECORDED_FACTOR_PRP_OR_LL_RESULT_AND_NO_ACTIVE_GIMPS_ASSIGNMENT,2026-08-05T20:30:43+00:00,UNALLOCATED,,,,,
MP-S10-R06-0411,411,856,143646611,2^143646611-1,STRUCTURAL_SCREEN_EXHAUSTED_PRIMALITY_UNASSIGNED,FIRST_SINGULARITY_SHELL_EXHAUSTED_PRIMALITY_UNASSIGNED,514,9595,9595,NO_RECORDED_FACTOR_PRP_OR_LL_RESULT_AND_NO_ACTIVE_GIMPS_ASSIGNMENT,2026-08-05T20:30:43+00:00,UNALLOCATED,,,,,
MP-S10-R06-0412,412,857,143646649,2^143646649-1,STRUCTURAL_SCREEN_EXHAUSTED_PRIMALITY_UNASSIGNED,FIRST_SINGULARITY_SHELL_EXHAUSTED_PRIMALITY_UNASSIGNED,513,9595,9595,NO_RECORDED_FACTOR_PRP_OR_LL_RESULT_AND_NO_ACTIVE_GIMPS_ASSIGNMENT,2026-08-05T20:30:43+00:00,UNALLOCATED,,,,,
MP-S10-R06-0413,413,859,143646673,2^143646673-1,STRUCTURAL_SCREEN_EXHAUSTED_PRIMALITY_UNASSIGNED,FIRST_SINGULARITY_SHELL_EXHAUSTED_PRIMALITY_UNASSIGNED,513,9595,9595,NO_RECORDED_FACTOR_PRP_OR_LL_RESULT_AND_NO_ACTIVE_GIMPS_ASSIGNMENT,2026-08-05T20:30:43+00:00,UNALLOCATED,,,,,
MP-S10-R06-0414,414,860,143646677,2^143646677-1,STRUCTURAL_SCREEN_EXHAUSTED_PRIMALITY_UNASSIGNED,FIRST_SINGULARITY_SHELL_EXHAUSTED_PRIMALITY_UNASSIGNED,513,9595,9595,NO_RECORDED_FACTOR_PRP_OR_LL_RESULT_AND_NO_ACTIVE_GIMPS_ASSIGNMENT,2026-08-05T20:30:43+00:00,UNALLOCATED,,,,,
MP-S10-R06-0415,415,861,143646793,2^143646793-1,STRUCTURAL_SCREEN_EXHAUSTED_PRIMALITY_UNASSIGNED,FIRST_SINGULARITY_SHELL_EXHAUSTED_PRIMALITY_UNASSIGNED,513,9595,9595,NO_RECORDED_FACTOR_PRP_OR_LL_RESULT_AND_NO_ACTIVE_GIMPS_ASSIGNMENT,2026-08-05T20:30:43+00:00,UNALLOCATED,,,,,
MP-S10-R06-0416,416,862,143646941,2^143646941-1,STRUCTURAL_SCREEN_EXHAUSTED_PRIMALITY_UNASSIGNED,FIRST_SINGULARITY_SHELL_EXHAUSTED_PRIMALITY_UNASSIGNED,513,9595,9595,NO_RECORDED_FACTOR_PRP_OR_LL_RESULT_AND_NO_ACTIVE_GIMPS_ASSIGNMENT,2026-08-05T20:30:43+00:00,UNALLOCATED,,,,,
MP-S10-R06-0417,417,863,143647079,2^143647079-1,STRUCTURAL_SCREEN_EXHAUSTED_PRIMALITY_UNASSIGNED,FIRST_SINGULARITY_SHELL_EXHAUSTED_PRIMALITY_UNASSIGNED,514,9595,9595,NO_RECORDED_FACTOR_PRP_OR_LL_RESULT_AND_NO_ACTIVE_GIMPS_ASSIGNMENT,2026-08-05T20:30:43+00:00,UNALLOCATED,,,,,
MP-S10-R06-0418,418,864,143647171,2^143647171-1,STRUCTURAL_SCREEN_EXHAUSTED_PRIMALITY_UNASSIGNED,FIRST_SINGULARITY_SHELL_EXHAUSTED_PRIMALITY_UNASSIGNED,514,9595,9595,NO_RECORDED_FACTOR_PRP_OR_LL_RESULT_AND_NO_ACTIVE_GIMPS_ASSIGNMENT,2026-08-05T20:30:43+00:00,UNALLOCATED,,,,,
MP-S10-R06-0419,419,865,143647177,2^143647177-1,STRUCTURAL_SCREEN_EXHAUSTED_PRIMALITY_UNASSIGNED,FIRST_SINGULARITY_SHELL_EXHAUSTED_PRIMALITY_UNASSIGNED,513,9595,9595,NO_RECORDED_FACTOR_PRP_OR_LL_RESULT_AND_NO_ACTIVE_GIMPS_ASSIGNMENT,2026-08-05T20:30:43+00:00,UNALLOCATED,,,,,
MP-S10-R06-0420,420,867,143647267,2^143647267-1,STRUCTURAL_SCREEN_EXHAUSTED_PRIMALITY_UNASSIGNED,FIRST_SINGULARITY_SHELL_EXHAUSTED_PRIMALITY_UNASSIGNED,514,9595,9595,NO_RECORDED_FACTOR_PRP_OR_LL_RESULT_AND_NO_ACTIVE_GIMPS_ASSIGNMENT,2026-08-05T20:30:43+00:00,UNALLOCATED,,,,,
MP-S10-R06-0421,421,869,143647421,2^143647421-1,STRUCTURAL_SCREEN_EXHAUSTED_PRIMALITY_UNASSIGNED,FIRST_SINGULARITY_SHELL_EXHAUSTED_PRIMALITY_UNASSIGNED,513,9595,9595,NO_RECORDED_FACTOR_PRP_OR_LL_RESULT_AND_NO_ACTIVE_GIMPS_ASSIGNMENT,2026-08-05T20:30:43+00:00,UNALLOCATED,,,,,
MP-S10-R06-0422,422,871,143647547,2^143647547-1,STRUCTURAL_SCREEN_EXHAUSTED_PRIMALITY_UNASSIGNED,FIRST_SINGULARITY_SHELL_EXHAUSTED_PRIMALITY_UNASSIGNED,514,9595,9595,NO_RECORDED_FACTOR_PRP_OR_LL_RESULT_AND_NO_ACTIVE_GIMPS_ASSIGNMENT,2026-08-05T20:30:43+00:00,UNALLOCATED,,,,,
MP-S10-R06-0423,423,872,143647561,2^143647561-1,STRUCTURAL_SCREEN_EXHAUSTED_PRIMALITY_UNASSIGNED,FIRST_SINGULARITY_SHELL_EXHAUSTED_PRIMALITY_UNASSIGNED,513,9595,9595,NO_RECORDED_FACTOR_PRP_OR_LL_RESULT_AND_NO_ACTIVE_GIMPS_ASSIGNMENT,2026-08-05T20:30:43+00:00,UNALLOCATED,,,,,
MP-S10-R06-0424,424,888,143648411,2^143648411-1,STRUCTURAL_SCREEN_EXHAUSTED_PRIMALITY_UNASSIGNED,FIRST_SINGULARITY_SHELL_EXHAUSTED_PRIMALITY_UNASSIGNED,514,9595,9595,NO_RECORDED_FACTOR_PRP_OR_LL_RESULT_AND_NO_ACTIVE_GIMPS_ASSIGNMENT,2026-08-05T20:30:43+00:00,UNALLOCATED,,,,,
MP-S10-R06-0425,425,889,143648413,2^143648413-1,STRUCTURAL_SCREEN_EXHAUSTED_PRIMALITY_UNASSIGNED,FIRST_SINGULARITY_SHELL_EXHAUSTED_PRIMALITY_UNASSIGNED,513,9595,9595,NO_RECORDED_FACTOR_PRP_OR_LL_RESULT_AND_NO_ACTIVE_GIMPS_ASSIGNMENT,2026-08-05T20:30:43+00:00,UNALLOCATED,,,,,
MP-S10-R06-0426,426,890,143648429,2^143648429-1,STRUCTURAL_SCREEN_EXHAUSTED_PRIMALITY_UNASSIGNED,FIRST_SINGULARITY_SHELL_EXHAUSTED_PRIMALITY_UNASSIGNED,513,9595,9595,NO_RECORDED_FACTOR_PRP_OR_LL_RESULT_AND_NO_ACTIVE_GIMPS_ASSIGNMENT,2026-08-05T20:30:43+00:00,UNALLOCATED,,,,,
MP-S10-R06-0427,427,891,143648503,2^143648503-1,STRUCTURAL_SCREEN_EXHAUSTED_PRIMALITY_UNASSIGNED,FIRST_SINGULARITY_SHELL_EXHAUSTED_PRIMALITY_UNASSIGNED,514,9595,9595,NO_RECORDED_FACTOR_PRP_OR_LL_RESULT_AND_NO_ACTIVE_GIMPS_ASSIGNMENT,2026-08-05T20:30:43+00:00,UNALLOCATED,,,,,
MP-S10-R06-0428,428,892,143648507,2^143648507-1,STRUCTURAL_SCREEN_EXHAUSTED_PRIMALITY_UNASSIGNED,FIRST_SINGULARITY_SHELL_EXHAUSTED_PRIMALITY_UNASSIGNED,514,9595,9595,NO_RECORDED_FACTOR_PRP_OR_LL_RESULT_AND_NO_ACTIVE_GIMPS_ASSIGNMENT,2026-08-05T20:30:43+00:00,UNALLOCATED,,,,,
MP-S10-R06-0429,429,893,143648537,2^143648537-1,STRUCTURAL_SCREEN_EXHAUSTED_PRIMALITY_UNASSIGNED,FIRST_SINGULARITY_SHELL_EXHAUSTED_PRIMALITY_UNASSIGNED,513,9595,9595,NO_RECORDED_FACTOR_PRP_OR_LL_RESULT_AND_NO_ACTIVE_GIMPS_ASSIGNMENT,2026-08-05T20:30:43+00:00,UNALLOCATED,,,,,
MP-S10-R06-0430,430,894,143648567,2^143648567-1,STRUCTURAL_SCREEN_EXHAUSTED_PRIMALITY_UNASSIGNED,FIRST_SINGULARITY_SHELL_EXHAUSTED_PRIMALITY_UNASSIGNED,514,9595,9595,NO_RECORDED_FACTOR_PRP_OR_LL_RESULT_AND_NO_ACTIVE_GIMPS_ASSIGNMENT,2026-08-05T20:30:43+00:00,UNALLOCATED,,,,,
MP-S10-R06-0431,431,895,143648611,2^143648611-1,STRUCTURAL_SCREEN_EXHAUSTED_PRIMALITY_UNASSIGNED,FIRST_SINGULARITY_SHELL_EXHAUSTED_PRIMALITY_UNASSIGNED,514,9595,9595,NO_RECORDED_FACTOR_PRP_OR_LL_RESULT_AND_NO_ACTIVE_GIMPS_ASSIGNMENT,2026-08-05T20:30:43+00:00,UNALLOCATED,,,,,
MP-S10-R06-0432,432,896,143648711,2^143648711-1,STRUCTURAL_SCREEN_EXHAUSTED_PRIMALITY_UNASSIGNED,FIRST_SINGULARITY_SHELL_EXHAUSTED_PRIMALITY_UNASSIGNED,514,9595,9595,NO_RECORDED_FACTOR_PRP_OR_LL_RESULT_AND_NO_ACTIVE_GIMPS_ASSIGNMENT,2026-08-05T20:30:43+00:00,UNALLOCATED,,,,,
MP-S10-R06-0433,433,897,143648801,2^143648801-1,STRUCTURAL_SCREEN_EXHAUSTED_PRIMALITY_UNASSIGNED,FIRST_SINGULARITY_SHELL_EXHAUSTED_PRIMALITY_UNASSIGNED,513,9595,9595,NO_RECORDED_FACTOR_PRP_OR_LL_RESULT_AND_NO_ACTIVE_GIMPS_ASSIGNMENT,2026-08-05T20:30:43+00:00,UNALLOCATED,,,,,
MP-S10-R06-0434,434,898,143648849,2^143648849-1,STRUCTURAL_SCREEN_EXHAUSTED_PRIMALITY_UNASSIGNED,FIRST_SINGULARITY_SHELL_EXHAUSTED_PRIMALITY_UNASSIGNED,513,9595,9595,NO_RECORDED_FACTOR_PRP_OR_LL_RESULT_AND_NO_ACTIVE_GIMPS_ASSIGNMENT,2026-08-05T20:30:43+00:00,UNALLOCATED,,,,,
MP-S10-R06-0435,435,900,143649001,2^143649001-1,STRUCTURAL_SCREEN_EXHAUSTED_PRIMALITY_UNASSIGNED,FIRST_SINGULARITY_SHELL_EXHAUSTED_PRIMALITY_UNASSIGNED,513,9595,9595,NO_RECORDED_FACTOR_PRP_OR_LL_RESULT_AND_NO_ACTIVE_GIMPS_ASSIGNMENT,2026-08-05T20:30:43+00:00,UNALLOCATED,,,,,
MP-S10-R06-0436,436,901,143649017,2^143649017-1,STRUCTURAL_SCREEN_EXHAUSTED_PRIMALITY_UNASSIGNED,FIRST_SINGULARITY_SHELL_EXHAUSTED_PRIMALITY_UNASSIGNED,513,9595,9595,NO_RECORDED_FACTOR_PRP_OR_LL_RESULT_AND_NO_ACTIVE_GIMPS_ASSIGNMENT,2026-08-05T20:30:43+00:00,UNALLOCATED,,,,,
MP-S10-R06-0437,437,902,143649041,2^143649041-1,STRUCTURAL_SCREEN_EXHAUSTED_PRIMALITY_UNASSIGNED,FIRST_SINGULARITY_SHELL_EXHAUSTED_PRIMALITY_UNASSIGNED,513,9595,9595,NO_RECORDED_FACTOR_PRP_OR_LL_RESULT_AND_NO_ACTIVE_GIMPS_ASSIGNMENT,2026-08-05T20:30:43+00:00,UNALLOCATED,,,,,
MP-S10-R06-0438,438,903,143649109,2^143649109-1,STRUCTURAL_SCREEN_EXHAUSTED_PRIMALITY_UNASSIGNED,FIRST_SINGULARITY_SHELL_EXHAUSTED_PRIMALITY_UNASSIGNED,513,9595,9595,NO_RECORDED_FACTOR_PRP_OR_LL_RESULT_AND_NO_ACTIVE_GIMPS_ASSIGNMENT,2026-08-05T20:30:43+00:00,UNALLOCATED,,,,,
MP-S10-R06-0439,439,904,143649131,2^143649131-1,STRUCTURAL_SCREEN_EXHAUSTED_PRIMALITY_UNASSIGNED,FIRST_SINGULARITY_SHELL_EXHAUSTED_PRIMALITY_UNASSIGNED,514,9595,9595,NO_RECORDED_FACTOR_PRP_OR_LL_RESULT_AND_NO_ACTIVE_GIMPS_ASSIGNMENT,2026-08-05T20:30:43+00:00,UNALLOCATED,,,,,
MP-S10-R06-0440,440,905,143649157,2^143649157-1,STRUCTURAL_SCREEN_EXHAUSTED_PRIMALITY_UNASSIGNED,FIRST_SINGULARITY_SHELL_EXHAUSTED_PRIMALITY_UNASSIGNED,513,9595,9595,NO_RECORDED_FACTOR_PRP_OR_LL_RESULT_AND_NO_ACTIVE_GIMPS_ASSIGNMENT,2026-08-05T20:30:43+00:00,UNALLOCATED,,,,,
MP-S10-R06-0441,441,906,143649223,2^143649223-1,STRUCTURAL_SCREEN_EXHAUSTED_PRIMALITY_UNASSIGNED,FIRST_SINGULARITY_SHELL_EXHAUSTED_PRIMALITY_UNASSIGNED,514,9595,9595,NO_RECORDED_FACTOR_PRP_OR_LL_RESULT_AND_NO_ACTIVE_GIMPS_ASSIGNMENT,2026-08-05T20:30:43+00:00,UNALLOCATED,,,,,
MP-S10-R06-0442,442,907,143649301,2^143649301-1,STRUCTURAL_SCREEN_EXHAUSTED_PRIMALITY_UNASSIGNED,FIRST_SINGULARITY_SHELL_EXHAUSTED_PRIMALITY_UNASSIGNED,513,9595,9595,NO_RECORDED_FACTOR_PRP_OR_LL_RESULT_AND_NO_ACTIVE_GIMPS_ASSIGNMENT,2026-08-05T20:30:43+00:00,UNALLOCATED,,,,,
MP-S10-R06-0443,443,908,143649307,2^143649307-1,STRUCTURAL_SCREEN_EXHAUSTED_PRIMALITY_UNASSIGNED,FIRST_SINGULARITY_SHELL_EXHAUSTED_PRIMALITY_UNASSIGNED,514,9595,9595,NO_RECORDED_FACTOR_PRP_OR_LL_RESULT_AND_NO_ACTIVE_GIMPS_ASSIGNMENT,2026-08-05T20:30:43+00:00,UNALLOCATED,,,,,
MP-S10-R06-0444,444,909,143649487,2^143649487-1,STRUCTURAL_SCREEN_EXHAUSTED_PRIMALITY_UNASSIGNED,FIRST_SINGULARITY_SHELL_EXHAUSTED_PRIMALITY_UNASSIGNED,514,9595,9595,NO_RECORDED_FACTOR_PRP_OR_LL_RESULT_AND_NO_ACTIVE_GIMPS_ASSIGNMENT,2026-08-05T20:30:43+00:00,UNALLOCATED,,,,,
MP-S10-R06-0445,445,910,143649521,2^143649521-1,STRUCTURAL_SCREEN_EXHAUSTED_PRIMALITY_UNASSIGNED,FIRST_SINGULARITY_SHELL_EXHAUSTED_PRIMALITY_UNASSIGNED,513,9595,9595,NO_RECORDED_FACTOR_PRP_OR_LL_RESULT_AND_NO_ACTIVE_GIMPS_ASSIGNMENT,2026-08-05T20:30:43+00:00,UNALLOCATED,,,,,
MP-S10-R06-0446,446,911,143649529,2^143649529-1,STRUCTURAL_SCREEN_EXHAUSTED_PRIMALITY_UNASSIGNED,FIRST_SINGULARITY_SHELL_EXHAUSTED_PRIMALITY_UNASSIGNED,513,9595,9595,NO_RECORDED_FACTOR_PRP_OR_LL_RESULT_AND_NO_ACTIVE_GIMPS_ASSIGNMENT,2026-08-05T20:30:43+00:00,UNALLOCATED,,,,,
MP-S10-R06-0447,447,912,143649647,2^143649647-1,STRUCTURAL_SCREEN_EXHAUSTED_PRIMALITY_UNASSIGNED,FIRST_SINGULARITY_SHELL_EXHAUSTED_PRIMALITY_UNASSIGNED,514,9595,9595,NO_RECORDED_FACTOR_PRP_OR_LL_RESULT_AND_NO_ACTIVE_GIMPS_ASSIGNMENT,2026-08-05T20:30:43+00:00,UNALLOCATED,,,,,
MP-S10-R06-0448,448,913,143649733,2^143649733-1,STRUCTURAL_SCREEN_EXHAUSTED_PRIMALITY_UNASSIGNED,FIRST_SINGULARITY_SHELL_EXHAUSTED_PRIMALITY_UNASSIGNED,513,9595,9595,NO_RECORDED_FACTOR_PRP_OR_LL_RESULT_AND_NO_ACTIVE_GIMPS_ASSIGNMENT,2026-08-05T20:30:43+00:00,UNALLOCATED,,,,,
MP-S10-R06-0449,449,914,143649841,2^143649841-1,STRUCTURAL_SCREEN_EXHAUSTED_PRIMALITY_UNASSIGNED,FIRST_SINGULARITY_SHELL_EXHAUSTED_PRIMALITY_UNASSIGNED,513,9595,9595,NO_RECORDED_FACTOR_PRP_OR_LL_RESULT_AND_NO_ACTIVE_GIMPS_ASSIGNMENT,2026-08-05T20:30:43+00:00,UNALLOCATED,,,,,
MP-S10-R06-0450,450,915,143649889,2^143649889-1,STRUCTURAL_SCREEN_EXHAUSTED_PRIMALITY_UNASSIGNED,FIRST_SINGULARITY_SHELL_EXHAUSTED_PRIMALITY_UNASSIGNED,513,9595,9595,NO_RECORDED_FACTOR_PRP_OR_LL_RESULT_AND_NO_ACTIVE_GIMPS_ASSIGNMENT,2026-08-05T20:30:43+00:00,UNALLOCATED,,,,,
MP-S10-R06-0451,451,916,143649991,2^143649991-1,STRUCTURAL_SCREEN_EXHAUSTED_PRIMALITY_UNASSIGNED,FIRST_SINGULARITY_SHELL_EXHAUSTED_PRIMALITY_UNASSIGNED,514,9595,9595,NO_RECORDED_FACTOR_PRP_OR_LL_RESULT_AND_NO_ACTIVE_GIMPS_ASSIGNMENT,2026-08-05T20:30:43+00:00,UNALLOCATED,,,,,
MP-S10-R06-0452,452,921,143650231,2^143650231-1,STRUCTURAL_SCREEN_EXHAUSTED_PRIMALITY_UNASSIGNED,FIRST_SINGULARITY_SHELL_EXHAUSTED_PRIMALITY_UNASSIGNED,514,9595,9595,NO_RECORDED_FACTOR_PRP_OR_LL_RESULT_AND_NO_ACTIVE_GIMPS_ASSIGNMENT,2026-08-05T20:30:43+00:00,UNALLOCATED,,,,,
MP-S10-R06-0453,453,922,143650319,2^143650319-1,STRUCTURAL_SCREEN_EXHAUSTED_PRIMALITY_UNASSIGNED,FIRST_SINGULARITY_SHELL_EXHAUSTED_PRIMALITY_UNASSIGNED,514,9595,9595,NO_RECORDED_FACTOR_PRP_OR_LL_RESULT_AND_NO_ACTIVE_GIMPS_ASSIGNMENT,2026-08-05T20:30:43+00:00,UNALLOCATED,,,,,
MP-S10-R06-0454,454,923,143650327,2^143650327-1,STRUCTURAL_SCREEN_EXHAUSTED_PRIMALITY_UNASSIGNED,FIRST_SINGULARITY_SHELL_EXHAUSTED_PRIMALITY_UNASSIGNED,514,9595,9595,NO_RECORDED_FACTOR_PRP_OR_LL_RESULT_AND_NO_ACTIVE_GIMPS_ASSIGNMENT,2026-08-05T20:30:43+00:00,UNALLOCATED,,,,,
MP-S10-R06-0455,455,924,143650333,2^143650333-1,STRUCTURAL_SCREEN_EXHAUSTED_PRIMALITY_UNASSIGNED,FIRST_SINGULARITY_SHELL_EXHAUSTED_PRIMALITY_UNASSIGNED,513,9595,9595,NO_RECORDED_FACTOR_PRP_OR_LL_RESULT_AND_NO_ACTIVE_GIMPS_ASSIGNMENT,2026-08-05T20:30:43+00:00,UNALLOCATED,,,,,
MP-S10-R06-0456,456,925,143650421,2^143650421-1,STRUCTURAL_SCREEN_EXHAUSTED_PRIMALITY_UNASSIGNED,FIRST_SINGULARITY_SHELL_EXHAUSTED_PRIMALITY_UNASSIGNED,513,9595,9595,NO_RECORDED_FACTOR_PRP_OR_LL_RESULT_AND_NO_ACTIVE_GIMPS_ASSIGNMENT,2026-08-05T20:30:43+00:00,UNALLOCATED,,,,,
MP-S10-R06-0457,457,927,143650541,2^143650541-1,STRUCTURAL_SCREEN_EXHAUSTED_PRIMALITY_UNASSIGNED,FIRST_SINGULARITY_SHELL_EXHAUSTED_PRIMALITY_UNASSIGNED,513,9595,9595,NO_RECORDED_FACTOR_PRP_OR_LL_RESULT_AND_NO_ACTIVE_GIMPS_ASSIGNMENT,2026-08-05T20:30:43+00:00,UNALLOCATED,,,,,
MP-S10-R06-0458,458,929,143650651,2^143650651-1,STRUCTURAL_SCREEN_EXHAUSTED_PRIMALITY_UNASSIGNED,FIRST_SINGULARITY_SHELL_EXHAUSTED_PRIMALITY_UNASSIGNED,514,9595,9595,NO_RECORDED_FACTOR_PRP_OR_LL_RESULT_AND_NO_ACTIVE_GIMPS_ASSIGNMENT,2026-08-05T20:30:43+00:00,UNALLOCATED,,,,,
MP-S10-R06-0459,459,933,143650999,2^143650999-1,STRUCTURAL_SCREEN_EXHAUSTED_PRIMALITY_UNASSIGNED,FIRST_SINGULARITY_SHELL_EXHAUSTED_PRIMALITY_UNASSIGNED,514,9595,9595,NO_RECORDED_FACTOR_PRP_OR_LL_RESULT_AND_NO_ACTIVE_GIMPS_ASSIGNMENT,2026-08-05T20:30:43+00:00,UNALLOCATED,,,,,
MP-S10-R06-0460,460,934,143651009,2^143651009-1,STRUCTURAL_SCREEN_EXHAUSTED_PRIMALITY_UNASSIGNED,FIRST_SINGULARITY_SHELL_EXHAUSTED_PRIMALITY_UNASSIGNED,513,9595,9595,NO_RECORDED_FACTOR_PRP_OR_LL_RESULT_AND_NO_ACTIVE_GIMPS_ASSIGNMENT,2026-08-05T20:30:43+00:00,UNALLOCATED,,,,,
MP-S10-R06-0461,461,935,143651107,2^143651107-1,STRUCTURAL_SCREEN_EXHAUSTED_PRIMALITY_UNASSIGNED,FIRST_SINGULARITY_SHELL_EXHAUSTED_PRIMALITY_UNASSIGNED,514,9595,9595,NO_RECORDED_FACTOR_PRP_OR_LL_RESULT_AND_NO_ACTIVE_GIMPS_ASSIGNMENT,2026-08-05T20:30:43+00:00,UNALLOCATED,,,,,
MP-S10-R06-0462,462,936,143651119,2^143651119-1,STRUCTURAL_SCREEN_EXHAUSTED_PRIMALITY_UNASSIGNED,FIRST_SINGULARITY_SHELL_EXHAUSTED_PRIMALITY_UNASSIGNED,514,9595,9595,NO_RECORDED_FACTOR_PRP_OR_LL_RESULT_AND_NO_ACTIVE_GIMPS_ASSIGNMENT,2026-08-05T20:30:43+00:00,UNALLOCATED,,,,,
MP-S10-R06-0463,463,937,143651203,2^143651203-1,STRUCTURAL_SCREEN_EXHAUSTED_PRIMALITY_UNASSIGNED,FIRST_SINGULARITY_SHELL_EXHAUSTED_PRIMALITY_UNASSIGNED,514,9595,9595,NO_RECORDED_FACTOR_PRP_OR_LL_RESULT_AND_NO_ACTIVE_GIMPS_ASSIGNMENT,2026-08-05T20:30:43+00:00,UNALLOCATED,,,,,
MP-S10-R06-0464,464,938,143651269,2^143651269-1,STRUCTURAL_SCREEN_EXHAUSTED_PRIMALITY_UNASSIGNED,FIRST_SINGULARITY_SHELL_EXHAUSTED_PRIMALITY_UNASSIGNED,513,9595,9595,NO_RECORDED_FACTOR_PRP_OR_LL_RESULT_AND_NO_ACTIVE_GIMPS_ASSIGNMENT,2026-08-05T20:30:43+00:00,UNALLOCATED,,,,,
MP-S10-R06-0465,465,939,143651329,2^143651329-1,STRUCTURAL_SCREEN_EXHAUSTED_PRIMALITY_UNASSIGNED,FIRST_SINGULARITY_SHELL_EXHAUSTED_PRIMALITY_UNASSIGNED,513,9595,9595,NO_RECORDED_FACTOR_PRP_OR_LL_RESULT_AND_NO_ACTIVE_GIMPS_ASSIGNMENT,2026-08-05T20:30:43+00:00,UNALLOCATED,,,,,
MP-S10-R06-0466,466,940,143651341,2^143651341-1,STRUCTURAL_SCREEN_EXHAUSTED_PRIMALITY_UNASSIGNED,FIRST_SINGULARITY_SHELL_EXHAUSTED_PRIMALITY_UNASSIGNED,513,9595,9595,NO_RECORDED_FACTOR_PRP_OR_LL_RESULT_AND_NO_ACTIVE_GIMPS_ASSIGNMENT,2026-08-05T20:30:43+00:00,UNALLOCATED,,,,,
MP-S10-R06-0467,467,941,143651437,2^143651437-1,STRUCTURAL_SCREEN_EXHAUSTED_PRIMALITY_UNASSIGNED,FIRST_SINGULARITY_SHELL_EXHAUSTED_PRIMALITY_UNASSIGNED,513,9595,9595,NO_RECORDED_FACTOR_PRP_OR_LL_RESULT_AND_NO_ACTIVE_GIMPS_ASSIGNMENT,2026-08-05T20:30:43+00:00,UNALLOCATED,,,,,
MP-S10-R06-0468,468,942,143651483,2^143651483-1,STRUCTURAL_SCREEN_EXHAUSTED_PRIMALITY_UNASSIGNED,FIRST_SINGULARITY_SHELL_EXHAUSTED_PRIMALITY_UNASSIGNED,514,9595,9595,NO_RECORDED_FACTOR_PRP_OR_LL_RESULT_AND_NO_ACTIVE_GIMPS_ASSIGNMENT,2026-08-05T20:30:43+00:00,UNALLOCATED,,,,,
MP-S10-R06-0469,469,944,143651639,2^143651639-1,STRUCTURAL_SCREEN_EXHAUSTED_PRIMALITY_UNASSIGNED,FIRST_SINGULARITY_SHELL_EXHAUSTED_PRIMALITY_UNASSIGNED,514,9595,9595,NO_RECORDED_FACTOR_PRP_OR_LL_RESULT_AND_NO_ACTIVE_GIMPS_ASSIGNMENT,2026-08-05T20:30:43+00:00,UNALLOCATED,,,,,
MP-S10-R06-0470,470,945,143651689,2^143651689-1,STRUCTURAL_SCREEN_EXHAUSTED_PRIMALITY_UNASSIGNED,FIRST_SINGULARITY_SHELL_EXHAUSTED_PRIMALITY_UNASSIGNED,513,9595,9595,NO_RECORDED_FACTOR_PRP_OR_LL_RESULT_AND_NO_ACTIVE_GIMPS_ASSIGNMENT,2026-08-05T20:30:43+00:00,UNALLOCATED,,,,,
MP-S10-R06-0471,471,955,143652277,2^143652277-1,STRUCTURAL_SCREEN_EXHAUSTED_PRIMALITY_UNASSIGNED,FIRST_SINGULARITY_SHELL_EXHAUSTED_PRIMALITY_UNASSIGNED,513,9595,9595,NO_RECORDED_FACTOR_PRP_OR_LL_RESULT_AND_NO_ACTIVE_GIMPS_ASSIGNMENT,2026-08-05T20:30:43+00:00,UNALLOCATED,,,,,
MP-S10-R06-0472,472,995,143654359,2^143654359-1,STRUCTURAL_SCREEN_EXHAUSTED_PRIMALITY_UNASSIGNED,FIRST_SINGULARITY_SHELL_EXHAUSTED_PRIMALITY_UNASSIGNED,514,9595,9595,NO_RECORDED_FACTOR_PRP_OR_LL_RESULT_AND_NO_ACTIVE_GIMPS_ASSIGNMENT,2026-08-05T20:30:43+00:00,UNALLOCATED,,,,,
MP-S10-R06-0473,473,1007,143654909,2^143654909-1,STRUCTURAL_SCREEN_EXHAUSTED_PRIMALITY_UNASSIGNED,FIRST_SINGULARITY_SHELL_EXHAUSTED_PRIMALITY_UNASSIGNED,513,9595,9595,NO_RECORDED_FACTOR_PRP_OR_LL_RESULT_AND_NO_ACTIVE_GIMPS_ASSIGNMENT,2026-08-05T20:30:43+00:00,UNALLOCATED,,,,,
MP-S10-R06-0474,474,1008,143655059,2^143655059-1,STRUCTURAL_SCREEN_EXHAUSTED_PRIMALITY_UNASSIGNED,FIRST_SINGULARITY_SHELL_EXHAUSTED_PRIMALITY_UNASSIGNED,514,9595,9595,NO_RECORDED_FACTOR_PRP_OR_LL_RESULT_AND_NO_ACTIVE_GIMPS_ASSIGNMENT,2026-08-05T20:30:43+00:00,UNALLOCATED,,,,,
MP-S10-R06-0475,475,1009,143655121,2^143655121-1,STRUCTURAL_SCREEN_EXHAUSTED_PRIMALITY_UNASSIGNED,FIRST_SINGULARITY_SHELL_EXHAUSTED_PRIMALITY_UNASSIGNED,513,9595,9595,NO_RECORDED_FACTOR_PRP_OR_LL_RESULT_AND_NO_ACTIVE_GIMPS_ASSIGNMENT,2026-08-05T20:30:43+00:00,UNALLOCATED,,,,,
MP-S10-R06-0476,476,1010,143655137,2^143655137-1,STRUCTURAL_SCREEN_EXHAUSTED_PRIMALITY_UNASSIGNED,FIRST_SINGULARITY_SHELL_EXHAUSTED_PRIMALITY_UNASSIGNED,513,9595,9595,NO_RECORDED_FACTOR_PRP_OR_LL_RESULT_AND_NO_ACTIVE_GIMPS_ASSIGNMENT,2026-08-05T20:30:43+00:00,UNALLOCATED,,,,,
MP-S10-R06-0477,477,1011,143655179,2^143655179-1,STRUCTURAL_SCREEN_EXHAUSTED_PRIMALITY_UNASSIGNED,FIRST_SINGULARITY_SHELL_EXHAUSTED_PRIMALITY_UNASSIGNED,514,9595,9595,NO_RECORDED_FACTOR_PRP_OR_LL_RESULT_AND_NO_ACTIVE_GIMPS_ASSIGNMENT,2026-08-05T20:30:43+00:00,UNALLOCATED,,,,,
MP-S10-R06-0478,478,1012,143655293,2^143655293-1,STRUCTURAL_SCREEN_EXHAUSTED_PRIMALITY_UNASSIGNED,FIRST_SINGULARITY_SHELL_EXHAUSTED_PRIMALITY_UNASSIGNED,513,9595,9595,NO_RECORDED_FACTOR_PRP_OR_LL_RESULT_AND_NO_ACTIVE_GIMPS_ASSIGNMENT,2026-08-05T20:30:43+00:00,UNALLOCATED,,,,,
MP-S10-R06-0479,479,1013,143655301,2^143655301-1,STRUCTURAL_SCREEN_EXHAUSTED_PRIMALITY_UNASSIGNED,FIRST_SINGULARITY_SHELL_EXHAUSTED_PRIMALITY_UNASSIGNED,513,9595,9595,NO_RECORDED_FACTOR_PRP_OR_LL_RESULT_AND_NO_ACTIVE_GIMPS_ASSIGNMENT,2026-08-05T20:30:43+00:00,UNALLOCATED,,,,,
MP-S10-R06-0480,480,1014,143655367,2^143655367-1,STRUCTURAL_SCREEN_EXHAUSTED_PRIMALITY_UNASSIGNED,FIRST_SINGULARITY_SHELL_EXHAUSTED_PRIMALITY_UNASSIGNED,514,9595,9595,NO_RECORDED_FACTOR_PRP_OR_LL_RESULT_AND_NO_ACTIVE_GIMPS_ASSIGNMENT,2026-08-05T20:30:43+00:00,UNALLOCATED,,,,,
MP-S10-R06-0481,481,1015,143655377,2^143655377-1,STRUCTURAL_SCREEN_EXHAUSTED_PRIMALITY_UNASSIGNED,FIRST_SINGULARITY_SHELL_EXHAUSTED_PRIMALITY_UNASSIGNED,513,9595,9595,NO_RECORDED_FACTOR_PRP_OR_LL_RESULT_AND_NO_ACTIVE_GIMPS_ASSIGNMENT,2026-08-05T20:30:43+00:00,UNALLOCATED,,,,,
MP-S10-R06-0482,482,1016,143655397,2^143655397-1,STRUCTURAL_SCREEN_EXHAUSTED_PRIMALITY_UNASSIGNED,FIRST_SINGULARITY_SHELL_EXHAUSTED_PRIMALITY_UNASSIGNED,513,9595,9595,NO_RECORDED_FACTOR_PRP_OR_LL_RESULT_AND_NO_ACTIVE_GIMPS_ASSIGNMENT,2026-08-05T20:30:43+00:00,UNALLOCATED,,,,,
MP-S10-R06-0483,483,1017,143655469,2^143655469-1,STRUCTURAL_SCREEN_EXHAUSTED_PRIMALITY_UNASSIGNED,FIRST_SINGULARITY_SHELL_EXHAUSTED_PRIMALITY_UNASSIGNED,513,9595,9595,NO_RECORDED_FACTOR_PRP_OR_LL_RESULT_AND_NO_ACTIVE_GIMPS_ASSIGNMENT,2026-08-05T20:30:43+00:00,UNALLOCATED,,,,,
MP-S10-R06-0484,484,1018,143655509,2^143655509-1,STRUCTURAL_SCREEN_EXHAUSTED_PRIMALITY_UNASSIGNED,FIRST_SINGULARITY_SHELL_EXHAUSTED_PRIMALITY_UNASSIGNED,513,9595,9595,NO_RECORDED_FACTOR_PRP_OR_LL_RESULT_AND_NO_ACTIVE_GIMPS_ASSIGNMENT,2026-08-05T20:30:43+00:00,UNALLOCATED,,,,,
MP-S10-R06-0485,485,1019,143655529,2^143655529-1,STRUCTURAL_SCREEN_EXHAUSTED_PRIMALITY_UNASSIGNED,FIRST_SINGULARITY_SHELL_EXHAUSTED_PRIMALITY_UNASSIGNED,513,9595,9595,NO_RECORDED_FACTOR_PRP_OR_LL_RESULT_AND_NO_ACTIVE_GIMPS_ASSIGNMENT,2026-08-05T20:30:43+00:00,UNALLOCATED,,,,,
MP-S10-R06-0486,486,1028,143656133,2^143656133-1,STRUCTURAL_SCREEN_EXHAUSTED_PRIMALITY_UNASSIGNED,FIRST_SINGULARITY_SHELL_EXHAUSTED_PRIMALITY_UNASSIGNED,513,9595,9595,NO_RECORDED_FACTOR_PRP_OR_LL_RESULT_AND_NO_ACTIVE_GIMPS_ASSIGNMENT,2026-08-05T20:30:43+00:00,UNALLOCATED,,,,,
MP-S10-R06-0487,487,1107,143660117,2^143660117-1,STRUCTURAL_SCREEN_EXHAUSTED_PRIMALITY_UNASSIGNED,FIRST_SINGULARITY_SHELL_EXHAUSTED_PRIMALITY_UNASSIGNED,513,9595,9595,NO_RECORDED_FACTOR_PRP_OR_LL_RESULT_AND_NO_ACTIVE_GIMPS_ASSIGNMENT,2026-08-05T20:30:43+00:00,UNALLOCATED,,,,,
MP-S10-R06-0488,488,1112,143660689,2^143660689-1,STRUCTURAL_SCREEN_EXHAUSTED_PRIMALITY_UNASSIGNED,FIRST_SINGULARITY_SHELL_EXHAUSTED_PRIMALITY_UNASSIGNED,513,9595,9595,NO_RECORDED_FACTOR_PRP_OR_LL_RESULT_AND_NO_ACTIVE_GIMPS_ASSIGNMENT,2026-08-05T20:30:43+00:00,UNALLOCATED,,,,,
MP-S10-R06-0489,489,1130,143661493,2^143661493-1,STRUCTURAL_SCREEN_EXHAUSTED_PRIMALITY_UNASSIGNED,FIRST_SINGULARITY_SHELL_EXHAUSTED_PRIMALITY_UNASSIGNED,513,9595,9595,NO_RECORDED_FACTOR_PRP_OR_LL_RESULT_AND_NO_ACTIVE_GIMPS_ASSIGNMENT,2026-08-05T20:30:43+00:00,UNALLOCATED,,,,,
MP-S10-R06-0490,490,1158,143663027,2^143663027-1,STRUCTURAL_SCREEN_EXHAUSTED_PRIMALITY_UNASSIGNED,FIRST_SINGULARITY_SHELL_EXHAUSTED_PRIMALITY_UNASSIGNED,514,9595,9595,NO_RECORDED_FACTOR_PRP_OR_LL_RESULT_AND_NO_ACTIVE_GIMPS_ASSIGNMENT,2026-08-05T20:30:43+00:00,UNALLOCATED,,,,,
MP-S10-R06-0491,491,1159,143663059,2^143663059-1,STRUCTURAL_SCREEN_EXHAUSTED_PRIMALITY_UNASSIGNED,FIRST_SINGULARITY_SHELL_EXHAUSTED_PRIMALITY_UNASSIGNED,514,9595,9595,NO_RECORDED_FACTOR_PRP_OR_LL_RESULT_AND_NO_ACTIVE_GIMPS_ASSIGNMENT,2026-08-05T20:30:43+00:00,UNALLOCATED,,,,,
MP-S10-R06-0492,492,1160,143663081,2^143663081-1,STRUCTURAL_SCREEN_EXHAUSTED_PRIMALITY_UNASSIGNED,FIRST_SINGULARITY_SHELL_EXHAUSTED_PRIMALITY_UNASSIGNED,513,9595,9595,NO_RECORDED_FACTOR_PRP_OR_LL_RESULT_AND_NO_ACTIVE_GIMPS_ASSIGNMENT,2026-08-05T20:30:43+00:00,UNALLOCATED,,,,,
MP-S10-R06-0493,493,1164,143663183,2^143663183-1,STRUCTURAL_SCREEN_EXHAUSTED_PRIMALITY_UNASSIGNED,FIRST_SINGULARITY_SHELL_EXHAUSTED_PRIMALITY_UNASSIGNED,514,9595,9595,NO_RECORDED_FACTOR_PRP_OR_LL_RESULT_AND_NO_ACTIVE_GIMPS_ASSIGNMENT,2026-08-05T20:30:43+00:00,UNALLOCATED,,,,,
MP-S10-R06-0494,494,1165,143663249,2^143663249-1,STRUCTURAL_SCREEN_EXHAUSTED_PRIMALITY_UNASSIGNED,FIRST_SINGULARITY_SHELL_EXHAUSTED_PRIMALITY_UNASSIGNED,513,9595,9595,NO_RECORDED_FACTOR_PRP_OR_LL_RESULT_AND_NO_ACTIVE_GIMPS_ASSIGNMENT,2026-08-05T20:30:43+00:00,UNALLOCATED,,,,,
MP-S10-R06-0495,495,1166,143663263,2^143663263-1,STRUCTURAL_SCREEN_EXHAUSTED_PRIMALITY_UNASSIGNED,FIRST_SINGULARITY_SHELL_EXHAUSTED_PRIMALITY_UNASSIGNED,514,9595,9595,NO_RECORDED_FACTOR_PRP_OR_LL_RESULT_AND_NO_ACTIVE_GIMPS_ASSIGNMENT,2026-08-05T20:30:43+00:00,UNALLOCATED,,,,,
MP-S10-R06-0496,496,1167,143663279,2^143663279-1,STRUCTURAL_SCREEN_EXHAUSTED_PRIMALITY_UNASSIGNED,FIRST_SINGULARITY_SHELL_EXHAUSTED_PRIMALITY_UNASSIGNED,514,9595,9595,NO_RECORDED_FACTOR_PRP_OR_LL_RESULT_AND_NO_ACTIVE_GIMPS_ASSIGNMENT,2026-08-05T20:30:43+00:00,UNALLOCATED,,,,,
MP-S10-R06-0497,497,1168,143663327,2^143663327-1,STRUCTURAL_SCREEN_EXHAUSTED_PRIMALITY_UNASSIGNED,FIRST_SINGULARITY_SHELL_EXHAUSTED_PRIMALITY_UNASSIGNED,514,9595,9595,NO_RECORDED_FACTOR_PRP_OR_LL_RESULT_AND_NO_ACTIVE_GIMPS_ASSIGNMENT,2026-08-05T20:30:43+00:00,UNALLOCATED,,,,,
MP-S10-R06-0498,498,1170,143663441,2^143663441-1,STRUCTURAL_SCREEN_EXHAUSTED_PRIMALITY_UNASSIGNED,FIRST_SINGULARITY_SHELL_EXHAUSTED_PRIMALITY_UNASSIGNED,513,9595,9595,NO_RECORDED_FACTOR_PRP_OR_LL_RESULT_AND_NO_ACTIVE_GIMPS_ASSIGNMENT,2026-08-05T20:30:43+00:00,UNALLOCATED,,,,,
MP-S10-R06-0499,499,1188,143664413,2^143664413-1,STRUCTURAL_SCREEN_EXHAUSTED_PRIMALITY_UNASSIGNED,FIRST_SINGULARITY_SHELL_EXHAUSTED_PRIMALITY_UNASSIGNED,513,9595,9595,NO_RECORDED_FACTOR_PRP_OR_LL_RESULT_AND_NO_ACTIVE_GIMPS_ASSIGNMENT,2026-08-05T20:30:43+00:00,UNALLOCATED,,,,,
MP-S10-R06-0500,500,1189,143664421,2^143664421-1,STRUCTURAL_SCREEN_EXHAUSTED_PRIMALITY_UNASSIGNED,FIRST_SINGULARITY_SHELL_EXHAUSTED_PRIMALITY_UNASSIGNED,513,9595,9595,NO_RECORDED_FACTOR_PRP_OR_LL_RESULT_AND_NO_ACTIVE_GIMPS_ASSIGNMENT,2026-08-05T20:30:43+00:00,UNALLOCATED,,,,,
MP-S10-R06-0501,501,1190,143664461,2^143664461-1,STRUCTURAL_SCREEN_EXHAUSTED_PRIMALITY_UNASSIGNED,FIRST_SINGULARITY_SHELL_EXHAUSTED_PRIMALITY_UNASSIGNED,513,9595,9595,NO_RECORDED_FACTOR_PRP_OR_LL_RESULT_AND_NO_ACTIVE_GIMPS_ASSIGNMENT,2026-08-05T20:30:43+00:00,UNALLOCATED,,,,,
MP-S10-R06-0502,502,1197,143664893,2^143664893-1,STRUCTURAL_SCREEN_EXHAUSTED_PRIMALITY_UNASSIGNED,FIRST_SINGULARITY_SHELL_EXHAUSTED_PRIMALITY_UNASSIGNED,513,9595,9595,NO_RECORDED_FACTOR_PRP_OR_LL_RESULT_AND_NO_ACTIVE_GIMPS_ASSIGNMENT,2026-08-05T20:30:43+00:00,UNALLOCATED,,,,,
MP-S10-R06-0503,503,1198,143664929,2^143664929-1,STRUCTURAL_SCREEN_EXHAUSTED_PRIMALITY_UNASSIGNED,FIRST_SINGULARITY_SHELL_EXHAUSTED_PRIMALITY_UNASSIGNED,513,9595,9595,NO_RECORDED_FACTOR_PRP_OR_LL_RESULT_AND_NO_ACTIVE_GIMPS_ASSIGNMENT,2026-08-05T20:30:43+00:00,UNALLOCATED,,,,,
MP-S10-R06-0504,504,1199,143665057,2^143665057-1,STRUCTURAL_SCREEN_EXHAUSTED_PRIMALITY_UNASSIGNED,FIRST_SINGULARITY_SHELL_EXHAUSTED_PRIMALITY_UNASSIGNED,513,9595,9595,NO_RECORDED_FACTOR_PRP_OR_LL_RESULT_AND_NO_ACTIVE_GIMPS_ASSIGNMENT,2026-08-05T20:30:43+00:00,UNALLOCATED,,,,,
MP-S10-R06-0505,505,1201,143665133,2^143665133-1,STRUCTURAL_SCREEN_EXHAUSTED_PRIMALITY_UNASSIGNED,FIRST_SINGULARITY_SHELL_EXHAUSTED_PRIMALITY_UNASSIGNED,513,9595,9595,NO_RECORDED_FACTOR_PRP_OR_LL_RESULT_AND_NO_ACTIVE_GIMPS_ASSIGNMENT,2026-08-05T20:30:43+00:00,UNALLOCATED,,,,,
MP-S10-R06-0506,506,1215,143665979,2^143665979-1,STRUCTURAL_SCREEN_EXHAUSTED_PRIMALITY_UNASSIGNED,FIRST_SINGULARITY_SHELL_EXHAUSTED_PRIMALITY_UNASSIGNED,514,9595,9595,NO_RECORDED_FACTOR_PRP_OR_LL_RESULT_AND_NO_ACTIVE_GIMPS_ASSIGNMENT,2026-08-05T20:30:43+00:00,UNALLOCATED,,,,,
MP-S10-R06-0507,507,1216,143666051,2^143666051-1,STRUCTURAL_SCREEN_EXHAUSTED_PRIMALITY_UNASSIGNED,FIRST_SINGULARITY_SHELL_EXHAUSTED_PRIMALITY_UNASSIGNED,514,9595,9595,NO_RECORDED_FACTOR_PRP_OR_LL_RESULT_AND_NO_ACTIVE_GIMPS_ASSIGNMENT,2026-08-05T20:30:43+00:00,UNALLOCATED,,,,,
MP-S10-R06-0508,508,1218,143666069,2^143666069-1,STRUCTURAL_SCREEN_EXHAUSTED_PRIMALITY_UNASSIGNED,FIRST_SINGULARITY_SHELL_EXHAUSTED_PRIMALITY_UNASSIGNED,513,9595,9595,NO_RECORDED_FACTOR_PRP_OR_LL_RESULT_AND_NO_ACTIVE_GIMPS_ASSIGNMENT,2026-08-05T20:30:43+00:00,UNALLOCATED,,,,,
MP-S10-R06-0509,509,1221,143666101,2^143666101-1,STRUCTURAL_SCREEN_EXHAUSTED_PRIMALITY_UNASSIGNED,FIRST_SINGULARITY_SHELL_EXHAUSTED_PRIMALITY_UNASSIGNED,513,9595,9595,NO_RECORDED_FACTOR_PRP_OR_LL_RESULT_AND_NO_ACTIVE_GIMPS_ASSIGNMENT,2026-08-05T20:30:43+00:00,UNALLOCATED,,,,,
MP-S10-R06-0510,510,1222,143666123,2^143666123-1,STRUCTURAL_SCREEN_EXHAUSTED_PRIMALITY_UNASSIGNED,FIRST_SINGULARITY_SHELL_EXHAUSTED_PRIMALITY_UNASSIGNED,514,9595,9595,NO_RECORDED_FACTOR_PRP_OR_LL_RESULT_AND_NO_ACTIVE_GIMPS_ASSIGNMENT,2026-08-05T20:30:43+00:00,UNALLOCATED,,,,,
MP-S10-R06-0511,511,1223,143666129,2^143666129-1,STRUCTURAL_SCREEN_EXHAUSTED_PRIMALITY_UNASSIGNED,FIRST_SINGULARITY_SHELL_EXHAUSTED_PRIMALITY_UNASSIGNED,513,9595,9595,NO_RECORDED_FACTOR_PRP_OR_LL_RESULT_AND_NO_ACTIVE_GIMPS_ASSIGNMENT,2026-08-05T20:30:43+00:00,UNALLOCATED,,,,,
MP-S10-R06-0512,512,1224,143666143,2^143666143-1,STRUCTURAL_SCREEN_EXHAUSTED_PRIMALITY_UNASSIGNED,FIRST_SINGULARITY_SHELL_EXHAUSTED_PRIMALITY_UNASSIGNED,514,9595,9595,NO_RECORDED_FACTOR_PRP_OR_LL_RESULT_AND_NO_ACTIVE_GIMPS_ASSIGNMENT,2026-08-05T20:30:43+00:00,UNALLOCATED,,,,,
MP-S10-R06-0513,513,1225,143666207,2^143666207-1,STRUCTURAL_SCREEN_EXHAUSTED_PRIMALITY_UNASSIGNED,FIRST_SINGULARITY_SHELL_EXHAUSTED_PRIMALITY_UNASSIGNED,514,9595,9595,NO_RECORDED_FACTOR_PRP_OR_LL_RESULT_AND_NO_ACTIVE_GIMPS_ASSIGNMENT,2026-08-05T20:30:43+00:00,UNALLOCATED,,,,,
MP-S10-R06-0514,514,1226,143666297,2^143666297-1,STRUCTURAL_SCREEN_EXHAUSTED_PRIMALITY_UNASSIGNED,FIRST_SINGULARITY_SHELL_EXHAUSTED_PRIMALITY_UNASSIGNED,513,9595,9595,NO_RECORDED_FACTOR_PRP_OR_LL_RESULT_AND_NO_ACTIVE_GIMPS_ASSIGNMENT,2026-08-05T20:30:43+00:00,UNALLOCATED,,,,,
MP-S10-R06-0515,515,1227,143666321,2^143666321-1,STRUCTURAL_SCREEN_EXHAUSTED_PRIMALITY_UNASSIGNED,FIRST_SINGULARITY_SHELL_EXHAUSTED_PRIMALITY_UNASSIGNED,513,9595,9595,NO_RECORDED_FACTOR_PRP_OR_LL_RESULT_AND_NO_ACTIVE_GIMPS_ASSIGNMENT,2026-08-05T20:30:43+00:00,UNALLOCATED,,,,,
MP-S10-R06-0516,516,1228,143666389,2^143666389-1,STRUCTURAL_SCREEN_EXHAUSTED_PRIMALITY_UNASSIGNED,FIRST_SINGULARITY_SHELL_EXHAUSTED_PRIMALITY_UNASSIGNED,513,9595,9595,NO_RECORDED_FACTOR_PRP_OR_LL_RESULT_AND_NO_ACTIVE_GIMPS_ASSIGNMENT,2026-08-05T20:30:43+00:00,UNALLOCATED,,,,,
MP-S10-R06-0517,517,1229,143666447,2^143666447-1,STRUCTURAL_SCREEN_EXHAUSTED_PRIMALITY_UNASSIGNED,FIRST_SINGULARITY_SHELL_EXHAUSTED_PRIMALITY_UNASSIGNED,514,9595,9595,NO_RECORDED_FACTOR_PRP_OR_LL_RESULT_AND_NO_ACTIVE_GIMPS_ASSIGNMENT,2026-08-05T20:30:43+00:00,UNALLOCATED,,,,,
MP-S10-R06-0518,518,1230,143666519,2^143666519-1,STRUCTURAL_SCREEN_EXHAUSTED_PRIMALITY_UNASSIGNED,FIRST_SINGULARITY_SHELL_EXHAUSTED_PRIMALITY_UNASSIGNED,514,9595,9595,NO_RECORDED_FACTOR_PRP_OR_LL_RESULT_AND_NO_ACTIVE_GIMPS_ASSIGNMENT,2026-08-05T20:30:43+00:00,UNALLOCATED,,,,,
MP-S10-R06-0519,519,1231,143666723,2^143666723-1,STRUCTURAL_SCREEN_EXHAUSTED_PRIMALITY_UNASSIGNED,FIRST_SINGULARITY_SHELL_EXHAUSTED_PRIMALITY_UNASSIGNED,514,9595,9595,NO_RECORDED_FACTOR_PRP_OR_LL_RESULT_AND_NO_ACTIVE_GIMPS_ASSIGNMENT,2026-08-05T20:30:43+00:00,UNALLOCATED,,,,,
MP-S10-R06-0520,520,1232,143666767,2^143666767-1,STRUCTURAL_SCREEN_EXHAUSTED_PRIMALITY_UNASSIGNED,FIRST_SINGULARITY_SHELL_EXHAUSTED_PRIMALITY_UNASSIGNED,514,9595,9595,NO_RECORDED_FACTOR_PRP_OR_LL_RESULT_AND_NO_ACTIVE_GIMPS_ASSIGNMENT,2026-08-05T20:30:43+00:00,UNALLOCATED,,,,,
MP-S10-R06-0521,521,1233,143666791,2^143666791-1,STRUCTURAL_SCREEN_EXHAUSTED_PRIMALITY_UNASSIGNED,FIRST_SINGULARITY_SHELL_EXHAUSTED_PRIMALITY_UNASSIGNED,514,9595,9595,NO_RECORDED_FACTOR_PRP_OR_LL_RESULT_AND_NO_ACTIVE_GIMPS_ASSIGNMENT,2026-08-05T20:30:43+00:00,UNALLOCATED,,,,,
MP-S10-R06-0522,522,1234,143666869,2^143666869-1,STRUCTURAL_SCREEN_EXHAUSTED_PRIMALITY_UNASSIGNED,FIRST_SINGULARITY_SHELL_EXHAUSTED_PRIMALITY_UNASSIGNED,513,9595,9595,NO_RECORDED_FACTOR_PRP_OR_LL_RESULT_AND_NO_ACTIVE_GIMPS_ASSIGNMENT,2026-08-05T20:30:43+00:00,UNALLOCATED,,,,,
MP-S10-R06-0523,523,1235,143666933,2^143666933-1,STRUCTURAL_SCREEN_EXHAUSTED_PRIMALITY_UNASSIGNED,FIRST_SINGULARITY_SHELL_EXHAUSTED_PRIMALITY_UNASSIGNED,513,9595,9595,NO_RECORDED_FACTOR_PRP_OR_LL_RESULT_AND_NO_ACTIVE_GIMPS_ASSIGNMENT,2026-08-05T20:30:43+00:00,UNALLOCATED,,,,,
MP-S10-R06-0524,524,1236,143666969,2^143666969-1,STRUCTURAL_SCREEN_EXHAUSTED_PRIMALITY_UNASSIGNED,FIRST_SINGULARITY_SHELL_EXHAUSTED_PRIMALITY_UNASSIGNED,513,9595,9595,NO_RECORDED_FACTOR_PRP_OR_LL_RESULT_AND_NO_ACTIVE_GIMPS_ASSIGNMENT,2026-08-05T20:30:43+00:00,UNALLOCATED,,,,,
MP-S10-R06-0525,525,1237,143667031,2^143667031-1,STRUCTURAL_SCREEN_EXHAUSTED_PRIMALITY_UNASSIGNED,FIRST_SINGULARITY_SHELL_EXHAUSTED_PRIMALITY_UNASSIGNED,514,9595,9595,NO_RECORDED_FACTOR_PRP_OR_LL_RESULT_AND_NO_ACTIVE_GIMPS_ASSIGNMENT,2026-08-05T20:30:43+00:00,UNALLOCATED,,,,,
MP-S10-R06-0526,526,1238,143667149,2^143667149-1,STRUCTURAL_SCREEN_EXHAUSTED_PRIMALITY_UNASSIGNED,FIRST_SINGULARITY_SHELL_EXHAUSTED_PRIMALITY_UNASSIGNED,513,9595,9595,NO_RECORDED_FACTOR_PRP_OR_LL_RESULT_AND_NO_ACTIVE_GIMPS_ASSIGNMENT,2026-08-05T20:30:43+00:00,UNALLOCATED,,,,,
MP-S10-R06-0527,527,1239,143667163,2^143667163-1,STRUCTURAL_SCREEN_EXHAUSTED_PRIMALITY_UNASSIGNED,FIRST_SINGULARITY_SHELL_EXHAUSTED_PRIMALITY_UNASSIGNED,514,9595,9595,NO_RECORDED_FACTOR_PRP_OR_LL_RESULT_AND_NO_ACTIVE_GIMPS_ASSIGNMENT,2026-08-05T20:30:43+00:00,UNALLOCATED,,,,,
MP-S10-R06-0528,528,1240,143667197,2^143667197-1,STRUCTURAL_SCREEN_EXHAUSTED_PRIMALITY_UNASSIGNED,FIRST_SINGULARITY_SHELL_EXHAUSTED_PRIMALITY_UNASSIGNED,513,9595,9595,NO_RECORDED_FACTOR_PRP_OR_LL_RESULT_AND_NO_ACTIVE_GIMPS_ASSIGNMENT,2026-08-05T20:30:43+00:00,UNALLOCATED,,,,,
MP-S10-R06-0529,529,1241,143667287,2^143667287-1,STRUCTURAL_SCREEN_EXHAUSTED_PRIMALITY_UNASSIGNED,FIRST_SINGULARITY_SHELL_EXHAUSTED_PRIMALITY_UNASSIGNED,514,9595,9595,NO_RECORDED_FACTOR_PRP_OR_LL_RESULT_AND_NO_ACTIVE_GIMPS_ASSIGNMENT,2026-08-05T20:30:43+00:00,UNALLOCATED,,,,,
MP-S10-R06-0530,530,1242,143667427,2^143667427-1,STRUCTURAL_SCREEN_EXHAUSTED_PRIMALITY_UNASSIGNED,FIRST_SINGULARITY_SHELL_EXHAUSTED_PRIMALITY_UNASSIGNED,514,9595,9595,NO_RECORDED_FACTOR_PRP_OR_LL_RESULT_AND_NO_ACTIVE_GIMPS_ASSIGNMENT,2026-08-05T20:30:43+00:00,UNALLOCATED,,,,,
MP-S10-R06-0531,531,1243,143667443,2^143667443-1,STRUCTURAL_SCREEN_EXHAUSTED_PRIMALITY_UNASSIGNED,FIRST_SINGULARITY_SHELL_EXHAUSTED_PRIMALITY_UNASSIGNED,514,9595,9595,NO_RECORDED_FACTOR_PRP_OR_LL_RESULT_AND_NO_ACTIVE_GIMPS_ASSIGNMENT,2026-08-05T20:30:43+00:00,UNALLOCATED,,,,,
MP-S10-R06-0532,532,1244,143667539,2^143667539-1,STRUCTURAL_SCREEN_EXHAUSTED_PRIMALITY_UNASSIGNED,FIRST_SINGULARITY_SHELL_EXHAUSTED_PRIMALITY_UNASSIGNED,514,9595,9595,NO_RECORDED_FACTOR_PRP_OR_LL_RESULT_AND_NO_ACTIVE_GIMPS_ASSIGNMENT,2026-08-05T20:30:43+00:00,UNALLOCATED,,,,,
MP-S10-R06-0533,533,1245,143667613,2^143667613-1,STRUCTURAL_SCREEN_EXHAUSTED_PRIMALITY_UNASSIGNED,FIRST_SINGULARITY_SHELL_EXHAUSTED_PRIMALITY_UNASSIGNED,513,9595,9595,NO_RECORDED_FACTOR_PRP_OR_LL_RESULT_AND_NO_ACTIVE_GIMPS_ASSIGNMENT,2026-08-05T20:30:43+00:00,UNALLOCATED,,,,,
MP-S10-R06-0534,534,1246,143667647,2^143667647-1,STRUCTURAL_SCREEN_EXHAUSTED_PRIMALITY_UNASSIGNED,FIRST_SINGULARITY_SHELL_EXHAUSTED_PRIMALITY_UNASSIGNED,514,9595,9595,NO_RECORDED_FACTOR_PRP_OR_LL_RESULT_AND_NO_ACTIVE_GIMPS_ASSIGNMENT,2026-08-05T20:30:43+00:00,UNALLOCATED,,,,,
MP-S10-R06-0535,535,1247,143667691,2^143667691-1,STRUCTURAL_SCREEN_EXHAUSTED_PRIMALITY_UNASSIGNED,FIRST_SINGULARITY_SHELL_EXHAUSTED_PRIMALITY_UNASSIGNED,514,9595,9595,NO_RECORDED_FACTOR_PRP_OR_LL_RESULT_AND_NO_ACTIVE_GIMPS_ASSIGNMENT,2026-08-05T20:30:43+00:00,UNALLOCATED,,,,,
MP-S10-R06-0536,536,1248,143667761,2^143667761-1,STRUCTURAL_SCREEN_EXHAUSTED_PRIMALITY_UNASSIGNED,FIRST_SINGULARITY_SHELL_EXHAUSTED_PRIMALITY_UNASSIGNED,513,9595,9595,NO_RECORDED_FACTOR_PRP_OR_LL_RESULT_AND_NO_ACTIVE_GIMPS_ASSIGNMENT,2026-08-05T20:30:43+00:00,UNALLOCATED,,,,,
MP-S10-R06-0537,537,1249,143667809,2^143667809-1,STRUCTURAL_SCREEN_EXHAUSTED_PRIMALITY_UNASSIGNED,FIRST_SINGULARITY_SHELL_EXHAUSTED_PRIMALITY_UNASSIGNED,513,9595,9595,NO_RECORDED_FACTOR_PRP_OR_LL_RESULT_AND_NO_ACTIVE_GIMPS_ASSIGNMENT,2026-08-05T20:30:43+00:00,UNALLOCATED,,,,,
MP-S10-R06-0538,538,1250,143667829,2^143667829-1,STRUCTURAL_SCREEN_EXHAUSTED_PRIMALITY_UNASSIGNED,FIRST_SINGULARITY_SHELL_EXHAUSTED_PRIMALITY_UNASSIGNED,513,9595,9595,NO_RECORDED_FACTOR_PRP_OR_LL_RESULT_AND_NO_ACTIVE_GIMPS_ASSIGNMENT,2026-08-05T20:30:43+00:00,UNALLOCATED,,,,,
MP-S10-R06-0539,539,1251,143667947,2^143667947-1,STRUCTURAL_SCREEN_EXHAUSTED_PRIMALITY_UNASSIGNED,FIRST_SINGULARITY_SHELL_EXHAUSTED_PRIMALITY_UNASSIGNED,514,9595,9595,NO_RECORDED_FACTOR_PRP_OR_LL_RESULT_AND_NO_ACTIVE_GIMPS_ASSIGNMENT,2026-08-05T20:30:43+00:00,UNALLOCATED,,,,,
MP-S10-R06-0540,540,1252,143668013,2^143668013-1,STRUCTURAL_SCREEN_EXHAUSTED_PRIMALITY_UNASSIGNED,FIRST_SINGULARITY_SHELL_EXHAUSTED_PRIMALITY_UNASSIGNED,513,9595,9595,NO_RECORDED_FACTOR_PRP_OR_LL_RESULT_AND_NO_ACTIVE_GIMPS_ASSIGNMENT,2026-08-05T20:30:43+00:00,UNALLOCATED,,,,,
MP-S10-R06-0541,541,1253,143668027,2^143668027-1,STRUCTURAL_SCREEN_EXHAUSTED_PRIMALITY_UNASSIGNED,FIRST_SINGULARITY_SHELL_EXHAUSTED_PRIMALITY_UNASSIGNED,514,9595,9595,NO_RECORDED_FACTOR_PRP_OR_LL_RESULT_AND_NO_ACTIVE_GIMPS_ASSIGNMENT,2026-08-05T20:30:43+00:00,UNALLOCATED,,,,,
MP-S10-R06-0542,542,1254,143668081,2^143668081-1,STRUCTURAL_SCREEN_EXHAUSTED_PRIMALITY_UNASSIGNED,FIRST_SINGULARITY_SHELL_EXHAUSTED_PRIMALITY_UNASSIGNED,513,9595,9595,NO_RECORDED_FACTOR_PRP_OR_LL_RESULT_AND_NO_ACTIVE_GIMPS_ASSIGNMENT,2026-08-05T20:30:43+00:00,UNALLOCATED,,,,,
MP-S10-R06-0543,543,1255,143668121,2^143668121-1,STRUCTURAL_SCREEN_EXHAUSTED_PRIMALITY_UNASSIGNED,FIRST_SINGULARITY_SHELL_EXHAUSTED_PRIMALITY_UNASSIGNED,513,9595,9595,NO_RECORDED_FACTOR_PRP_OR_LL_RESULT_AND_NO_ACTIVE_GIMPS_ASSIGNMENT,2026-08-05T20:30:43+00:00,UNALLOCATED,,,,,
MP-S10-R06-0544,544,1256,143668153,2^143668153-1,STRUCTURAL_SCREEN_EXHAUSTED_PRIMALITY_UNASSIGNED,FIRST_SINGULARITY_SHELL_EXHAUSTED_PRIMALITY_UNASSIGNED,513,9595,9595,NO_RECORDED_FACTOR_PRP_OR_LL_RESULT_AND_NO_ACTIVE_GIMPS_ASSIGNMENT,2026-08-05T20:30:43+00:00,UNALLOCATED,,,,,
MP-S10-R06-0545,545,1257,143668159,2^143668159-1,STRUCTURAL_SCREEN_EXHAUSTED_PRIMALITY_UNASSIGNED,FIRST_SINGULARITY_SHELL_EXHAUSTED_PRIMALITY_UNASSIGNED,514,9595,9595,NO_RECORDED_FACTOR_PRP_OR_LL_RESULT_AND_NO_ACTIVE_GIMPS_ASSIGNMENT,2026-08-05T20:30:43+00:00,UNALLOCATED,,,,,
MP-S10-R06-0546,546,1258,143668163,2^143668163-1,STRUCTURAL_SCREEN_EXHAUSTED_PRIMALITY_UNASSIGNED,FIRST_SINGULARITY_SHELL_EXHAUSTED_PRIMALITY_UNASSIGNED,514,9595,9595,NO_RECORDED_FACTOR_PRP_OR_LL_RESULT_AND_NO_ACTIVE_GIMPS_ASSIGNMENT,2026-08-05T20:30:43+00:00,UNALLOCATED,,,,,
MP-S10-R06-0547,547,1259,143668303,2^143668303-1,STRUCTURAL_SCREEN_EXHAUSTED_PRIMALITY_UNASSIGNED,FIRST_SINGULARITY_SHELL_EXHAUSTED_PRIMALITY_UNASSIGNED,514,9595,9595,NO_RECORDED_FACTOR_PRP_OR_LL_RESULT_AND_NO_ACTIVE_GIMPS_ASSIGNMENT,2026-08-05T20:30:43+00:00,UNALLOCATED,,,,,
MP-S10-R06-0548,548,1260,143668379,2^143668379-1,STRUCTURAL_SCREEN_EXHAUSTED_PRIMALITY_UNASSIGNED,FIRST_SINGULARITY_SHELL_EXHAUSTED_PRIMALITY_UNASSIGNED,514,9595,9595,NO_RECORDED_FACTOR_PRP_OR_LL_RESULT_AND_NO_ACTIVE_GIMPS_ASSIGNMENT,2026-08-05T20:30:43+00:00,UNALLOCATED,,,,,
MP-S10-R06-0549,549,1261,143668391,2^143668391-1,STRUCTURAL_SCREEN_EXHAUSTED_PRIMALITY_UNASSIGNED,FIRST_SINGULARITY_SHELL_EXHAUSTED_PRIMALITY_UNASSIGNED,514,9595,9595,NO_RECORDED_FACTOR_PRP_OR_LL_RESULT_AND_NO_ACTIVE_GIMPS_ASSIGNMENT,2026-08-05T20:30:43+00:00,UNALLOCATED,,,,,
MP-S10-R06-0550,550,1262,143668487,2^143668487-1,STRUCTURAL_SCREEN_EXHAUSTED_PRIMALITY_UNASSIGNED,FIRST_SINGULARITY_SHELL_EXHAUSTED_PRIMALITY_UNASSIGNED,514,9595,9595,NO_RECORDED_FACTOR_PRP_OR_LL_RESULT_AND_NO_ACTIVE_GIMPS_ASSIGNMENT,2026-08-05T20:30:43+00:00,UNALLOCATED,,,,,
MP-S10-R06-0551,551,1263,143668619,2^143668619-1,STRUCTURAL_SCREEN_EXHAUSTED_PRIMALITY_UNASSIGNED,FIRST_SINGULARITY_SHELL_EXHAUSTED_PRIMALITY_UNASSIGNED,514,9595,9595,NO_RECORDED_FACTOR_PRP_OR_LL_RESULT_AND_NO_ACTIVE_GIMPS_ASSIGNMENT,2026-08-05T20:30:43+00:00,UNALLOCATED,,,,,
MP-S10-R06-0552,552,1264,143668661,2^143668661-1,STRUCTURAL_SCREEN_EXHAUSTED_PRIMALITY_UNASSIGNED,FIRST_SINGULARITY_SHELL_EXHAUSTED_PRIMALITY_UNASSIGNED,513,9595,9595,NO_RECORDED_FACTOR_PRP_OR_LL_RESULT_AND_NO_ACTIVE_GIMPS_ASSIGNMENT,2026-08-05T20:30:43+00:00,UNALLOCATED,,,,,
MP-S10-R06-0553,553,1265,143668699,2^143668699-1,STRUCTURAL_SCREEN_EXHAUSTED_PRIMALITY_UNASSIGNED,FIRST_SINGULARITY_SHELL_EXHAUSTED_PRIMALITY_UNASSIGNED,514,9595,9595,NO_RECORDED_FACTOR_PRP_OR_LL_RESULT_AND_NO_ACTIVE_GIMPS_ASSIGNMENT,2026-08-05T20:30:43+00:00,UNALLOCATED,,,,,
MP-S10-R06-0554,554,1266,143668771,2^143668771-1,STRUCTURAL_SCREEN_EXHAUSTED_PRIMALITY_UNASSIGNED,FIRST_SINGULARITY_SHELL_EXHAUSTED_PRIMALITY_UNASSIGNED,514,9595,9595,NO_RECORDED_FACTOR_PRP_OR_LL_RESULT_AND_NO_ACTIVE_GIMPS_ASSIGNMENT,2026-08-05T20:30:43+00:00,UNALLOCATED,,,,,
MP-S10-R06-0555,555,1267,143668841,2^143668841-1,STRUCTURAL_SCREEN_EXHAUSTED_PRIMALITY_UNASSIGNED,FIRST_SINGULARITY_SHELL_EXHAUSTED_PRIMALITY_UNASSIGNED,513,9595,9595,NO_RECORDED_FACTOR_PRP_OR_LL_RESULT_AND_NO_ACTIVE_GIMPS_ASSIGNMENT,2026-08-05T20:30:43+00:00,UNALLOCATED,,,,,
MP-S10-R06-0556,556,1268,143668843,2^143668843-1,STRUCTURAL_SCREEN_EXHAUSTED_PRIMALITY_UNASSIGNED,FIRST_SINGULARITY_SHELL_EXHAUSTED_PRIMALITY_UNASSIGNED,514,9595,9595,NO_RECORDED_FACTOR_PRP_OR_LL_RESULT_AND_NO_ACTIVE_GIMPS_ASSIGNMENT,2026-08-05T20:30:43+00:00,UNALLOCATED,,,,,
MP-S10-R06-0557,557,1269,143668927,2^143668927-1,STRUCTURAL_SCREEN_EXHAUSTED_PRIMALITY_UNASSIGNED,FIRST_SINGULARITY_SHELL_EXHAUSTED_PRIMALITY_UNASSIGNED,514,9595,9595,NO_RECORDED_FACTOR_PRP_OR_LL_RESULT_AND_NO_ACTIVE_GIMPS_ASSIGNMENT,2026-08-05T20:30:43+00:00,UNALLOCATED,,,,,
MP-S10-R06-0558,558,1270,143668957,2^143668957-1,STRUCTURAL_SCREEN_EXHAUSTED_PRIMALITY_UNASSIGNED,FIRST_SINGULARITY_SHELL_EXHAUSTED_PRIMALITY_UNASSIGNED,513,9595,9595,NO_RECORDED_FACTOR_PRP_OR_LL_RESULT_AND_NO_ACTIVE_GIMPS_ASSIGNMENT,2026-08-05T20:30:43+00:00,UNALLOCATED,,,,,
MP-S10-R06-0559,559,1271,143668963,2^143668963-1,STRUCTURAL_SCREEN_EXHAUSTED_PRIMALITY_UNASSIGNED,FIRST_SINGULARITY_SHELL_EXHAUSTED_PRIMALITY_UNASSIGNED,514,9595,9595,NO_RECORDED_FACTOR_PRP_OR_LL_RESULT_AND_NO_ACTIVE_GIMPS_ASSIGNMENT,2026-08-05T20:30:43+00:00,UNALLOCATED,,,,,
MP-S10-R06-0560,560,1272,143669081,2^143669081-1,STRUCTURAL_SCREEN_EXHAUSTED_PRIMALITY_UNASSIGNED,FIRST_SINGULARITY_SHELL_EXHAUSTED_PRIMALITY_UNASSIGNED,513,9595,9595,NO_RECORDED_FACTOR_PRP_OR_LL_RESULT_AND_NO_ACTIVE_GIMPS_ASSIGNMENT,2026-08-05T20:30:43+00:00,UNALLOCATED,,,,,
MP-S10-R06-0561,561,1273,143669087,2^143669087-1,STRUCTURAL_SCREEN_EXHAUSTED_PRIMALITY_UNASSIGNED,FIRST_SINGULARITY_SHELL_EXHAUSTED_PRIMALITY_UNASSIGNED,514,9595,9595,NO_RECORDED_FACTOR_PRP_OR_LL_RESULT_AND_NO_ACTIVE_GIMPS_ASSIGNMENT,2026-08-05T20:30:43+00:00,UNALLOCATED,,,,,
MP-S10-R06-0562,562,1274,143669243,2^143669243-1,STRUCTURAL_SCREEN_EXHAUSTED_PRIMALITY_UNASSIGNED,FIRST_SINGULARITY_SHELL_EXHAUSTED_PRIMALITY_UNASSIGNED,514,9595,9595,NO_RECORDED_FACTOR_PRP_OR_LL_RESULT_AND_NO_ACTIVE_GIMPS_ASSIGNMENT,2026-08-05T20:30:43+00:00,UNALLOCATED,,,,,
MP-S10-R06-0563,563,1275,143669299,2^143669299-1,STRUCTURAL_SCREEN_EXHAUSTED_PRIMALITY_UNASSIGNED,FIRST_SINGULARITY_SHELL_EXHAUSTED_PRIMALITY_UNASSIGNED,514,9595,9595,NO_RECORDED_FACTOR_PRP_OR_LL_RESULT_AND_NO_ACTIVE_GIMPS_ASSIGNMENT,2026-08-05T20:30:43+00:00,UNALLOCATED,,,,,
MP-S10-R06-0564,564,1276,143669359,2^143669359-1,STRUCTURAL_SCREEN_EXHAUSTED_PRIMALITY_UNASSIGNED,FIRST_SINGULARITY_SHELL_EXHAUSTED_PRIMALITY_UNASSIGNED,514,9595,9595,NO_RECORDED_FACTOR_PRP_OR_LL_RESULT_AND_NO_ACTIVE_GIMPS_ASSIGNMENT,2026-08-05T20:30:43+00:00,UNALLOCATED,,,,,
MP-S10-R06-0565,565,1277,143669377,2^143669377-1,STRUCTURAL_SCREEN_EXHAUSTED_PRIMALITY_UNASSIGNED,FIRST_SINGULARITY_SHELL_EXHAUSTED_PRIMALITY_UNASSIGNED,513,9595,9595,NO_RECORDED_FACTOR_PRP_OR_LL_RESULT_AND_NO_ACTIVE_GIMPS_ASSIGNMENT,2026-08-05T20:30:43+00:00,UNALLOCATED,,,,,
MP-S10-R06-0566,566,1278,143669387,2^143669387-1,STRUCTURAL_SCREEN_EXHAUSTED_PRIMALITY_UNASSIGNED,FIRST_SINGULARITY_SHELL_EXHAUSTED_PRIMALITY_UNASSIGNED,514,9595,9595,NO_RECORDED_FACTOR_PRP_OR_LL_RESULT_AND_NO_ACTIVE_GIMPS_ASSIGNMENT,2026-08-05T20:30:43+00:00,UNALLOCATED,,,,,
MP-S10-R06-0567,567,1279,143669417,2^143669417-1,STRUCTURAL_SCREEN_EXHAUSTED_PRIMALITY_UNASSIGNED,FIRST_SINGULARITY_SHELL_EXHAUSTED_PRIMALITY_UNASSIGNED,513,9595,9595,NO_RECORDED_FACTOR_PRP_OR_LL_RESULT_AND_NO_ACTIVE_GIMPS_ASSIGNMENT,2026-08-05T20:30:43+00:00,UNALLOCATED,,,,,
MP-S10-R06-0568,568,1280,143669497,2^143669497-1,STRUCTURAL_SCREEN_EXHAUSTED_PRIMALITY_UNASSIGNED,FIRST_SINGULARITY_SHELL_EXHAUSTED_PRIMALITY_UNASSIGNED,513,9595,9595,NO_RECORDED_FACTOR_PRP_OR_LL_RESULT_AND_NO_ACTIVE_GIMPS_ASSIGNMENT,2026-08-05T20:30:43+00:00,UNALLOCATED,,,,,
MP-S10-R06-0569,569,1281,143669663,2^143669663-1,STRUCTURAL_SCREEN_EXHAUSTED_PRIMALITY_UNASSIGNED,FIRST_SINGULARITY_SHELL_EXHAUSTED_PRIMALITY_UNASSIGNED,514,9595,9595,NO_RECORDED_FACTOR_PRP_OR_LL_RESULT_AND_NO_ACTIVE_GIMPS_ASSIGNMENT,2026-08-05T20:30:43+00:00,UNALLOCATED,,,,,
MP-S10-R06-0570,570,1282,143669671,2^143669671-1,STRUCTURAL_SCREEN_EXHAUSTED_PRIMALITY_UNASSIGNED,FIRST_SINGULARITY_SHELL_EXHAUSTED_PRIMALITY_UNASSIGNED,514,9595,9595,NO_RECORDED_FACTOR_PRP_OR_LL_RESULT_AND_NO_ACTIVE_GIMPS_ASSIGNMENT,2026-08-05T20:30:43+00:00,UNALLOCATED,,,,,
MP-S10-R06-0571,571,1283,143669677,2^143669677-1,STRUCTURAL_SCREEN_EXHAUSTED_PRIMALITY_UNASSIGNED,FIRST_SINGULARITY_SHELL_EXHAUSTED_PRIMALITY_UNASSIGNED,513,9595,9595,NO_RECORDED_FACTOR_PRP_OR_LL_RESULT_AND_NO_ACTIVE_GIMPS_ASSIGNMENT,2026-08-05T20:30:43+00:00,UNALLOCATED,,,,,
MP-S10-R06-0572,572,1284,143669731,2^143669731-1,STRUCTURAL_SCREEN_EXHAUSTED_PRIMALITY_UNASSIGNED,FIRST_SINGULARITY_SHELL_EXHAUSTED_PRIMALITY_UNASSIGNED,514,9595,9595,NO_RECORDED_FACTOR_PRP_OR_LL_RESULT_AND_NO_ACTIVE_GIMPS_ASSIGNMENT,2026-08-05T20:30:43+00:00,UNALLOCATED,,,,,
MP-S10-R06-0573,573,1285,143669749,2^143669749-1,STRUCTURAL_SCREEN_EXHAUSTED_PRIMALITY_UNASSIGNED,FIRST_SINGULARITY_SHELL_EXHAUSTED_PRIMALITY_UNASSIGNED,513,9595,9595,NO_RECORDED_FACTOR_PRP_OR_LL_RESULT_AND_NO_ACTIVE_GIMPS_ASSIGNMENT,2026-08-05T20:30:43+00:00,UNALLOCATED,,,,,
MP-S10-R06-0574,574,1286,143669777,2^143669777-1,STRUCTURAL_SCREEN_EXHAUSTED_PRIMALITY_UNASSIGNED,FIRST_SINGULARITY_SHELL_EXHAUSTED_PRIMALITY_UNASSIGNED,513,9595,9595,NO_RECORDED_FACTOR_PRP_OR_LL_RESULT_AND_NO_ACTIVE_GIMPS_ASSIGNMENT,2026-08-05T20:30:43+00:00,UNALLOCATED,,,,,
MP-S10-R06-0575,575,1287,143669807,2^143669807-1,STRUCTURAL_SCREEN_EXHAUSTED_PRIMALITY_UNASSIGNED,FIRST_SINGULARITY_SHELL_EXHAUSTED_PRIMALITY_UNASSIGNED,514,9595,9595,NO_RECORDED_FACTOR_PRP_OR_LL_RESULT_AND_NO_ACTIVE_GIMPS_ASSIGNMENT,2026-08-05T20:30:43+00:00,UNALLOCATED,,,,,
MP-S10-R06-0576,576,1350,143673427,2^143673427-1,STRUCTURAL_SCREEN_EXHAUSTED_PRIMALITY_UNASSIGNED,FIRST_SINGULARITY_SHELL_EXHAUSTED_PRIMALITY_UNASSIGNED,514,9595,9595,NO_RECORDED_FACTOR_PRP_OR_LL_RESULT_AND_NO_ACTIVE_GIMPS_ASSIGNMENT,2026-08-05T20:30:43+00:00,UNALLOCATED,,,,,
MP-S10-R06-0577,577,1352,143673557,2^143673557-1,STRUCTURAL_SCREEN_EXHAUSTED_PRIMALITY_UNASSIGNED,FIRST_SINGULARITY_SHELL_EXHAUSTED_PRIMALITY_UNASSIGNED,513,9595,9595,NO_RECORDED_FACTOR_PRP_OR_LL_RESULT_AND_NO_ACTIVE_GIMPS_ASSIGNMENT,2026-08-05T20:30:43+00:00,UNALLOCATED,,,,,
MP-S10-R06-0578,578,1353,143673601,2^143673601-1,STRUCTURAL_SCREEN_EXHAUSTED_PRIMALITY_UNASSIGNED,FIRST_SINGULARITY_SHELL_EXHAUSTED_PRIMALITY_UNASSIGNED,513,9595,9595,NO_RECORDED_FACTOR_PRP_OR_LL_RESULT_AND_NO_ACTIVE_GIMPS_ASSIGNMENT,2026-08-05T20:30:43+00:00,UNALLOCATED,,,,,
MP-S10-R06-0579,579,1354,143673833,2^143673833-1,STRUCTURAL_SCREEN_EXHAUSTED_PRIMALITY_UNASSIGNED,FIRST_SINGULARITY_SHELL_EXHAUSTED_PRIMALITY_UNASSIGNED,513,9595,9595,NO_RECORDED_FACTOR_PRP_OR_LL_RESULT_AND_NO_ACTIVE_GIMPS_ASSIGNMENT,2026-08-05T20:30:43+00:00,UNALLOCATED,,,,,
MP-S10-R06-0580,580,1355,143673949,2^143673949-1,STRUCTURAL_SCREEN_EXHAUSTED_PRIMALITY_UNASSIGNED,FIRST_SINGULARITY_SHELL_EXHAUSTED_PRIMALITY_UNASSIGNED,513,9595,9595,NO_RECORDED_FACTOR_PRP_OR_LL_RESULT_AND_NO_ACTIVE_GIMPS_ASSIGNMENT,2026-08-05T20:30:43+00:00,UNALLOCATED,,,,,
MP-S10-R06-0581,581,1356,143674039,2^143674039-1,STRUCTURAL_SCREEN_EXHAUSTED_PRIMALITY_UNASSIGNED,FIRST_SINGULARITY_SHELL_EXHAUSTED_PRIMALITY_UNASSIGNED,514,9595,9595,NO_RECORDED_FACTOR_PRP_OR_LL_RESULT_AND_NO_ACTIVE_GIMPS_ASSIGNMENT,2026-08-05T20:30:43+00:00,UNALLOCATED,,,,,
MP-S10-R06-0582,582,1357,143674073,2^143674073-1,STRUCTURAL_SCREEN_EXHAUSTED_PRIMALITY_UNASSIGNED,FIRST_SINGULARITY_SHELL_EXHAUSTED_PRIMALITY_UNASSIGNED,513,9595,9595,NO_RECORDED_FACTOR_PRP_OR_LL_RESULT_AND_NO_ACTIVE_GIMPS_ASSIGNMENT,2026-08-05T20:30:43+00:00,UNALLOCATED,,,,,
MP-S10-R06-0583,583,1358,143674129,2^143674129-1,STRUCTURAL_SCREEN_EXHAUSTED_PRIMALITY_UNASSIGNED,FIRST_SINGULARITY_SHELL_EXHAUSTED_PRIMALITY_UNASSIGNED,513,9595,9595,NO_RECORDED_FACTOR_PRP_OR_LL_RESULT_AND_NO_ACTIVE_GIMPS_ASSIGNMENT,2026-08-05T20:30:43+00:00,UNALLOCATED,,,,,
MP-S10-R06-0584,584,1359,143674273,2^143674273-1,STRUCTURAL_SCREEN_EXHAUSTED_PRIMALITY_UNASSIGNED,FIRST_SINGULARITY_SHELL_EXHAUSTED_PRIMALITY_UNASSIGNED,513,9595,9595,NO_RECORDED_FACTOR_PRP_OR_LL_RESULT_AND_NO_ACTIVE_GIMPS_ASSIGNMENT,2026-08-05T20:30:43+00:00,UNALLOCATED,,,,,
MP-S10-R06-0585,585,1364,143674711,2^143674711-1,STRUCTURAL_SCREEN_EXHAUSTED_PRIMALITY_UNASSIGNED,FIRST_SINGULARITY_SHELL_EXHAUSTED_PRIMALITY_UNASSIGNED,514,9595,9595,NO_RECORDED_FACTOR_PRP_OR_LL_RESULT_AND_NO_ACTIVE_GIMPS_ASSIGNMENT,2026-08-05T20:30:43+00:00,UNALLOCATED,,,,,
MP-S10-R06-0586,586,1365,143674831,2^143674831-1,STRUCTURAL_SCREEN_EXHAUSTED_PRIMALITY_UNASSIGNED,FIRST_SINGULARITY_SHELL_EXHAUSTED_PRIMALITY_UNASSIGNED,514,9595,9595,NO_RECORDED_FACTOR_PRP_OR_LL_RESULT_AND_NO_ACTIVE_GIMPS_ASSIGNMENT,2026-08-05T20:30:43+00:00,UNALLOCATED,,,,,
MP-S10-R06-0587,587,1366,143674841,2^143674841-1,STRUCTURAL_SCREEN_EXHAUSTED_PRIMALITY_UNASSIGNED,FIRST_SINGULARITY_SHELL_EXHAUSTED_PRIMALITY_UNASSIGNED,513,9595,9595,NO_RECORDED_FACTOR_PRP_OR_LL_RESULT_AND_NO_ACTIVE_GIMPS_ASSIGNMENT,2026-08-05T20:30:43+00:00,UNALLOCATED,,,,,
MP-S10-R06-0588,588,1367,143674849,2^143674849-1,STRUCTURAL_SCREEN_EXHAUSTED_PRIMALITY_UNASSIGNED,FIRST_SINGULARITY_SHELL_EXHAUSTED_PRIMALITY_UNASSIGNED,513,9595,9595,NO_RECORDED_FACTOR_PRP_OR_LL_RESULT_AND_NO_ACTIVE_GIMPS_ASSIGNMENT,2026-08-05T20:30:43+00:00,UNALLOCATED,,,,,
MP-S10-R06-0589,589,1368,143674879,2^143674879-1,STRUCTURAL_SCREEN_EXHAUSTED_PRIMALITY_UNASSIGNED,FIRST_SINGULARITY_SHELL_EXHAUSTED_PRIMALITY_UNASSIGNED,514,9595,9595,NO_RECORDED_FACTOR_PRP_OR_LL_RESULT_AND_NO_ACTIVE_GIMPS_ASSIGNMENT,2026-08-05T20:30:43+00:00,UNALLOCATED,,,,,
MP-S10-R06-0590,590,1369,143674901,2^143674901-1,STRUCTURAL_SCREEN_EXHAUSTED_PRIMALITY_UNASSIGNED,FIRST_SINGULARITY_SHELL_EXHAUSTED_PRIMALITY_UNASSIGNED,513,9595,9595,NO_RECORDED_FACTOR_PRP_OR_LL_RESULT_AND_NO_ACTIVE_GIMPS_ASSIGNMENT,2026-08-05T20:30:43+00:00,UNALLOCATED,,,,,
MP-S10-R06-0591,591,1370,143674931,2^143674931-1,STRUCTURAL_SCREEN_EXHAUSTED_PRIMALITY_UNASSIGNED,FIRST_SINGULARITY_SHELL_EXHAUSTED_PRIMALITY_UNASSIGNED,514,9595,9595,NO_RECORDED_FACTOR_PRP_OR_LL_RESULT_AND_NO_ACTIVE_GIMPS_ASSIGNMENT,2026-08-05T20:30:43+00:00,UNALLOCATED,,,,,
MP-S10-R06-0592,592,1371,143674957,2^143674957-1,STRUCTURAL_SCREEN_EXHAUSTED_PRIMALITY_UNASSIGNED,FIRST_SINGULARITY_SHELL_EXHAUSTED_PRIMALITY_UNASSIGNED,513,9595,9595,NO_RECORDED_FACTOR_PRP_OR_LL_RESULT_AND_NO_ACTIVE_GIMPS_ASSIGNMENT,2026-08-05T20:30:43+00:00,UNALLOCATED,,,,,
MP-S10-R06-0593,593,1372,143674963,2^143674963-1,STRUCTURAL_SCREEN_EXHAUSTED_PRIMALITY_UNASSIGNED,FIRST_SINGULARITY_SHELL_EXHAUSTED_PRIMALITY_UNASSIGNED,514,9595,9595,NO_RECORDED_FACTOR_PRP_OR_LL_RESULT_AND_NO_ACTIVE_GIMPS_ASSIGNMENT,2026-08-05T20:30:43+00:00,UNALLOCATED,,,,,
MP-S10-R06-0594,594,1373,143674967,2^143674967-1,STRUCTURAL_SCREEN_EXHAUSTED_PRIMALITY_UNASSIGNED,FIRST_SINGULARITY_SHELL_EXHAUSTED_PRIMALITY_UNASSIGNED,514,9595,9595,NO_RECORDED_FACTOR_PRP_OR_LL_RESULT_AND_NO_ACTIVE_GIMPS_ASSIGNMENT,2026-08-05T20:30:43+00:00,UNALLOCATED,,,,,
MP-S10-R06-0595,595,1374,143674969,2^143674969-1,STRUCTURAL_SCREEN_EXHAUSTED_PRIMALITY_UNASSIGNED,FIRST_SINGULARITY_SHELL_EXHAUSTED_PRIMALITY_UNASSIGNED,513,9595,9595,NO_RECORDED_FACTOR_PRP_OR_LL_RESULT_AND_NO_ACTIVE_GIMPS_ASSIGNMENT,2026-08-05T20:30:43+00:00,UNALLOCATED,,,,,
MP-S10-R06-0596,596,1375,143674981,2^143674981-1,STRUCTURAL_SCREEN_EXHAUSTED_PRIMALITY_UNASSIGNED,FIRST_SINGULARITY_SHELL_EXHAUSTED_PRIMALITY_UNASSIGNED,513,9595,9595,NO_RECORDED_FACTOR_PRP_OR_LL_RESULT_AND_NO_ACTIVE_GIMPS_ASSIGNMENT,2026-08-05T20:30:43+00:00,UNALLOCATED,,,,,
MP-S10-R06-0597,597,1376,143675071,2^143675071-1,STRUCTURAL_SCREEN_EXHAUSTED_PRIMALITY_UNASSIGNED,FIRST_SINGULARITY_SHELL_EXHAUSTED_PRIMALITY_UNASSIGNED,514,9595,9595,NO_RECORDED_FACTOR_PRP_OR_LL_RESULT_AND_NO_ACTIVE_GIMPS_ASSIGNMENT,2026-08-05T20:30:43+00:00,UNALLOCATED,,,,,
MP-S10-R06-0598,598,1377,143675113,2^143675113-1,STRUCTURAL_SCREEN_EXHAUSTED_PRIMALITY_UNASSIGNED,FIRST_SINGULARITY_SHELL_EXHAUSTED_PRIMALITY_UNASSIGNED,513,9595,9595,NO_RECORDED_FACTOR_PRP_OR_LL_RESULT_AND_NO_ACTIVE_GIMPS_ASSIGNMENT,2026-08-05T20:30:43+00:00,UNALLOCATED,,,,,
MP-S10-R06-0599,599,1378,143675137,2^143675137-1,STRUCTURAL_SCREEN_EXHAUSTED_PRIMALITY_UNASSIGNED,FIRST_SINGULARITY_SHELL_EXHAUSTED_PRIMALITY_UNASSIGNED,513,9595,9595,NO_RECORDED_FACTOR_PRP_OR_LL_RESULT_AND_NO_ACTIVE_GIMPS_ASSIGNMENT,2026-08-05T20:30:43+00:00,UNALLOCATED,,,,,
MP-S10-R06-0600,600,1379,143675159,2^143675159-1,STRUCTURAL_SCREEN_EXHAUSTED_PRIMALITY_UNASSIGNED,FIRST_SINGULARITY_SHELL_EXHAUSTED_PRIMALITY_UNASSIGNED,514,9595,9595,NO_RECORDED_FACTOR_PRP_OR_LL_RESULT_AND_NO_ACTIVE_GIMPS_ASSIGNMENT,2026-08-05T20:30:43+00:00,UNALLOCATED,,,,,
MP-S10-R06-0601,601,1380,143675243,2^143675243-1,STRUCTURAL_SCREEN_EXHAUSTED_PRIMALITY_UNASSIGNED,FIRST_SINGULARITY_SHELL_EXHAUSTED_PRIMALITY_UNASSIGNED,514,9595,9595,NO_RECORDED_FACTOR_PRP_OR_LL_RESULT_AND_NO_ACTIVE_GIMPS_ASSIGNMENT,2026-08-05T20:30:43+00:00,UNALLOCATED,,,,,
MP-S10-R06-0602,602,1381,143675261,2^143675261-1,STRUCTURAL_SCREEN_EXHAUSTED_PRIMALITY_UNASSIGNED,FIRST_SINGULARITY_SHELL_EXHAUSTED_PRIMALITY_UNASSIGNED,513,9595,9595,NO_RECORDED_FACTOR_PRP_OR_LL_RESULT_AND_NO_ACTIVE_GIMPS_ASSIGNMENT,2026-08-05T20:30:43+00:00,UNALLOCATED,,,,,
MP-S10-R06-0603,603,1382,143675267,2^143675267-1,STRUCTURAL_SCREEN_EXHAUSTED_PRIMALITY_UNASSIGNED,FIRST_SINGULARITY_SHELL_EXHAUSTED_PRIMALITY_UNASSIGNED,514,9595,9595,NO_RECORDED_FACTOR_PRP_OR_LL_RESULT_AND_NO_ACTIVE_GIMPS_ASSIGNMENT,2026-08-05T20:30:43+00:00,UNALLOCATED,,,,,
MP-S10-R06-0604,604,1383,143675291,2^143675291-1,STRUCTURAL_SCREEN_EXHAUSTED_PRIMALITY_UNASSIGNED,FIRST_SINGULARITY_SHELL_EXHAUSTED_PRIMALITY_UNASSIGNED,514,9595,9595,NO_RECORDED_FACTOR_PRP_OR_LL_RESULT_AND_NO_ACTIVE_GIMPS_ASSIGNMENT,2026-08-05T20:30:43+00:00,UNALLOCATED,,,,,
MP-S10-R06-0605,605,1384,143675303,2^143675303-1,STRUCTURAL_SCREEN_EXHAUSTED_PRIMALITY_UNASSIGNED,FIRST_SINGULARITY_SHELL_EXHAUSTED_PRIMALITY_UNASSIGNED,514,9595,9595,NO_RECORDED_FACTOR_PRP_OR_LL_RESULT_AND_NO_ACTIVE_GIMPS_ASSIGNMENT,2026-08-05T20:30:43+00:00,UNALLOCATED,,,,,
MP-S10-R06-0606,606,1385,143675383,2^143675383-1,STRUCTURAL_SCREEN_EXHAUSTED_PRIMALITY_UNASSIGNED,FIRST_SINGULARITY_SHELL_EXHAUSTED_PRIMALITY_UNASSIGNED,514,9595,9595,NO_RECORDED_FACTOR_PRP_OR_LL_RESULT_AND_NO_ACTIVE_GIMPS_ASSIGNMENT,2026-08-05T20:30:43+00:00,UNALLOCATED,,,,,
MP-S10-R06-0607,607,1386,143675453,2^143675453-1,STRUCTURAL_SCREEN_EXHAUSTED_PRIMALITY_UNASSIGNED,FIRST_SINGULARITY_SHELL_EXHAUSTED_PRIMALITY_UNASSIGNED,513,9595,9595,NO_RECORDED_FACTOR_PRP_OR_LL_RESULT_AND_NO_ACTIVE_GIMPS_ASSIGNMENT,2026-08-05T20:30:43+00:00,UNALLOCATED,,,,,
MP-S10-R06-0608,608,1387,143675531,2^143675531-1,STRUCTURAL_SCREEN_EXHAUSTED_PRIMALITY_UNASSIGNED,FIRST_SINGULARITY_SHELL_EXHAUSTED_PRIMALITY_UNASSIGNED,514,9595,9595,NO_RECORDED_FACTOR_PRP_OR_LL_RESULT_AND_NO_ACTIVE_GIMPS_ASSIGNMENT,2026-08-05T20:30:43+00:00,UNALLOCATED,,,,,
MP-S10-R06-0609,609,1388,143675629,2^143675629-1,STRUCTURAL_SCREEN_EXHAUSTED_PRIMALITY_UNASSIGNED,FIRST_SINGULARITY_SHELL_EXHAUSTED_PRIMALITY_UNASSIGNED,513,9595,9595,NO_RECORDED_FACTOR_PRP_OR_LL_RESULT_AND_NO_ACTIVE_GIMPS_ASSIGNMENT,2026-08-05T20:30:43+00:00,UNALLOCATED,,,,,
MP-S10-R06-0610,610,1389,143675647,2^143675647-1,STRUCTURAL_SCREEN_EXHAUSTED_PRIMALITY_UNASSIGNED,FIRST_SINGULARITY_SHELL_EXHAUSTED_PRIMALITY_UNASSIGNED,514,9595,9595,NO_RECORDED_FACTOR_PRP_OR_LL_RESULT_AND_NO_ACTIVE_GIMPS_ASSIGNMENT,2026-08-05T20:30:43+00:00,UNALLOCATED,,,,,
MP-S10-R06-0611,611,1390,143675717,2^143675717-1,STRUCTURAL_SCREEN_EXHAUSTED_PRIMALITY_UNASSIGNED,FIRST_SINGULARITY_SHELL_EXHAUSTED_PRIMALITY_UNASSIGNED,513,9595,9595,NO_RECORDED_FACTOR_PRP_OR_LL_RESULT_AND_NO_ACTIVE_GIMPS_ASSIGNMENT,2026-08-05T20:30:43+00:00,UNALLOCATED,,,,,
MP-S10-R06-0612,612,1391,143675737,2^143675737-1,STRUCTURAL_SCREEN_EXHAUSTED_PRIMALITY_UNASSIGNED,FIRST_SINGULARITY_SHELL_EXHAUSTED_PRIMALITY_UNASSIGNED,513,9595,9595,NO_RECORDED_FACTOR_PRP_OR_LL_RESULT_AND_NO_ACTIVE_GIMPS_ASSIGNMENT,2026-08-05T20:30:43+00:00,UNALLOCATED,,,,,
MP-S10-R06-0613,613,1392,143675743,2^143675743-1,STRUCTURAL_SCREEN_EXHAUSTED_PRIMALITY_UNASSIGNED,FIRST_SINGULARITY_SHELL_EXHAUSTED_PRIMALITY_UNASSIGNED,514,9595,9595,NO_RECORDED_FACTOR_PRP_OR_LL_RESULT_AND_NO_ACTIVE_GIMPS_ASSIGNMENT,2026-08-05T20:30:43+00:00,UNALLOCATED,,,,,
MP-S10-R06-0614,614,1393,143675969,2^143675969-1,STRUCTURAL_SCREEN_EXHAUSTED_PRIMALITY_UNASSIGNED,FIRST_SINGULARITY_SHELL_EXHAUSTED_PRIMALITY_UNASSIGNED,513,9595,9595,NO_RECORDED_FACTOR_PRP_OR_LL_RESULT_AND_NO_ACTIVE_GIMPS_ASSIGNMENT,2026-08-05T20:30:43+00:00,UNALLOCATED,,,,,
MP-S10-R06-0615,615,1394,143676007,2^143676007-1,STRUCTURAL_SCREEN_EXHAUSTED_PRIMALITY_UNASSIGNED,FIRST_SINGULARITY_SHELL_EXHAUSTED_PRIMALITY_UNASSIGNED,514,9595,9595,NO_RECORDED_FACTOR_PRP_OR_LL_RESULT_AND_NO_ACTIVE_GIMPS_ASSIGNMENT,2026-08-05T20:30:43+00:00,UNALLOCATED,,,,,
MP-S10-R06-0616,616,1395,143676017,2^143676017-1,STRUCTURAL_SCREEN_EXHAUSTED_PRIMALITY_UNASSIGNED,FIRST_SINGULARITY_SHELL_EXHAUSTED_PRIMALITY_UNASSIGNED,513,9595,9595,NO_RECORDED_FACTOR_PRP_OR_LL_RESULT_AND_NO_ACTIVE_GIMPS_ASSIGNMENT,2026-08-05T20:30:43+00:00,UNALLOCATED,,,,,
MP-S10-R06-0617,617,1396,143676031,2^143676031-1,STRUCTURAL_SCREEN_EXHAUSTED_PRIMALITY_UNASSIGNED,FIRST_SINGULARITY_SHELL_EXHAUSTED_PRIMALITY_UNASSIGNED,514,9595,9595,NO_RECORDED_FACTOR_PRP_OR_LL_RESULT_AND_NO_ACTIVE_GIMPS_ASSIGNMENT,2026-08-05T20:30:43+00:00,UNALLOCATED,,,,,
MP-S10-R06-0618,618,1397,143676067,2^143676067-1,STRUCTURAL_SCREEN_EXHAUSTED_PRIMALITY_UNASSIGNED,FIRST_SINGULARITY_SHELL_EXHAUSTED_PRIMALITY_UNASSIGNED,514,9595,9595,NO_RECORDED_FACTOR_PRP_OR_LL_RESULT_AND_NO_ACTIVE_GIMPS_ASSIGNMENT,2026-08-05T20:30:43+00:00,UNALLOCATED,,,,,
MP-S10-R06-0619,619,1398,143676079,2^143676079-1,STRUCTURAL_SCREEN_EXHAUSTED_PRIMALITY_UNASSIGNED,FIRST_SINGULARITY_SHELL_EXHAUSTED_PRIMALITY_UNASSIGNED,514,9595,9595,NO_RECORDED_FACTOR_PRP_OR_LL_RESULT_AND_NO_ACTIVE_GIMPS_ASSIGNMENT,2026-08-05T20:30:43+00:00,UNALLOCATED,,,,,
MP-S10-R06-0620,620,1399,143676131,2^143676131-1,STRUCTURAL_SCREEN_EXHAUSTED_PRIMALITY_UNASSIGNED,FIRST_SINGULARITY_SHELL_EXHAUSTED_PRIMALITY_UNASSIGNED,514,9595,9595,NO_RECORDED_FACTOR_PRP_OR_LL_RESULT_AND_NO_ACTIVE_GIMPS_ASSIGNMENT,2026-08-05T20:30:43+00:00,UNALLOCATED,,,,,
MP-S10-R06-0621,621,1400,143676173,2^143676173-1,STRUCTURAL_SCREEN_EXHAUSTED_PRIMALITY_UNASSIGNED,FIRST_SINGULARITY_SHELL_EXHAUSTED_PRIMALITY_UNASSIGNED,513,9595,9595,NO_RECORDED_FACTOR_PRP_OR_LL_RESULT_AND_NO_ACTIVE_GIMPS_ASSIGNMENT,2026-08-05T20:30:43+00:00,UNALLOCATED,,,,,
MP-S10-R06-0622,622,1401,143676427,2^143676427-1,STRUCTURAL_SCREEN_EXHAUSTED_PRIMALITY_UNASSIGNED,FIRST_SINGULARITY_SHELL_EXHAUSTED_PRIMALITY_UNASSIGNED,514,9595,9595,NO_RECORDED_FACTOR_PRP_OR_LL_RESULT_AND_NO_ACTIVE_GIMPS_ASSIGNMENT,2026-08-05T20:30:43+00:00,UNALLOCATED,,,,,
MP-S10-R06-0623,623,1402,143676437,2^143676437-1,STRUCTURAL_SCREEN_EXHAUSTED_PRIMALITY_UNASSIGNED,FIRST_SINGULARITY_SHELL_EXHAUSTED_PRIMALITY_UNASSIGNED,513,9595,9595,NO_RECORDED_FACTOR_PRP_OR_LL_RESULT_AND_NO_ACTIVE_GIMPS_ASSIGNMENT,2026-08-05T20:30:43+00:00,UNALLOCATED,,,,,
MP-S10-R06-0624,624,1403,143676583,2^143676583-1,STRUCTURAL_SCREEN_EXHAUSTED_PRIMALITY_UNASSIGNED,FIRST_SINGULARITY_SHELL_EXHAUSTED_PRIMALITY_UNASSIGNED,514,9595,9595,NO_RECORDED_FACTOR_PRP_OR_LL_RESULT_AND_NO_ACTIVE_GIMPS_ASSIGNMENT,2026-08-05T20:30:43+00:00,UNALLOCATED,,,,,
MP-S10-R06-0625,625,1404,143676679,2^143676679-1,STRUCTURAL_SCREEN_EXHAUSTED_PRIMALITY_UNASSIGNED,FIRST_SINGULARITY_SHELL_EXHAUSTED_PRIMALITY_UNASSIGNED,514,9595,9595,NO_RECORDED_FACTOR_PRP_OR_LL_RESULT_AND_NO_ACTIVE_GIMPS_ASSIGNMENT,2026-08-05T20:30:43+00:00,UNALLOCATED,,,,,
MP-S10-R06-0626,626,1405,143676719,2^143676719-1,STRUCTURAL_SCREEN_EXHAUSTED_PRIMALITY_UNASSIGNED,FIRST_SINGULARITY_SHELL_EXHAUSTED_PRIMALITY_UNASSIGNED,514,9595,9595,NO_RECORDED_FACTOR_PRP_OR_LL_RESULT_AND_NO_ACTIVE_GIMPS_ASSIGNMENT,2026-08-05T20:30:43+00:00,UNALLOCATED,,,,,
MP-S10-R06-0627,627,1406,143676773,2^143676773-1,STRUCTURAL_SCREEN_EXHAUSTED_PRIMALITY_UNASSIGNED,FIRST_SINGULARITY_SHELL_EXHAUSTED_PRIMALITY_UNASSIGNED,513,9595,9595,NO_RECORDED_FACTOR_PRP_OR_LL_RESULT_AND_NO_ACTIVE_GIMPS_ASSIGNMENT,2026-08-05T20:30:43+00:00,UNALLOCATED,,,,,
MP-S10-R06-0628,628,1407,143676781,2^143676781-1,STRUCTURAL_SCREEN_EXHAUSTED_PRIMALITY_UNASSIGNED,FIRST_SINGULARITY_SHELL_EXHAUSTED_PRIMALITY_UNASSIGNED,513,9595,9595,NO_RECORDED_FACTOR_PRP_OR_LL_RESULT_AND_NO_ACTIVE_GIMPS_ASSIGNMENT,2026-08-05T20:30:43+00:00,UNALLOCATED,,,,,
MP-S10-R06-0629,629,1408,143676919,2^143676919-1,STRUCTURAL_SCREEN_EXHAUSTED_PRIMALITY_UNASSIGNED,FIRST_SINGULARITY_SHELL_EXHAUSTED_PRIMALITY_UNASSIGNED,514,9595,9595,NO_RECORDED_FACTOR_PRP_OR_LL_RESULT_AND_NO_ACTIVE_GIMPS_ASSIGNMENT,2026-08-05T20:30:43+00:00,UNALLOCATED,,,,,
MP-S10-R06-0630,630,1409,143676931,2^143676931-1,STRUCTURAL_SCREEN_EXHAUSTED_PRIMALITY_UNASSIGNED,FIRST_SINGULARITY_SHELL_EXHAUSTED_PRIMALITY_UNASSIGNED,514,9595,9595,NO_RECORDED_FACTOR_PRP_OR_LL_RESULT_AND_NO_ACTIVE_GIMPS_ASSIGNMENT,2026-08-05T20:30:43+00:00,UNALLOCATED,,,,,
MP-S10-R06-0631,631,1410,143677189,2^143677189-1,STRUCTURAL_SCREEN_EXHAUSTED_PRIMALITY_UNASSIGNED,FIRST_SINGULARITY_SHELL_EXHAUSTED_PRIMALITY_UNASSIGNED,513,9595,9595,NO_RECORDED_FACTOR_PRP_OR_LL_RESULT_AND_NO_ACTIVE_GIMPS_ASSIGNMENT,2026-08-05T20:30:43+00:00,UNALLOCATED,,,,,
MP-S10-R06-0632,632,1411,143677231,2^143677231-1,STRUCTURAL_SCREEN_EXHAUSTED_PRIMALITY_UNASSIGNED,FIRST_SINGULARITY_SHELL_EXHAUSTED_PRIMALITY_UNASSIGNED,514,9595,9595,NO_RECORDED_FACTOR_PRP_OR_LL_RESULT_AND_NO_ACTIVE_GIMPS_ASSIGNMENT,2026-08-05T20:30:43+00:00,UNALLOCATED,,,,,
MP-S10-R06-0633,633,1412,143677283,2^143677283-1,STRUCTURAL_SCREEN_EXHAUSTED_PRIMALITY_UNASSIGNED,FIRST_SINGULARITY_SHELL_EXHAUSTED_PRIMALITY_UNASSIGNED,514,9595,9595,NO_RECORDED_FACTOR_PRP_OR_LL_RESULT_AND_NO_ACTIVE_GIMPS_ASSIGNMENT,2026-08-05T20:30:43+00:00,UNALLOCATED,,,,,
MP-S10-R06-0634,634,1413,143677337,2^143677337-1,STRUCTURAL_SCREEN_EXHAUSTED_PRIMALITY_UNASSIGNED,FIRST_SINGULARITY_SHELL_EXHAUSTED_PRIMALITY_UNASSIGNED,513,9595,9595,NO_RECORDED_FACTOR_PRP_OR_LL_RESULT_AND_NO_ACTIVE_GIMPS_ASSIGNMENT,2026-08-05T20:30:43+00:00,UNALLOCATED,,,,,
MP-S10-R06-0635,635,1414,143677357,2^143677357-1,STRUCTURAL_SCREEN_EXHAUSTED_PRIMALITY_UNASSIGNED,FIRST_SINGULARITY_SHELL_EXHAUSTED_PRIMALITY_UNASSIGNED,513,9595,9595,NO_RECORDED_FACTOR_PRP_OR_LL_RESULT_AND_NO_ACTIVE_GIMPS_ASSIGNMENT,2026-08-05T20:30:43+00:00,UNALLOCATED,,,,,
MP-S10-R06-0636,636,1415,143677409,2^143677409-1,STRUCTURAL_SCREEN_EXHAUSTED_PRIMALITY_UNASSIGNED,FIRST_SINGULARITY_SHELL_EXHAUSTED_PRIMALITY_UNASSIGNED,513,9595,9595,NO_RECORDED_FACTOR_PRP_OR_LL_RESULT_AND_NO_ACTIVE_GIMPS_ASSIGNMENT,2026-08-05T20:30:43+00:00,UNALLOCATED,,,,,
MP-S10-R06-0637,637,1416,143677483,2^143677483-1,STRUCTURAL_SCREEN_EXHAUSTED_PRIMALITY_UNASSIGNED,FIRST_SINGULARITY_SHELL_EXHAUSTED_PRIMALITY_UNASSIGNED,514,9595,9595,NO_RECORDED_FACTOR_PRP_OR_LL_RESULT_AND_NO_ACTIVE_GIMPS_ASSIGNMENT,2026-08-05T20:30:43+00:00,UNALLOCATED,,,,,
MP-S10-R06-0638,638,1417,143677609,2^143677609-1,STRUCTURAL_SCREEN_EXHAUSTED_PRIMALITY_UNASSIGNED,FIRST_SINGULARITY_SHELL_EXHAUSTED_PRIMALITY_UNASSIGNED,513,9595,9595,NO_RECORDED_FACTOR_PRP_OR_LL_RESULT_AND_NO_ACTIVE_GIMPS_ASSIGNMENT,2026-08-05T20:30:43+00:00,UNALLOCATED,,,,,
MP-S10-R06-0639,639,1418,143677613,2^143677613-1,STRUCTURAL_SCREEN_EXHAUSTED_PRIMALITY_UNASSIGNED,FIRST_SINGULARITY_SHELL_EXHAUSTED_PRIMALITY_UNASSIGNED,513,9595,9595,NO_RECORDED_FACTOR_PRP_OR_LL_RESULT_AND_NO_ACTIVE_GIMPS_ASSIGNMENT,2026-08-05T20:30:43+00:00,UNALLOCATED,,,,,
MP-S10-R06-0640,640,1419,143677759,2^143677759-1,STRUCTURAL_SCREEN_EXHAUSTED_PRIMALITY_UNASSIGNED,FIRST_SINGULARITY_SHELL_EXHAUSTED_PRIMALITY_UNASSIGNED,514,9595,9595,NO_RECORDED_FACTOR_PRP_OR_LL_RESULT_AND_NO_ACTIVE_GIMPS_ASSIGNMENT,2026-08-05T20:30:43+00:00,UNALLOCATED,,,,,
MP-S10-R06-0641,641,1420,143677823,2^143677823-1,STRUCTURAL_SCREEN_EXHAUSTED_PRIMALITY_UNASSIGNED,FIRST_SINGULARITY_SHELL_EXHAUSTED_PRIMALITY_UNASSIGNED,514,9595,9595,NO_RECORDED_FACTOR_PRP_OR_LL_RESULT_AND_NO_ACTIVE_GIMPS_ASSIGNMENT,2026-08-05T20:30:43+00:00,UNALLOCATED,,,,,
MP-S10-R06-0642,642,1421,143677847,2^143677847-1,STRUCTURAL_SCREEN_EXHAUSTED_PRIMALITY_UNASSIGNED,FIRST_SINGULARITY_SHELL_EXHAUSTED_PRIMALITY_UNASSIGNED,514,9595,9595,NO_RECORDED_FACTOR_PRP_OR_LL_RESULT_AND_NO_ACTIVE_GIMPS_ASSIGNMENT,2026-08-05T20:30:43+00:00,UNALLOCATED,,,,,
MP-S10-R06-0643,643,1422,143677927,2^143677927-1,STRUCTURAL_SCREEN_EXHAUSTED_PRIMALITY_UNASSIGNED,FIRST_SINGULARITY_SHELL_EXHAUSTED_PRIMALITY_UNASSIGNED,514,9595,9595,NO_RECORDED_FACTOR_PRP_OR_LL_RESULT_AND_NO_ACTIVE_GIMPS_ASSIGNMENT,2026-08-05T20:30:43+00:00,UNALLOCATED,,,,,
MP-S10-R06-0644,644,1423,143677939,2^143677939-1,STRUCTURAL_SCREEN_EXHAUSTED_PRIMALITY_UNASSIGNED,FIRST_SINGULARITY_SHELL_EXHAUSTED_PRIMALITY_UNASSIGNED,514,9595,9595,NO_RECORDED_FACTOR_PRP_OR_LL_RESULT_AND_NO_ACTIVE_GIMPS_ASSIGNMENT,2026-08-05T20:30:43+00:00,UNALLOCATED,,,,,
MP-S10-R06-0645,645,1424,143677973,2^143677973-1,STRUCTURAL_SCREEN_EXHAUSTED_PRIMALITY_UNASSIGNED,FIRST_SINGULARITY_SHELL_EXHAUSTED_PRIMALITY_UNASSIGNED,513,9595,9595,NO_RECORDED_FACTOR_PRP_OR_LL_RESULT_AND_NO_ACTIVE_GIMPS_ASSIGNMENT,2026-08-05T20:30:43+00:00,UNALLOCATED,,,,,
MP-S10-R06-0646,646,1425,143678047,2^143678047-1,STRUCTURAL_SCREEN_EXHAUSTED_PRIMALITY_UNASSIGNED,FIRST_SINGULARITY_SHELL_EXHAUSTED_PRIMALITY_UNASSIGNED,514,9595,9595,NO_RECORDED_FACTOR_PRP_OR_LL_RESULT_AND_NO_ACTIVE_GIMPS_ASSIGNMENT,2026-08-05T20:30:43+00:00,UNALLOCATED,,,,,
MP-S10-R06-0647,647,1426,143678147,2^143678147-1,STRUCTURAL_SCREEN_EXHAUSTED_PRIMALITY_UNASSIGNED,FIRST_SINGULARITY_SHELL_EXHAUSTED_PRIMALITY_UNASSIGNED,514,9595,9595,NO_RECORDED_FACTOR_PRP_OR_LL_RESULT_AND_NO_ACTIVE_GIMPS_ASSIGNMENT,2026-08-05T20:30:43+00:00,UNALLOCATED,,,,,
MP-S10-R06-0648,648,1427,143678191,2^143678191-1,STRUCTURAL_SCREEN_EXHAUSTED_PRIMALITY_UNASSIGNED,FIRST_SINGULARITY_SHELL_EXHAUSTED_PRIMALITY_UNASSIGNED,514,9595,9595,NO_RECORDED_FACTOR_PRP_OR_LL_RESULT_AND_NO_ACTIVE_GIMPS_ASSIGNMENT,2026-08-05T20:30:43+00:00,UNALLOCATED,,,,,
MP-S10-R06-0649,649,1428,143678279,2^143678279-1,STRUCTURAL_SCREEN_EXHAUSTED_PRIMALITY_UNASSIGNED,FIRST_SINGULARITY_SHELL_EXHAUSTED_PRIMALITY_UNASSIGNED,514,9595,9595,NO_RECORDED_FACTOR_PRP_OR_LL_RESULT_AND_NO_ACTIVE_GIMPS_ASSIGNMENT,2026-08-05T20:30:43+00:00,UNALLOCATED,,,,,
MP-S10-R06-0650,650,1429,143678303,2^143678303-1,STRUCTURAL_SCREEN_EXHAUSTED_PRIMALITY_UNASSIGNED,FIRST_SINGULARITY_SHELL_EXHAUSTED_PRIMALITY_UNASSIGNED,514,9595,9595,NO_RECORDED_FACTOR_PRP_OR_LL_RESULT_AND_NO_ACTIVE_GIMPS_ASSIGNMENT,2026-08-05T20:30:43+00:00,UNALLOCATED,,,,,
MP-S10-R06-0651,651,1430,143678341,2^143678341-1,STRUCTURAL_SCREEN_EXHAUSTED_PRIMALITY_UNASSIGNED,FIRST_SINGULARITY_SHELL_EXHAUSTED_PRIMALITY_UNASSIGNED,513,9595,9595,NO_RECORDED_FACTOR_PRP_OR_LL_RESULT_AND_NO_ACTIVE_GIMPS_ASSIGNMENT,2026-08-05T20:30:43+00:00,UNALLOCATED,,,,,
MP-S10-R06-0652,652,1431,143678357,2^143678357-1,STRUCTURAL_SCREEN_EXHAUSTED_PRIMALITY_UNASSIGNED,FIRST_SINGULARITY_SHELL_EXHAUSTED_PRIMALITY_UNASSIGNED,513,9595,9595,NO_RECORDED_FACTOR_PRP_OR_LL_RESULT_AND_NO_ACTIVE_GIMPS_ASSIGNMENT,2026-08-05T20:30:43+00:00,UNALLOCATED,,,,,
MP-S10-R06-0653,653,1432,143678371,2^143678371-1,STRUCTURAL_SCREEN_EXHAUSTED_PRIMALITY_UNASSIGNED,FIRST_SINGULARITY_SHELL_EXHAUSTED_PRIMALITY_UNASSIGNED,514,9595,9595,NO_RECORDED_FACTOR_PRP_OR_LL_RESULT_AND_NO_ACTIVE_GIMPS_ASSIGNMENT,2026-08-05T20:30:43+00:00,UNALLOCATED,,,,,
MP-S10-R06-0654,654,1433,143678443,2^143678443-1,STRUCTURAL_SCREEN_EXHAUSTED_PRIMALITY_UNASSIGNED,FIRST_SINGULARITY_SHELL_EXHAUSTED_PRIMALITY_UNASSIGNED,514,9595,9595,NO_RECORDED_FACTOR_PRP_OR_LL_RESULT_AND_NO_ACTIVE_GIMPS_ASSIGNMENT,2026-08-05T20:30:43+00:00,UNALLOCATED,,,,,
MP-S10-R06-0655,655,1434,143678453,2^143678453-1,STRUCTURAL_SCREEN_EXHAUSTED_PRIMALITY_UNASSIGNED,FIRST_SINGULARITY_SHELL_EXHAUSTED_PRIMALITY_UNASSIGNED,513,9595,9595,NO_RECORDED_FACTOR_PRP_OR_LL_RESULT_AND_NO_ACTIVE_GIMPS_ASSIGNMENT,2026-08-05T20:30:43+00:00,UNALLOCATED,,,,,
MP-S10-R06-0656,656,1435,143678461,2^143678461-1,STRUCTURAL_SCREEN_EXHAUSTED_PRIMALITY_UNASSIGNED,FIRST_SINGULARITY_SHELL_EXHAUSTED_PRIMALITY_UNASSIGNED,513,9595,9595,NO_RECORDED_FACTOR_PRP_OR_LL_RESULT_AND_NO_ACTIVE_GIMPS_ASSIGNMENT,2026-08-05T20:30:43+00:00,UNALLOCATED,,,,,
MP-S10-R06-0657,657,1436,143678531,2^143678531-1,STRUCTURAL_SCREEN_EXHAUSTED_PRIMALITY_UNASSIGNED,FIRST_SINGULARITY_SHELL_EXHAUSTED_PRIMALITY_UNASSIGNED,514,9595,9595,NO_RECORDED_FACTOR_PRP_OR_LL_RESULT_AND_NO_ACTIVE_GIMPS_ASSIGNMENT,2026-08-05T20:30:43+00:00,UNALLOCATED,,,,,
MP-S10-R06-0658,658,1437,143678569,2^143678569-1,STRUCTURAL_SCREEN_EXHAUSTED_PRIMALITY_UNASSIGNED,FIRST_SINGULARITY_SHELL_EXHAUSTED_PRIMALITY_UNASSIGNED,513,9595,9595,NO_RECORDED_FACTOR_PRP_OR_LL_RESULT_AND_NO_ACTIVE_GIMPS_ASSIGNMENT,2026-08-05T20:30:43+00:00,UNALLOCATED,,,,,
MP-S10-R06-0659,659,1438,143678681,2^143678681-1,STRUCTURAL_SCREEN_EXHAUSTED_PRIMALITY_UNASSIGNED,FIRST_SINGULARITY_SHELL_EXHAUSTED_PRIMALITY_UNASSIGNED,513,9595,9595,NO_RECORDED_FACTOR_PRP_OR_LL_RESULT_AND_NO_ACTIVE_GIMPS_ASSIGNMENT,2026-08-05T20:30:43+00:00,UNALLOCATED,,,,,
MP-S10-R06-0660,660,1439,143678687,2^143678687-1,STRUCTURAL_SCREEN_EXHAUSTED_PRIMALITY_UNASSIGNED,FIRST_SINGULARITY_SHELL_EXHAUSTED_PRIMALITY_UNASSIGNED,514,9595,9595,NO_RECORDED_FACTOR_PRP_OR_LL_RESULT_AND_NO_ACTIVE_GIMPS_ASSIGNMENT,2026-08-05T20:30:43+00:00,UNALLOCATED,,,,,
MP-S10-R06-0661,661,1440,143678693,2^143678693-1,STRUCTURAL_SCREEN_EXHAUSTED_PRIMALITY_UNASSIGNED,FIRST_SINGULARITY_SHELL_EXHAUSTED_PRIMALITY_UNASSIGNED,513,9595,9595,NO_RECORDED_FACTOR_PRP_OR_LL_RESULT_AND_NO_ACTIVE_GIMPS_ASSIGNMENT,2026-08-05T20:30:43+00:00,UNALLOCATED,,,,,
MP-S10-R06-0662,662,1441,143678791,2^143678791-1,STRUCTURAL_SCREEN_EXHAUSTED_PRIMALITY_UNASSIGNED,FIRST_SINGULARITY_SHELL_EXHAUSTED_PRIMALITY_UNASSIGNED,514,9595,9595,NO_RECORDED_FACTOR_PRP_OR_LL_RESULT_AND_NO_ACTIVE_GIMPS_ASSIGNMENT,2026-08-05T20:30:43+00:00,UNALLOCATED,,,,,
MP-S10-R06-0663,663,1442,143678809,2^143678809-1,STRUCTURAL_SCREEN_EXHAUSTED_PRIMALITY_UNASSIGNED,FIRST_SINGULARITY_SHELL_EXHAUSTED_PRIMALITY_UNASSIGNED,513,9595,9595,NO_RECORDED_FACTOR_PRP_OR_LL_RESULT_AND_NO_ACTIVE_GIMPS_ASSIGNMENT,2026-08-05T20:30:43+00:00,UNALLOCATED,,,,,
MP-S10-R06-0664,664,1443,143678891,2^143678891-1,STRUCTURAL_SCREEN_EXHAUSTED_PRIMALITY_UNASSIGNED,FIRST_SINGULARITY_SHELL_EXHAUSTED_PRIMALITY_UNASSIGNED,514,9595,9595,NO_RECORDED_FACTOR_PRP_OR_LL_RESULT_AND_NO_ACTIVE_GIMPS_ASSIGNMENT,2026-08-05T20:30:43+00:00,UNALLOCATED,,,,,
MP-S10-R06-0665,665,1444,143678897,2^143678897-1,STRUCTURAL_SCREEN_EXHAUSTED_PRIMALITY_UNASSIGNED,FIRST_SINGULARITY_SHELL_EXHAUSTED_PRIMALITY_UNASSIGNED,513,9595,9595,NO_RECORDED_FACTOR_PRP_OR_LL_RESULT_AND_NO_ACTIVE_GIMPS_ASSIGNMENT,2026-08-05T20:30:43+00:00,UNALLOCATED,,,,,
MP-S10-R06-0666,666,1445,143678903,2^143678903-1,STRUCTURAL_SCREEN_EXHAUSTED_PRIMALITY_UNASSIGNED,FIRST_SINGULARITY_SHELL_EXHAUSTED_PRIMALITY_UNASSIGNED,514,9595,9595,NO_RECORDED_FACTOR_PRP_OR_LL_RESULT_AND_NO_ACTIVE_GIMPS_ASSIGNMENT,2026-08-05T20:30:43+00:00,UNALLOCATED,,,,,
MP-S10-R06-0667,667,1446,143678911,2^143678911-1,STRUCTURAL_SCREEN_EXHAUSTED_PRIMALITY_UNASSIGNED,FIRST_SINGULARITY_SHELL_EXHAUSTED_PRIMALITY_UNASSIGNED,514,9595,9595,NO_RECORDED_FACTOR_PRP_OR_LL_RESULT_AND_NO_ACTIVE_GIMPS_ASSIGNMENT,2026-08-05T20:30:43+00:00,UNALLOCATED,,,,,
MP-S10-R06-0668,668,1447,143678929,2^143678929-1,STRUCTURAL_SCREEN_EXHAUSTED_PRIMALITY_UNASSIGNED,FIRST_SINGULARITY_SHELL_EXHAUSTED_PRIMALITY_UNASSIGNED,513,9595,9595,NO_RECORDED_FACTOR_PRP_OR_LL_RESULT_AND_NO_ACTIVE_GIMPS_ASSIGNMENT,2026-08-05T20:30:43+00:00,UNALLOCATED,,,,,
MP-S10-R06-0669,669,1448,143678957,2^143678957-1,STRUCTURAL_SCREEN_EXHAUSTED_PRIMALITY_UNASSIGNED,FIRST_SINGULARITY_SHELL_EXHAUSTED_PRIMALITY_UNASSIGNED,513,9595,9595,NO_RECORDED_FACTOR_PRP_OR_LL_RESULT_AND_NO_ACTIVE_GIMPS_ASSIGNMENT,2026-08-05T20:30:43+00:00,UNALLOCATED,,,,,
MP-S10-R06-0670,670,1449,143679013,2^143679013-1,STRUCTURAL_SCREEN_EXHAUSTED_PRIMALITY_UNASSIGNED,FIRST_SINGULARITY_SHELL_EXHAUSTED_PRIMALITY_UNASSIGNED,513,9595,9595,NO_RECORDED_FACTOR_PRP_OR_LL_RESULT_AND_NO_ACTIVE_GIMPS_ASSIGNMENT,2026-08-05T20:30:43+00:00,UNALLOCATED,,,,,
MP-S10-R06-0671,671,1450,143679127,2^143679127-1,STRUCTURAL_SCREEN_EXHAUSTED_PRIMALITY_UNASSIGNED,FIRST_SINGULARITY_SHELL_EXHAUSTED_PRIMALITY_UNASSIGNED,514,9595,9595,NO_RECORDED_FACTOR_PRP_OR_LL_RESULT_AND_NO_ACTIVE_GIMPS_ASSIGNMENT,2026-08-05T20:30:43+00:00,UNALLOCATED,,,,,
MP-S10-R06-0672,672,1451,143679169,2^143679169-1,STRUCTURAL_SCREEN_EXHAUSTED_PRIMALITY_UNASSIGNED,FIRST_SINGULARITY_SHELL_EXHAUSTED_PRIMALITY_UNASSIGNED,513,9595,9595,NO_RECORDED_FACTOR_PRP_OR_LL_RESULT_AND_NO_ACTIVE_GIMPS_ASSIGNMENT,2026-08-05T20:30:43+00:00,UNALLOCATED,,,,,
MP-S10-R06-0673,673,1452,143679187,2^143679187-1,STRUCTURAL_SCREEN_EXHAUSTED_PRIMALITY_UNASSIGNED,FIRST_SINGULARITY_SHELL_EXHAUSTED_PRIMALITY_UNASSIGNED,514,9595,9595,NO_RECORDED_FACTOR_PRP_OR_LL_RESULT_AND_NO_ACTIVE_GIMPS_ASSIGNMENT,2026-08-05T20:30:43+00:00,UNALLOCATED,,,,,
MP-S10-R06-0674,674,1453,143679199,2^143679199-1,STRUCTURAL_SCREEN_EXHAUSTED_PRIMALITY_UNASSIGNED,FIRST_SINGULARITY_SHELL_EXHAUSTED_PRIMALITY_UNASSIGNED,514,9595,9595,NO_RECORDED_FACTOR_PRP_OR_LL_RESULT_AND_NO_ACTIVE_GIMPS_ASSIGNMENT,2026-08-05T20:30:43+00:00,UNALLOCATED,,,,,
MP-S10-R06-0675,675,1454,143679241,2^143679241-1,STRUCTURAL_SCREEN_EXHAUSTED_PRIMALITY_UNASSIGNED,FIRST_SINGULARITY_SHELL_EXHAUSTED_PRIMALITY_UNASSIGNED,513,9595,9595,NO_RECORDED_FACTOR_PRP_OR_LL_RESULT_AND_NO_ACTIVE_GIMPS_ASSIGNMENT,2026-08-05T20:30:43+00:00,UNALLOCATED,,,,,
MP-S10-R06-0676,676,1455,143679259,2^143679259-1,STRUCTURAL_SCREEN_EXHAUSTED_PRIMALITY_UNASSIGNED,FIRST_SINGULARITY_SHELL_EXHAUSTED_PRIMALITY_UNASSIGNED,514,9595,9595,NO_RECORDED_FACTOR_PRP_OR_LL_RESULT_AND_NO_ACTIVE_GIMPS_ASSIGNMENT,2026-08-05T20:30:43+00:00,UNALLOCATED,,,,,
MP-S10-R06-0677,677,1456,143679313,2^143679313-1,STRUCTURAL_SCREEN_EXHAUSTED_PRIMALITY_UNASSIGNED,FIRST_SINGULARITY_SHELL_EXHAUSTED_PRIMALITY_UNASSIGNED,513,9595,9595,NO_RECORDED_FACTOR_PRP_OR_LL_RESULT_AND_NO_ACTIVE_GIMPS_ASSIGNMENT,2026-08-05T20:30:43+00:00,UNALLOCATED,,,,,
MP-S10-R06-0678,678,1457,143679511,2^143679511-1,STRUCTURAL_SCREEN_EXHAUSTED_PRIMALITY_UNASSIGNED,FIRST_SINGULARITY_SHELL_EXHAUSTED_PRIMALITY_UNASSIGNED,514,9595,9595,NO_RECORDED_FACTOR_PRP_OR_LL_RESULT_AND_NO_ACTIVE_GIMPS_ASSIGNMENT,2026-08-05T20:30:43+00:00,UNALLOCATED,,,,,
MP-S10-R06-0679,679,1458,143679617,2^143679617-1,STRUCTURAL_SCREEN_EXHAUSTED_PRIMALITY_UNASSIGNED,FIRST_SINGULARITY_SHELL_EXHAUSTED_PRIMALITY_UNASSIGNED,513,9595,9595,NO_RECORDED_FACTOR_PRP_OR_LL_RESULT_AND_NO_ACTIVE_GIMPS_ASSIGNMENT,2026-08-05T20:30:43+00:00,UNALLOCATED,,,,,
MP-S10-R06-0680,680,1459,143679677,2^143679677-1,STRUCTURAL_SCREEN_EXHAUSTED_PRIMALITY_UNASSIGNED,FIRST_SINGULARITY_SHELL_EXHAUSTED_PRIMALITY_UNASSIGNED,513,9595,9595,NO_RECORDED_FACTOR_PRP_OR_LL_RESULT_AND_NO_ACTIVE_GIMPS_ASSIGNMENT,2026-08-05T20:30:43+00:00,UNALLOCATED,,,,,
MP-S10-R06-0681,681,1460,143679719,2^143679719-1,STRUCTURAL_SCREEN_EXHAUSTED_PRIMALITY_UNASSIGNED,FIRST_SINGULARITY_SHELL_EXHAUSTED_PRIMALITY_UNASSIGNED,514,9595,9595,NO_RECORDED_FACTOR_PRP_OR_LL_RESULT_AND_NO_ACTIVE_GIMPS_ASSIGNMENT,2026-08-05T20:30:43+00:00,UNALLOCATED,,,,,
MP-S10-R06-0682,682,1462,143679923,2^143679923-1,STRUCTURAL_SCREEN_EXHAUSTED_PRIMALITY_UNASSIGNED,FIRST_SINGULARITY_SHELL_EXHAUSTED_PRIMALITY_UNASSIGNED,514,9595,9595,NO_RECORDED_FACTOR_PRP_OR_LL_RESULT_AND_NO_ACTIVE_GIMPS_ASSIGNMENT,2026-08-05T20:30:43+00:00,UNALLOCATED,,,,,
MP-S10-R06-0683,683,1463,143679929,2^143679929-1,STRUCTURAL_SCREEN_EXHAUSTED_PRIMALITY_UNASSIGNED,FIRST_SINGULARITY_SHELL_EXHAUSTED_PRIMALITY_UNASSIGNED,513,9595,9595,NO_RECORDED_FACTOR_PRP_OR_LL_RESULT_AND_NO_ACTIVE_GIMPS_ASSIGNMENT,2026-08-05T20:30:43+00:00,UNALLOCATED,,,,,
MP-S10-R06-0684,684,1664,143689739,2^143689739-1,STRUCTURAL_SCREEN_EXHAUSTED_PRIMALITY_UNASSIGNED,FIRST_SINGULARITY_SHELL_EXHAUSTED_PRIMALITY_UNASSIGNED,514,9595,9595,NO_RECORDED_FACTOR_PRP_OR_LL_RESULT_AND_NO_ACTIVE_GIMPS_ASSIGNMENT,2026-08-05T20:30:43+00:00,UNALLOCATED,,,,,
MP-S10-R06-0685,685,1665,143690003,2^143690003-1,STRUCTURAL_SCREEN_EXHAUSTED_PRIMALITY_UNASSIGNED,FIRST_SINGULARITY_SHELL_EXHAUSTED_PRIMALITY_UNASSIGNED,514,9595,9595,NO_RECORDED_FACTOR_PRP_OR_LL_RESULT_AND_NO_ACTIVE_GIMPS_ASSIGNMENT,2026-08-05T20:30:43+00:00,UNALLOCATED,,,,,
MP-S10-R06-0686,686,1666,143690017,2^143690017-1,STRUCTURAL_SCREEN_EXHAUSTED_PRIMALITY_UNASSIGNED,FIRST_SINGULARITY_SHELL_EXHAUSTED_PRIMALITY_UNASSIGNED,513,9595,9595,NO_RECORDED_FACTOR_PRP_OR_LL_RESULT_AND_NO_ACTIVE_GIMPS_ASSIGNMENT,2026-08-05T20:30:43+00:00,UNALLOCATED,,,,,
MP-S10-R06-0687,687,1667,143690023,2^143690023-1,STRUCTURAL_SCREEN_EXHAUSTED_PRIMALITY_UNASSIGNED,FIRST_SINGULARITY_SHELL_EXHAUSTED_PRIMALITY_UNASSIGNED,514,9595,9595,NO_RECORDED_FACTOR_PRP_OR_LL_RESULT_AND_NO_ACTIVE_GIMPS_ASSIGNMENT,2026-08-05T20:30:43+00:00,UNALLOCATED,,,,,
MP-S10-R06-0688,688,1668,143690033,2^143690033-1,STRUCTURAL_SCREEN_EXHAUSTED_PRIMALITY_UNASSIGNED,FIRST_SINGULARITY_SHELL_EXHAUSTED_PRIMALITY_UNASSIGNED,513,9595,9595,NO_RECORDED_FACTOR_PRP_OR_LL_RESULT_AND_NO_ACTIVE_GIMPS_ASSIGNMENT,2026-08-05T20:30:43+00:00,UNALLOCATED,,,,,
MP-S10-R06-0689,689,1669,143690059,2^143690059-1,STRUCTURAL_SCREEN_EXHAUSTED_PRIMALITY_UNASSIGNED,FIRST_SINGULARITY_SHELL_EXHAUSTED_PRIMALITY_UNASSIGNED,514,9595,9595,NO_RECORDED_FACTOR_PRP_OR_LL_RESULT_AND_NO_ACTIVE_GIMPS_ASSIGNMENT,2026-08-05T20:30:43+00:00,UNALLOCATED,,,,,
MP-S10-R06-0690,690,1670,143690083,2^143690083-1,STRUCTURAL_SCREEN_EXHAUSTED_PRIMALITY_UNASSIGNED,FIRST_SINGULARITY_SHELL_EXHAUSTED_PRIMALITY_UNASSIGNED,514,9595,9595,NO_RECORDED_FACTOR_PRP_OR_LL_RESULT_AND_NO_ACTIVE_GIMPS_ASSIGNMENT,2026-08-05T20:30:43+00:00,UNALLOCATED,,,,,
MP-S10-R06-0691,691,1671,143690089,2^143690089-1,STRUCTURAL_SCREEN_EXHAUSTED_PRIMALITY_UNASSIGNED,FIRST_SINGULARITY_SHELL_EXHAUSTED_PRIMALITY_UNASSIGNED,513,9595,9595,NO_RECORDED_FACTOR_PRP_OR_LL_RESULT_AND_NO_ACTIVE_GIMPS_ASSIGNMENT,2026-08-05T20:30:43+00:00,UNALLOCATED,,,,,
MP-S10-R06-0692,692,1672,143690147,2^143690147-1,STRUCTURAL_SCREEN_EXHAUSTED_PRIMALITY_UNASSIGNED,FIRST_SINGULARITY_SHELL_EXHAUSTED_PRIMALITY_UNASSIGNED,514,9595,9595,NO_RECORDED_FACTOR_PRP_OR_LL_RESULT_AND_NO_ACTIVE_GIMPS_ASSIGNMENT,2026-08-05T20:30:43+00:00,UNALLOCATED,,,,,
MP-S10-R06-0693,693,1673,143690153,2^143690153-1,STRUCTURAL_SCREEN_EXHAUSTED_PRIMALITY_UNASSIGNED,FIRST_SINGULARITY_SHELL_EXHAUSTED_PRIMALITY_UNASSIGNED,513,9595,9595,NO_RECORDED_FACTOR_PRP_OR_LL_RESULT_AND_NO_ACTIVE_GIMPS_ASSIGNMENT,2026-08-05T20:30:43+00:00,UNALLOCATED,,,,,
MP-S10-R06-0694,694,1675,143690227,2^143690227-1,STRUCTURAL_SCREEN_EXHAUSTED_PRIMALITY_UNASSIGNED,FIRST_SINGULARITY_SHELL_EXHAUSTED_PRIMALITY_UNASSIGNED,514,9595,9595,NO_RECORDED_FACTOR_PRP_OR_LL_RESULT_AND_NO_ACTIVE_GIMPS_ASSIGNMENT,2026-08-05T20:30:43+00:00,UNALLOCATED,,,,,
MP-S10-R06-0695,695,1676,143690249,2^143690249-1,STRUCTURAL_SCREEN_EXHAUSTED_PRIMALITY_UNASSIGNED,FIRST_SINGULARITY_SHELL_EXHAUSTED_PRIMALITY_UNASSIGNED,513,9595,9595,NO_RECORDED_FACTOR_PRP_OR_LL_RESULT_AND_NO_ACTIVE_GIMPS_ASSIGNMENT,2026-08-05T20:30:43+00:00,UNALLOCATED,,,,,
MP-S10-R06-0696,696,1677,143690383,2^143690383-1,STRUCTURAL_SCREEN_EXHAUSTED_PRIMALITY_UNASSIGNED,FIRST_SINGULARITY_SHELL_EXHAUSTED_PRIMALITY_UNASSIGNED,514,9595,9595,NO_RECORDED_FACTOR_PRP_OR_LL_RESULT_AND_NO_ACTIVE_GIMPS_ASSIGNMENT,2026-08-05T20:30:43+00:00,UNALLOCATED,,,,,
MP-S10-R06-0697,697,1678,143690419,2^143690419-1,STRUCTURAL_SCREEN_EXHAUSTED_PRIMALITY_UNASSIGNED,FIRST_SINGULARITY_SHELL_EXHAUSTED_PRIMALITY_UNASSIGNED,514,9595,9595,NO_RECORDED_FACTOR_PRP_OR_LL_RESULT_AND_NO_ACTIVE_GIMPS_ASSIGNMENT,2026-08-05T20:30:43+00:00,UNALLOCATED,,,,,
MP-S10-R06-0698,698,1679,143690479,2^143690479-1,STRUCTURAL_SCREEN_EXHAUSTED_PRIMALITY_UNASSIGNED,FIRST_SINGULARITY_SHELL_EXHAUSTED_PRIMALITY_UNASSIGNED,514,9595,9595,NO_RECORDED_FACTOR_PRP_OR_LL_RESULT_AND_NO_ACTIVE_GIMPS_ASSIGNMENT,2026-08-05T20:30:43+00:00,UNALLOCATED,,,,,
MP-S10-R06-0699,699,1680,143690489,2^143690489-1,STRUCTURAL_SCREEN_EXHAUSTED_PRIMALITY_UNASSIGNED,FIRST_SINGULARITY_SHELL_EXHAUSTED_PRIMALITY_UNASSIGNED,513,9595,9595,NO_RECORDED_FACTOR_PRP_OR_LL_RESULT_AND_NO_ACTIVE_GIMPS_ASSIGNMENT,2026-08-05T20:30:43+00:00,UNALLOCATED,,,,,
MP-S10-R06-0700,700,1681,143690551,2^143690551-1,STRUCTURAL_SCREEN_EXHAUSTED_PRIMALITY_UNASSIGNED,FIRST_SINGULARITY_SHELL_EXHAUSTED_PRIMALITY_UNASSIGNED,514,9595,9595,NO_RECORDED_FACTOR_PRP_OR_LL_RESULT_AND_NO_ACTIVE_GIMPS_ASSIGNMENT,2026-08-05T20:30:43+00:00,UNALLOCATED,,,,,
MP-S10-R06-0701,701,1682,143690557,2^143690557-1,STRUCTURAL_SCREEN_EXHAUSTED_PRIMALITY_UNASSIGNED,FIRST_SINGULARITY_SHELL_EXHAUSTED_PRIMALITY_UNASSIGNED,513,9595,9595,NO_RECORDED_FACTOR_PRP_OR_LL_RESULT_AND_NO_ACTIVE_GIMPS_ASSIGNMENT,2026-08-05T20:30:43+00:00,UNALLOCATED,,,,,
MP-S10-R06-0702,702,1683,143690593,2^143690593-1,STRUCTURAL_SCREEN_EXHAUSTED_PRIMALITY_UNASSIGNED,FIRST_SINGULARITY_SHELL_EXHAUSTED_PRIMALITY_UNASSIGNED,513,9595,9595,NO_RECORDED_FACTOR_PRP_OR_LL_RESULT_AND_NO_ACTIVE_GIMPS_ASSIGNMENT,2026-08-05T20:30:43+00:00,UNALLOCATED,,,,,
MP-S10-R06-0703,703,1684,143690627,2^143690627-1,STRUCTURAL_SCREEN_EXHAUSTED_PRIMALITY_UNASSIGNED,FIRST_SINGULARITY_SHELL_EXHAUSTED_PRIMALITY_UNASSIGNED,514,9595,9595,NO_RECORDED_FACTOR_PRP_OR_LL_RESULT_AND_NO_ACTIVE_GIMPS_ASSIGNMENT,2026-08-05T20:30:43+00:00,UNALLOCATED,,,,,
MP-S10-R06-0704,704,1685,143690663,2^143690663-1,STRUCTURAL_SCREEN_EXHAUSTED_PRIMALITY_UNASSIGNED,FIRST_SINGULARITY_SHELL_EXHAUSTED_PRIMALITY_UNASSIGNED,514,9595,9595,NO_RECORDED_FACTOR_PRP_OR_LL_RESULT_AND_NO_ACTIVE_GIMPS_ASSIGNMENT,2026-08-05T20:30:43+00:00,UNALLOCATED,,,,,
MP-S10-R06-0705,705,1686,143690747,2^143690747-1,STRUCTURAL_SCREEN_EXHAUSTED_PRIMALITY_UNASSIGNED,FIRST_SINGULARITY_SHELL_EXHAUSTED_PRIMALITY_UNASSIGNED,514,9595,9595,NO_RECORDED_FACTOR_PRP_OR_LL_RESULT_AND_NO_ACTIVE_GIMPS_ASSIGNMENT,2026-08-05T20:30:43+00:00,UNALLOCATED,,,,,
MP-S10-R06-0706,706,1687,143690779,2^143690779-1,STRUCTURAL_SCREEN_EXHAUSTED_PRIMALITY_UNASSIGNED,FIRST_SINGULARITY_SHELL_EXHAUSTED_PRIMALITY_UNASSIGNED,514,9595,9595,NO_RECORDED_FACTOR_PRP_OR_LL_RESULT_AND_NO_ACTIVE_GIMPS_ASSIGNMENT,2026-08-05T20:30:43+00:00,UNALLOCATED,,,,,
MP-S10-R06-0707,707,1688,143690801,2^143690801-1,STRUCTURAL_SCREEN_EXHAUSTED_PRIMALITY_UNASSIGNED,FIRST_SINGULARITY_SHELL_EXHAUSTED_PRIMALITY_UNASSIGNED,513,9595,9595,NO_RECORDED_FACTOR_PRP_OR_LL_RESULT_AND_NO_ACTIVE_GIMPS_ASSIGNMENT,2026-08-05T20:30:43+00:00,UNALLOCATED,,,,,
MP-S10-R06-0708,708,1689,143690803,2^143690803-1,STRUCTURAL_SCREEN_EXHAUSTED_PRIMALITY_UNASSIGNED,FIRST_SINGULARITY_SHELL_EXHAUSTED_PRIMALITY_UNASSIGNED,514,9595,9595,NO_RECORDED_FACTOR_PRP_OR_LL_RESULT_AND_NO_ACTIVE_GIMPS_ASSIGNMENT,2026-08-05T20:30:43+00:00,UNALLOCATED,,,,,
MP-S10-R06-0709,709,1690,143690819,2^143690819-1,STRUCTURAL_SCREEN_EXHAUSTED_PRIMALITY_UNASSIGNED,FIRST_SINGULARITY_SHELL_EXHAUSTED_PRIMALITY_UNASSIGNED,514,9595,9595,NO_RECORDED_FACTOR_PRP_OR_LL_RESULT_AND_NO_ACTIVE_GIMPS_ASSIGNMENT,2026-08-05T20:30:43+00:00,UNALLOCATED,,,,,
MP-S10-R06-0710,710,1691,143690873,2^143690873-1,STRUCTURAL_SCREEN_EXHAUSTED_PRIMALITY_UNASSIGNED,FIRST_SINGULARITY_SHELL_EXHAUSTED_PRIMALITY_UNASSIGNED,513,9595,9595,NO_RECORDED_FACTOR_PRP_OR_LL_RESULT_AND_NO_ACTIVE_GIMPS_ASSIGNMENT,2026-08-05T20:30:43+00:00,UNALLOCATED,,,,,
MP-S10-R06-0711,711,1692,143691127,2^143691127-1,STRUCTURAL_SCREEN_EXHAUSTED_PRIMALITY_UNASSIGNED,FIRST_SINGULARITY_SHELL_EXHAUSTED_PRIMALITY_UNASSIGNED,514,9595,9595,NO_RECORDED_FACTOR_PRP_OR_LL_RESULT_AND_NO_ACTIVE_GIMPS_ASSIGNMENT,2026-08-05T20:30:43+00:00,UNALLOCATED,,,,,
MP-S10-R06-0712,712,1694,143691193,2^143691193-1,STRUCTURAL_SCREEN_EXHAUSTED_PRIMALITY_UNASSIGNED,FIRST_SINGULARITY_SHELL_EXHAUSTED_PRIMALITY_UNASSIGNED,513,9595,9595,NO_RECORDED_FACTOR_PRP_OR_LL_RESULT_AND_NO_ACTIVE_GIMPS_ASSIGNMENT,2026-08-05T20:30:43+00:00,UNALLOCATED,,,,,
MP-S10-R06-0713,713,1695,143691203,2^143691203-1,STRUCTURAL_SCREEN_EXHAUSTED_PRIMALITY_UNASSIGNED,FIRST_SINGULARITY_SHELL_EXHAUSTED_PRIMALITY_UNASSIGNED,514,9595,9595,NO_RECORDED_FACTOR_PRP_OR_LL_RESULT_AND_NO_ACTIVE_GIMPS_ASSIGNMENT,2026-08-05T20:30:43+00:00,UNALLOCATED,,,,,
MP-S10-R06-0714,714,1696,143691323,2^143691323-1,STRUCTURAL_SCREEN_EXHAUSTED_PRIMALITY_UNASSIGNED,FIRST_SINGULARITY_SHELL_EXHAUSTED_PRIMALITY_UNASSIGNED,514,9595,9595,NO_RECORDED_FACTOR_PRP_OR_LL_RESULT_AND_NO_ACTIVE_GIMPS_ASSIGNMENT,2026-08-05T20:30:43+00:00,UNALLOCATED,,,,,
MP-S10-R06-0715,715,1697,143691391,2^143691391-1,STRUCTURAL_SCREEN_EXHAUSTED_PRIMALITY_UNASSIGNED,FIRST_SINGULARITY_SHELL_EXHAUSTED_PRIMALITY_UNASSIGNED,514,9595,9595,NO_RECORDED_FACTOR_PRP_OR_LL_RESULT_AND_NO_ACTIVE_GIMPS_ASSIGNMENT,2026-08-05T20:30:43+00:00,UNALLOCATED,,,,,
MP-S10-R06-0716,716,1698,143691421,2^143691421-1,STRUCTURAL_SCREEN_EXHAUSTED_PRIMALITY_UNASSIGNED,FIRST_SINGULARITY_SHELL_EXHAUSTED_PRIMALITY_UNASSIGNED,513,9595,9595,NO_RECORDED_FACTOR_PRP_OR_LL_RESULT_AND_NO_ACTIVE_GIMPS_ASSIGNMENT,2026-08-05T20:30:43+00:00,UNALLOCATED,,,,,
MP-S10-R06-0717,717,1701,143691637,2^143691637-1,STRUCTURAL_SCREEN_EXHAUSTED_PRIMALITY_UNASSIGNED,FIRST_SINGULARITY_SHELL_EXHAUSTED_PRIMALITY_UNASSIGNED,513,9595,9595,NO_RECORDED_FACTOR_PRP_OR_LL_RESULT_AND_NO_ACTIVE_GIMPS_ASSIGNMENT,2026-08-05T20:30:43+00:00,UNALLOCATED,,,,,
MP-S10-R06-0718,718,1702,143691679,2^143691679-1,STRUCTURAL_SCREEN_EXHAUSTED_PRIMALITY_UNASSIGNED,FIRST_SINGULARITY_SHELL_EXHAUSTED_PRIMALITY_UNASSIGNED,514,9595,9595,NO_RECORDED_FACTOR_PRP_OR_LL_RESULT_AND_NO_ACTIVE_GIMPS_ASSIGNMENT,2026-08-05T20:30:43+00:00,UNALLOCATED,,,,,
MP-S10-R06-0719,719,1703,143691689,2^143691689-1,STRUCTURAL_SCREEN_EXHAUSTED_PRIMALITY_UNASSIGNED,FIRST_SINGULARITY_SHELL_EXHAUSTED_PRIMALITY_UNASSIGNED,513,9595,9595,NO_RECORDED_FACTOR_PRP_OR_LL_RESULT_AND_NO_ACTIVE_GIMPS_ASSIGNMENT,2026-08-05T20:30:43+00:00,UNALLOCATED,,,,,
MP-S10-R06-0720,720,1704,143691703,2^143691703-1,STRUCTURAL_SCREEN_EXHAUSTED_PRIMALITY_UNASSIGNED,FIRST_SINGULARITY_SHELL_EXHAUSTED_PRIMALITY_UNASSIGNED,514,9595,9595,NO_RECORDED_FACTOR_PRP_OR_LL_RESULT_AND_NO_ACTIVE_GIMPS_ASSIGNMENT,2026-08-05T20:30:43+00:00,UNALLOCATED,,,,,
MP-S10-R06-0721,721,1705,143691707,2^143691707-1,STRUCTURAL_SCREEN_EXHAUSTED_PRIMALITY_UNASSIGNED,FIRST_SINGULARITY_SHELL_EXHAUSTED_PRIMALITY_UNASSIGNED,514,9595,9595,NO_RECORDED_FACTOR_PRP_OR_LL_RESULT_AND_NO_ACTIVE_GIMPS_ASSIGNMENT,2026-08-05T20:30:43+00:00,UNALLOCATED,,,,,
MP-S10-R06-0722,722,1706,143691733,2^143691733-1,STRUCTURAL_SCREEN_EXHAUSTED_PRIMALITY_UNASSIGNED,FIRST_SINGULARITY_SHELL_EXHAUSTED_PRIMALITY_UNASSIGNED,513,9595,9595,NO_RECORDED_FACTOR_PRP_OR_LL_RESULT_AND_NO_ACTIVE_GIMPS_ASSIGNMENT,2026-08-05T20:30:43+00:00,UNALLOCATED,,,,,
MP-S10-R06-0723,723,1707,143691739,2^143691739-1,STRUCTURAL_SCREEN_EXHAUSTED_PRIMALITY_UNASSIGNED,FIRST_SINGULARITY_SHELL_EXHAUSTED_PRIMALITY_UNASSIGNED,514,9595,9595,NO_RECORDED_FACTOR_PRP_OR_LL_RESULT_AND_NO_ACTIVE_GIMPS_ASSIGNMENT,2026-08-05T20:30:43+00:00,UNALLOCATED,,,,,
MP-S10-R06-0724,724,1708,143691887,2^143691887-1,STRUCTURAL_SCREEN_EXHAUSTED_PRIMALITY_UNASSIGNED,FIRST_SINGULARITY_SHELL_EXHAUSTED_PRIMALITY_UNASSIGNED,514,9595,9595,NO_RECORDED_FACTOR_PRP_OR_LL_RESULT_AND_NO_ACTIVE_GIMPS_ASSIGNMENT,2026-08-05T20:30:43+00:00,UNALLOCATED,,,,,
MP-S10-R06-0725,725,1712,143691943,2^143691943-1,STRUCTURAL_SCREEN_EXHAUSTED_PRIMALITY_UNASSIGNED,FIRST_SINGULARITY_SHELL_EXHAUSTED_PRIMALITY_UNASSIGNED,514,9595,9595,NO_RECORDED_FACTOR_PRP_OR_LL_RESULT_AND_NO_ACTIVE_GIMPS_ASSIGNMENT,2026-08-05T20:30:43+00:00,UNALLOCATED,,,,,
MP-S10-R06-0726,726,1715,143692253,2^143692253-1,STRUCTURAL_SCREEN_EXHAUSTED_PRIMALITY_UNASSIGNED,FIRST_SINGULARITY_SHELL_EXHAUSTED_PRIMALITY_UNASSIGNED,513,9595,9595,NO_RECORDED_FACTOR_PRP_OR_LL_RESULT_AND_NO_ACTIVE_GIMPS_ASSIGNMENT,2026-08-05T20:30:43+00:00,UNALLOCATED,,,,,
MP-S10-R06-0727,727,1723,143692561,2^143692561-1,STRUCTURAL_SCREEN_EXHAUSTED_PRIMALITY_UNASSIGNED,FIRST_SINGULARITY_SHELL_EXHAUSTED_PRIMALITY_UNASSIGNED,513,9595,9595,NO_RECORDED_FACTOR_PRP_OR_LL_RESULT_AND_NO_ACTIVE_GIMPS_ASSIGNMENT,2026-08-05T20:30:43+00:00,UNALLOCATED,,,,,
MP-S10-R06-0728,728,1798,143696429,2^143696429-1,STRUCTURAL_SCREEN_EXHAUSTED_PRIMALITY_UNASSIGNED,FIRST_SINGULARITY_SHELL_EXHAUSTED_PRIMALITY_UNASSIGNED,513,9595,9595,NO_RECORDED_FACTOR_PRP_OR_LL_RESULT_AND_NO_ACTIVE_GIMPS_ASSIGNMENT,2026-08-05T20:30:43+00:00,UNALLOCATED,,,,,
MP-S10-R06-0729,729,1799,143696521,2^143696521-1,STRUCTURAL_SCREEN_EXHAUSTED_PRIMALITY_UNASSIGNED,FIRST_SINGULARITY_SHELL_EXHAUSTED_PRIMALITY_UNASSIGNED,513,9595,9595,NO_RECORDED_FACTOR_PRP_OR_LL_RESULT_AND_NO_ACTIVE_GIMPS_ASSIGNMENT,2026-08-05T20:30:43+00:00,UNALLOCATED,,,,,
MP-S10-R06-0730,730,1800,143696543,2^143696543-1,STRUCTURAL_SCREEN_EXHAUSTED_PRIMALITY_UNASSIGNED,FIRST_SINGULARITY_SHELL_EXHAUSTED_PRIMALITY_UNASSIGNED,514,9595,9595,NO_RECORDED_FACTOR_PRP_OR_LL_RESULT_AND_NO_ACTIVE_GIMPS_ASSIGNMENT,2026-08-05T20:30:43+00:00,UNALLOCATED,,,,,
MP-S10-R06-0731,731,1801,143696627,2^143696627-1,STRUCTURAL_SCREEN_EXHAUSTED_PRIMALITY_UNASSIGNED,FIRST_SINGULARITY_SHELL_EXHAUSTED_PRIMALITY_UNASSIGNED,514,9595,9595,NO_RECORDED_FACTOR_PRP_OR_LL_RESULT_AND_NO_ACTIVE_GIMPS_ASSIGNMENT,2026-08-05T20:30:43+00:00,UNALLOCATED,,,,,
MP-S10-R06-0732,732,1802,143696629,2^143696629-1,STRUCTURAL_SCREEN_EXHAUSTED_PRIMALITY_UNASSIGNED,FIRST_SINGULARITY_SHELL_EXHAUSTED_PRIMALITY_UNASSIGNED,513,9595,9595,NO_RECORDED_FACTOR_PRP_OR_LL_RESULT_AND_NO_ACTIVE_GIMPS_ASSIGNMENT,2026-08-05T20:30:43+00:00,UNALLOCATED,,,,,
MP-S10-R06-0733,733,1803,143696731,2^143696731-1,STRUCTURAL_SCREEN_EXHAUSTED_PRIMALITY_UNASSIGNED,FIRST_SINGULARITY_SHELL_EXHAUSTED_PRIMALITY_UNASSIGNED,514,9595,9595,NO_RECORDED_FACTOR_PRP_OR_LL_RESULT_AND_NO_ACTIVE_GIMPS_ASSIGNMENT,2026-08-05T20:30:43+00:00,UNALLOCATED,,,,,
MP-S10-R06-0734,734,1804,143696779,2^143696779-1,STRUCTURAL_SCREEN_EXHAUSTED_PRIMALITY_UNASSIGNED,FIRST_SINGULARITY_SHELL_EXHAUSTED_PRIMALITY_UNASSIGNED,514,9595,9595,NO_RECORDED_FACTOR_PRP_OR_LL_RESULT_AND_NO_ACTIVE_GIMPS_ASSIGNMENT,2026-08-05T20:30:43+00:00,UNALLOCATED,,,,,
MP-S10-R06-0735,735,1805,143696837,2^143696837-1,STRUCTURAL_SCREEN_EXHAUSTED_PRIMALITY_UNASSIGNED,FIRST_SINGULARITY_SHELL_EXHAUSTED_PRIMALITY_UNASSIGNED,513,9595,9595,NO_RECORDED_FACTOR_PRP_OR_LL_RESULT_AND_NO_ACTIVE_GIMPS_ASSIGNMENT,2026-08-05T20:30:43+00:00,UNALLOCATED,,,,,
MP-S10-R06-0736,736,1806,143696953,2^143696953-1,STRUCTURAL_SCREEN_EXHAUSTED_PRIMALITY_UNASSIGNED,FIRST_SINGULARITY_SHELL_EXHAUSTED_PRIMALITY_UNASSIGNED,513,9595,9595,NO_RECORDED_FACTOR_PRP_OR_LL_RESULT_AND_NO_ACTIVE_GIMPS_ASSIGNMENT,2026-08-05T20:30:43+00:00,UNALLOCATED,,,,,
MP-S10-R06-0737,737,1807,143697023,2^143697023-1,STRUCTURAL_SCREEN_EXHAUSTED_PRIMALITY_UNASSIGNED,FIRST_SINGULARITY_SHELL_EXHAUSTED_PRIMALITY_UNASSIGNED,514,9595,9595,NO_RECORDED_FACTOR_PRP_OR_LL_RESULT_AND_NO_ACTIVE_GIMPS_ASSIGNMENT,2026-08-05T20:30:43+00:00,UNALLOCATED,,,,,
MP-S10-R06-0738,738,1808,143697049,2^143697049-1,STRUCTURAL_SCREEN_EXHAUSTED_PRIMALITY_UNASSIGNED,FIRST_SINGULARITY_SHELL_EXHAUSTED_PRIMALITY_UNASSIGNED,513,9595,9595,NO_RECORDED_FACTOR_PRP_OR_LL_RESULT_AND_NO_ACTIVE_GIMPS_ASSIGNMENT,2026-08-05T20:30:43+00:00,UNALLOCATED,,,,,
MP-S10-R06-0739,739,1809,143697161,2^143697161-1,STRUCTURAL_SCREEN_EXHAUSTED_PRIMALITY_UNASSIGNED,FIRST_SINGULARITY_SHELL_EXHAUSTED_PRIMALITY_UNASSIGNED,513,9595,9595,NO_RECORDED_FACTOR_PRP_OR_LL_RESULT_AND_NO_ACTIVE_GIMPS_ASSIGNMENT,2026-08-05T20:30:43+00:00,UNALLOCATED,,,,,
MP-S10-R06-0740,740,1810,143697173,2^143697173-1,STRUCTURAL_SCREEN_EXHAUSTED_PRIMALITY_UNASSIGNED,FIRST_SINGULARITY_SHELL_EXHAUSTED_PRIMALITY_UNASSIGNED,513,9595,9595,NO_RECORDED_FACTOR_PRP_OR_LL_RESULT_AND_NO_ACTIVE_GIMPS_ASSIGNMENT,2026-08-05T20:30:43+00:00,UNALLOCATED,,,,,
MP-S10-R06-0741,741,1811,143697263,2^143697263-1,STRUCTURAL_SCREEN_EXHAUSTED_PRIMALITY_UNASSIGNED,FIRST_SINGULARITY_SHELL_EXHAUSTED_PRIMALITY_UNASSIGNED,514,9595,9595,NO_RECORDED_FACTOR_PRP_OR_LL_RESULT_AND_NO_ACTIVE_GIMPS_ASSIGNMENT,2026-08-05T20:30:43+00:00,UNALLOCATED,,,,,
MP-S10-R06-0742,742,1812,143697269,2^143697269-1,STRUCTURAL_SCREEN_EXHAUSTED_PRIMALITY_UNASSIGNED,FIRST_SINGULARITY_SHELL_EXHAUSTED_PRIMALITY_UNASSIGNED,513,9595,9595,NO_RECORDED_FACTOR_PRP_OR_LL_RESULT_AND_NO_ACTIVE_GIMPS_ASSIGNMENT,2026-08-05T20:30:43+00:00,UNALLOCATED,,,,,
MP-S10-R06-0743,743,1813,143697313,2^143697313-1,STRUCTURAL_SCREEN_EXHAUSTED_PRIMALITY_UNASSIGNED,FIRST_SINGULARITY_SHELL_EXHAUSTED_PRIMALITY_UNASSIGNED,513,9595,9595,NO_RECORDED_FACTOR_PRP_OR_LL_RESULT_AND_NO_ACTIVE_GIMPS_ASSIGNMENT,2026-08-05T20:30:43+00:00,UNALLOCATED,,,,,
MP-S10-R06-0744,744,1814,143697371,2^143697371-1,STRUCTURAL_SCREEN_EXHAUSTED_PRIMALITY_UNASSIGNED,FIRST_SINGULARITY_SHELL_EXHAUSTED_PRIMALITY_UNASSIGNED,514,9595,9595,NO_RECORDED_FACTOR_PRP_OR_LL_RESULT_AND_NO_ACTIVE_GIMPS_ASSIGNMENT,2026-08-05T20:30:43+00:00,UNALLOCATED,,,,,
MP-S10-R06-0745,745,1815,143697401,2^143697401-1,STRUCTURAL_SCREEN_EXHAUSTED_PRIMALITY_UNASSIGNED,FIRST_SINGULARITY_SHELL_EXHAUSTED_PRIMALITY_UNASSIGNED,513,9595,9595,NO_RECORDED_FACTOR_PRP_OR_LL_RESULT_AND_NO_ACTIVE_GIMPS_ASSIGNMENT,2026-08-05T20:30:43+00:00,UNALLOCATED,,,,,
MP-S10-R06-0746,746,1816,143697461,2^143697461-1,STRUCTURAL_SCREEN_EXHAUSTED_PRIMALITY_UNASSIGNED,FIRST_SINGULARITY_SHELL_EXHAUSTED_PRIMALITY_UNASSIGNED,513,9595,9595,NO_RECORDED_FACTOR_PRP_OR_LL_RESULT_AND_NO_ACTIVE_GIMPS_ASSIGNMENT,2026-08-05T20:30:43+00:00,UNALLOCATED,,,,,
MP-S10-R06-0747,747,1817,143697557,2^143697557-1,STRUCTURAL_SCREEN_EXHAUSTED_PRIMALITY_UNASSIGNED,FIRST_SINGULARITY_SHELL_EXHAUSTED_PRIMALITY_UNASSIGNED,513,9595,9595,NO_RECORDED_FACTOR_PRP_OR_LL_RESULT_AND_NO_ACTIVE_GIMPS_ASSIGNMENT,2026-08-05T20:30:43+00:00,UNALLOCATED,,,,,
MP-S10-R06-0748,748,1818,143697563,2^143697563-1,STRUCTURAL_SCREEN_EXHAUSTED_PRIMALITY_UNASSIGNED,FIRST_SINGULARITY_SHELL_EXHAUSTED_PRIMALITY_UNASSIGNED,514,9595,9595,NO_RECORDED_FACTOR_PRP_OR_LL_RESULT_AND_NO_ACTIVE_GIMPS_ASSIGNMENT,2026-08-05T20:30:43+00:00,UNALLOCATED,,,,,
MP-S10-R06-0749,749,1819,143697569,2^143697569-1,STRUCTURAL_SCREEN_EXHAUSTED_PRIMALITY_UNASSIGNED,FIRST_SINGULARITY_SHELL_EXHAUSTED_PRIMALITY_UNASSIGNED,513,9595,9595,NO_RECORDED_FACTOR_PRP_OR_LL_RESULT_AND_NO_ACTIVE_GIMPS_ASSIGNMENT,2026-08-05T20:30:43+00:00,UNALLOCATED,,,,,
MP-S10-R06-0750,750,1820,143697713,2^143697713-1,STRUCTURAL_SCREEN_EXHAUSTED_PRIMALITY_UNASSIGNED,FIRST_SINGULARITY_SHELL_EXHAUSTED_PRIMALITY_UNASSIGNED,513,9595,9595,NO_RECORDED_FACTOR_PRP_OR_LL_RESULT_AND_NO_ACTIVE_GIMPS_ASSIGNMENT,2026-08-05T20:30:43+00:00,UNALLOCATED,,,,,
MP-S10-R06-0751,751,1821,143697739,2^143697739-1,STRUCTURAL_SCREEN_EXHAUSTED_PRIMALITY_UNASSIGNED,FIRST_SINGULARITY_SHELL_EXHAUSTED_PRIMALITY_UNASSIGNED,514,9595,9595,NO_RECORDED_FACTOR_PRP_OR_LL_RESULT_AND_NO_ACTIVE_GIMPS_ASSIGNMENT,2026-08-05T20:30:43+00:00,UNALLOCATED,,,,,
MP-S10-R06-0752,752,1822,143697913,2^143697913-1,STRUCTURAL_SCREEN_EXHAUSTED_PRIMALITY_UNASSIGNED,FIRST_SINGULARITY_SHELL_EXHAUSTED_PRIMALITY_UNASSIGNED,513,9595,9595,NO_RECORDED_FACTOR_PRP_OR_LL_RESULT_AND_NO_ACTIVE_GIMPS_ASSIGNMENT,2026-08-05T20:30:43+00:00,UNALLOCATED,,,,,
MP-S10-R06-0753,753,1823,143697947,2^143697947-1,STRUCTURAL_SCREEN_EXHAUSTED_PRIMALITY_UNASSIGNED,FIRST_SINGULARITY_SHELL_EXHAUSTED_PRIMALITY_UNASSIGNED,514,9595,9595,NO_RECORDED_FACTOR_PRP_OR_LL_RESULT_AND_NO_ACTIVE_GIMPS_ASSIGNMENT,2026-08-05T20:30:43+00:00,UNALLOCATED,,,,,
MP-S10-R06-0754,754,1824,143697971,2^143697971-1,STRUCTURAL_SCREEN_EXHAUSTED_PRIMALITY_UNASSIGNED,FIRST_SINGULARITY_SHELL_EXHAUSTED_PRIMALITY_UNASSIGNED,514,9595,9595,NO_RECORDED_FACTOR_PRP_OR_LL_RESULT_AND_NO_ACTIVE_GIMPS_ASSIGNMENT,2026-08-05T20:30:43+00:00,UNALLOCATED,,,,,
MP-S10-R06-0755,755,1825,143697977,2^143697977-1,STRUCTURAL_SCREEN_EXHAUSTED_PRIMALITY_UNASSIGNED,FIRST_SINGULARITY_SHELL_EXHAUSTED_PRIMALITY_UNASSIGNED,513,9595,9595,NO_RECORDED_FACTOR_PRP_OR_LL_RESULT_AND_NO_ACTIVE_GIMPS_ASSIGNMENT,2026-08-05T20:30:43+00:00,UNALLOCATED,,,,,
MP-S10-R06-0756,756,1826,143698019,2^143698019-1,STRUCTURAL_SCREEN_EXHAUSTED_PRIMALITY_UNASSIGNED,FIRST_SINGULARITY_SHELL_EXHAUSTED_PRIMALITY_UNASSIGNED,514,9595,9595,NO_RECORDED_FACTOR_PRP_OR_LL_RESULT_AND_NO_ACTIVE_GIMPS_ASSIGNMENT,2026-08-05T20:30:43+00:00,UNALLOCATED,,,,,
MP-S10-R06-0757,757,1827,143698123,2^143698123-1,STRUCTURAL_SCREEN_EXHAUSTED_PRIMALITY_UNASSIGNED,FIRST_SINGULARITY_SHELL_EXHAUSTED_PRIMALITY_UNASSIGNED,514,9595,9595,NO_RECORDED_FACTOR_PRP_OR_LL_RESULT_AND_NO_ACTIVE_GIMPS_ASSIGNMENT,2026-08-05T20:30:43+00:00,UNALLOCATED,,,,,
MP-S10-R06-0758,758,1828,143698193,2^143698193-1,STRUCTURAL_SCREEN_EXHAUSTED_PRIMALITY_UNASSIGNED,FIRST_SINGULARITY_SHELL_EXHAUSTED_PRIMALITY_UNASSIGNED,513,9595,9595,NO_RECORDED_FACTOR_PRP_OR_LL_RESULT_AND_NO_ACTIVE_GIMPS_ASSIGNMENT,2026-08-05T20:30:43+00:00,UNALLOCATED,,,,,
MP-S10-R06-0759,759,1829,143698199,2^143698199-1,STRUCTURAL_SCREEN_EXHAUSTED_PRIMALITY_UNASSIGNED,FIRST_SINGULARITY_SHELL_EXHAUSTED_PRIMALITY_UNASSIGNED,514,9595,9595,NO_RECORDED_FACTOR_PRP_OR_LL_RESULT_AND_NO_ACTIVE_GIMPS_ASSIGNMENT,2026-08-05T20:30:43+00:00,UNALLOCATED,,,,,
MP-S10-R06-0760,760,1830,143698207,2^143698207-1,STRUCTURAL_SCREEN_EXHAUSTED_PRIMALITY_UNASSIGNED,FIRST_SINGULARITY_SHELL_EXHAUSTED_PRIMALITY_UNASSIGNED,514,9595,9595,NO_RECORDED_FACTOR_PRP_OR_LL_RESULT_AND_NO_ACTIVE_GIMPS_ASSIGNMENT,2026-08-05T20:30:43+00:00,UNALLOCATED,,,,,
MP-S10-R06-0761,761,1831,143698213,2^143698213-1,STRUCTURAL_SCREEN_EXHAUSTED_PRIMALITY_UNASSIGNED,FIRST_SINGULARITY_SHELL_EXHAUSTED_PRIMALITY_UNASSIGNED,513,9595,9595,NO_RECORDED_FACTOR_PRP_OR_LL_RESULT_AND_NO_ACTIVE_GIMPS_ASSIGNMENT,2026-08-05T20:30:43+00:00,UNALLOCATED,,,,,
MP-S10-R06-0762,762,1832,143698231,2^143698231-1,STRUCTURAL_SCREEN_EXHAUSTED_PRIMALITY_UNASSIGNED,FIRST_SINGULARITY_SHELL_EXHAUSTED_PRIMALITY_UNASSIGNED,514,9595,9595,NO_RECORDED_FACTOR_PRP_OR_LL_RESULT_AND_NO_ACTIVE_GIMPS_ASSIGNMENT,2026-08-05T20:30:43+00:00,UNALLOCATED,,,,,
MP-S10-R06-0763,763,1833,143698279,2^143698279-1,STRUCTURAL_SCREEN_EXHAUSTED_PRIMALITY_UNASSIGNED,FIRST_SINGULARITY_SHELL_EXHAUSTED_PRIMALITY_UNASSIGNED,514,9595,9595,NO_RECORDED_FACTOR_PRP_OR_LL_RESULT_AND_NO_ACTIVE_GIMPS_ASSIGNMENT,2026-08-05T20:30:43+00:00,UNALLOCATED,,,,,
MP-S10-R06-0764,764,1834,143698363,2^143698363-1,STRUCTURAL_SCREEN_EXHAUSTED_PRIMALITY_UNASSIGNED,FIRST_SINGULARITY_SHELL_EXHAUSTED_PRIMALITY_UNASSIGNED,514,9595,9595,NO_RECORDED_FACTOR_PRP_OR_LL_RESULT_AND_NO_ACTIVE_GIMPS_ASSIGNMENT,2026-08-05T20:30:43+00:00,UNALLOCATED,,,,,
MP-S10-R06-0765,765,1835,143698397,2^143698397-1,STRUCTURAL_SCREEN_EXHAUSTED_PRIMALITY_UNASSIGNED,FIRST_SINGULARITY_SHELL_EXHAUSTED_PRIMALITY_UNASSIGNED,513,9595,9595,NO_RECORDED_FACTOR_PRP_OR_LL_RESULT_AND_NO_ACTIVE_GIMPS_ASSIGNMENT,2026-08-05T20:30:43+00:00,UNALLOCATED,,,,,
MP-S10-R06-0766,766,1836,143698543,2^143698543-1,STRUCTURAL_SCREEN_EXHAUSTED_PRIMALITY_UNASSIGNED,FIRST_SINGULARITY_SHELL_EXHAUSTED_PRIMALITY_UNASSIGNED,514,9595,9595,NO_RECORDED_FACTOR_PRP_OR_LL_RESULT_AND_NO_ACTIVE_GIMPS_ASSIGNMENT,2026-08-05T20:30:43+00:00,UNALLOCATED,,,,,
MP-S10-R06-0767,767,1837,143698591,2^143698591-1,STRUCTURAL_SCREEN_EXHAUSTED_PRIMALITY_UNASSIGNED,FIRST_SINGULARITY_SHELL_EXHAUSTED_PRIMALITY_UNASSIGNED,514,9595,9595,NO_RECORDED_FACTOR_PRP_OR_LL_RESULT_AND_NO_ACTIVE_GIMPS_ASSIGNMENT,2026-08-05T20:30:43+00:00,UNALLOCATED,,,,,
MP-S10-R06-0768,768,1838,143698661,2^143698661-1,STRUCTURAL_SCREEN_EXHAUSTED_PRIMALITY_UNASSIGNED,FIRST_SINGULARITY_SHELL_EXHAUSTED_PRIMALITY_UNASSIGNED,513,9595,9595,NO_RECORDED_FACTOR_PRP_OR_LL_RESULT_AND_NO_ACTIVE_GIMPS_ASSIGNMENT,2026-08-05T20:30:43+00:00,UNALLOCATED,,,,,
MP-S10-R06-0769,769,1839,143698757,2^143698757-1,STRUCTURAL_SCREEN_EXHAUSTED_PRIMALITY_UNASSIGNED,FIRST_SINGULARITY_SHELL_EXHAUSTED_PRIMALITY_UNASSIGNED,513,9595,9595,NO_RECORDED_FACTOR_PRP_OR_LL_RESULT_AND_NO_ACTIVE_GIMPS_ASSIGNMENT,2026-08-05T20:30:43+00:00,UNALLOCATED,,,,,
MP-S10-R06-0770,770,1840,143698783,2^143698783-1,STRUCTURAL_SCREEN_EXHAUSTED_PRIMALITY_UNASSIGNED,FIRST_SINGULARITY_SHELL_EXHAUSTED_PRIMALITY_UNASSIGNED,514,9595,9595,NO_RECORDED_FACTOR_PRP_OR_LL_RESULT_AND_NO_ACTIVE_GIMPS_ASSIGNMENT,2026-08-05T20:30:43+00:00,UNALLOCATED,,,,,
MP-S10-R06-0771,771,1841,143698801,2^143698801-1,STRUCTURAL_SCREEN_EXHAUSTED_PRIMALITY_UNASSIGNED,FIRST_SINGULARITY_SHELL_EXHAUSTED_PRIMALITY_UNASSIGNED,513,9595,9595,NO_RECORDED_FACTOR_PRP_OR_LL_RESULT_AND_NO_ACTIVE_GIMPS_ASSIGNMENT,2026-08-05T20:30:43+00:00,UNALLOCATED,,,,,
MP-S10-R06-0772,772,1842,143698903,2^143698903-1,STRUCTURAL_SCREEN_EXHAUSTED_PRIMALITY_UNASSIGNED,FIRST_SINGULARITY_SHELL_EXHAUSTED_PRIMALITY_UNASSIGNED,514,9595,9595,NO_RECORDED_FACTOR_PRP_OR_LL_RESULT_AND_NO_ACTIVE_GIMPS_ASSIGNMENT,2026-08-05T20:30:43+00:00,UNALLOCATED,,,,,
MP-S10-R06-0773,773,1843,143698913,2^143698913-1,STRUCTURAL_SCREEN_EXHAUSTED_PRIMALITY_UNASSIGNED,FIRST_SINGULARITY_SHELL_EXHAUSTED_PRIMALITY_UNASSIGNED,513,9595,9595,NO_RECORDED_FACTOR_PRP_OR_LL_RESULT_AND_NO_ACTIVE_GIMPS_ASSIGNMENT,2026-08-05T20:30:43+00:00,UNALLOCATED,,,,,
MP-S10-R06-0774,774,1844,143698921,2^143698921-1,STRUCTURAL_SCREEN_EXHAUSTED_PRIMALITY_UNASSIGNED,FIRST_SINGULARITY_SHELL_EXHAUSTED_PRIMALITY_UNASSIGNED,513,9595,9595,NO_RECORDED_FACTOR_PRP_OR_LL_RESULT_AND_NO_ACTIVE_GIMPS_ASSIGNMENT,2026-08-05T20:30:43+00:00,UNALLOCATED,,,,,
MP-S10-R06-0775,775,1845,143698927,2^143698927-1,STRUCTURAL_SCREEN_EXHAUSTED_PRIMALITY_UNASSIGNED,FIRST_SINGULARITY_SHELL_EXHAUSTED_PRIMALITY_UNASSIGNED,514,9595,9595,NO_RECORDED_FACTOR_PRP_OR_LL_RESULT_AND_NO_ACTIVE_GIMPS_ASSIGNMENT,2026-08-05T20:30:43+00:00,UNALLOCATED,,,,,
MP-S10-R06-0776,776,1847,143698937,2^143698937-1,STRUCTURAL_SCREEN_EXHAUSTED_PRIMALITY_UNASSIGNED,FIRST_SINGULARITY_SHELL_EXHAUSTED_PRIMALITY_UNASSIGNED,513,9595,9595,NO_RECORDED_FACTOR_PRP_OR_LL_RESULT_AND_NO_ACTIVE_GIMPS_ASSIGNMENT,2026-08-05T20:30:43+00:00,UNALLOCATED,,,,,
MP-S10-R06-0777,777,1848,143699051,2^143699051-1,STRUCTURAL_SCREEN_EXHAUSTED_PRIMALITY_UNASSIGNED,FIRST_SINGULARITY_SHELL_EXHAUSTED_PRIMALITY_UNASSIGNED,514,9595,9595,NO_RECORDED_FACTOR_PRP_OR_LL_RESULT_AND_NO_ACTIVE_GIMPS_ASSIGNMENT,2026-08-05T20:30:43+00:00,UNALLOCATED,,,,,
MP-S10-R06-0778,778,1849,143699119,2^143699119-1,STRUCTURAL_SCREEN_EXHAUSTED_PRIMALITY_UNASSIGNED,FIRST_SINGULARITY_SHELL_EXHAUSTED_PRIMALITY_UNASSIGNED,514,9595,9595,NO_RECORDED_FACTOR_PRP_OR_LL_RESULT_AND_NO_ACTIVE_GIMPS_ASSIGNMENT,2026-08-05T20:30:43+00:00,UNALLOCATED,,,,,
MP-S10-R06-0779,779,1850,143699141,2^143699141-1,STRUCTURAL_SCREEN_EXHAUSTED_PRIMALITY_UNASSIGNED,FIRST_SINGULARITY_SHELL_EXHAUSTED_PRIMALITY_UNASSIGNED,513,9595,9595,NO_RECORDED_FACTOR_PRP_OR_LL_RESULT_AND_NO_ACTIVE_GIMPS_ASSIGNMENT,2026-08-05T20:30:43+00:00,UNALLOCATED,,,,,
MP-S10-R06-0780,780,1851,143699191,2^143699191-1,STRUCTURAL_SCREEN_EXHAUSTED_PRIMALITY_UNASSIGNED,FIRST_SINGULARITY_SHELL_EXHAUSTED_PRIMALITY_UNASSIGNED,514,9595,9595,NO_RECORDED_FACTOR_PRP_OR_LL_RESULT_AND_NO_ACTIVE_GIMPS_ASSIGNMENT,2026-08-05T20:30:43+00:00,UNALLOCATED,,,,,
