queue_id,queue_rank,shell_survivor_rank,exponent,mersenne_object,screen_status,shell_status,screen_schedule_count,shell_schedule_count,shell_tested_opportunity_count,external_status_at_snapshot,assignment_snapshot_utc,sam_distribution_status,assignee,assignment_utc,result_status,result_reference,notes
SLCMP47-0001,1,1111,154061669,2^154061669-1,STRUCTURAL_SCREEN_EXHAUSTED_PRIMALITY_UNASSIGNED,FIRST_SINGULARITY_SHELL_EXHAUSTED_PRIMALITY_UNASSIGNED,513,9595,9595,NO_RECORDED_FACTOR_PRP_OR_LL_RESULT_AND_NO_ACTIVE_GIMPS_ASSIGNMENT,2026-08-06T12:58:23+00:00,UNALLOCATED,,,,,
SLCMP47-0002,2,1112,154061767,2^154061767-1,STRUCTURAL_SCREEN_EXHAUSTED_PRIMALITY_UNASSIGNED,FIRST_SINGULARITY_SHELL_EXHAUSTED_PRIMALITY_UNASSIGNED,514,9595,9595,NO_RECORDED_FACTOR_PRP_OR_LL_RESULT_AND_NO_ACTIVE_GIMPS_ASSIGNMENT,2026-08-06T12:58:23+00:00,UNALLOCATED,,,,,
SLCMP47-0003,3,1113,154061867,2^154061867-1,STRUCTURAL_SCREEN_EXHAUSTED_PRIMALITY_UNASSIGNED,FIRST_SINGULARITY_SHELL_EXHAUSTED_PRIMALITY_UNASSIGNED,514,9595,9595,NO_RECORDED_FACTOR_PRP_OR_LL_RESULT_AND_NO_ACTIVE_GIMPS_ASSIGNMENT,2026-08-06T12:58:23+00:00,UNALLOCATED,,,,,
SLCMP47-0004,4,1114,154061927,2^154061927-1,STRUCTURAL_SCREEN_EXHAUSTED_PRIMALITY_UNASSIGNED,FIRST_SINGULARITY_SHELL_EXHAUSTED_PRIMALITY_UNASSIGNED,514,9595,9595,NO_RECORDED_FACTOR_PRP_OR_LL_RESULT_AND_NO_ACTIVE_GIMPS_ASSIGNMENT,2026-08-06T12:58:23+00:00,UNALLOCATED,,,,,
SLCMP47-0005,5,1115,154061953,2^154061953-1,STRUCTURAL_SCREEN_EXHAUSTED_PRIMALITY_UNASSIGNED,FIRST_SINGULARITY_SHELL_EXHAUSTED_PRIMALITY_UNASSIGNED,513,9595,9595,NO_RECORDED_FACTOR_PRP_OR_LL_RESULT_AND_NO_ACTIVE_GIMPS_ASSIGNMENT,2026-08-06T12:58:23+00:00,UNALLOCATED,,,,,
SLCMP47-0006,6,1116,154061959,2^154061959-1,STRUCTURAL_SCREEN_EXHAUSTED_PRIMALITY_UNASSIGNED,FIRST_SINGULARITY_SHELL_EXHAUSTED_PRIMALITY_UNASSIGNED,514,9595,9595,NO_RECORDED_FACTOR_PRP_OR_LL_RESULT_AND_NO_ACTIVE_GIMPS_ASSIGNMENT,2026-08-06T12:58:23+00:00,UNALLOCATED,,,,,
SLCMP47-0007,7,1117,154062031,2^154062031-1,STRUCTURAL_SCREEN_EXHAUSTED_PRIMALITY_UNASSIGNED,FIRST_SINGULARITY_SHELL_EXHAUSTED_PRIMALITY_UNASSIGNED,514,9595,9595,NO_RECORDED_FACTOR_PRP_OR_LL_RESULT_AND_NO_ACTIVE_GIMPS_ASSIGNMENT,2026-08-06T12:58:23+00:00,UNALLOCATED,,,,,
SLCMP47-0008,8,1118,154062091,2^154062091-1,STRUCTURAL_SCREEN_EXHAUSTED_PRIMALITY_UNASSIGNED,FIRST_SINGULARITY_SHELL_EXHAUSTED_PRIMALITY_UNASSIGNED,514,9595,9595,NO_RECORDED_FACTOR_PRP_OR_LL_RESULT_AND_NO_ACTIVE_GIMPS_ASSIGNMENT,2026-08-06T12:58:23+00:00,UNALLOCATED,,,,,
SLCMP47-0009,9,1119,154062107,2^154062107-1,STRUCTURAL_SCREEN_EXHAUSTED_PRIMALITY_UNASSIGNED,FIRST_SINGULARITY_SHELL_EXHAUSTED_PRIMALITY_UNASSIGNED,514,9595,9595,NO_RECORDED_FACTOR_PRP_OR_LL_RESULT_AND_NO_ACTIVE_GIMPS_ASSIGNMENT,2026-08-06T12:58:23+00:00,UNALLOCATED,,,,,
SLCMP47-0010,10,1120,154062253,2^154062253-1,STRUCTURAL_SCREEN_EXHAUSTED_PRIMALITY_UNASSIGNED,FIRST_SINGULARITY_SHELL_EXHAUSTED_PRIMALITY_UNASSIGNED,513,9595,9595,NO_RECORDED_FACTOR_PRP_OR_LL_RESULT_AND_NO_ACTIVE_GIMPS_ASSIGNMENT,2026-08-06T12:58:23+00:00,UNALLOCATED,,,,,
SLCMP47-0011,11,1121,154062263,2^154062263-1,STRUCTURAL_SCREEN_EXHAUSTED_PRIMALITY_UNASSIGNED,FIRST_SINGULARITY_SHELL_EXHAUSTED_PRIMALITY_UNASSIGNED,514,9595,9595,NO_RECORDED_FACTOR_PRP_OR_LL_RESULT_AND_NO_ACTIVE_GIMPS_ASSIGNMENT,2026-08-06T12:58:23+00:00,UNALLOCATED,,,,,
SLCMP47-0012,12,1122,154062289,2^154062289-1,STRUCTURAL_SCREEN_EXHAUSTED_PRIMALITY_UNASSIGNED,FIRST_SINGULARITY_SHELL_EXHAUSTED_PRIMALITY_UNASSIGNED,513,9595,9595,NO_RECORDED_FACTOR_PRP_OR_LL_RESULT_AND_NO_ACTIVE_GIMPS_ASSIGNMENT,2026-08-06T12:58:23+00:00,UNALLOCATED,,,,,
SLCMP47-0013,13,1123,154062331,2^154062331-1,STRUCTURAL_SCREEN_EXHAUSTED_PRIMALITY_UNASSIGNED,FIRST_SINGULARITY_SHELL_EXHAUSTED_PRIMALITY_UNASSIGNED,514,9595,9595,NO_RECORDED_FACTOR_PRP_OR_LL_RESULT_AND_NO_ACTIVE_GIMPS_ASSIGNMENT,2026-08-06T12:58:23+00:00,UNALLOCATED,,,,,
SLCMP47-0014,14,1124,154062401,2^154062401-1,STRUCTURAL_SCREEN_EXHAUSTED_PRIMALITY_UNASSIGNED,FIRST_SINGULARITY_SHELL_EXHAUSTED_PRIMALITY_UNASSIGNED,513,9595,9595,NO_RECORDED_FACTOR_PRP_OR_LL_RESULT_AND_NO_ACTIVE_GIMPS_ASSIGNMENT,2026-08-06T12:58:23+00:00,UNALLOCATED,,,,,
SLCMP47-0015,15,1125,154062437,2^154062437-1,STRUCTURAL_SCREEN_EXHAUSTED_PRIMALITY_UNASSIGNED,FIRST_SINGULARITY_SHELL_EXHAUSTED_PRIMALITY_UNASSIGNED,513,9595,9595,NO_RECORDED_FACTOR_PRP_OR_LL_RESULT_AND_NO_ACTIVE_GIMPS_ASSIGNMENT,2026-08-06T12:58:23+00:00,UNALLOCATED,,,,,
SLCMP47-0016,16,1126,154062497,2^154062497-1,STRUCTURAL_SCREEN_EXHAUSTED_PRIMALITY_UNASSIGNED,FIRST_SINGULARITY_SHELL_EXHAUSTED_PRIMALITY_UNASSIGNED,513,9595,9595,NO_RECORDED_FACTOR_PRP_OR_LL_RESULT_AND_NO_ACTIVE_GIMPS_ASSIGNMENT,2026-08-06T12:58:23+00:00,UNALLOCATED,,,,,
SLCMP47-0017,17,1127,154062499,2^154062499-1,STRUCTURAL_SCREEN_EXHAUSTED_PRIMALITY_UNASSIGNED,FIRST_SINGULARITY_SHELL_EXHAUSTED_PRIMALITY_UNASSIGNED,514,9595,9595,NO_RECORDED_FACTOR_PRP_OR_LL_RESULT_AND_NO_ACTIVE_GIMPS_ASSIGNMENT,2026-08-06T12:58:23+00:00,UNALLOCATED,,,,,
SLCMP47-0018,18,1128,154062527,2^154062527-1,STRUCTURAL_SCREEN_EXHAUSTED_PRIMALITY_UNASSIGNED,FIRST_SINGULARITY_SHELL_EXHAUSTED_PRIMALITY_UNASSIGNED,514,9595,9595,NO_RECORDED_FACTOR_PRP_OR_LL_RESULT_AND_NO_ACTIVE_GIMPS_ASSIGNMENT,2026-08-06T12:58:23+00:00,UNALLOCATED,,,,,
SLCMP47-0019,19,1129,154062581,2^154062581-1,STRUCTURAL_SCREEN_EXHAUSTED_PRIMALITY_UNASSIGNED,FIRST_SINGULARITY_SHELL_EXHAUSTED_PRIMALITY_UNASSIGNED,513,9595,9595,NO_RECORDED_FACTOR_PRP_OR_LL_RESULT_AND_NO_ACTIVE_GIMPS_ASSIGNMENT,2026-08-06T12:58:23+00:00,UNALLOCATED,,,,,
SLCMP47-0020,20,1130,154062647,2^154062647-1,STRUCTURAL_SCREEN_EXHAUSTED_PRIMALITY_UNASSIGNED,FIRST_SINGULARITY_SHELL_EXHAUSTED_PRIMALITY_UNASSIGNED,514,9595,9595,NO_RECORDED_FACTOR_PRP_OR_LL_RESULT_AND_NO_ACTIVE_GIMPS_ASSIGNMENT,2026-08-06T12:58:23+00:00,UNALLOCATED,,,,,
SLCMP47-0021,21,1131,154062661,2^154062661-1,STRUCTURAL_SCREEN_EXHAUSTED_PRIMALITY_UNASSIGNED,FIRST_SINGULARITY_SHELL_EXHAUSTED_PRIMALITY_UNASSIGNED,513,9595,9595,NO_RECORDED_FACTOR_PRP_OR_LL_RESULT_AND_NO_ACTIVE_GIMPS_ASSIGNMENT,2026-08-06T12:58:23+00:00,UNALLOCATED,,,,,
SLCMP47-0022,22,1132,154062751,2^154062751-1,STRUCTURAL_SCREEN_EXHAUSTED_PRIMALITY_UNASSIGNED,FIRST_SINGULARITY_SHELL_EXHAUSTED_PRIMALITY_UNASSIGNED,514,9595,9595,NO_RECORDED_FACTOR_PRP_OR_LL_RESULT_AND_NO_ACTIVE_GIMPS_ASSIGNMENT,2026-08-06T12:58:23+00:00,UNALLOCATED,,,,,
SLCMP47-0023,23,1133,154062803,2^154062803-1,STRUCTURAL_SCREEN_EXHAUSTED_PRIMALITY_UNASSIGNED,FIRST_SINGULARITY_SHELL_EXHAUSTED_PRIMALITY_UNASSIGNED,514,9595,9595,NO_RECORDED_FACTOR_PRP_OR_LL_RESULT_AND_NO_ACTIVE_GIMPS_ASSIGNMENT,2026-08-06T12:58:23+00:00,UNALLOCATED,,,,,
SLCMP47-0024,24,1134,154062893,2^154062893-1,STRUCTURAL_SCREEN_EXHAUSTED_PRIMALITY_UNASSIGNED,FIRST_SINGULARITY_SHELL_EXHAUSTED_PRIMALITY_UNASSIGNED,513,9595,9595,NO_RECORDED_FACTOR_PRP_OR_LL_RESULT_AND_NO_ACTIVE_GIMPS_ASSIGNMENT,2026-08-06T12:58:23+00:00,UNALLOCATED,,,,,
SLCMP47-0025,25,1135,154063073,2^154063073-1,STRUCTURAL_SCREEN_EXHAUSTED_PRIMALITY_UNASSIGNED,FIRST_SINGULARITY_SHELL_EXHAUSTED_PRIMALITY_UNASSIGNED,513,9595,9595,NO_RECORDED_FACTOR_PRP_OR_LL_RESULT_AND_NO_ACTIVE_GIMPS_ASSIGNMENT,2026-08-06T12:58:23+00:00,UNALLOCATED,,,,,
SLCMP47-0026,26,1136,154063187,2^154063187-1,STRUCTURAL_SCREEN_EXHAUSTED_PRIMALITY_UNASSIGNED,FIRST_SINGULARITY_SHELL_EXHAUSTED_PRIMALITY_UNASSIGNED,514,9595,9595,NO_RECORDED_FACTOR_PRP_OR_LL_RESULT_AND_NO_ACTIVE_GIMPS_ASSIGNMENT,2026-08-06T12:58:23+00:00,UNALLOCATED,,,,,
SLCMP47-0027,27,1137,154063339,2^154063339-1,STRUCTURAL_SCREEN_EXHAUSTED_PRIMALITY_UNASSIGNED,FIRST_SINGULARITY_SHELL_EXHAUSTED_PRIMALITY_UNASSIGNED,514,9595,9595,NO_RECORDED_FACTOR_PRP_OR_LL_RESULT_AND_NO_ACTIVE_GIMPS_ASSIGNMENT,2026-08-06T12:58:23+00:00,UNALLOCATED,,,,,
SLCMP47-0028,28,1138,154063493,2^154063493-1,STRUCTURAL_SCREEN_EXHAUSTED_PRIMALITY_UNASSIGNED,FIRST_SINGULARITY_SHELL_EXHAUSTED_PRIMALITY_UNASSIGNED,513,9595,9595,NO_RECORDED_FACTOR_PRP_OR_LL_RESULT_AND_NO_ACTIVE_GIMPS_ASSIGNMENT,2026-08-06T12:58:23+00:00,UNALLOCATED,,,,,
SLCMP47-0029,29,1139,154063513,2^154063513-1,STRUCTURAL_SCREEN_EXHAUSTED_PRIMALITY_UNASSIGNED,FIRST_SINGULARITY_SHELL_EXHAUSTED_PRIMALITY_UNASSIGNED,513,9595,9595,NO_RECORDED_FACTOR_PRP_OR_LL_RESULT_AND_NO_ACTIVE_GIMPS_ASSIGNMENT,2026-08-06T12:58:23+00:00,UNALLOCATED,,,,,
SLCMP47-0030,30,1140,154063541,2^154063541-1,STRUCTURAL_SCREEN_EXHAUSTED_PRIMALITY_UNASSIGNED,FIRST_SINGULARITY_SHELL_EXHAUSTED_PRIMALITY_UNASSIGNED,513,9595,9595,NO_RECORDED_FACTOR_PRP_OR_LL_RESULT_AND_NO_ACTIVE_GIMPS_ASSIGNMENT,2026-08-06T12:58:23+00:00,UNALLOCATED,,,,,
SLCMP47-0031,31,1141,154063577,2^154063577-1,STRUCTURAL_SCREEN_EXHAUSTED_PRIMALITY_UNASSIGNED,FIRST_SINGULARITY_SHELL_EXHAUSTED_PRIMALITY_UNASSIGNED,513,9595,9595,NO_RECORDED_FACTOR_PRP_OR_LL_RESULT_AND_NO_ACTIVE_GIMPS_ASSIGNMENT,2026-08-06T12:58:23+00:00,UNALLOCATED,,,,,
SLCMP47-0032,32,1142,154063649,2^154063649-1,STRUCTURAL_SCREEN_EXHAUSTED_PRIMALITY_UNASSIGNED,FIRST_SINGULARITY_SHELL_EXHAUSTED_PRIMALITY_UNASSIGNED,513,9595,9595,NO_RECORDED_FACTOR_PRP_OR_LL_RESULT_AND_NO_ACTIVE_GIMPS_ASSIGNMENT,2026-08-06T12:58:23+00:00,UNALLOCATED,,,,,
SLCMP47-0033,33,1143,154063661,2^154063661-1,STRUCTURAL_SCREEN_EXHAUSTED_PRIMALITY_UNASSIGNED,FIRST_SINGULARITY_SHELL_EXHAUSTED_PRIMALITY_UNASSIGNED,513,9595,9595,NO_RECORDED_FACTOR_PRP_OR_LL_RESULT_AND_NO_ACTIVE_GIMPS_ASSIGNMENT,2026-08-06T12:58:23+00:00,UNALLOCATED,,,,,
SLCMP47-0034,34,1144,154063751,2^154063751-1,STRUCTURAL_SCREEN_EXHAUSTED_PRIMALITY_UNASSIGNED,FIRST_SINGULARITY_SHELL_EXHAUSTED_PRIMALITY_UNASSIGNED,514,9595,9595,NO_RECORDED_FACTOR_PRP_OR_LL_RESULT_AND_NO_ACTIVE_GIMPS_ASSIGNMENT,2026-08-06T12:58:23+00:00,UNALLOCATED,,,,,
SLCMP47-0035,35,1145,154063759,2^154063759-1,STRUCTURAL_SCREEN_EXHAUSTED_PRIMALITY_UNASSIGNED,FIRST_SINGULARITY_SHELL_EXHAUSTED_PRIMALITY_UNASSIGNED,514,9595,9595,NO_RECORDED_FACTOR_PRP_OR_LL_RESULT_AND_NO_ACTIVE_GIMPS_ASSIGNMENT,2026-08-06T12:58:23+00:00,UNALLOCATED,,,,,
SLCMP47-0036,36,1146,154063849,2^154063849-1,STRUCTURAL_SCREEN_EXHAUSTED_PRIMALITY_UNASSIGNED,FIRST_SINGULARITY_SHELL_EXHAUSTED_PRIMALITY_UNASSIGNED,513,9595,9595,NO_RECORDED_FACTOR_PRP_OR_LL_RESULT_AND_NO_ACTIVE_GIMPS_ASSIGNMENT,2026-08-06T12:58:23+00:00,UNALLOCATED,,,,,
SLCMP47-0037,37,1147,154063891,2^154063891-1,STRUCTURAL_SCREEN_EXHAUSTED_PRIMALITY_UNASSIGNED,FIRST_SINGULARITY_SHELL_EXHAUSTED_PRIMALITY_UNASSIGNED,514,9595,9595,NO_RECORDED_FACTOR_PRP_OR_LL_RESULT_AND_NO_ACTIVE_GIMPS_ASSIGNMENT,2026-08-06T12:58:23+00:00,UNALLOCATED,,,,,
SLCMP47-0038,38,1148,154063901,2^154063901-1,STRUCTURAL_SCREEN_EXHAUSTED_PRIMALITY_UNASSIGNED,FIRST_SINGULARITY_SHELL_EXHAUSTED_PRIMALITY_UNASSIGNED,513,9595,9595,NO_RECORDED_FACTOR_PRP_OR_LL_RESULT_AND_NO_ACTIVE_GIMPS_ASSIGNMENT,2026-08-06T12:58:23+00:00,UNALLOCATED,,,,,
SLCMP47-0039,39,1149,154063909,2^154063909-1,STRUCTURAL_SCREEN_EXHAUSTED_PRIMALITY_UNASSIGNED,FIRST_SINGULARITY_SHELL_EXHAUSTED_PRIMALITY_UNASSIGNED,513,9595,9595,NO_RECORDED_FACTOR_PRP_OR_LL_RESULT_AND_NO_ACTIVE_GIMPS_ASSIGNMENT,2026-08-06T12:58:23+00:00,UNALLOCATED,,,,,
SLCMP47-0040,40,1150,154063919,2^154063919-1,STRUCTURAL_SCREEN_EXHAUSTED_PRIMALITY_UNASSIGNED,FIRST_SINGULARITY_SHELL_EXHAUSTED_PRIMALITY_UNASSIGNED,514,9595,9595,NO_RECORDED_FACTOR_PRP_OR_LL_RESULT_AND_NO_ACTIVE_GIMPS_ASSIGNMENT,2026-08-06T12:58:23+00:00,UNALLOCATED,,,,,
SLCMP47-0041,41,1151,154063933,2^154063933-1,STRUCTURAL_SCREEN_EXHAUSTED_PRIMALITY_UNASSIGNED,FIRST_SINGULARITY_SHELL_EXHAUSTED_PRIMALITY_UNASSIGNED,513,9595,9595,NO_RECORDED_FACTOR_PRP_OR_LL_RESULT_AND_NO_ACTIVE_GIMPS_ASSIGNMENT,2026-08-06T12:58:23+00:00,UNALLOCATED,,,,,
SLCMP47-0042,42,1152,154063957,2^154063957-1,STRUCTURAL_SCREEN_EXHAUSTED_PRIMALITY_UNASSIGNED,FIRST_SINGULARITY_SHELL_EXHAUSTED_PRIMALITY_UNASSIGNED,513,9595,9595,NO_RECORDED_FACTOR_PRP_OR_LL_RESULT_AND_NO_ACTIVE_GIMPS_ASSIGNMENT,2026-08-06T12:58:23+00:00,UNALLOCATED,,,,,
SLCMP47-0043,43,1153,154063997,2^154063997-1,STRUCTURAL_SCREEN_EXHAUSTED_PRIMALITY_UNASSIGNED,FIRST_SINGULARITY_SHELL_EXHAUSTED_PRIMALITY_UNASSIGNED,513,9595,9595,NO_RECORDED_FACTOR_PRP_OR_LL_RESULT_AND_NO_ACTIVE_GIMPS_ASSIGNMENT,2026-08-06T12:58:23+00:00,UNALLOCATED,,,,,
SLCMP47-0044,44,1154,154064003,2^154064003-1,STRUCTURAL_SCREEN_EXHAUSTED_PRIMALITY_UNASSIGNED,FIRST_SINGULARITY_SHELL_EXHAUSTED_PRIMALITY_UNASSIGNED,514,9595,9595,NO_RECORDED_FACTOR_PRP_OR_LL_RESULT_AND_NO_ACTIVE_GIMPS_ASSIGNMENT,2026-08-06T12:58:23+00:00,UNALLOCATED,,,,,
SLCMP47-0045,45,1155,154064011,2^154064011-1,STRUCTURAL_SCREEN_EXHAUSTED_PRIMALITY_UNASSIGNED,FIRST_SINGULARITY_SHELL_EXHAUSTED_PRIMALITY_UNASSIGNED,514,9595,9595,NO_RECORDED_FACTOR_PRP_OR_LL_RESULT_AND_NO_ACTIVE_GIMPS_ASSIGNMENT,2026-08-06T12:58:23+00:00,UNALLOCATED,,,,,
SLCMP47-0046,46,1156,154064069,2^154064069-1,STRUCTURAL_SCREEN_EXHAUSTED_PRIMALITY_UNASSIGNED,FIRST_SINGULARITY_SHELL_EXHAUSTED_PRIMALITY_UNASSIGNED,513,9595,9595,NO_RECORDED_FACTOR_PRP_OR_LL_RESULT_AND_NO_ACTIVE_GIMPS_ASSIGNMENT,2026-08-06T12:58:23+00:00,UNALLOCATED,,,,,
SLCMP47-0047,47,1157,154064077,2^154064077-1,STRUCTURAL_SCREEN_EXHAUSTED_PRIMALITY_UNASSIGNED,FIRST_SINGULARITY_SHELL_EXHAUSTED_PRIMALITY_UNASSIGNED,513,9595,9595,NO_RECORDED_FACTOR_PRP_OR_LL_RESULT_AND_NO_ACTIVE_GIMPS_ASSIGNMENT,2026-08-06T12:58:23+00:00,UNALLOCATED,,,,,
SLCMP47-0048,48,1158,154064089,2^154064089-1,STRUCTURAL_SCREEN_EXHAUSTED_PRIMALITY_UNASSIGNED,FIRST_SINGULARITY_SHELL_EXHAUSTED_PRIMALITY_UNASSIGNED,513,9595,9595,NO_RECORDED_FACTOR_PRP_OR_LL_RESULT_AND_NO_ACTIVE_GIMPS_ASSIGNMENT,2026-08-06T12:58:23+00:00,UNALLOCATED,,,,,
SLCMP47-0049,49,1159,154064161,2^154064161-1,STRUCTURAL_SCREEN_EXHAUSTED_PRIMALITY_UNASSIGNED,FIRST_SINGULARITY_SHELL_EXHAUSTED_PRIMALITY_UNASSIGNED,513,9595,9595,NO_RECORDED_FACTOR_PRP_OR_LL_RESULT_AND_NO_ACTIVE_GIMPS_ASSIGNMENT,2026-08-06T12:58:23+00:00,UNALLOCATED,,,,,
SLCMP47-0050,50,1160,154064201,2^154064201-1,STRUCTURAL_SCREEN_EXHAUSTED_PRIMALITY_UNASSIGNED,FIRST_SINGULARITY_SHELL_EXHAUSTED_PRIMALITY_UNASSIGNED,513,9595,9595,NO_RECORDED_FACTOR_PRP_OR_LL_RESULT_AND_NO_ACTIVE_GIMPS_ASSIGNMENT,2026-08-06T12:58:23+00:00,UNALLOCATED,,,,,
SLCMP47-0051,51,1161,154064371,2^154064371-1,STRUCTURAL_SCREEN_EXHAUSTED_PRIMALITY_UNASSIGNED,FIRST_SINGULARITY_SHELL_EXHAUSTED_PRIMALITY_UNASSIGNED,514,9595,9595,NO_RECORDED_FACTOR_PRP_OR_LL_RESULT_AND_NO_ACTIVE_GIMPS_ASSIGNMENT,2026-08-06T12:58:23+00:00,UNALLOCATED,,,,,
SLCMP47-0052,52,1162,154064437,2^154064437-1,STRUCTURAL_SCREEN_EXHAUSTED_PRIMALITY_UNASSIGNED,FIRST_SINGULARITY_SHELL_EXHAUSTED_PRIMALITY_UNASSIGNED,513,9595,9595,NO_RECORDED_FACTOR_PRP_OR_LL_RESULT_AND_NO_ACTIVE_GIMPS_ASSIGNMENT,2026-08-06T12:58:23+00:00,UNALLOCATED,,,,,
SLCMP47-0053,53,1163,154064473,2^154064473-1,STRUCTURAL_SCREEN_EXHAUSTED_PRIMALITY_UNASSIGNED,FIRST_SINGULARITY_SHELL_EXHAUSTED_PRIMALITY_UNASSIGNED,513,9595,9595,NO_RECORDED_FACTOR_PRP_OR_LL_RESULT_AND_NO_ACTIVE_GIMPS_ASSIGNMENT,2026-08-06T12:58:23+00:00,UNALLOCATED,,,,,
SLCMP47-0054,54,1164,154064549,2^154064549-1,STRUCTURAL_SCREEN_EXHAUSTED_PRIMALITY_UNASSIGNED,FIRST_SINGULARITY_SHELL_EXHAUSTED_PRIMALITY_UNASSIGNED,513,9595,9595,NO_RECORDED_FACTOR_PRP_OR_LL_RESULT_AND_NO_ACTIVE_GIMPS_ASSIGNMENT,2026-08-06T12:58:23+00:00,UNALLOCATED,,,,,
SLCMP47-0055,55,1165,154064563,2^154064563-1,STRUCTURAL_SCREEN_EXHAUSTED_PRIMALITY_UNASSIGNED,FIRST_SINGULARITY_SHELL_EXHAUSTED_PRIMALITY_UNASSIGNED,514,9595,9595,NO_RECORDED_FACTOR_PRP_OR_LL_RESULT_AND_NO_ACTIVE_GIMPS_ASSIGNMENT,2026-08-06T12:58:23+00:00,UNALLOCATED,,,,,
SLCMP47-0056,56,1166,154064621,2^154064621-1,STRUCTURAL_SCREEN_EXHAUSTED_PRIMALITY_UNASSIGNED,FIRST_SINGULARITY_SHELL_EXHAUSTED_PRIMALITY_UNASSIGNED,513,9595,9595,NO_RECORDED_FACTOR_PRP_OR_LL_RESULT_AND_NO_ACTIVE_GIMPS_ASSIGNMENT,2026-08-06T12:58:23+00:00,UNALLOCATED,,,,,
SLCMP47-0057,57,1167,154064737,2^154064737-1,STRUCTURAL_SCREEN_EXHAUSTED_PRIMALITY_UNASSIGNED,FIRST_SINGULARITY_SHELL_EXHAUSTED_PRIMALITY_UNASSIGNED,513,9595,9595,NO_RECORDED_FACTOR_PRP_OR_LL_RESULT_AND_NO_ACTIVE_GIMPS_ASSIGNMENT,2026-08-06T12:58:23+00:00,UNALLOCATED,,,,,
SLCMP47-0058,58,1168,154064747,2^154064747-1,STRUCTURAL_SCREEN_EXHAUSTED_PRIMALITY_UNASSIGNED,FIRST_SINGULARITY_SHELL_EXHAUSTED_PRIMALITY_UNASSIGNED,514,9595,9595,NO_RECORDED_FACTOR_PRP_OR_LL_RESULT_AND_NO_ACTIVE_GIMPS_ASSIGNMENT,2026-08-06T12:58:23+00:00,UNALLOCATED,,,,,
SLCMP47-0059,59,1169,154064861,2^154064861-1,STRUCTURAL_SCREEN_EXHAUSTED_PRIMALITY_UNASSIGNED,FIRST_SINGULARITY_SHELL_EXHAUSTED_PRIMALITY_UNASSIGNED,513,9595,9595,NO_RECORDED_FACTOR_PRP_OR_LL_RESULT_AND_NO_ACTIVE_GIMPS_ASSIGNMENT,2026-08-06T12:58:23+00:00,UNALLOCATED,,,,,
SLCMP47-0060,60,1170,154064923,2^154064923-1,STRUCTURAL_SCREEN_EXHAUSTED_PRIMALITY_UNASSIGNED,FIRST_SINGULARITY_SHELL_EXHAUSTED_PRIMALITY_UNASSIGNED,514,9595,9595,NO_RECORDED_FACTOR_PRP_OR_LL_RESULT_AND_NO_ACTIVE_GIMPS_ASSIGNMENT,2026-08-06T12:58:23+00:00,UNALLOCATED,,,,,
SLCMP47-0061,61,1171,154064969,2^154064969-1,STRUCTURAL_SCREEN_EXHAUSTED_PRIMALITY_UNASSIGNED,FIRST_SINGULARITY_SHELL_EXHAUSTED_PRIMALITY_UNASSIGNED,513,9595,9595,NO_RECORDED_FACTOR_PRP_OR_LL_RESULT_AND_NO_ACTIVE_GIMPS_ASSIGNMENT,2026-08-06T12:58:23+00:00,UNALLOCATED,,,,,
SLCMP47-0062,62,1172,154065059,2^154065059-1,STRUCTURAL_SCREEN_EXHAUSTED_PRIMALITY_UNASSIGNED,FIRST_SINGULARITY_SHELL_EXHAUSTED_PRIMALITY_UNASSIGNED,514,9595,9595,NO_RECORDED_FACTOR_PRP_OR_LL_RESULT_AND_NO_ACTIVE_GIMPS_ASSIGNMENT,2026-08-06T12:58:23+00:00,UNALLOCATED,,,,,
SLCMP47-0063,63,1173,154065061,2^154065061-1,STRUCTURAL_SCREEN_EXHAUSTED_PRIMALITY_UNASSIGNED,FIRST_SINGULARITY_SHELL_EXHAUSTED_PRIMALITY_UNASSIGNED,513,9595,9595,NO_RECORDED_FACTOR_PRP_OR_LL_RESULT_AND_NO_ACTIVE_GIMPS_ASSIGNMENT,2026-08-06T12:58:23+00:00,UNALLOCATED,,,,,
SLCMP47-0064,64,1174,154065073,2^154065073-1,STRUCTURAL_SCREEN_EXHAUSTED_PRIMALITY_UNASSIGNED,FIRST_SINGULARITY_SHELL_EXHAUSTED_PRIMALITY_UNASSIGNED,513,9595,9595,NO_RECORDED_FACTOR_PRP_OR_LL_RESULT_AND_NO_ACTIVE_GIMPS_ASSIGNMENT,2026-08-06T12:58:23+00:00,UNALLOCATED,,,,,
SLCMP47-0065,65,1175,154065103,2^154065103-1,STRUCTURAL_SCREEN_EXHAUSTED_PRIMALITY_UNASSIGNED,FIRST_SINGULARITY_SHELL_EXHAUSTED_PRIMALITY_UNASSIGNED,514,9595,9595,NO_RECORDED_FACTOR_PRP_OR_LL_RESULT_AND_NO_ACTIVE_GIMPS_ASSIGNMENT,2026-08-06T12:58:23+00:00,UNALLOCATED,,,,,
SLCMP47-0066,66,1176,154065161,2^154065161-1,STRUCTURAL_SCREEN_EXHAUSTED_PRIMALITY_UNASSIGNED,FIRST_SINGULARITY_SHELL_EXHAUSTED_PRIMALITY_UNASSIGNED,513,9595,9595,NO_RECORDED_FACTOR_PRP_OR_LL_RESULT_AND_NO_ACTIVE_GIMPS_ASSIGNMENT,2026-08-06T12:58:23+00:00,UNALLOCATED,,,,,
SLCMP47-0067,67,1177,154065269,2^154065269-1,STRUCTURAL_SCREEN_EXHAUSTED_PRIMALITY_UNASSIGNED,FIRST_SINGULARITY_SHELL_EXHAUSTED_PRIMALITY_UNASSIGNED,513,9595,9595,NO_RECORDED_FACTOR_PRP_OR_LL_RESULT_AND_NO_ACTIVE_GIMPS_ASSIGNMENT,2026-08-06T12:58:23+00:00,UNALLOCATED,,,,,
SLCMP47-0068,68,1178,154065283,2^154065283-1,STRUCTURAL_SCREEN_EXHAUSTED_PRIMALITY_UNASSIGNED,FIRST_SINGULARITY_SHELL_EXHAUSTED_PRIMALITY_UNASSIGNED,514,9595,9595,NO_RECORDED_FACTOR_PRP_OR_LL_RESULT_AND_NO_ACTIVE_GIMPS_ASSIGNMENT,2026-08-06T12:58:23+00:00,UNALLOCATED,,,,,
SLCMP47-0069,69,1179,154065367,2^154065367-1,STRUCTURAL_SCREEN_EXHAUSTED_PRIMALITY_UNASSIGNED,FIRST_SINGULARITY_SHELL_EXHAUSTED_PRIMALITY_UNASSIGNED,514,9595,9595,NO_RECORDED_FACTOR_PRP_OR_LL_RESULT_AND_NO_ACTIVE_GIMPS_ASSIGNMENT,2026-08-06T12:58:23+00:00,UNALLOCATED,,,,,
SLCMP47-0070,70,1180,154065409,2^154065409-1,STRUCTURAL_SCREEN_EXHAUSTED_PRIMALITY_UNASSIGNED,FIRST_SINGULARITY_SHELL_EXHAUSTED_PRIMALITY_UNASSIGNED,513,9595,9595,NO_RECORDED_FACTOR_PRP_OR_LL_RESULT_AND_NO_ACTIVE_GIMPS_ASSIGNMENT,2026-08-06T12:58:23+00:00,UNALLOCATED,,,,,
SLCMP47-0071,71,1181,154065559,2^154065559-1,STRUCTURAL_SCREEN_EXHAUSTED_PRIMALITY_UNASSIGNED,FIRST_SINGULARITY_SHELL_EXHAUSTED_PRIMALITY_UNASSIGNED,514,9595,9595,NO_RECORDED_FACTOR_PRP_OR_LL_RESULT_AND_NO_ACTIVE_GIMPS_ASSIGNMENT,2026-08-06T12:58:23+00:00,UNALLOCATED,,,,,
SLCMP47-0072,72,1182,154065599,2^154065599-1,STRUCTURAL_SCREEN_EXHAUSTED_PRIMALITY_UNASSIGNED,FIRST_SINGULARITY_SHELL_EXHAUSTED_PRIMALITY_UNASSIGNED,514,9595,9595,NO_RECORDED_FACTOR_PRP_OR_LL_RESULT_AND_NO_ACTIVE_GIMPS_ASSIGNMENT,2026-08-06T12:58:23+00:00,UNALLOCATED,,,,,
SLCMP47-0073,73,1183,154065727,2^154065727-1,STRUCTURAL_SCREEN_EXHAUSTED_PRIMALITY_UNASSIGNED,FIRST_SINGULARITY_SHELL_EXHAUSTED_PRIMALITY_UNASSIGNED,514,9595,9595,NO_RECORDED_FACTOR_PRP_OR_LL_RESULT_AND_NO_ACTIVE_GIMPS_ASSIGNMENT,2026-08-06T12:58:23+00:00,UNALLOCATED,,,,,
SLCMP47-0074,74,1184,154065787,2^154065787-1,STRUCTURAL_SCREEN_EXHAUSTED_PRIMALITY_UNASSIGNED,FIRST_SINGULARITY_SHELL_EXHAUSTED_PRIMALITY_UNASSIGNED,514,9595,9595,NO_RECORDED_FACTOR_PRP_OR_LL_RESULT_AND_NO_ACTIVE_GIMPS_ASSIGNMENT,2026-08-06T12:58:23+00:00,UNALLOCATED,,,,,
SLCMP47-0075,75,1185,154065913,2^154065913-1,STRUCTURAL_SCREEN_EXHAUSTED_PRIMALITY_UNASSIGNED,FIRST_SINGULARITY_SHELL_EXHAUSTED_PRIMALITY_UNASSIGNED,513,9595,9595,NO_RECORDED_FACTOR_PRP_OR_LL_RESULT_AND_NO_ACTIVE_GIMPS_ASSIGNMENT,2026-08-06T12:58:23+00:00,UNALLOCATED,,,,,
SLCMP47-0076,76,1186,154065959,2^154065959-1,STRUCTURAL_SCREEN_EXHAUSTED_PRIMALITY_UNASSIGNED,FIRST_SINGULARITY_SHELL_EXHAUSTED_PRIMALITY_UNASSIGNED,514,9595,9595,NO_RECORDED_FACTOR_PRP_OR_LL_RESULT_AND_NO_ACTIVE_GIMPS_ASSIGNMENT,2026-08-06T12:58:23+00:00,UNALLOCATED,,,,,
SLCMP47-0077,77,1187,154066057,2^154066057-1,STRUCTURAL_SCREEN_EXHAUSTED_PRIMALITY_UNASSIGNED,FIRST_SINGULARITY_SHELL_EXHAUSTED_PRIMALITY_UNASSIGNED,513,9595,9595,NO_RECORDED_FACTOR_PRP_OR_LL_RESULT_AND_NO_ACTIVE_GIMPS_ASSIGNMENT,2026-08-06T12:58:23+00:00,UNALLOCATED,,,,,
SLCMP47-0078,78,1188,154066109,2^154066109-1,STRUCTURAL_SCREEN_EXHAUSTED_PRIMALITY_UNASSIGNED,FIRST_SINGULARITY_SHELL_EXHAUSTED_PRIMALITY_UNASSIGNED,513,9595,9595,NO_RECORDED_FACTOR_PRP_OR_LL_RESULT_AND_NO_ACTIVE_GIMPS_ASSIGNMENT,2026-08-06T12:58:23+00:00,UNALLOCATED,,,,,
SLCMP47-0079,79,1189,154066123,2^154066123-1,STRUCTURAL_SCREEN_EXHAUSTED_PRIMALITY_UNASSIGNED,FIRST_SINGULARITY_SHELL_EXHAUSTED_PRIMALITY_UNASSIGNED,514,9595,9595,NO_RECORDED_FACTOR_PRP_OR_LL_RESULT_AND_NO_ACTIVE_GIMPS_ASSIGNMENT,2026-08-06T12:58:23+00:00,UNALLOCATED,,,,,
SLCMP47-0080,80,1190,154066327,2^154066327-1,STRUCTURAL_SCREEN_EXHAUSTED_PRIMALITY_UNASSIGNED,FIRST_SINGULARITY_SHELL_EXHAUSTED_PRIMALITY_UNASSIGNED,514,9595,9595,NO_RECORDED_FACTOR_PRP_OR_LL_RESULT_AND_NO_ACTIVE_GIMPS_ASSIGNMENT,2026-08-06T12:58:23+00:00,UNALLOCATED,,,,,
SLCMP47-0081,81,1191,154066417,2^154066417-1,STRUCTURAL_SCREEN_EXHAUSTED_PRIMALITY_UNASSIGNED,FIRST_SINGULARITY_SHELL_EXHAUSTED_PRIMALITY_UNASSIGNED,513,9595,9595,NO_RECORDED_FACTOR_PRP_OR_LL_RESULT_AND_NO_ACTIVE_GIMPS_ASSIGNMENT,2026-08-06T12:58:23+00:00,UNALLOCATED,,,,,
SLCMP47-0082,82,1192,154066453,2^154066453-1,STRUCTURAL_SCREEN_EXHAUSTED_PRIMALITY_UNASSIGNED,FIRST_SINGULARITY_SHELL_EXHAUSTED_PRIMALITY_UNASSIGNED,513,9595,9595,NO_RECORDED_FACTOR_PRP_OR_LL_RESULT_AND_NO_ACTIVE_GIMPS_ASSIGNMENT,2026-08-06T12:58:23+00:00,UNALLOCATED,,,,,
SLCMP47-0083,83,1193,154066457,2^154066457-1,STRUCTURAL_SCREEN_EXHAUSTED_PRIMALITY_UNASSIGNED,FIRST_SINGULARITY_SHELL_EXHAUSTED_PRIMALITY_UNASSIGNED,513,9595,9595,NO_RECORDED_FACTOR_PRP_OR_LL_RESULT_AND_NO_ACTIVE_GIMPS_ASSIGNMENT,2026-08-06T12:58:23+00:00,UNALLOCATED,,,,,
SLCMP47-0084,84,1194,154066477,2^154066477-1,STRUCTURAL_SCREEN_EXHAUSTED_PRIMALITY_UNASSIGNED,FIRST_SINGULARITY_SHELL_EXHAUSTED_PRIMALITY_UNASSIGNED,513,9595,9595,NO_RECORDED_FACTOR_PRP_OR_LL_RESULT_AND_NO_ACTIVE_GIMPS_ASSIGNMENT,2026-08-06T12:58:23+00:00,UNALLOCATED,,,,,
SLCMP47-0085,85,1195,154066487,2^154066487-1,STRUCTURAL_SCREEN_EXHAUSTED_PRIMALITY_UNASSIGNED,FIRST_SINGULARITY_SHELL_EXHAUSTED_PRIMALITY_UNASSIGNED,514,9595,9595,NO_RECORDED_FACTOR_PRP_OR_LL_RESULT_AND_NO_ACTIVE_GIMPS_ASSIGNMENT,2026-08-06T12:58:23+00:00,UNALLOCATED,,,,,
SLCMP47-0086,86,1196,154066537,2^154066537-1,STRUCTURAL_SCREEN_EXHAUSTED_PRIMALITY_UNASSIGNED,FIRST_SINGULARITY_SHELL_EXHAUSTED_PRIMALITY_UNASSIGNED,513,9595,9595,NO_RECORDED_FACTOR_PRP_OR_LL_RESULT_AND_NO_ACTIVE_GIMPS_ASSIGNMENT,2026-08-06T12:58:23+00:00,UNALLOCATED,,,,,
SLCMP47-0087,87,1197,154066609,2^154066609-1,STRUCTURAL_SCREEN_EXHAUSTED_PRIMALITY_UNASSIGNED,FIRST_SINGULARITY_SHELL_EXHAUSTED_PRIMALITY_UNASSIGNED,513,9595,9595,NO_RECORDED_FACTOR_PRP_OR_LL_RESULT_AND_NO_ACTIVE_GIMPS_ASSIGNMENT,2026-08-06T12:58:23+00:00,UNALLOCATED,,,,,
SLCMP47-0088,88,1198,154066753,2^154066753-1,STRUCTURAL_SCREEN_EXHAUSTED_PRIMALITY_UNASSIGNED,FIRST_SINGULARITY_SHELL_EXHAUSTED_PRIMALITY_UNASSIGNED,513,9595,9595,NO_RECORDED_FACTOR_PRP_OR_LL_RESULT_AND_NO_ACTIVE_GIMPS_ASSIGNMENT,2026-08-06T12:58:23+00:00,UNALLOCATED,,,,,
SLCMP47-0089,89,1199,154066789,2^154066789-1,STRUCTURAL_SCREEN_EXHAUSTED_PRIMALITY_UNASSIGNED,FIRST_SINGULARITY_SHELL_EXHAUSTED_PRIMALITY_UNASSIGNED,513,9595,9595,NO_RECORDED_FACTOR_PRP_OR_LL_RESULT_AND_NO_ACTIVE_GIMPS_ASSIGNMENT,2026-08-06T12:58:23+00:00,UNALLOCATED,,,,,
SLCMP47-0090,90,1200,154066819,2^154066819-1,STRUCTURAL_SCREEN_EXHAUSTED_PRIMALITY_UNASSIGNED,FIRST_SINGULARITY_SHELL_EXHAUSTED_PRIMALITY_UNASSIGNED,514,9595,9595,NO_RECORDED_FACTOR_PRP_OR_LL_RESULT_AND_NO_ACTIVE_GIMPS_ASSIGNMENT,2026-08-06T12:58:23+00:00,UNALLOCATED,,,,,
SLCMP47-0091,91,1201,154066883,2^154066883-1,STRUCTURAL_SCREEN_EXHAUSTED_PRIMALITY_UNASSIGNED,FIRST_SINGULARITY_SHELL_EXHAUSTED_PRIMALITY_UNASSIGNED,514,9595,9595,NO_RECORDED_FACTOR_PRP_OR_LL_RESULT_AND_NO_ACTIVE_GIMPS_ASSIGNMENT,2026-08-06T12:58:23+00:00,UNALLOCATED,,,,,
SLCMP47-0092,92,1202,154066897,2^154066897-1,STRUCTURAL_SCREEN_EXHAUSTED_PRIMALITY_UNASSIGNED,FIRST_SINGULARITY_SHELL_EXHAUSTED_PRIMALITY_UNASSIGNED,513,9595,9595,NO_RECORDED_FACTOR_PRP_OR_LL_RESULT_AND_NO_ACTIVE_GIMPS_ASSIGNMENT,2026-08-06T12:58:23+00:00,UNALLOCATED,,,,,
SLCMP47-0093,93,1203,154066901,2^154066901-1,STRUCTURAL_SCREEN_EXHAUSTED_PRIMALITY_UNASSIGNED,FIRST_SINGULARITY_SHELL_EXHAUSTED_PRIMALITY_UNASSIGNED,513,9595,9595,NO_RECORDED_FACTOR_PRP_OR_LL_RESULT_AND_NO_ACTIVE_GIMPS_ASSIGNMENT,2026-08-06T12:58:23+00:00,UNALLOCATED,,,,,
SLCMP47-0094,94,1204,154066933,2^154066933-1,STRUCTURAL_SCREEN_EXHAUSTED_PRIMALITY_UNASSIGNED,FIRST_SINGULARITY_SHELL_EXHAUSTED_PRIMALITY_UNASSIGNED,513,9595,9595,NO_RECORDED_FACTOR_PRP_OR_LL_RESULT_AND_NO_ACTIVE_GIMPS_ASSIGNMENT,2026-08-06T12:58:23+00:00,UNALLOCATED,,,,,
SLCMP47-0095,95,1205,154067003,2^154067003-1,STRUCTURAL_SCREEN_EXHAUSTED_PRIMALITY_UNASSIGNED,FIRST_SINGULARITY_SHELL_EXHAUSTED_PRIMALITY_UNASSIGNED,514,9595,9595,NO_RECORDED_FACTOR_PRP_OR_LL_RESULT_AND_NO_ACTIVE_GIMPS_ASSIGNMENT,2026-08-06T12:58:23+00:00,UNALLOCATED,,,,,
SLCMP47-0096,96,1206,154067033,2^154067033-1,STRUCTURAL_SCREEN_EXHAUSTED_PRIMALITY_UNASSIGNED,FIRST_SINGULARITY_SHELL_EXHAUSTED_PRIMALITY_UNASSIGNED,513,9595,9595,NO_RECORDED_FACTOR_PRP_OR_LL_RESULT_AND_NO_ACTIVE_GIMPS_ASSIGNMENT,2026-08-06T12:58:23+00:00,UNALLOCATED,,,,,
SLCMP47-0097,97,1207,154067077,2^154067077-1,STRUCTURAL_SCREEN_EXHAUSTED_PRIMALITY_UNASSIGNED,FIRST_SINGULARITY_SHELL_EXHAUSTED_PRIMALITY_UNASSIGNED,513,9595,9595,NO_RECORDED_FACTOR_PRP_OR_LL_RESULT_AND_NO_ACTIVE_GIMPS_ASSIGNMENT,2026-08-06T12:58:23+00:00,UNALLOCATED,,,,,
SLCMP47-0098,98,1208,154067161,2^154067161-1,STRUCTURAL_SCREEN_EXHAUSTED_PRIMALITY_UNASSIGNED,FIRST_SINGULARITY_SHELL_EXHAUSTED_PRIMALITY_UNASSIGNED,513,9595,9595,NO_RECORDED_FACTOR_PRP_OR_LL_RESULT_AND_NO_ACTIVE_GIMPS_ASSIGNMENT,2026-08-06T12:58:23+00:00,UNALLOCATED,,,,,
SLCMP47-0099,99,1209,154067167,2^154067167-1,STRUCTURAL_SCREEN_EXHAUSTED_PRIMALITY_UNASSIGNED,FIRST_SINGULARITY_SHELL_EXHAUSTED_PRIMALITY_UNASSIGNED,514,9595,9595,NO_RECORDED_FACTOR_PRP_OR_LL_RESULT_AND_NO_ACTIVE_GIMPS_ASSIGNMENT,2026-08-06T12:58:23+00:00,UNALLOCATED,,,,,
SLCMP47-0100,100,1210,154067191,2^154067191-1,STRUCTURAL_SCREEN_EXHAUSTED_PRIMALITY_UNASSIGNED,FIRST_SINGULARITY_SHELL_EXHAUSTED_PRIMALITY_UNASSIGNED,514,9595,9595,NO_RECORDED_FACTOR_PRP_OR_LL_RESULT_AND_NO_ACTIVE_GIMPS_ASSIGNMENT,2026-08-06T12:58:23+00:00,UNALLOCATED,,,,,
SLCMP47-0101,101,1211,154067201,2^154067201-1,STRUCTURAL_SCREEN_EXHAUSTED_PRIMALITY_UNASSIGNED,FIRST_SINGULARITY_SHELL_EXHAUSTED_PRIMALITY_UNASSIGNED,513,9595,9595,NO_RECORDED_FACTOR_PRP_OR_LL_RESULT_AND_NO_ACTIVE_GIMPS_ASSIGNMENT,2026-08-06T12:58:23+00:00,UNALLOCATED,,,,,
SLCMP47-0102,102,1212,154067213,2^154067213-1,STRUCTURAL_SCREEN_EXHAUSTED_PRIMALITY_UNASSIGNED,FIRST_SINGULARITY_SHELL_EXHAUSTED_PRIMALITY_UNASSIGNED,513,9595,9595,NO_RECORDED_FACTOR_PRP_OR_LL_RESULT_AND_NO_ACTIVE_GIMPS_ASSIGNMENT,2026-08-06T12:58:23+00:00,UNALLOCATED,,,,,
SLCMP47-0103,103,1213,154067321,2^154067321-1,STRUCTURAL_SCREEN_EXHAUSTED_PRIMALITY_UNASSIGNED,FIRST_SINGULARITY_SHELL_EXHAUSTED_PRIMALITY_UNASSIGNED,513,9595,9595,NO_RECORDED_FACTOR_PRP_OR_LL_RESULT_AND_NO_ACTIVE_GIMPS_ASSIGNMENT,2026-08-06T12:58:23+00:00,UNALLOCATED,,,,,
SLCMP47-0104,104,1214,154067351,2^154067351-1,STRUCTURAL_SCREEN_EXHAUSTED_PRIMALITY_UNASSIGNED,FIRST_SINGULARITY_SHELL_EXHAUSTED_PRIMALITY_UNASSIGNED,514,9595,9595,NO_RECORDED_FACTOR_PRP_OR_LL_RESULT_AND_NO_ACTIVE_GIMPS_ASSIGNMENT,2026-08-06T12:58:23+00:00,UNALLOCATED,,,,,
SLCMP47-0105,105,1215,154067393,2^154067393-1,STRUCTURAL_SCREEN_EXHAUSTED_PRIMALITY_UNASSIGNED,FIRST_SINGULARITY_SHELL_EXHAUSTED_PRIMALITY_UNASSIGNED,513,9595,9595,NO_RECORDED_FACTOR_PRP_OR_LL_RESULT_AND_NO_ACTIVE_GIMPS_ASSIGNMENT,2026-08-06T12:58:23+00:00,UNALLOCATED,,,,,
SLCMP47-0106,106,1216,154067471,2^154067471-1,STRUCTURAL_SCREEN_EXHAUSTED_PRIMALITY_UNASSIGNED,FIRST_SINGULARITY_SHELL_EXHAUSTED_PRIMALITY_UNASSIGNED,514,9595,9595,NO_RECORDED_FACTOR_PRP_OR_LL_RESULT_AND_NO_ACTIVE_GIMPS_ASSIGNMENT,2026-08-06T12:58:23+00:00,UNALLOCATED,,,,,
SLCMP47-0107,107,1217,154067509,2^154067509-1,STRUCTURAL_SCREEN_EXHAUSTED_PRIMALITY_UNASSIGNED,FIRST_SINGULARITY_SHELL_EXHAUSTED_PRIMALITY_UNASSIGNED,513,9595,9595,NO_RECORDED_FACTOR_PRP_OR_LL_RESULT_AND_NO_ACTIVE_GIMPS_ASSIGNMENT,2026-08-06T12:58:23+00:00,UNALLOCATED,,,,,
SLCMP47-0108,108,1218,154067579,2^154067579-1,STRUCTURAL_SCREEN_EXHAUSTED_PRIMALITY_UNASSIGNED,FIRST_SINGULARITY_SHELL_EXHAUSTED_PRIMALITY_UNASSIGNED,514,9595,9595,NO_RECORDED_FACTOR_PRP_OR_LL_RESULT_AND_NO_ACTIVE_GIMPS_ASSIGNMENT,2026-08-06T12:58:23+00:00,UNALLOCATED,,,,,
SLCMP47-0109,109,1219,154067609,2^154067609-1,STRUCTURAL_SCREEN_EXHAUSTED_PRIMALITY_UNASSIGNED,FIRST_SINGULARITY_SHELL_EXHAUSTED_PRIMALITY_UNASSIGNED,513,9595,9595,NO_RECORDED_FACTOR_PRP_OR_LL_RESULT_AND_NO_ACTIVE_GIMPS_ASSIGNMENT,2026-08-06T12:58:23+00:00,UNALLOCATED,,,,,
SLCMP47-0110,110,1220,154067621,2^154067621-1,STRUCTURAL_SCREEN_EXHAUSTED_PRIMALITY_UNASSIGNED,FIRST_SINGULARITY_SHELL_EXHAUSTED_PRIMALITY_UNASSIGNED,513,9595,9595,NO_RECORDED_FACTOR_PRP_OR_LL_RESULT_AND_NO_ACTIVE_GIMPS_ASSIGNMENT,2026-08-06T12:58:23+00:00,UNALLOCATED,,,,,
SLCMP47-0111,111,1221,154067623,2^154067623-1,STRUCTURAL_SCREEN_EXHAUSTED_PRIMALITY_UNASSIGNED,FIRST_SINGULARITY_SHELL_EXHAUSTED_PRIMALITY_UNASSIGNED,514,9595,9595,NO_RECORDED_FACTOR_PRP_OR_LL_RESULT_AND_NO_ACTIVE_GIMPS_ASSIGNMENT,2026-08-06T12:58:23+00:00,UNALLOCATED,,,,,
SLCMP47-0112,112,1222,154067629,2^154067629-1,STRUCTURAL_SCREEN_EXHAUSTED_PRIMALITY_UNASSIGNED,FIRST_SINGULARITY_SHELL_EXHAUSTED_PRIMALITY_UNASSIGNED,513,9595,9595,NO_RECORDED_FACTOR_PRP_OR_LL_RESULT_AND_NO_ACTIVE_GIMPS_ASSIGNMENT,2026-08-06T12:58:23+00:00,UNALLOCATED,,,,,
SLCMP47-0113,113,1223,154067689,2^154067689-1,STRUCTURAL_SCREEN_EXHAUSTED_PRIMALITY_UNASSIGNED,FIRST_SINGULARITY_SHELL_EXHAUSTED_PRIMALITY_UNASSIGNED,513,9595,9595,NO_RECORDED_FACTOR_PRP_OR_LL_RESULT_AND_NO_ACTIVE_GIMPS_ASSIGNMENT,2026-08-06T12:58:23+00:00,UNALLOCATED,,,,,
SLCMP47-0114,114,1224,154067759,2^154067759-1,STRUCTURAL_SCREEN_EXHAUSTED_PRIMALITY_UNASSIGNED,FIRST_SINGULARITY_SHELL_EXHAUSTED_PRIMALITY_UNASSIGNED,514,9595,9595,NO_RECORDED_FACTOR_PRP_OR_LL_RESULT_AND_NO_ACTIVE_GIMPS_ASSIGNMENT,2026-08-06T12:58:23+00:00,UNALLOCATED,,,,,
SLCMP47-0115,115,1225,154067959,2^154067959-1,STRUCTURAL_SCREEN_EXHAUSTED_PRIMALITY_UNASSIGNED,FIRST_SINGULARITY_SHELL_EXHAUSTED_PRIMALITY_UNASSIGNED,514,9595,9595,NO_RECORDED_FACTOR_PRP_OR_LL_RESULT_AND_NO_ACTIVE_GIMPS_ASSIGNMENT,2026-08-06T12:58:23+00:00,UNALLOCATED,,,,,
SLCMP47-0116,116,1226,154067971,2^154067971-1,STRUCTURAL_SCREEN_EXHAUSTED_PRIMALITY_UNASSIGNED,FIRST_SINGULARITY_SHELL_EXHAUSTED_PRIMALITY_UNASSIGNED,514,9595,9595,NO_RECORDED_FACTOR_PRP_OR_LL_RESULT_AND_NO_ACTIVE_GIMPS_ASSIGNMENT,2026-08-06T12:58:23+00:00,UNALLOCATED,,,,,
SLCMP47-0117,117,1227,154067983,2^154067983-1,STRUCTURAL_SCREEN_EXHAUSTED_PRIMALITY_UNASSIGNED,FIRST_SINGULARITY_SHELL_EXHAUSTED_PRIMALITY_UNASSIGNED,514,9595,9595,NO_RECORDED_FACTOR_PRP_OR_LL_RESULT_AND_NO_ACTIVE_GIMPS_ASSIGNMENT,2026-08-06T12:58:23+00:00,UNALLOCATED,,,,,
SLCMP47-0118,118,1228,154067993,2^154067993-1,STRUCTURAL_SCREEN_EXHAUSTED_PRIMALITY_UNASSIGNED,FIRST_SINGULARITY_SHELL_EXHAUSTED_PRIMALITY_UNASSIGNED,513,9595,9595,NO_RECORDED_FACTOR_PRP_OR_LL_RESULT_AND_NO_ACTIVE_GIMPS_ASSIGNMENT,2026-08-06T12:58:23+00:00,UNALLOCATED,,,,,
SLCMP47-0119,119,1229,154068139,2^154068139-1,STRUCTURAL_SCREEN_EXHAUSTED_PRIMALITY_UNASSIGNED,FIRST_SINGULARITY_SHELL_EXHAUSTED_PRIMALITY_UNASSIGNED,514,9595,9595,NO_RECORDED_FACTOR_PRP_OR_LL_RESULT_AND_NO_ACTIVE_GIMPS_ASSIGNMENT,2026-08-06T12:58:23+00:00,UNALLOCATED,,,,,
SLCMP47-0120,120,1230,154068149,2^154068149-1,STRUCTURAL_SCREEN_EXHAUSTED_PRIMALITY_UNASSIGNED,FIRST_SINGULARITY_SHELL_EXHAUSTED_PRIMALITY_UNASSIGNED,513,9595,9595,NO_RECORDED_FACTOR_PRP_OR_LL_RESULT_AND_NO_ACTIVE_GIMPS_ASSIGNMENT,2026-08-06T12:58:23+00:00,UNALLOCATED,,,,,
SLCMP47-0121,121,1231,154068251,2^154068251-1,STRUCTURAL_SCREEN_EXHAUSTED_PRIMALITY_UNASSIGNED,FIRST_SINGULARITY_SHELL_EXHAUSTED_PRIMALITY_UNASSIGNED,514,9595,9595,NO_RECORDED_FACTOR_PRP_OR_LL_RESULT_AND_NO_ACTIVE_GIMPS_ASSIGNMENT,2026-08-06T12:58:23+00:00,UNALLOCATED,,,,,
SLCMP47-0122,122,1232,154068289,2^154068289-1,STRUCTURAL_SCREEN_EXHAUSTED_PRIMALITY_UNASSIGNED,FIRST_SINGULARITY_SHELL_EXHAUSTED_PRIMALITY_UNASSIGNED,513,9595,9595,NO_RECORDED_FACTOR_PRP_OR_LL_RESULT_AND_NO_ACTIVE_GIMPS_ASSIGNMENT,2026-08-06T12:58:23+00:00,UNALLOCATED,,,,,
SLCMP47-0123,123,1233,154068349,2^154068349-1,STRUCTURAL_SCREEN_EXHAUSTED_PRIMALITY_UNASSIGNED,FIRST_SINGULARITY_SHELL_EXHAUSTED_PRIMALITY_UNASSIGNED,513,9595,9595,NO_RECORDED_FACTOR_PRP_OR_LL_RESULT_AND_NO_ACTIVE_GIMPS_ASSIGNMENT,2026-08-06T12:58:23+00:00,UNALLOCATED,,,,,
SLCMP47-0124,124,1234,154068373,2^154068373-1,STRUCTURAL_SCREEN_EXHAUSTED_PRIMALITY_UNASSIGNED,FIRST_SINGULARITY_SHELL_EXHAUSTED_PRIMALITY_UNASSIGNED,513,9595,9595,NO_RECORDED_FACTOR_PRP_OR_LL_RESULT_AND_NO_ACTIVE_GIMPS_ASSIGNMENT,2026-08-06T12:58:23+00:00,UNALLOCATED,,,,,
SLCMP47-0125,125,1235,154068389,2^154068389-1,STRUCTURAL_SCREEN_EXHAUSTED_PRIMALITY_UNASSIGNED,FIRST_SINGULARITY_SHELL_EXHAUSTED_PRIMALITY_UNASSIGNED,513,9595,9595,NO_RECORDED_FACTOR_PRP_OR_LL_RESULT_AND_NO_ACTIVE_GIMPS_ASSIGNMENT,2026-08-06T12:58:23+00:00,UNALLOCATED,,,,,
SLCMP47-0126,126,1236,154068413,2^154068413-1,STRUCTURAL_SCREEN_EXHAUSTED_PRIMALITY_UNASSIGNED,FIRST_SINGULARITY_SHELL_EXHAUSTED_PRIMALITY_UNASSIGNED,513,9595,9595,NO_RECORDED_FACTOR_PRP_OR_LL_RESULT_AND_NO_ACTIVE_GIMPS_ASSIGNMENT,2026-08-06T12:58:23+00:00,UNALLOCATED,,,,,
SLCMP47-0127,127,1237,154068457,2^154068457-1,STRUCTURAL_SCREEN_EXHAUSTED_PRIMALITY_UNASSIGNED,FIRST_SINGULARITY_SHELL_EXHAUSTED_PRIMALITY_UNASSIGNED,513,9595,9595,NO_RECORDED_FACTOR_PRP_OR_LL_RESULT_AND_NO_ACTIVE_GIMPS_ASSIGNMENT,2026-08-06T12:58:23+00:00,UNALLOCATED,,,,,
SLCMP47-0128,128,1238,154068581,2^154068581-1,STRUCTURAL_SCREEN_EXHAUSTED_PRIMALITY_UNASSIGNED,FIRST_SINGULARITY_SHELL_EXHAUSTED_PRIMALITY_UNASSIGNED,513,9595,9595,NO_RECORDED_FACTOR_PRP_OR_LL_RESULT_AND_NO_ACTIVE_GIMPS_ASSIGNMENT,2026-08-06T12:58:23+00:00,UNALLOCATED,,,,,
SLCMP47-0129,129,1239,154068583,2^154068583-1,STRUCTURAL_SCREEN_EXHAUSTED_PRIMALITY_UNASSIGNED,FIRST_SINGULARITY_SHELL_EXHAUSTED_PRIMALITY_UNASSIGNED,514,9595,9595,NO_RECORDED_FACTOR_PRP_OR_LL_RESULT_AND_NO_ACTIVE_GIMPS_ASSIGNMENT,2026-08-06T12:58:23+00:00,UNALLOCATED,,,,,
SLCMP47-0130,130,1240,154068623,2^154068623-1,STRUCTURAL_SCREEN_EXHAUSTED_PRIMALITY_UNASSIGNED,FIRST_SINGULARITY_SHELL_EXHAUSTED_PRIMALITY_UNASSIGNED,514,9595,9595,NO_RECORDED_FACTOR_PRP_OR_LL_RESULT_AND_NO_ACTIVE_GIMPS_ASSIGNMENT,2026-08-06T12:58:23+00:00,UNALLOCATED,,,,,
SLCMP47-0131,131,1241,154068709,2^154068709-1,STRUCTURAL_SCREEN_EXHAUSTED_PRIMALITY_UNASSIGNED,FIRST_SINGULARITY_SHELL_EXHAUSTED_PRIMALITY_UNASSIGNED,513,9595,9595,NO_RECORDED_FACTOR_PRP_OR_LL_RESULT_AND_NO_ACTIVE_GIMPS_ASSIGNMENT,2026-08-06T12:58:23+00:00,UNALLOCATED,,,,,
SLCMP47-0132,132,1242,154068713,2^154068713-1,STRUCTURAL_SCREEN_EXHAUSTED_PRIMALITY_UNASSIGNED,FIRST_SINGULARITY_SHELL_EXHAUSTED_PRIMALITY_UNASSIGNED,513,9595,9595,NO_RECORDED_FACTOR_PRP_OR_LL_RESULT_AND_NO_ACTIVE_GIMPS_ASSIGNMENT,2026-08-06T12:58:23+00:00,UNALLOCATED,,,,,
SLCMP47-0133,133,1243,154068727,2^154068727-1,STRUCTURAL_SCREEN_EXHAUSTED_PRIMALITY_UNASSIGNED,FIRST_SINGULARITY_SHELL_EXHAUSTED_PRIMALITY_UNASSIGNED,514,9595,9595,NO_RECORDED_FACTOR_PRP_OR_LL_RESULT_AND_NO_ACTIVE_GIMPS_ASSIGNMENT,2026-08-06T12:58:23+00:00,UNALLOCATED,,,,,
SLCMP47-0134,134,1244,154068767,2^154068767-1,STRUCTURAL_SCREEN_EXHAUSTED_PRIMALITY_UNASSIGNED,FIRST_SINGULARITY_SHELL_EXHAUSTED_PRIMALITY_UNASSIGNED,514,9595,9595,NO_RECORDED_FACTOR_PRP_OR_LL_RESULT_AND_NO_ACTIVE_GIMPS_ASSIGNMENT,2026-08-06T12:58:23+00:00,UNALLOCATED,,,,,
SLCMP47-0135,135,1245,154068917,2^154068917-1,STRUCTURAL_SCREEN_EXHAUSTED_PRIMALITY_UNASSIGNED,FIRST_SINGULARITY_SHELL_EXHAUSTED_PRIMALITY_UNASSIGNED,513,9595,9595,NO_RECORDED_FACTOR_PRP_OR_LL_RESULT_AND_NO_ACTIVE_GIMPS_ASSIGNMENT,2026-08-06T12:58:23+00:00,UNALLOCATED,,,,,
SLCMP47-0136,136,1246,154068919,2^154068919-1,STRUCTURAL_SCREEN_EXHAUSTED_PRIMALITY_UNASSIGNED,FIRST_SINGULARITY_SHELL_EXHAUSTED_PRIMALITY_UNASSIGNED,514,9595,9595,NO_RECORDED_FACTOR_PRP_OR_LL_RESULT_AND_NO_ACTIVE_GIMPS_ASSIGNMENT,2026-08-06T12:58:23+00:00,UNALLOCATED,,,,,
SLCMP47-0137,137,1247,154068953,2^154068953-1,STRUCTURAL_SCREEN_EXHAUSTED_PRIMALITY_UNASSIGNED,FIRST_SINGULARITY_SHELL_EXHAUSTED_PRIMALITY_UNASSIGNED,513,9595,9595,NO_RECORDED_FACTOR_PRP_OR_LL_RESULT_AND_NO_ACTIVE_GIMPS_ASSIGNMENT,2026-08-06T12:58:23+00:00,UNALLOCATED,,,,,
SLCMP47-0138,138,1248,154069009,2^154069009-1,STRUCTURAL_SCREEN_EXHAUSTED_PRIMALITY_UNASSIGNED,FIRST_SINGULARITY_SHELL_EXHAUSTED_PRIMALITY_UNASSIGNED,513,9595,9595,NO_RECORDED_FACTOR_PRP_OR_LL_RESULT_AND_NO_ACTIVE_GIMPS_ASSIGNMENT,2026-08-06T12:58:23+00:00,UNALLOCATED,,,,,
SLCMP47-0139,139,1249,154069049,2^154069049-1,STRUCTURAL_SCREEN_EXHAUSTED_PRIMALITY_UNASSIGNED,FIRST_SINGULARITY_SHELL_EXHAUSTED_PRIMALITY_UNASSIGNED,513,9595,9595,NO_RECORDED_FACTOR_PRP_OR_LL_RESULT_AND_NO_ACTIVE_GIMPS_ASSIGNMENT,2026-08-06T12:58:23+00:00,UNALLOCATED,,,,,
SLCMP47-0140,140,1250,154069061,2^154069061-1,STRUCTURAL_SCREEN_EXHAUSTED_PRIMALITY_UNASSIGNED,FIRST_SINGULARITY_SHELL_EXHAUSTED_PRIMALITY_UNASSIGNED,513,9595,9595,NO_RECORDED_FACTOR_PRP_OR_LL_RESULT_AND_NO_ACTIVE_GIMPS_ASSIGNMENT,2026-08-06T12:58:23+00:00,UNALLOCATED,,,,,
SLCMP47-0141,141,1251,154069063,2^154069063-1,STRUCTURAL_SCREEN_EXHAUSTED_PRIMALITY_UNASSIGNED,FIRST_SINGULARITY_SHELL_EXHAUSTED_PRIMALITY_UNASSIGNED,514,9595,9595,NO_RECORDED_FACTOR_PRP_OR_LL_RESULT_AND_NO_ACTIVE_GIMPS_ASSIGNMENT,2026-08-06T12:58:23+00:00,UNALLOCATED,,,,,
SLCMP47-0142,142,1252,154069127,2^154069127-1,STRUCTURAL_SCREEN_EXHAUSTED_PRIMALITY_UNASSIGNED,FIRST_SINGULARITY_SHELL_EXHAUSTED_PRIMALITY_UNASSIGNED,514,9595,9595,NO_RECORDED_FACTOR_PRP_OR_LL_RESULT_AND_NO_ACTIVE_GIMPS_ASSIGNMENT,2026-08-06T12:58:23+00:00,UNALLOCATED,,,,,
SLCMP47-0143,143,1253,154069259,2^154069259-1,STRUCTURAL_SCREEN_EXHAUSTED_PRIMALITY_UNASSIGNED,FIRST_SINGULARITY_SHELL_EXHAUSTED_PRIMALITY_UNASSIGNED,514,9595,9595,NO_RECORDED_FACTOR_PRP_OR_LL_RESULT_AND_NO_ACTIVE_GIMPS_ASSIGNMENT,2026-08-06T12:58:23+00:00,UNALLOCATED,,,,,
SLCMP47-0144,144,1254,154069297,2^154069297-1,STRUCTURAL_SCREEN_EXHAUSTED_PRIMALITY_UNASSIGNED,FIRST_SINGULARITY_SHELL_EXHAUSTED_PRIMALITY_UNASSIGNED,513,9595,9595,NO_RECORDED_FACTOR_PRP_OR_LL_RESULT_AND_NO_ACTIVE_GIMPS_ASSIGNMENT,2026-08-06T12:58:23+00:00,UNALLOCATED,,,,,
SLCMP47-0145,145,1255,154069397,2^154069397-1,STRUCTURAL_SCREEN_EXHAUSTED_PRIMALITY_UNASSIGNED,FIRST_SINGULARITY_SHELL_EXHAUSTED_PRIMALITY_UNASSIGNED,513,9595,9595,NO_RECORDED_FACTOR_PRP_OR_LL_RESULT_AND_NO_ACTIVE_GIMPS_ASSIGNMENT,2026-08-06T12:58:23+00:00,UNALLOCATED,,,,,
SLCMP47-0146,146,1256,154069441,2^154069441-1,STRUCTURAL_SCREEN_EXHAUSTED_PRIMALITY_UNASSIGNED,FIRST_SINGULARITY_SHELL_EXHAUSTED_PRIMALITY_UNASSIGNED,513,9595,9595,NO_RECORDED_FACTOR_PRP_OR_LL_RESULT_AND_NO_ACTIVE_GIMPS_ASSIGNMENT,2026-08-06T12:58:23+00:00,UNALLOCATED,,,,,
SLCMP47-0147,147,1257,154069451,2^154069451-1,STRUCTURAL_SCREEN_EXHAUSTED_PRIMALITY_UNASSIGNED,FIRST_SINGULARITY_SHELL_EXHAUSTED_PRIMALITY_UNASSIGNED,514,9595,9595,NO_RECORDED_FACTOR_PRP_OR_LL_RESULT_AND_NO_ACTIVE_GIMPS_ASSIGNMENT,2026-08-06T12:58:23+00:00,UNALLOCATED,,,,,
SLCMP47-0148,148,1258,154069471,2^154069471-1,STRUCTURAL_SCREEN_EXHAUSTED_PRIMALITY_UNASSIGNED,FIRST_SINGULARITY_SHELL_EXHAUSTED_PRIMALITY_UNASSIGNED,514,9595,9595,NO_RECORDED_FACTOR_PRP_OR_LL_RESULT_AND_NO_ACTIVE_GIMPS_ASSIGNMENT,2026-08-06T12:58:23+00:00,UNALLOCATED,,,,,
SLCMP47-0149,149,1259,154069483,2^154069483-1,STRUCTURAL_SCREEN_EXHAUSTED_PRIMALITY_UNASSIGNED,FIRST_SINGULARITY_SHELL_EXHAUSTED_PRIMALITY_UNASSIGNED,514,9595,9595,NO_RECORDED_FACTOR_PRP_OR_LL_RESULT_AND_NO_ACTIVE_GIMPS_ASSIGNMENT,2026-08-06T12:58:23+00:00,UNALLOCATED,,,,,
SLCMP47-0150,150,1260,154069523,2^154069523-1,STRUCTURAL_SCREEN_EXHAUSTED_PRIMALITY_UNASSIGNED,FIRST_SINGULARITY_SHELL_EXHAUSTED_PRIMALITY_UNASSIGNED,514,9595,9595,NO_RECORDED_FACTOR_PRP_OR_LL_RESULT_AND_NO_ACTIVE_GIMPS_ASSIGNMENT,2026-08-06T12:58:23+00:00,UNALLOCATED,,,,,
SLCMP47-0151,151,1261,154069579,2^154069579-1,STRUCTURAL_SCREEN_EXHAUSTED_PRIMALITY_UNASSIGNED,FIRST_SINGULARITY_SHELL_EXHAUSTED_PRIMALITY_UNASSIGNED,514,9595,9595,NO_RECORDED_FACTOR_PRP_OR_LL_RESULT_AND_NO_ACTIVE_GIMPS_ASSIGNMENT,2026-08-06T12:58:23+00:00,UNALLOCATED,,,,,
SLCMP47-0152,152,1262,154069631,2^154069631-1,STRUCTURAL_SCREEN_EXHAUSTED_PRIMALITY_UNASSIGNED,FIRST_SINGULARITY_SHELL_EXHAUSTED_PRIMALITY_UNASSIGNED,514,9595,9595,NO_RECORDED_FACTOR_PRP_OR_LL_RESULT_AND_NO_ACTIVE_GIMPS_ASSIGNMENT,2026-08-06T12:58:23+00:00,UNALLOCATED,,,,,
SLCMP47-0153,153,1263,154069637,2^154069637-1,STRUCTURAL_SCREEN_EXHAUSTED_PRIMALITY_UNASSIGNED,FIRST_SINGULARITY_SHELL_EXHAUSTED_PRIMALITY_UNASSIGNED,513,9595,9595,NO_RECORDED_FACTOR_PRP_OR_LL_RESULT_AND_NO_ACTIVE_GIMPS_ASSIGNMENT,2026-08-06T12:58:23+00:00,UNALLOCATED,,,,,
SLCMP47-0154,154,1264,154069673,2^154069673-1,STRUCTURAL_SCREEN_EXHAUSTED_PRIMALITY_UNASSIGNED,FIRST_SINGULARITY_SHELL_EXHAUSTED_PRIMALITY_UNASSIGNED,513,9595,9595,NO_RECORDED_FACTOR_PRP_OR_LL_RESULT_AND_NO_ACTIVE_GIMPS_ASSIGNMENT,2026-08-06T12:58:23+00:00,UNALLOCATED,,,,,
SLCMP47-0155,155,1265,154069697,2^154069697-1,STRUCTURAL_SCREEN_EXHAUSTED_PRIMALITY_UNASSIGNED,FIRST_SINGULARITY_SHELL_EXHAUSTED_PRIMALITY_UNASSIGNED,513,9595,9595,NO_RECORDED_FACTOR_PRP_OR_LL_RESULT_AND_NO_ACTIVE_GIMPS_ASSIGNMENT,2026-08-06T12:58:23+00:00,UNALLOCATED,,,,,
SLCMP47-0156,156,1266,154069753,2^154069753-1,STRUCTURAL_SCREEN_EXHAUSTED_PRIMALITY_UNASSIGNED,FIRST_SINGULARITY_SHELL_EXHAUSTED_PRIMALITY_UNASSIGNED,513,9595,9595,NO_RECORDED_FACTOR_PRP_OR_LL_RESULT_AND_NO_ACTIVE_GIMPS_ASSIGNMENT,2026-08-06T12:58:23+00:00,UNALLOCATED,,,,,
SLCMP47-0157,157,1267,154069843,2^154069843-1,STRUCTURAL_SCREEN_EXHAUSTED_PRIMALITY_UNASSIGNED,FIRST_SINGULARITY_SHELL_EXHAUSTED_PRIMALITY_UNASSIGNED,514,9595,9595,NO_RECORDED_FACTOR_PRP_OR_LL_RESULT_AND_NO_ACTIVE_GIMPS_ASSIGNMENT,2026-08-06T12:58:23+00:00,UNALLOCATED,,,,,
SLCMP47-0158,158,1268,154069999,2^154069999-1,STRUCTURAL_SCREEN_EXHAUSTED_PRIMALITY_UNASSIGNED,FIRST_SINGULARITY_SHELL_EXHAUSTED_PRIMALITY_UNASSIGNED,514,9595,9595,NO_RECORDED_FACTOR_PRP_OR_LL_RESULT_AND_NO_ACTIVE_GIMPS_ASSIGNMENT,2026-08-06T12:58:23+00:00,UNALLOCATED,,,,,
SLCMP47-0159,159,1269,154070039,2^154070039-1,STRUCTURAL_SCREEN_EXHAUSTED_PRIMALITY_UNASSIGNED,FIRST_SINGULARITY_SHELL_EXHAUSTED_PRIMALITY_UNASSIGNED,514,9595,9595,NO_RECORDED_FACTOR_PRP_OR_LL_RESULT_AND_NO_ACTIVE_GIMPS_ASSIGNMENT,2026-08-06T12:58:23+00:00,UNALLOCATED,,,,,
SLCMP47-0160,160,1270,154070113,2^154070113-1,STRUCTURAL_SCREEN_EXHAUSTED_PRIMALITY_UNASSIGNED,FIRST_SINGULARITY_SHELL_EXHAUSTED_PRIMALITY_UNASSIGNED,513,9595,9595,NO_RECORDED_FACTOR_PRP_OR_LL_RESULT_AND_NO_ACTIVE_GIMPS_ASSIGNMENT,2026-08-06T12:58:23+00:00,UNALLOCATED,,,,,
SLCMP47-0161,161,1271,154070143,2^154070143-1,STRUCTURAL_SCREEN_EXHAUSTED_PRIMALITY_UNASSIGNED,FIRST_SINGULARITY_SHELL_EXHAUSTED_PRIMALITY_UNASSIGNED,514,9595,9595,NO_RECORDED_FACTOR_PRP_OR_LL_RESULT_AND_NO_ACTIVE_GIMPS_ASSIGNMENT,2026-08-06T12:58:23+00:00,UNALLOCATED,,,,,
SLCMP47-0162,162,1272,154070149,2^154070149-1,STRUCTURAL_SCREEN_EXHAUSTED_PRIMALITY_UNASSIGNED,FIRST_SINGULARITY_SHELL_EXHAUSTED_PRIMALITY_UNASSIGNED,513,9595,9595,NO_RECORDED_FACTOR_PRP_OR_LL_RESULT_AND_NO_ACTIVE_GIMPS_ASSIGNMENT,2026-08-06T12:58:23+00:00,UNALLOCATED,,,,,
SLCMP47-0163,163,1273,154070153,2^154070153-1,STRUCTURAL_SCREEN_EXHAUSTED_PRIMALITY_UNASSIGNED,FIRST_SINGULARITY_SHELL_EXHAUSTED_PRIMALITY_UNASSIGNED,513,9595,9595,NO_RECORDED_FACTOR_PRP_OR_LL_RESULT_AND_NO_ACTIVE_GIMPS_ASSIGNMENT,2026-08-06T12:58:23+00:00,UNALLOCATED,,,,,
SLCMP47-0164,164,1274,154070173,2^154070173-1,STRUCTURAL_SCREEN_EXHAUSTED_PRIMALITY_UNASSIGNED,FIRST_SINGULARITY_SHELL_EXHAUSTED_PRIMALITY_UNASSIGNED,513,9595,9595,NO_RECORDED_FACTOR_PRP_OR_LL_RESULT_AND_NO_ACTIVE_GIMPS_ASSIGNMENT,2026-08-06T12:58:23+00:00,UNALLOCATED,,,,,
SLCMP47-0165,165,1275,154070207,2^154070207-1,STRUCTURAL_SCREEN_EXHAUSTED_PRIMALITY_UNASSIGNED,FIRST_SINGULARITY_SHELL_EXHAUSTED_PRIMALITY_UNASSIGNED,514,9595,9595,NO_RECORDED_FACTOR_PRP_OR_LL_RESULT_AND_NO_ACTIVE_GIMPS_ASSIGNMENT,2026-08-06T12:58:23+00:00,UNALLOCATED,,,,,
SLCMP47-0166,166,1276,154070291,2^154070291-1,STRUCTURAL_SCREEN_EXHAUSTED_PRIMALITY_UNASSIGNED,FIRST_SINGULARITY_SHELL_EXHAUSTED_PRIMALITY_UNASSIGNED,514,9595,9595,NO_RECORDED_FACTOR_PRP_OR_LL_RESULT_AND_NO_ACTIVE_GIMPS_ASSIGNMENT,2026-08-06T12:58:23+00:00,UNALLOCATED,,,,,
SLCMP47-0167,167,1277,154070339,2^154070339-1,STRUCTURAL_SCREEN_EXHAUSTED_PRIMALITY_UNASSIGNED,FIRST_SINGULARITY_SHELL_EXHAUSTED_PRIMALITY_UNASSIGNED,514,9595,9595,NO_RECORDED_FACTOR_PRP_OR_LL_RESULT_AND_NO_ACTIVE_GIMPS_ASSIGNMENT,2026-08-06T12:58:23+00:00,UNALLOCATED,,,,,
SLCMP47-0168,168,1278,154070407,2^154070407-1,STRUCTURAL_SCREEN_EXHAUSTED_PRIMALITY_UNASSIGNED,FIRST_SINGULARITY_SHELL_EXHAUSTED_PRIMALITY_UNASSIGNED,514,9595,9595,NO_RECORDED_FACTOR_PRP_OR_LL_RESULT_AND_NO_ACTIVE_GIMPS_ASSIGNMENT,2026-08-06T12:58:23+00:00,UNALLOCATED,,,,,
SLCMP47-0169,169,1279,154070489,2^154070489-1,STRUCTURAL_SCREEN_EXHAUSTED_PRIMALITY_UNASSIGNED,FIRST_SINGULARITY_SHELL_EXHAUSTED_PRIMALITY_UNASSIGNED,513,9595,9595,NO_RECORDED_FACTOR_PRP_OR_LL_RESULT_AND_NO_ACTIVE_GIMPS_ASSIGNMENT,2026-08-06T12:58:23+00:00,UNALLOCATED,,,,,
SLCMP47-0170,170,1280,154070509,2^154070509-1,STRUCTURAL_SCREEN_EXHAUSTED_PRIMALITY_UNASSIGNED,FIRST_SINGULARITY_SHELL_EXHAUSTED_PRIMALITY_UNASSIGNED,513,9595,9595,NO_RECORDED_FACTOR_PRP_OR_LL_RESULT_AND_NO_ACTIVE_GIMPS_ASSIGNMENT,2026-08-06T12:58:23+00:00,UNALLOCATED,,,,,
SLCMP47-0171,171,1281,154070617,2^154070617-1,STRUCTURAL_SCREEN_EXHAUSTED_PRIMALITY_UNASSIGNED,FIRST_SINGULARITY_SHELL_EXHAUSTED_PRIMALITY_UNASSIGNED,513,9595,9595,NO_RECORDED_FACTOR_PRP_OR_LL_RESULT_AND_NO_ACTIVE_GIMPS_ASSIGNMENT,2026-08-06T12:58:23+00:00,UNALLOCATED,,,,,
SLCMP47-0172,172,1282,154070621,2^154070621-1,STRUCTURAL_SCREEN_EXHAUSTED_PRIMALITY_UNASSIGNED,FIRST_SINGULARITY_SHELL_EXHAUSTED_PRIMALITY_UNASSIGNED,513,9595,9595,NO_RECORDED_FACTOR_PRP_OR_LL_RESULT_AND_NO_ACTIVE_GIMPS_ASSIGNMENT,2026-08-06T12:58:23+00:00,UNALLOCATED,,,,,
SLCMP47-0173,173,1283,154070647,2^154070647-1,STRUCTURAL_SCREEN_EXHAUSTED_PRIMALITY_UNASSIGNED,FIRST_SINGULARITY_SHELL_EXHAUSTED_PRIMALITY_UNASSIGNED,514,9595,9595,NO_RECORDED_FACTOR_PRP_OR_LL_RESULT_AND_NO_ACTIVE_GIMPS_ASSIGNMENT,2026-08-06T12:58:23+00:00,UNALLOCATED,,,,,
SLCMP47-0174,174,1284,154070731,2^154070731-1,STRUCTURAL_SCREEN_EXHAUSTED_PRIMALITY_UNASSIGNED,FIRST_SINGULARITY_SHELL_EXHAUSTED_PRIMALITY_UNASSIGNED,514,9595,9595,NO_RECORDED_FACTOR_PRP_OR_LL_RESULT_AND_NO_ACTIVE_GIMPS_ASSIGNMENT,2026-08-06T12:58:23+00:00,UNALLOCATED,,,,,
SLCMP47-0175,175,1285,154070831,2^154070831-1,STRUCTURAL_SCREEN_EXHAUSTED_PRIMALITY_UNASSIGNED,FIRST_SINGULARITY_SHELL_EXHAUSTED_PRIMALITY_UNASSIGNED,514,9595,9595,NO_RECORDED_FACTOR_PRP_OR_LL_RESULT_AND_NO_ACTIVE_GIMPS_ASSIGNMENT,2026-08-06T12:58:23+00:00,UNALLOCATED,,,,,
SLCMP47-0176,176,1286,154070843,2^154070843-1,STRUCTURAL_SCREEN_EXHAUSTED_PRIMALITY_UNASSIGNED,FIRST_SINGULARITY_SHELL_EXHAUSTED_PRIMALITY_UNASSIGNED,514,9595,9595,NO_RECORDED_FACTOR_PRP_OR_LL_RESULT_AND_NO_ACTIVE_GIMPS_ASSIGNMENT,2026-08-06T12:58:23+00:00,UNALLOCATED,,,,,
SLCMP47-0177,177,1287,154070911,2^154070911-1,STRUCTURAL_SCREEN_EXHAUSTED_PRIMALITY_UNASSIGNED,FIRST_SINGULARITY_SHELL_EXHAUSTED_PRIMALITY_UNASSIGNED,514,9595,9595,NO_RECORDED_FACTOR_PRP_OR_LL_RESULT_AND_NO_ACTIVE_GIMPS_ASSIGNMENT,2026-08-06T12:58:23+00:00,UNALLOCATED,,,,,
SLCMP47-0178,178,1288,154070999,2^154070999-1,STRUCTURAL_SCREEN_EXHAUSTED_PRIMALITY_UNASSIGNED,FIRST_SINGULARITY_SHELL_EXHAUSTED_PRIMALITY_UNASSIGNED,514,9595,9595,NO_RECORDED_FACTOR_PRP_OR_LL_RESULT_AND_NO_ACTIVE_GIMPS_ASSIGNMENT,2026-08-06T12:58:23+00:00,UNALLOCATED,,,,,
SLCMP47-0179,179,1289,154071031,2^154071031-1,STRUCTURAL_SCREEN_EXHAUSTED_PRIMALITY_UNASSIGNED,FIRST_SINGULARITY_SHELL_EXHAUSTED_PRIMALITY_UNASSIGNED,514,9595,9595,NO_RECORDED_FACTOR_PRP_OR_LL_RESULT_AND_NO_ACTIVE_GIMPS_ASSIGNMENT,2026-08-06T12:58:23+00:00,UNALLOCATED,,,,,
SLCMP47-0180,180,1290,154071091,2^154071091-1,STRUCTURAL_SCREEN_EXHAUSTED_PRIMALITY_UNASSIGNED,FIRST_SINGULARITY_SHELL_EXHAUSTED_PRIMALITY_UNASSIGNED,514,9595,9595,NO_RECORDED_FACTOR_PRP_OR_LL_RESULT_AND_NO_ACTIVE_GIMPS_ASSIGNMENT,2026-08-06T12:58:23+00:00,UNALLOCATED,,,,,
SLCMP47-0181,181,1291,154071149,2^154071149-1,STRUCTURAL_SCREEN_EXHAUSTED_PRIMALITY_UNASSIGNED,FIRST_SINGULARITY_SHELL_EXHAUSTED_PRIMALITY_UNASSIGNED,513,9595,9595,NO_RECORDED_FACTOR_PRP_OR_LL_RESULT_AND_NO_ACTIVE_GIMPS_ASSIGNMENT,2026-08-06T12:58:23+00:00,UNALLOCATED,,,,,
SLCMP47-0182,182,1292,154071167,2^154071167-1,STRUCTURAL_SCREEN_EXHAUSTED_PRIMALITY_UNASSIGNED,FIRST_SINGULARITY_SHELL_EXHAUSTED_PRIMALITY_UNASSIGNED,514,9595,9595,NO_RECORDED_FACTOR_PRP_OR_LL_RESULT_AND_NO_ACTIVE_GIMPS_ASSIGNMENT,2026-08-06T12:58:23+00:00,UNALLOCATED,,,,,
SLCMP47-0183,183,1293,154071179,2^154071179-1,STRUCTURAL_SCREEN_EXHAUSTED_PRIMALITY_UNASSIGNED,FIRST_SINGULARITY_SHELL_EXHAUSTED_PRIMALITY_UNASSIGNED,514,9595,9595,NO_RECORDED_FACTOR_PRP_OR_LL_RESULT_AND_NO_ACTIVE_GIMPS_ASSIGNMENT,2026-08-06T12:58:23+00:00,UNALLOCATED,,,,,
SLCMP47-0184,184,1294,154071233,2^154071233-1,STRUCTURAL_SCREEN_EXHAUSTED_PRIMALITY_UNASSIGNED,FIRST_SINGULARITY_SHELL_EXHAUSTED_PRIMALITY_UNASSIGNED,513,9595,9595,NO_RECORDED_FACTOR_PRP_OR_LL_RESULT_AND_NO_ACTIVE_GIMPS_ASSIGNMENT,2026-08-06T12:58:23+00:00,UNALLOCATED,,,,,
SLCMP47-0185,185,1295,154071259,2^154071259-1,STRUCTURAL_SCREEN_EXHAUSTED_PRIMALITY_UNASSIGNED,FIRST_SINGULARITY_SHELL_EXHAUSTED_PRIMALITY_UNASSIGNED,514,9595,9595,NO_RECORDED_FACTOR_PRP_OR_LL_RESULT_AND_NO_ACTIVE_GIMPS_ASSIGNMENT,2026-08-06T12:58:23+00:00,UNALLOCATED,,,,,
SLCMP47-0186,186,1296,154071283,2^154071283-1,STRUCTURAL_SCREEN_EXHAUSTED_PRIMALITY_UNASSIGNED,FIRST_SINGULARITY_SHELL_EXHAUSTED_PRIMALITY_UNASSIGNED,514,9595,9595,NO_RECORDED_FACTOR_PRP_OR_LL_RESULT_AND_NO_ACTIVE_GIMPS_ASSIGNMENT,2026-08-06T12:58:23+00:00,UNALLOCATED,,,,,
SLCMP47-0187,187,1297,154071329,2^154071329-1,STRUCTURAL_SCREEN_EXHAUSTED_PRIMALITY_UNASSIGNED,FIRST_SINGULARITY_SHELL_EXHAUSTED_PRIMALITY_UNASSIGNED,513,9595,9595,NO_RECORDED_FACTOR_PRP_OR_LL_RESULT_AND_NO_ACTIVE_GIMPS_ASSIGNMENT,2026-08-06T12:58:23+00:00,UNALLOCATED,,,,,
SLCMP47-0188,188,1298,154071523,2^154071523-1,STRUCTURAL_SCREEN_EXHAUSTED_PRIMALITY_UNASSIGNED,FIRST_SINGULARITY_SHELL_EXHAUSTED_PRIMALITY_UNASSIGNED,514,9595,9595,NO_RECORDED_FACTOR_PRP_OR_LL_RESULT_AND_NO_ACTIVE_GIMPS_ASSIGNMENT,2026-08-06T12:58:23+00:00,UNALLOCATED,,,,,
SLCMP47-0189,189,1299,154071553,2^154071553-1,STRUCTURAL_SCREEN_EXHAUSTED_PRIMALITY_UNASSIGNED,FIRST_SINGULARITY_SHELL_EXHAUSTED_PRIMALITY_UNASSIGNED,513,9595,9595,NO_RECORDED_FACTOR_PRP_OR_LL_RESULT_AND_NO_ACTIVE_GIMPS_ASSIGNMENT,2026-08-06T12:58:23+00:00,UNALLOCATED,,,,,
SLCMP47-0190,190,1300,154071569,2^154071569-1,STRUCTURAL_SCREEN_EXHAUSTED_PRIMALITY_UNASSIGNED,FIRST_SINGULARITY_SHELL_EXHAUSTED_PRIMALITY_UNASSIGNED,513,9595,9595,NO_RECORDED_FACTOR_PRP_OR_LL_RESULT_AND_NO_ACTIVE_GIMPS_ASSIGNMENT,2026-08-06T12:58:23+00:00,UNALLOCATED,,,,,
SLCMP47-0191,191,1301,154071769,2^154071769-1,STRUCTURAL_SCREEN_EXHAUSTED_PRIMALITY_UNASSIGNED,FIRST_SINGULARITY_SHELL_EXHAUSTED_PRIMALITY_UNASSIGNED,513,9595,9595,NO_RECORDED_FACTOR_PRP_OR_LL_RESULT_AND_NO_ACTIVE_GIMPS_ASSIGNMENT,2026-08-06T12:58:23+00:00,UNALLOCATED,,,,,
SLCMP47-0192,192,1302,154071791,2^154071791-1,STRUCTURAL_SCREEN_EXHAUSTED_PRIMALITY_UNASSIGNED,FIRST_SINGULARITY_SHELL_EXHAUSTED_PRIMALITY_UNASSIGNED,514,9595,9595,NO_RECORDED_FACTOR_PRP_OR_LL_RESULT_AND_NO_ACTIVE_GIMPS_ASSIGNMENT,2026-08-06T12:58:23+00:00,UNALLOCATED,,,,,
SLCMP47-0193,193,1303,154071913,2^154071913-1,STRUCTURAL_SCREEN_EXHAUSTED_PRIMALITY_UNASSIGNED,FIRST_SINGULARITY_SHELL_EXHAUSTED_PRIMALITY_UNASSIGNED,513,9595,9595,NO_RECORDED_FACTOR_PRP_OR_LL_RESULT_AND_NO_ACTIVE_GIMPS_ASSIGNMENT,2026-08-06T12:58:23+00:00,UNALLOCATED,,,,,
SLCMP47-0194,194,1304,154071943,2^154071943-1,STRUCTURAL_SCREEN_EXHAUSTED_PRIMALITY_UNASSIGNED,FIRST_SINGULARITY_SHELL_EXHAUSTED_PRIMALITY_UNASSIGNED,514,9595,9595,NO_RECORDED_FACTOR_PRP_OR_LL_RESULT_AND_NO_ACTIVE_GIMPS_ASSIGNMENT,2026-08-06T12:58:23+00:00,UNALLOCATED,,,,,
SLCMP47-0195,195,1305,154071991,2^154071991-1,STRUCTURAL_SCREEN_EXHAUSTED_PRIMALITY_UNASSIGNED,FIRST_SINGULARITY_SHELL_EXHAUSTED_PRIMALITY_UNASSIGNED,514,9595,9595,NO_RECORDED_FACTOR_PRP_OR_LL_RESULT_AND_NO_ACTIVE_GIMPS_ASSIGNMENT,2026-08-06T12:58:23+00:00,UNALLOCATED,,,,,
SLCMP47-0196,196,1306,154072013,2^154072013-1,STRUCTURAL_SCREEN_EXHAUSTED_PRIMALITY_UNASSIGNED,FIRST_SINGULARITY_SHELL_EXHAUSTED_PRIMALITY_UNASSIGNED,513,9595,9595,NO_RECORDED_FACTOR_PRP_OR_LL_RESULT_AND_NO_ACTIVE_GIMPS_ASSIGNMENT,2026-08-06T12:58:23+00:00,UNALLOCATED,,,,,
SLCMP47-0197,197,1307,154072027,2^154072027-1,STRUCTURAL_SCREEN_EXHAUSTED_PRIMALITY_UNASSIGNED,FIRST_SINGULARITY_SHELL_EXHAUSTED_PRIMALITY_UNASSIGNED,514,9595,9595,NO_RECORDED_FACTOR_PRP_OR_LL_RESULT_AND_NO_ACTIVE_GIMPS_ASSIGNMENT,2026-08-06T12:58:23+00:00,UNALLOCATED,,,,,
SLCMP47-0198,198,1308,154072073,2^154072073-1,STRUCTURAL_SCREEN_EXHAUSTED_PRIMALITY_UNASSIGNED,FIRST_SINGULARITY_SHELL_EXHAUSTED_PRIMALITY_UNASSIGNED,513,9595,9595,NO_RECORDED_FACTOR_PRP_OR_LL_RESULT_AND_NO_ACTIVE_GIMPS_ASSIGNMENT,2026-08-06T12:58:23+00:00,UNALLOCATED,,,,,
SLCMP47-0199,199,1309,154072097,2^154072097-1,STRUCTURAL_SCREEN_EXHAUSTED_PRIMALITY_UNASSIGNED,FIRST_SINGULARITY_SHELL_EXHAUSTED_PRIMALITY_UNASSIGNED,513,9595,9595,NO_RECORDED_FACTOR_PRP_OR_LL_RESULT_AND_NO_ACTIVE_GIMPS_ASSIGNMENT,2026-08-06T12:58:23+00:00,UNALLOCATED,,,,,
SLCMP47-0200,200,1310,154072117,2^154072117-1,STRUCTURAL_SCREEN_EXHAUSTED_PRIMALITY_UNASSIGNED,FIRST_SINGULARITY_SHELL_EXHAUSTED_PRIMALITY_UNASSIGNED,513,9595,9595,NO_RECORDED_FACTOR_PRP_OR_LL_RESULT_AND_NO_ACTIVE_GIMPS_ASSIGNMENT,2026-08-06T12:58:23+00:00,UNALLOCATED,,,,,
SLCMP47-0201,201,1311,154072133,2^154072133-1,STRUCTURAL_SCREEN_EXHAUSTED_PRIMALITY_UNASSIGNED,FIRST_SINGULARITY_SHELL_EXHAUSTED_PRIMALITY_UNASSIGNED,513,9595,9595,NO_RECORDED_FACTOR_PRP_OR_LL_RESULT_AND_NO_ACTIVE_GIMPS_ASSIGNMENT,2026-08-06T12:58:23+00:00,UNALLOCATED,,,,,
SLCMP47-0202,202,1312,154072249,2^154072249-1,STRUCTURAL_SCREEN_EXHAUSTED_PRIMALITY_UNASSIGNED,FIRST_SINGULARITY_SHELL_EXHAUSTED_PRIMALITY_UNASSIGNED,513,9595,9595,NO_RECORDED_FACTOR_PRP_OR_LL_RESULT_AND_NO_ACTIVE_GIMPS_ASSIGNMENT,2026-08-06T12:58:23+00:00,UNALLOCATED,,,,,
SLCMP47-0203,203,1313,154072277,2^154072277-1,STRUCTURAL_SCREEN_EXHAUSTED_PRIMALITY_UNASSIGNED,FIRST_SINGULARITY_SHELL_EXHAUSTED_PRIMALITY_UNASSIGNED,513,9595,9595,NO_RECORDED_FACTOR_PRP_OR_LL_RESULT_AND_NO_ACTIVE_GIMPS_ASSIGNMENT,2026-08-06T12:58:23+00:00,UNALLOCATED,,,,,
SLCMP47-0204,204,1314,154072351,2^154072351-1,STRUCTURAL_SCREEN_EXHAUSTED_PRIMALITY_UNASSIGNED,FIRST_SINGULARITY_SHELL_EXHAUSTED_PRIMALITY_UNASSIGNED,514,9595,9595,NO_RECORDED_FACTOR_PRP_OR_LL_RESULT_AND_NO_ACTIVE_GIMPS_ASSIGNMENT,2026-08-06T12:58:23+00:00,UNALLOCATED,,,,,
SLCMP47-0205,205,1315,154072361,2^154072361-1,STRUCTURAL_SCREEN_EXHAUSTED_PRIMALITY_UNASSIGNED,FIRST_SINGULARITY_SHELL_EXHAUSTED_PRIMALITY_UNASSIGNED,513,9595,9595,NO_RECORDED_FACTOR_PRP_OR_LL_RESULT_AND_NO_ACTIVE_GIMPS_ASSIGNMENT,2026-08-06T12:58:23+00:00,UNALLOCATED,,,,,
SLCMP47-0206,206,1316,154072379,2^154072379-1,STRUCTURAL_SCREEN_EXHAUSTED_PRIMALITY_UNASSIGNED,FIRST_SINGULARITY_SHELL_EXHAUSTED_PRIMALITY_UNASSIGNED,514,9595,9595,NO_RECORDED_FACTOR_PRP_OR_LL_RESULT_AND_NO_ACTIVE_GIMPS_ASSIGNMENT,2026-08-06T12:58:23+00:00,UNALLOCATED,,,,,
SLCMP47-0207,207,1317,154072393,2^154072393-1,STRUCTURAL_SCREEN_EXHAUSTED_PRIMALITY_UNASSIGNED,FIRST_SINGULARITY_SHELL_EXHAUSTED_PRIMALITY_UNASSIGNED,513,9595,9595,NO_RECORDED_FACTOR_PRP_OR_LL_RESULT_AND_NO_ACTIVE_GIMPS_ASSIGNMENT,2026-08-06T12:58:23+00:00,UNALLOCATED,,,,,
SLCMP47-0208,208,1318,154072409,2^154072409-1,STRUCTURAL_SCREEN_EXHAUSTED_PRIMALITY_UNASSIGNED,FIRST_SINGULARITY_SHELL_EXHAUSTED_PRIMALITY_UNASSIGNED,513,9595,9595,NO_RECORDED_FACTOR_PRP_OR_LL_RESULT_AND_NO_ACTIVE_GIMPS_ASSIGNMENT,2026-08-06T12:58:23+00:00,UNALLOCATED,,,,,
SLCMP47-0209,209,1319,154072417,2^154072417-1,STRUCTURAL_SCREEN_EXHAUSTED_PRIMALITY_UNASSIGNED,FIRST_SINGULARITY_SHELL_EXHAUSTED_PRIMALITY_UNASSIGNED,513,9595,9595,NO_RECORDED_FACTOR_PRP_OR_LL_RESULT_AND_NO_ACTIVE_GIMPS_ASSIGNMENT,2026-08-06T12:58:23+00:00,UNALLOCATED,,,,,
SLCMP47-0210,210,1320,154072493,2^154072493-1,STRUCTURAL_SCREEN_EXHAUSTED_PRIMALITY_UNASSIGNED,FIRST_SINGULARITY_SHELL_EXHAUSTED_PRIMALITY_UNASSIGNED,513,9595,9595,NO_RECORDED_FACTOR_PRP_OR_LL_RESULT_AND_NO_ACTIVE_GIMPS_ASSIGNMENT,2026-08-06T12:58:23+00:00,UNALLOCATED,,,,,
SLCMP47-0211,211,1321,154072549,2^154072549-1,STRUCTURAL_SCREEN_EXHAUSTED_PRIMALITY_UNASSIGNED,FIRST_SINGULARITY_SHELL_EXHAUSTED_PRIMALITY_UNASSIGNED,513,9595,9595,NO_RECORDED_FACTOR_PRP_OR_LL_RESULT_AND_NO_ACTIVE_GIMPS_ASSIGNMENT,2026-08-06T12:58:23+00:00,UNALLOCATED,,,,,
SLCMP47-0212,212,1322,154072601,2^154072601-1,STRUCTURAL_SCREEN_EXHAUSTED_PRIMALITY_UNASSIGNED,FIRST_SINGULARITY_SHELL_EXHAUSTED_PRIMALITY_UNASSIGNED,513,9595,9595,NO_RECORDED_FACTOR_PRP_OR_LL_RESULT_AND_NO_ACTIVE_GIMPS_ASSIGNMENT,2026-08-06T12:58:23+00:00,UNALLOCATED,,,,,
SLCMP47-0213,213,1323,154072619,2^154072619-1,STRUCTURAL_SCREEN_EXHAUSTED_PRIMALITY_UNASSIGNED,FIRST_SINGULARITY_SHELL_EXHAUSTED_PRIMALITY_UNASSIGNED,514,9595,9595,NO_RECORDED_FACTOR_PRP_OR_LL_RESULT_AND_NO_ACTIVE_GIMPS_ASSIGNMENT,2026-08-06T12:58:23+00:00,UNALLOCATED,,,,,
SLCMP47-0214,214,1324,154072631,2^154072631-1,STRUCTURAL_SCREEN_EXHAUSTED_PRIMALITY_UNASSIGNED,FIRST_SINGULARITY_SHELL_EXHAUSTED_PRIMALITY_UNASSIGNED,514,9595,9595,NO_RECORDED_FACTOR_PRP_OR_LL_RESULT_AND_NO_ACTIVE_GIMPS_ASSIGNMENT,2026-08-06T12:58:23+00:00,UNALLOCATED,,,,,
SLCMP47-0215,215,1325,154072661,2^154072661-1,STRUCTURAL_SCREEN_EXHAUSTED_PRIMALITY_UNASSIGNED,FIRST_SINGULARITY_SHELL_EXHAUSTED_PRIMALITY_UNASSIGNED,513,9595,9595,NO_RECORDED_FACTOR_PRP_OR_LL_RESULT_AND_NO_ACTIVE_GIMPS_ASSIGNMENT,2026-08-06T12:58:23+00:00,UNALLOCATED,,,,,
SLCMP47-0216,216,1326,154072733,2^154072733-1,STRUCTURAL_SCREEN_EXHAUSTED_PRIMALITY_UNASSIGNED,FIRST_SINGULARITY_SHELL_EXHAUSTED_PRIMALITY_UNASSIGNED,513,9595,9595,NO_RECORDED_FACTOR_PRP_OR_LL_RESULT_AND_NO_ACTIVE_GIMPS_ASSIGNMENT,2026-08-06T12:58:23+00:00,UNALLOCATED,,,,,
SLCMP47-0217,217,1327,154072771,2^154072771-1,STRUCTURAL_SCREEN_EXHAUSTED_PRIMALITY_UNASSIGNED,FIRST_SINGULARITY_SHELL_EXHAUSTED_PRIMALITY_UNASSIGNED,514,9595,9595,NO_RECORDED_FACTOR_PRP_OR_LL_RESULT_AND_NO_ACTIVE_GIMPS_ASSIGNMENT,2026-08-06T12:58:23+00:00,UNALLOCATED,,,,,
SLCMP47-0218,218,1328,154072829,2^154072829-1,STRUCTURAL_SCREEN_EXHAUSTED_PRIMALITY_UNASSIGNED,FIRST_SINGULARITY_SHELL_EXHAUSTED_PRIMALITY_UNASSIGNED,513,9595,9595,NO_RECORDED_FACTOR_PRP_OR_LL_RESULT_AND_NO_ACTIVE_GIMPS_ASSIGNMENT,2026-08-06T12:58:23+00:00,UNALLOCATED,,,,,
SLCMP47-0219,219,1329,154072861,2^154072861-1,STRUCTURAL_SCREEN_EXHAUSTED_PRIMALITY_UNASSIGNED,FIRST_SINGULARITY_SHELL_EXHAUSTED_PRIMALITY_UNASSIGNED,513,9595,9595,NO_RECORDED_FACTOR_PRP_OR_LL_RESULT_AND_NO_ACTIVE_GIMPS_ASSIGNMENT,2026-08-06T12:58:23+00:00,UNALLOCATED,,,,,
SLCMP47-0220,220,1330,154072871,2^154072871-1,STRUCTURAL_SCREEN_EXHAUSTED_PRIMALITY_UNASSIGNED,FIRST_SINGULARITY_SHELL_EXHAUSTED_PRIMALITY_UNASSIGNED,514,9595,9595,NO_RECORDED_FACTOR_PRP_OR_LL_RESULT_AND_NO_ACTIVE_GIMPS_ASSIGNMENT,2026-08-06T12:58:23+00:00,UNALLOCATED,,,,,
SLCMP47-0221,221,1331,154073011,2^154073011-1,STRUCTURAL_SCREEN_EXHAUSTED_PRIMALITY_UNASSIGNED,FIRST_SINGULARITY_SHELL_EXHAUSTED_PRIMALITY_UNASSIGNED,514,9595,9595,NO_RECORDED_FACTOR_PRP_OR_LL_RESULT_AND_NO_ACTIVE_GIMPS_ASSIGNMENT,2026-08-06T12:58:23+00:00,UNALLOCATED,,,,,
SLCMP47-0222,222,1332,154073041,2^154073041-1,STRUCTURAL_SCREEN_EXHAUSTED_PRIMALITY_UNASSIGNED,FIRST_SINGULARITY_SHELL_EXHAUSTED_PRIMALITY_UNASSIGNED,513,9595,9595,NO_RECORDED_FACTOR_PRP_OR_LL_RESULT_AND_NO_ACTIVE_GIMPS_ASSIGNMENT,2026-08-06T12:58:23+00:00,UNALLOCATED,,,,,
SLCMP47-0223,223,1333,154073063,2^154073063-1,STRUCTURAL_SCREEN_EXHAUSTED_PRIMALITY_UNASSIGNED,FIRST_SINGULARITY_SHELL_EXHAUSTED_PRIMALITY_UNASSIGNED,514,9595,9595,NO_RECORDED_FACTOR_PRP_OR_LL_RESULT_AND_NO_ACTIVE_GIMPS_ASSIGNMENT,2026-08-06T12:58:23+00:00,UNALLOCATED,,,,,
SLCMP47-0224,224,1334,154073093,2^154073093-1,STRUCTURAL_SCREEN_EXHAUSTED_PRIMALITY_UNASSIGNED,FIRST_SINGULARITY_SHELL_EXHAUSTED_PRIMALITY_UNASSIGNED,513,9595,9595,NO_RECORDED_FACTOR_PRP_OR_LL_RESULT_AND_NO_ACTIVE_GIMPS_ASSIGNMENT,2026-08-06T12:58:23+00:00,UNALLOCATED,,,,,
SLCMP47-0225,225,1335,154073111,2^154073111-1,STRUCTURAL_SCREEN_EXHAUSTED_PRIMALITY_UNASSIGNED,FIRST_SINGULARITY_SHELL_EXHAUSTED_PRIMALITY_UNASSIGNED,514,9595,9595,NO_RECORDED_FACTOR_PRP_OR_LL_RESULT_AND_NO_ACTIVE_GIMPS_ASSIGNMENT,2026-08-06T12:58:23+00:00,UNALLOCATED,,,,,
SLCMP47-0226,226,1336,154073119,2^154073119-1,STRUCTURAL_SCREEN_EXHAUSTED_PRIMALITY_UNASSIGNED,FIRST_SINGULARITY_SHELL_EXHAUSTED_PRIMALITY_UNASSIGNED,514,9595,9595,NO_RECORDED_FACTOR_PRP_OR_LL_RESULT_AND_NO_ACTIVE_GIMPS_ASSIGNMENT,2026-08-06T12:58:23+00:00,UNALLOCATED,,,,,
SLCMP47-0227,227,1337,154073123,2^154073123-1,STRUCTURAL_SCREEN_EXHAUSTED_PRIMALITY_UNASSIGNED,FIRST_SINGULARITY_SHELL_EXHAUSTED_PRIMALITY_UNASSIGNED,514,9595,9595,NO_RECORDED_FACTOR_PRP_OR_LL_RESULT_AND_NO_ACTIVE_GIMPS_ASSIGNMENT,2026-08-06T12:58:23+00:00,UNALLOCATED,,,,,
SLCMP47-0228,228,1338,154073167,2^154073167-1,STRUCTURAL_SCREEN_EXHAUSTED_PRIMALITY_UNASSIGNED,FIRST_SINGULARITY_SHELL_EXHAUSTED_PRIMALITY_UNASSIGNED,514,9595,9595,NO_RECORDED_FACTOR_PRP_OR_LL_RESULT_AND_NO_ACTIVE_GIMPS_ASSIGNMENT,2026-08-06T12:58:23+00:00,UNALLOCATED,,,,,
SLCMP47-0229,229,1339,154073219,2^154073219-1,STRUCTURAL_SCREEN_EXHAUSTED_PRIMALITY_UNASSIGNED,FIRST_SINGULARITY_SHELL_EXHAUSTED_PRIMALITY_UNASSIGNED,514,9595,9595,NO_RECORDED_FACTOR_PRP_OR_LL_RESULT_AND_NO_ACTIVE_GIMPS_ASSIGNMENT,2026-08-06T12:58:23+00:00,UNALLOCATED,,,,,
SLCMP47-0230,230,1340,154073239,2^154073239-1,STRUCTURAL_SCREEN_EXHAUSTED_PRIMALITY_UNASSIGNED,FIRST_SINGULARITY_SHELL_EXHAUSTED_PRIMALITY_UNASSIGNED,514,9595,9595,NO_RECORDED_FACTOR_PRP_OR_LL_RESULT_AND_NO_ACTIVE_GIMPS_ASSIGNMENT,2026-08-06T12:58:23+00:00,UNALLOCATED,,,,,
SLCMP47-0231,231,1341,154073243,2^154073243-1,STRUCTURAL_SCREEN_EXHAUSTED_PRIMALITY_UNASSIGNED,FIRST_SINGULARITY_SHELL_EXHAUSTED_PRIMALITY_UNASSIGNED,514,9595,9595,NO_RECORDED_FACTOR_PRP_OR_LL_RESULT_AND_NO_ACTIVE_GIMPS_ASSIGNMENT,2026-08-06T12:58:23+00:00,UNALLOCATED,,,,,
SLCMP47-0232,232,1342,154073321,2^154073321-1,STRUCTURAL_SCREEN_EXHAUSTED_PRIMALITY_UNASSIGNED,FIRST_SINGULARITY_SHELL_EXHAUSTED_PRIMALITY_UNASSIGNED,513,9595,9595,NO_RECORDED_FACTOR_PRP_OR_LL_RESULT_AND_NO_ACTIVE_GIMPS_ASSIGNMENT,2026-08-06T12:58:23+00:00,UNALLOCATED,,,,,
SLCMP47-0233,233,1343,154073419,2^154073419-1,STRUCTURAL_SCREEN_EXHAUSTED_PRIMALITY_UNASSIGNED,FIRST_SINGULARITY_SHELL_EXHAUSTED_PRIMALITY_UNASSIGNED,514,9595,9595,NO_RECORDED_FACTOR_PRP_OR_LL_RESULT_AND_NO_ACTIVE_GIMPS_ASSIGNMENT,2026-08-06T12:58:23+00:00,UNALLOCATED,,,,,
SLCMP47-0234,234,1344,154073453,2^154073453-1,STRUCTURAL_SCREEN_EXHAUSTED_PRIMALITY_UNASSIGNED,FIRST_SINGULARITY_SHELL_EXHAUSTED_PRIMALITY_UNASSIGNED,513,9595,9595,NO_RECORDED_FACTOR_PRP_OR_LL_RESULT_AND_NO_ACTIVE_GIMPS_ASSIGNMENT,2026-08-06T12:58:23+00:00,UNALLOCATED,,,,,
SLCMP47-0235,235,1345,154073659,2^154073659-1,STRUCTURAL_SCREEN_EXHAUSTED_PRIMALITY_UNASSIGNED,FIRST_SINGULARITY_SHELL_EXHAUSTED_PRIMALITY_UNASSIGNED,514,9595,9595,NO_RECORDED_FACTOR_PRP_OR_LL_RESULT_AND_NO_ACTIVE_GIMPS_ASSIGNMENT,2026-08-06T12:58:23+00:00,UNALLOCATED,,,,,
SLCMP47-0236,236,1346,154073707,2^154073707-1,STRUCTURAL_SCREEN_EXHAUSTED_PRIMALITY_UNASSIGNED,FIRST_SINGULARITY_SHELL_EXHAUSTED_PRIMALITY_UNASSIGNED,514,9595,9595,NO_RECORDED_FACTOR_PRP_OR_LL_RESULT_AND_NO_ACTIVE_GIMPS_ASSIGNMENT,2026-08-06T12:58:23+00:00,UNALLOCATED,,,,,
SLCMP47-0237,237,1347,154073851,2^154073851-1,STRUCTURAL_SCREEN_EXHAUSTED_PRIMALITY_UNASSIGNED,FIRST_SINGULARITY_SHELL_EXHAUSTED_PRIMALITY_UNASSIGNED,514,9595,9595,NO_RECORDED_FACTOR_PRP_OR_LL_RESULT_AND_NO_ACTIVE_GIMPS_ASSIGNMENT,2026-08-06T12:58:23+00:00,UNALLOCATED,,,,,
SLCMP47-0238,238,1348,154073891,2^154073891-1,STRUCTURAL_SCREEN_EXHAUSTED_PRIMALITY_UNASSIGNED,FIRST_SINGULARITY_SHELL_EXHAUSTED_PRIMALITY_UNASSIGNED,514,9595,9595,NO_RECORDED_FACTOR_PRP_OR_LL_RESULT_AND_NO_ACTIVE_GIMPS_ASSIGNMENT,2026-08-06T12:58:23+00:00,UNALLOCATED,,,,,
SLCMP47-0239,239,1349,154073903,2^154073903-1,STRUCTURAL_SCREEN_EXHAUSTED_PRIMALITY_UNASSIGNED,FIRST_SINGULARITY_SHELL_EXHAUSTED_PRIMALITY_UNASSIGNED,514,9595,9595,NO_RECORDED_FACTOR_PRP_OR_LL_RESULT_AND_NO_ACTIVE_GIMPS_ASSIGNMENT,2026-08-06T12:58:23+00:00,UNALLOCATED,,,,,
SLCMP47-0240,240,1350,154073917,2^154073917-1,STRUCTURAL_SCREEN_EXHAUSTED_PRIMALITY_UNASSIGNED,FIRST_SINGULARITY_SHELL_EXHAUSTED_PRIMALITY_UNASSIGNED,513,9595,9595,NO_RECORDED_FACTOR_PRP_OR_LL_RESULT_AND_NO_ACTIVE_GIMPS_ASSIGNMENT,2026-08-06T12:58:23+00:00,UNALLOCATED,,,,,
SLCMP47-0241,241,1351,154073993,2^154073993-1,STRUCTURAL_SCREEN_EXHAUSTED_PRIMALITY_UNASSIGNED,FIRST_SINGULARITY_SHELL_EXHAUSTED_PRIMALITY_UNASSIGNED,513,9595,9595,NO_RECORDED_FACTOR_PRP_OR_LL_RESULT_AND_NO_ACTIVE_GIMPS_ASSIGNMENT,2026-08-06T12:58:23+00:00,UNALLOCATED,,,,,
SLCMP47-0242,242,1352,154074001,2^154074001-1,STRUCTURAL_SCREEN_EXHAUSTED_PRIMALITY_UNASSIGNED,FIRST_SINGULARITY_SHELL_EXHAUSTED_PRIMALITY_UNASSIGNED,513,9595,9595,NO_RECORDED_FACTOR_PRP_OR_LL_RESULT_AND_NO_ACTIVE_GIMPS_ASSIGNMENT,2026-08-06T12:58:23+00:00,UNALLOCATED,,,,,
SLCMP47-0243,243,1353,154074029,2^154074029-1,STRUCTURAL_SCREEN_EXHAUSTED_PRIMALITY_UNASSIGNED,FIRST_SINGULARITY_SHELL_EXHAUSTED_PRIMALITY_UNASSIGNED,513,9595,9595,NO_RECORDED_FACTOR_PRP_OR_LL_RESULT_AND_NO_ACTIVE_GIMPS_ASSIGNMENT,2026-08-06T12:58:23+00:00,UNALLOCATED,,,,,
SLCMP47-0244,244,1354,154074073,2^154074073-1,STRUCTURAL_SCREEN_EXHAUSTED_PRIMALITY_UNASSIGNED,FIRST_SINGULARITY_SHELL_EXHAUSTED_PRIMALITY_UNASSIGNED,513,9595,9595,NO_RECORDED_FACTOR_PRP_OR_LL_RESULT_AND_NO_ACTIVE_GIMPS_ASSIGNMENT,2026-08-06T12:58:23+00:00,UNALLOCATED,,,,,
SLCMP47-0245,245,1355,154074113,2^154074113-1,STRUCTURAL_SCREEN_EXHAUSTED_PRIMALITY_UNASSIGNED,FIRST_SINGULARITY_SHELL_EXHAUSTED_PRIMALITY_UNASSIGNED,513,9595,9595,NO_RECORDED_FACTOR_PRP_OR_LL_RESULT_AND_NO_ACTIVE_GIMPS_ASSIGNMENT,2026-08-06T12:58:23+00:00,UNALLOCATED,,,,,
SLCMP47-0246,246,1356,154074139,2^154074139-1,STRUCTURAL_SCREEN_EXHAUSTED_PRIMALITY_UNASSIGNED,FIRST_SINGULARITY_SHELL_EXHAUSTED_PRIMALITY_UNASSIGNED,514,9595,9595,NO_RECORDED_FACTOR_PRP_OR_LL_RESULT_AND_NO_ACTIVE_GIMPS_ASSIGNMENT,2026-08-06T12:58:23+00:00,UNALLOCATED,,,,,
SLCMP47-0247,247,1357,154074143,2^154074143-1,STRUCTURAL_SCREEN_EXHAUSTED_PRIMALITY_UNASSIGNED,FIRST_SINGULARITY_SHELL_EXHAUSTED_PRIMALITY_UNASSIGNED,514,9595,9595,NO_RECORDED_FACTOR_PRP_OR_LL_RESULT_AND_NO_ACTIVE_GIMPS_ASSIGNMENT,2026-08-06T12:58:23+00:00,UNALLOCATED,,,,,
SLCMP47-0248,248,1358,154074157,2^154074157-1,STRUCTURAL_SCREEN_EXHAUSTED_PRIMALITY_UNASSIGNED,FIRST_SINGULARITY_SHELL_EXHAUSTED_PRIMALITY_UNASSIGNED,513,9595,9595,NO_RECORDED_FACTOR_PRP_OR_LL_RESULT_AND_NO_ACTIVE_GIMPS_ASSIGNMENT,2026-08-06T12:58:23+00:00,UNALLOCATED,,,,,
SLCMP47-0249,249,1359,154074299,2^154074299-1,STRUCTURAL_SCREEN_EXHAUSTED_PRIMALITY_UNASSIGNED,FIRST_SINGULARITY_SHELL_EXHAUSTED_PRIMALITY_UNASSIGNED,514,9595,9595,NO_RECORDED_FACTOR_PRP_OR_LL_RESULT_AND_NO_ACTIVE_GIMPS_ASSIGNMENT,2026-08-06T12:58:23+00:00,UNALLOCATED,,,,,
SLCMP47-0250,250,1360,154074391,2^154074391-1,STRUCTURAL_SCREEN_EXHAUSTED_PRIMALITY_UNASSIGNED,FIRST_SINGULARITY_SHELL_EXHAUSTED_PRIMALITY_UNASSIGNED,514,9595,9595,NO_RECORDED_FACTOR_PRP_OR_LL_RESULT_AND_NO_ACTIVE_GIMPS_ASSIGNMENT,2026-08-06T12:58:23+00:00,UNALLOCATED,,,,,
SLCMP47-0251,251,1361,154074497,2^154074497-1,STRUCTURAL_SCREEN_EXHAUSTED_PRIMALITY_UNASSIGNED,FIRST_SINGULARITY_SHELL_EXHAUSTED_PRIMALITY_UNASSIGNED,513,9595,9595,NO_RECORDED_FACTOR_PRP_OR_LL_RESULT_AND_NO_ACTIVE_GIMPS_ASSIGNMENT,2026-08-06T12:58:23+00:00,UNALLOCATED,,,,,
SLCMP47-0252,252,1362,154074523,2^154074523-1,STRUCTURAL_SCREEN_EXHAUSTED_PRIMALITY_UNASSIGNED,FIRST_SINGULARITY_SHELL_EXHAUSTED_PRIMALITY_UNASSIGNED,514,9595,9595,NO_RECORDED_FACTOR_PRP_OR_LL_RESULT_AND_NO_ACTIVE_GIMPS_ASSIGNMENT,2026-08-06T12:58:23+00:00,UNALLOCATED,,,,,
SLCMP47-0253,253,1363,154074577,2^154074577-1,STRUCTURAL_SCREEN_EXHAUSTED_PRIMALITY_UNASSIGNED,FIRST_SINGULARITY_SHELL_EXHAUSTED_PRIMALITY_UNASSIGNED,513,9595,9595,NO_RECORDED_FACTOR_PRP_OR_LL_RESULT_AND_NO_ACTIVE_GIMPS_ASSIGNMENT,2026-08-06T12:58:23+00:00,UNALLOCATED,,,,,
SLCMP47-0254,254,1364,154074673,2^154074673-1,STRUCTURAL_SCREEN_EXHAUSTED_PRIMALITY_UNASSIGNED,FIRST_SINGULARITY_SHELL_EXHAUSTED_PRIMALITY_UNASSIGNED,513,9595,9595,NO_RECORDED_FACTOR_PRP_OR_LL_RESULT_AND_NO_ACTIVE_GIMPS_ASSIGNMENT,2026-08-06T12:58:23+00:00,UNALLOCATED,,,,,
SLCMP47-0255,255,1365,154074691,2^154074691-1,STRUCTURAL_SCREEN_EXHAUSTED_PRIMALITY_UNASSIGNED,FIRST_SINGULARITY_SHELL_EXHAUSTED_PRIMALITY_UNASSIGNED,514,9595,9595,NO_RECORDED_FACTOR_PRP_OR_LL_RESULT_AND_NO_ACTIVE_GIMPS_ASSIGNMENT,2026-08-06T12:58:23+00:00,UNALLOCATED,,,,,
SLCMP47-0256,256,1366,154074803,2^154074803-1,STRUCTURAL_SCREEN_EXHAUSTED_PRIMALITY_UNASSIGNED,FIRST_SINGULARITY_SHELL_EXHAUSTED_PRIMALITY_UNASSIGNED,514,9595,9595,NO_RECORDED_FACTOR_PRP_OR_LL_RESULT_AND_NO_ACTIVE_GIMPS_ASSIGNMENT,2026-08-06T12:58:23+00:00,UNALLOCATED,,,,,
SLCMP47-0257,257,1367,154074863,2^154074863-1,STRUCTURAL_SCREEN_EXHAUSTED_PRIMALITY_UNASSIGNED,FIRST_SINGULARITY_SHELL_EXHAUSTED_PRIMALITY_UNASSIGNED,514,9595,9595,NO_RECORDED_FACTOR_PRP_OR_LL_RESULT_AND_NO_ACTIVE_GIMPS_ASSIGNMENT,2026-08-06T12:58:23+00:00,UNALLOCATED,,,,,
SLCMP47-0258,258,1368,154074889,2^154074889-1,STRUCTURAL_SCREEN_EXHAUSTED_PRIMALITY_UNASSIGNED,FIRST_SINGULARITY_SHELL_EXHAUSTED_PRIMALITY_UNASSIGNED,513,9595,9595,NO_RECORDED_FACTOR_PRP_OR_LL_RESULT_AND_NO_ACTIVE_GIMPS_ASSIGNMENT,2026-08-06T12:58:23+00:00,UNALLOCATED,,,,,
SLCMP47-0259,259,1369,154074989,2^154074989-1,STRUCTURAL_SCREEN_EXHAUSTED_PRIMALITY_UNASSIGNED,FIRST_SINGULARITY_SHELL_EXHAUSTED_PRIMALITY_UNASSIGNED,513,9595,9595,NO_RECORDED_FACTOR_PRP_OR_LL_RESULT_AND_NO_ACTIVE_GIMPS_ASSIGNMENT,2026-08-06T12:58:23+00:00,UNALLOCATED,,,,,
SLCMP47-0260,260,1370,154075013,2^154075013-1,STRUCTURAL_SCREEN_EXHAUSTED_PRIMALITY_UNASSIGNED,FIRST_SINGULARITY_SHELL_EXHAUSTED_PRIMALITY_UNASSIGNED,513,9595,9595,NO_RECORDED_FACTOR_PRP_OR_LL_RESULT_AND_NO_ACTIVE_GIMPS_ASSIGNMENT,2026-08-06T12:58:23+00:00,UNALLOCATED,,,,,
SLCMP47-0261,261,1371,154075223,2^154075223-1,STRUCTURAL_SCREEN_EXHAUSTED_PRIMALITY_UNASSIGNED,FIRST_SINGULARITY_SHELL_EXHAUSTED_PRIMALITY_UNASSIGNED,514,9595,9595,NO_RECORDED_FACTOR_PRP_OR_LL_RESULT_AND_NO_ACTIVE_GIMPS_ASSIGNMENT,2026-08-06T12:58:23+00:00,UNALLOCATED,,,,,
SLCMP47-0262,262,1372,154075343,2^154075343-1,STRUCTURAL_SCREEN_EXHAUSTED_PRIMALITY_UNASSIGNED,FIRST_SINGULARITY_SHELL_EXHAUSTED_PRIMALITY_UNASSIGNED,514,9595,9595,NO_RECORDED_FACTOR_PRP_OR_LL_RESULT_AND_NO_ACTIVE_GIMPS_ASSIGNMENT,2026-08-06T12:58:23+00:00,UNALLOCATED,,,,,
SLCMP47-0263,263,1373,154075381,2^154075381-1,STRUCTURAL_SCREEN_EXHAUSTED_PRIMALITY_UNASSIGNED,FIRST_SINGULARITY_SHELL_EXHAUSTED_PRIMALITY_UNASSIGNED,513,9595,9595,NO_RECORDED_FACTOR_PRP_OR_LL_RESULT_AND_NO_ACTIVE_GIMPS_ASSIGNMENT,2026-08-06T12:58:23+00:00,UNALLOCATED,,,,,
SLCMP47-0264,264,1374,154075409,2^154075409-1,STRUCTURAL_SCREEN_EXHAUSTED_PRIMALITY_UNASSIGNED,FIRST_SINGULARITY_SHELL_EXHAUSTED_PRIMALITY_UNASSIGNED,513,9595,9595,NO_RECORDED_FACTOR_PRP_OR_LL_RESULT_AND_NO_ACTIVE_GIMPS_ASSIGNMENT,2026-08-06T12:58:23+00:00,UNALLOCATED,,,,,
SLCMP47-0265,265,1375,154075457,2^154075457-1,STRUCTURAL_SCREEN_EXHAUSTED_PRIMALITY_UNASSIGNED,FIRST_SINGULARITY_SHELL_EXHAUSTED_PRIMALITY_UNASSIGNED,513,9595,9595,NO_RECORDED_FACTOR_PRP_OR_LL_RESULT_AND_NO_ACTIVE_GIMPS_ASSIGNMENT,2026-08-06T12:58:23+00:00,UNALLOCATED,,,,,
SLCMP47-0266,266,1376,154075469,2^154075469-1,STRUCTURAL_SCREEN_EXHAUSTED_PRIMALITY_UNASSIGNED,FIRST_SINGULARITY_SHELL_EXHAUSTED_PRIMALITY_UNASSIGNED,513,9595,9595,NO_RECORDED_FACTOR_PRP_OR_LL_RESULT_AND_NO_ACTIVE_GIMPS_ASSIGNMENT,2026-08-06T12:58:23+00:00,UNALLOCATED,,,,,
SLCMP47-0267,267,1377,154075529,2^154075529-1,STRUCTURAL_SCREEN_EXHAUSTED_PRIMALITY_UNASSIGNED,FIRST_SINGULARITY_SHELL_EXHAUSTED_PRIMALITY_UNASSIGNED,513,9595,9595,NO_RECORDED_FACTOR_PRP_OR_LL_RESULT_AND_NO_ACTIVE_GIMPS_ASSIGNMENT,2026-08-06T12:58:23+00:00,UNALLOCATED,,,,,
SLCMP47-0268,268,1378,154075651,2^154075651-1,STRUCTURAL_SCREEN_EXHAUSTED_PRIMALITY_UNASSIGNED,FIRST_SINGULARITY_SHELL_EXHAUSTED_PRIMALITY_UNASSIGNED,514,9595,9595,NO_RECORDED_FACTOR_PRP_OR_LL_RESULT_AND_NO_ACTIVE_GIMPS_ASSIGNMENT,2026-08-06T12:58:23+00:00,UNALLOCATED,,,,,
SLCMP47-0269,269,1379,154075783,2^154075783-1,STRUCTURAL_SCREEN_EXHAUSTED_PRIMALITY_UNASSIGNED,FIRST_SINGULARITY_SHELL_EXHAUSTED_PRIMALITY_UNASSIGNED,514,9595,9595,NO_RECORDED_FACTOR_PRP_OR_LL_RESULT_AND_NO_ACTIVE_GIMPS_ASSIGNMENT,2026-08-06T12:58:23+00:00,UNALLOCATED,,,,,
SLCMP47-0270,270,1380,154075847,2^154075847-1,STRUCTURAL_SCREEN_EXHAUSTED_PRIMALITY_UNASSIGNED,FIRST_SINGULARITY_SHELL_EXHAUSTED_PRIMALITY_UNASSIGNED,514,9595,9595,NO_RECORDED_FACTOR_PRP_OR_LL_RESULT_AND_NO_ACTIVE_GIMPS_ASSIGNMENT,2026-08-06T12:58:23+00:00,UNALLOCATED,,,,,
SLCMP47-0271,271,1381,154075907,2^154075907-1,STRUCTURAL_SCREEN_EXHAUSTED_PRIMALITY_UNASSIGNED,FIRST_SINGULARITY_SHELL_EXHAUSTED_PRIMALITY_UNASSIGNED,514,9595,9595,NO_RECORDED_FACTOR_PRP_OR_LL_RESULT_AND_NO_ACTIVE_GIMPS_ASSIGNMENT,2026-08-06T12:58:23+00:00,UNALLOCATED,,,,,
SLCMP47-0272,272,1382,154075993,2^154075993-1,STRUCTURAL_SCREEN_EXHAUSTED_PRIMALITY_UNASSIGNED,FIRST_SINGULARITY_SHELL_EXHAUSTED_PRIMALITY_UNASSIGNED,513,9595,9595,NO_RECORDED_FACTOR_PRP_OR_LL_RESULT_AND_NO_ACTIVE_GIMPS_ASSIGNMENT,2026-08-06T12:58:23+00:00,UNALLOCATED,,,,,
SLCMP47-0273,273,1383,154076033,2^154076033-1,STRUCTURAL_SCREEN_EXHAUSTED_PRIMALITY_UNASSIGNED,FIRST_SINGULARITY_SHELL_EXHAUSTED_PRIMALITY_UNASSIGNED,513,9595,9595,NO_RECORDED_FACTOR_PRP_OR_LL_RESULT_AND_NO_ACTIVE_GIMPS_ASSIGNMENT,2026-08-06T12:58:23+00:00,UNALLOCATED,,,,,
SLCMP47-0274,274,1384,154076051,2^154076051-1,STRUCTURAL_SCREEN_EXHAUSTED_PRIMALITY_UNASSIGNED,FIRST_SINGULARITY_SHELL_EXHAUSTED_PRIMALITY_UNASSIGNED,514,9595,9595,NO_RECORDED_FACTOR_PRP_OR_LL_RESULT_AND_NO_ACTIVE_GIMPS_ASSIGNMENT,2026-08-06T12:58:23+00:00,UNALLOCATED,,,,,
SLCMP47-0275,275,1385,154076191,2^154076191-1,STRUCTURAL_SCREEN_EXHAUSTED_PRIMALITY_UNASSIGNED,FIRST_SINGULARITY_SHELL_EXHAUSTED_PRIMALITY_UNASSIGNED,514,9595,9595,NO_RECORDED_FACTOR_PRP_OR_LL_RESULT_AND_NO_ACTIVE_GIMPS_ASSIGNMENT,2026-08-06T12:58:23+00:00,UNALLOCATED,,,,,
SLCMP47-0276,276,1386,154076257,2^154076257-1,STRUCTURAL_SCREEN_EXHAUSTED_PRIMALITY_UNASSIGNED,FIRST_SINGULARITY_SHELL_EXHAUSTED_PRIMALITY_UNASSIGNED,513,9595,9595,NO_RECORDED_FACTOR_PRP_OR_LL_RESULT_AND_NO_ACTIVE_GIMPS_ASSIGNMENT,2026-08-06T12:58:23+00:00,UNALLOCATED,,,,,
SLCMP47-0277,277,1387,154076311,2^154076311-1,STRUCTURAL_SCREEN_EXHAUSTED_PRIMALITY_UNASSIGNED,FIRST_SINGULARITY_SHELL_EXHAUSTED_PRIMALITY_UNASSIGNED,514,9595,9595,NO_RECORDED_FACTOR_PRP_OR_LL_RESULT_AND_NO_ACTIVE_GIMPS_ASSIGNMENT,2026-08-06T12:58:23+00:00,UNALLOCATED,,,,,
SLCMP47-0278,278,1388,154076393,2^154076393-1,STRUCTURAL_SCREEN_EXHAUSTED_PRIMALITY_UNASSIGNED,FIRST_SINGULARITY_SHELL_EXHAUSTED_PRIMALITY_UNASSIGNED,513,9595,9595,NO_RECORDED_FACTOR_PRP_OR_LL_RESULT_AND_NO_ACTIVE_GIMPS_ASSIGNMENT,2026-08-06T12:58:23+00:00,UNALLOCATED,,,,,
SLCMP47-0279,279,1389,154076413,2^154076413-1,STRUCTURAL_SCREEN_EXHAUSTED_PRIMALITY_UNASSIGNED,FIRST_SINGULARITY_SHELL_EXHAUSTED_PRIMALITY_UNASSIGNED,513,9595,9595,NO_RECORDED_FACTOR_PRP_OR_LL_RESULT_AND_NO_ACTIVE_GIMPS_ASSIGNMENT,2026-08-06T12:58:23+00:00,UNALLOCATED,,,,,
SLCMP47-0280,280,1390,154076443,2^154076443-1,STRUCTURAL_SCREEN_EXHAUSTED_PRIMALITY_UNASSIGNED,FIRST_SINGULARITY_SHELL_EXHAUSTED_PRIMALITY_UNASSIGNED,514,9595,9595,NO_RECORDED_FACTOR_PRP_OR_LL_RESULT_AND_NO_ACTIVE_GIMPS_ASSIGNMENT,2026-08-06T12:58:23+00:00,UNALLOCATED,,,,,
SLCMP47-0281,281,1391,154076569,2^154076569-1,STRUCTURAL_SCREEN_EXHAUSTED_PRIMALITY_UNASSIGNED,FIRST_SINGULARITY_SHELL_EXHAUSTED_PRIMALITY_UNASSIGNED,513,9595,9595,NO_RECORDED_FACTOR_PRP_OR_LL_RESULT_AND_NO_ACTIVE_GIMPS_ASSIGNMENT,2026-08-06T12:58:23+00:00,UNALLOCATED,,,,,
SLCMP47-0282,282,1392,154076633,2^154076633-1,STRUCTURAL_SCREEN_EXHAUSTED_PRIMALITY_UNASSIGNED,FIRST_SINGULARITY_SHELL_EXHAUSTED_PRIMALITY_UNASSIGNED,513,9595,9595,NO_RECORDED_FACTOR_PRP_OR_LL_RESULT_AND_NO_ACTIVE_GIMPS_ASSIGNMENT,2026-08-06T12:58:23+00:00,UNALLOCATED,,,,,
SLCMP47-0283,283,1393,154076707,2^154076707-1,STRUCTURAL_SCREEN_EXHAUSTED_PRIMALITY_UNASSIGNED,FIRST_SINGULARITY_SHELL_EXHAUSTED_PRIMALITY_UNASSIGNED,514,9595,9595,NO_RECORDED_FACTOR_PRP_OR_LL_RESULT_AND_NO_ACTIVE_GIMPS_ASSIGNMENT,2026-08-06T12:58:23+00:00,UNALLOCATED,,,,,
SLCMP47-0284,284,1394,154076761,2^154076761-1,STRUCTURAL_SCREEN_EXHAUSTED_PRIMALITY_UNASSIGNED,FIRST_SINGULARITY_SHELL_EXHAUSTED_PRIMALITY_UNASSIGNED,513,9595,9595,NO_RECORDED_FACTOR_PRP_OR_LL_RESULT_AND_NO_ACTIVE_GIMPS_ASSIGNMENT,2026-08-06T12:58:23+00:00,UNALLOCATED,,,,,
SLCMP47-0285,285,1395,154076821,2^154076821-1,STRUCTURAL_SCREEN_EXHAUSTED_PRIMALITY_UNASSIGNED,FIRST_SINGULARITY_SHELL_EXHAUSTED_PRIMALITY_UNASSIGNED,513,9595,9595,NO_RECORDED_FACTOR_PRP_OR_LL_RESULT_AND_NO_ACTIVE_GIMPS_ASSIGNMENT,2026-08-06T12:58:23+00:00,UNALLOCATED,,,,,
SLCMP47-0286,286,1396,154076849,2^154076849-1,STRUCTURAL_SCREEN_EXHAUSTED_PRIMALITY_UNASSIGNED,FIRST_SINGULARITY_SHELL_EXHAUSTED_PRIMALITY_UNASSIGNED,513,9595,9595,NO_RECORDED_FACTOR_PRP_OR_LL_RESULT_AND_NO_ACTIVE_GIMPS_ASSIGNMENT,2026-08-06T12:58:23+00:00,UNALLOCATED,,,,,
SLCMP47-0287,287,1397,154076863,2^154076863-1,STRUCTURAL_SCREEN_EXHAUSTED_PRIMALITY_UNASSIGNED,FIRST_SINGULARITY_SHELL_EXHAUSTED_PRIMALITY_UNASSIGNED,514,9595,9595,NO_RECORDED_FACTOR_PRP_OR_LL_RESULT_AND_NO_ACTIVE_GIMPS_ASSIGNMENT,2026-08-06T12:58:23+00:00,UNALLOCATED,,,,,
SLCMP47-0288,288,1398,154076873,2^154076873-1,STRUCTURAL_SCREEN_EXHAUSTED_PRIMALITY_UNASSIGNED,FIRST_SINGULARITY_SHELL_EXHAUSTED_PRIMALITY_UNASSIGNED,513,9595,9595,NO_RECORDED_FACTOR_PRP_OR_LL_RESULT_AND_NO_ACTIVE_GIMPS_ASSIGNMENT,2026-08-06T12:58:23+00:00,UNALLOCATED,,,,,
SLCMP47-0289,289,1399,154076929,2^154076929-1,STRUCTURAL_SCREEN_EXHAUSTED_PRIMALITY_UNASSIGNED,FIRST_SINGULARITY_SHELL_EXHAUSTED_PRIMALITY_UNASSIGNED,513,9595,9595,NO_RECORDED_FACTOR_PRP_OR_LL_RESULT_AND_NO_ACTIVE_GIMPS_ASSIGNMENT,2026-08-06T12:58:23+00:00,UNALLOCATED,,,,,
SLCMP47-0290,290,1400,154076987,2^154076987-1,STRUCTURAL_SCREEN_EXHAUSTED_PRIMALITY_UNASSIGNED,FIRST_SINGULARITY_SHELL_EXHAUSTED_PRIMALITY_UNASSIGNED,514,9595,9595,NO_RECORDED_FACTOR_PRP_OR_LL_RESULT_AND_NO_ACTIVE_GIMPS_ASSIGNMENT,2026-08-06T12:58:23+00:00,UNALLOCATED,,,,,
SLCMP47-0291,291,1401,154077071,2^154077071-1,STRUCTURAL_SCREEN_EXHAUSTED_PRIMALITY_UNASSIGNED,FIRST_SINGULARITY_SHELL_EXHAUSTED_PRIMALITY_UNASSIGNED,514,9595,9595,NO_RECORDED_FACTOR_PRP_OR_LL_RESULT_AND_NO_ACTIVE_GIMPS_ASSIGNMENT,2026-08-06T12:58:23+00:00,UNALLOCATED,,,,,
SLCMP47-0292,292,1402,154077181,2^154077181-1,STRUCTURAL_SCREEN_EXHAUSTED_PRIMALITY_UNASSIGNED,FIRST_SINGULARITY_SHELL_EXHAUSTED_PRIMALITY_UNASSIGNED,513,9595,9595,NO_RECORDED_FACTOR_PRP_OR_LL_RESULT_AND_NO_ACTIVE_GIMPS_ASSIGNMENT,2026-08-06T12:58:23+00:00,UNALLOCATED,,,,,
SLCMP47-0293,293,1403,154077263,2^154077263-1,STRUCTURAL_SCREEN_EXHAUSTED_PRIMALITY_UNASSIGNED,FIRST_SINGULARITY_SHELL_EXHAUSTED_PRIMALITY_UNASSIGNED,514,9595,9595,NO_RECORDED_FACTOR_PRP_OR_LL_RESULT_AND_NO_ACTIVE_GIMPS_ASSIGNMENT,2026-08-06T12:58:23+00:00,UNALLOCATED,,,,,
SLCMP47-0294,294,1404,154077283,2^154077283-1,STRUCTURAL_SCREEN_EXHAUSTED_PRIMALITY_UNASSIGNED,FIRST_SINGULARITY_SHELL_EXHAUSTED_PRIMALITY_UNASSIGNED,514,9595,9595,NO_RECORDED_FACTOR_PRP_OR_LL_RESULT_AND_NO_ACTIVE_GIMPS_ASSIGNMENT,2026-08-06T12:58:23+00:00,UNALLOCATED,,,,,
SLCMP47-0295,295,1405,154077367,2^154077367-1,STRUCTURAL_SCREEN_EXHAUSTED_PRIMALITY_UNASSIGNED,FIRST_SINGULARITY_SHELL_EXHAUSTED_PRIMALITY_UNASSIGNED,514,9595,9595,NO_RECORDED_FACTOR_PRP_OR_LL_RESULT_AND_NO_ACTIVE_GIMPS_ASSIGNMENT,2026-08-06T12:58:23+00:00,UNALLOCATED,,,,,
SLCMP47-0296,296,1406,154077439,2^154077439-1,STRUCTURAL_SCREEN_EXHAUSTED_PRIMALITY_UNASSIGNED,FIRST_SINGULARITY_SHELL_EXHAUSTED_PRIMALITY_UNASSIGNED,514,9595,9595,NO_RECORDED_FACTOR_PRP_OR_LL_RESULT_AND_NO_ACTIVE_GIMPS_ASSIGNMENT,2026-08-06T12:58:23+00:00,UNALLOCATED,,,,,
SLCMP47-0297,297,1407,154077527,2^154077527-1,STRUCTURAL_SCREEN_EXHAUSTED_PRIMALITY_UNASSIGNED,FIRST_SINGULARITY_SHELL_EXHAUSTED_PRIMALITY_UNASSIGNED,514,9595,9595,NO_RECORDED_FACTOR_PRP_OR_LL_RESULT_AND_NO_ACTIVE_GIMPS_ASSIGNMENT,2026-08-06T12:58:23+00:00,UNALLOCATED,,,,,
SLCMP47-0298,298,1408,154077559,2^154077559-1,STRUCTURAL_SCREEN_EXHAUSTED_PRIMALITY_UNASSIGNED,FIRST_SINGULARITY_SHELL_EXHAUSTED_PRIMALITY_UNASSIGNED,514,9595,9595,NO_RECORDED_FACTOR_PRP_OR_LL_RESULT_AND_NO_ACTIVE_GIMPS_ASSIGNMENT,2026-08-06T12:58:23+00:00,UNALLOCATED,,,,,
SLCMP47-0299,299,1409,154077587,2^154077587-1,STRUCTURAL_SCREEN_EXHAUSTED_PRIMALITY_UNASSIGNED,FIRST_SINGULARITY_SHELL_EXHAUSTED_PRIMALITY_UNASSIGNED,514,9595,9595,NO_RECORDED_FACTOR_PRP_OR_LL_RESULT_AND_NO_ACTIVE_GIMPS_ASSIGNMENT,2026-08-06T12:58:23+00:00,UNALLOCATED,,,,,
SLCMP47-0300,300,1410,154077659,2^154077659-1,STRUCTURAL_SCREEN_EXHAUSTED_PRIMALITY_UNASSIGNED,FIRST_SINGULARITY_SHELL_EXHAUSTED_PRIMALITY_UNASSIGNED,514,9595,9595,NO_RECORDED_FACTOR_PRP_OR_LL_RESULT_AND_NO_ACTIVE_GIMPS_ASSIGNMENT,2026-08-06T12:58:23+00:00,UNALLOCATED,,,,,
SLCMP47-0301,301,1411,154077661,2^154077661-1,STRUCTURAL_SCREEN_EXHAUSTED_PRIMALITY_UNASSIGNED,FIRST_SINGULARITY_SHELL_EXHAUSTED_PRIMALITY_UNASSIGNED,513,9595,9595,NO_RECORDED_FACTOR_PRP_OR_LL_RESULT_AND_NO_ACTIVE_GIMPS_ASSIGNMENT,2026-08-06T12:58:23+00:00,UNALLOCATED,,,,,
SLCMP47-0302,302,1412,154077701,2^154077701-1,STRUCTURAL_SCREEN_EXHAUSTED_PRIMALITY_UNASSIGNED,FIRST_SINGULARITY_SHELL_EXHAUSTED_PRIMALITY_UNASSIGNED,513,9595,9595,NO_RECORDED_FACTOR_PRP_OR_LL_RESULT_AND_NO_ACTIVE_GIMPS_ASSIGNMENT,2026-08-06T12:58:23+00:00,UNALLOCATED,,,,,
SLCMP47-0303,303,1413,154077829,2^154077829-1,STRUCTURAL_SCREEN_EXHAUSTED_PRIMALITY_UNASSIGNED,FIRST_SINGULARITY_SHELL_EXHAUSTED_PRIMALITY_UNASSIGNED,513,9595,9595,NO_RECORDED_FACTOR_PRP_OR_LL_RESULT_AND_NO_ACTIVE_GIMPS_ASSIGNMENT,2026-08-06T12:58:23+00:00,UNALLOCATED,,,,,
SLCMP47-0304,304,1414,154077893,2^154077893-1,STRUCTURAL_SCREEN_EXHAUSTED_PRIMALITY_UNASSIGNED,FIRST_SINGULARITY_SHELL_EXHAUSTED_PRIMALITY_UNASSIGNED,513,9595,9595,NO_RECORDED_FACTOR_PRP_OR_LL_RESULT_AND_NO_ACTIVE_GIMPS_ASSIGNMENT,2026-08-06T12:58:23+00:00,UNALLOCATED,,,,,
SLCMP47-0305,305,1415,154077949,2^154077949-1,STRUCTURAL_SCREEN_EXHAUSTED_PRIMALITY_UNASSIGNED,FIRST_SINGULARITY_SHELL_EXHAUSTED_PRIMALITY_UNASSIGNED,513,9595,9595,NO_RECORDED_FACTOR_PRP_OR_LL_RESULT_AND_NO_ACTIVE_GIMPS_ASSIGNMENT,2026-08-06T12:58:23+00:00,UNALLOCATED,,,,,
SLCMP47-0306,306,1416,154077991,2^154077991-1,STRUCTURAL_SCREEN_EXHAUSTED_PRIMALITY_UNASSIGNED,FIRST_SINGULARITY_SHELL_EXHAUSTED_PRIMALITY_UNASSIGNED,514,9595,9595,NO_RECORDED_FACTOR_PRP_OR_LL_RESULT_AND_NO_ACTIVE_GIMPS_ASSIGNMENT,2026-08-06T12:58:23+00:00,UNALLOCATED,,,,,
SLCMP47-0307,307,1417,154078013,2^154078013-1,STRUCTURAL_SCREEN_EXHAUSTED_PRIMALITY_UNASSIGNED,FIRST_SINGULARITY_SHELL_EXHAUSTED_PRIMALITY_UNASSIGNED,513,9595,9595,NO_RECORDED_FACTOR_PRP_OR_LL_RESULT_AND_NO_ACTIVE_GIMPS_ASSIGNMENT,2026-08-06T12:58:23+00:00,UNALLOCATED,,,,,
SLCMP47-0308,308,1418,154078033,2^154078033-1,STRUCTURAL_SCREEN_EXHAUSTED_PRIMALITY_UNASSIGNED,FIRST_SINGULARITY_SHELL_EXHAUSTED_PRIMALITY_UNASSIGNED,513,9595,9595,NO_RECORDED_FACTOR_PRP_OR_LL_RESULT_AND_NO_ACTIVE_GIMPS_ASSIGNMENT,2026-08-06T12:58:23+00:00,UNALLOCATED,,,,,
SLCMP47-0309,309,1419,154078103,2^154078103-1,STRUCTURAL_SCREEN_EXHAUSTED_PRIMALITY_UNASSIGNED,FIRST_SINGULARITY_SHELL_EXHAUSTED_PRIMALITY_UNASSIGNED,514,9595,9595,NO_RECORDED_FACTOR_PRP_OR_LL_RESULT_AND_NO_ACTIVE_GIMPS_ASSIGNMENT,2026-08-06T12:58:23+00:00,UNALLOCATED,,,,,
SLCMP47-0310,310,1420,154078151,2^154078151-1,STRUCTURAL_SCREEN_EXHAUSTED_PRIMALITY_UNASSIGNED,FIRST_SINGULARITY_SHELL_EXHAUSTED_PRIMALITY_UNASSIGNED,514,9595,9595,NO_RECORDED_FACTOR_PRP_OR_LL_RESULT_AND_NO_ACTIVE_GIMPS_ASSIGNMENT,2026-08-06T12:58:23+00:00,UNALLOCATED,,,,,
SLCMP47-0311,311,1421,154078187,2^154078187-1,STRUCTURAL_SCREEN_EXHAUSTED_PRIMALITY_UNASSIGNED,FIRST_SINGULARITY_SHELL_EXHAUSTED_PRIMALITY_UNASSIGNED,514,9595,9595,NO_RECORDED_FACTOR_PRP_OR_LL_RESULT_AND_NO_ACTIVE_GIMPS_ASSIGNMENT,2026-08-06T12:58:23+00:00,UNALLOCATED,,,,,
SLCMP47-0312,312,1422,154078271,2^154078271-1,STRUCTURAL_SCREEN_EXHAUSTED_PRIMALITY_UNASSIGNED,FIRST_SINGULARITY_SHELL_EXHAUSTED_PRIMALITY_UNASSIGNED,514,9595,9595,NO_RECORDED_FACTOR_PRP_OR_LL_RESULT_AND_NO_ACTIVE_GIMPS_ASSIGNMENT,2026-08-06T12:58:23+00:00,UNALLOCATED,,,,,
SLCMP47-0313,313,1423,154078273,2^154078273-1,STRUCTURAL_SCREEN_EXHAUSTED_PRIMALITY_UNASSIGNED,FIRST_SINGULARITY_SHELL_EXHAUSTED_PRIMALITY_UNASSIGNED,513,9595,9595,NO_RECORDED_FACTOR_PRP_OR_LL_RESULT_AND_NO_ACTIVE_GIMPS_ASSIGNMENT,2026-08-06T12:58:23+00:00,UNALLOCATED,,,,,
SLCMP47-0314,314,1424,154078487,2^154078487-1,STRUCTURAL_SCREEN_EXHAUSTED_PRIMALITY_UNASSIGNED,FIRST_SINGULARITY_SHELL_EXHAUSTED_PRIMALITY_UNASSIGNED,514,9595,9595,NO_RECORDED_FACTOR_PRP_OR_LL_RESULT_AND_NO_ACTIVE_GIMPS_ASSIGNMENT,2026-08-06T12:58:23+00:00,UNALLOCATED,,,,,
SLCMP47-0315,315,1425,154078511,2^154078511-1,STRUCTURAL_SCREEN_EXHAUSTED_PRIMALITY_UNASSIGNED,FIRST_SINGULARITY_SHELL_EXHAUSTED_PRIMALITY_UNASSIGNED,514,9595,9595,NO_RECORDED_FACTOR_PRP_OR_LL_RESULT_AND_NO_ACTIVE_GIMPS_ASSIGNMENT,2026-08-06T12:58:23+00:00,UNALLOCATED,,,,,
SLCMP47-0316,316,1426,154078513,2^154078513-1,STRUCTURAL_SCREEN_EXHAUSTED_PRIMALITY_UNASSIGNED,FIRST_SINGULARITY_SHELL_EXHAUSTED_PRIMALITY_UNASSIGNED,513,9595,9595,NO_RECORDED_FACTOR_PRP_OR_LL_RESULT_AND_NO_ACTIVE_GIMPS_ASSIGNMENT,2026-08-06T12:58:23+00:00,UNALLOCATED,,,,,
SLCMP47-0317,317,1427,154078523,2^154078523-1,STRUCTURAL_SCREEN_EXHAUSTED_PRIMALITY_UNASSIGNED,FIRST_SINGULARITY_SHELL_EXHAUSTED_PRIMALITY_UNASSIGNED,514,9595,9595,NO_RECORDED_FACTOR_PRP_OR_LL_RESULT_AND_NO_ACTIVE_GIMPS_ASSIGNMENT,2026-08-06T12:58:23+00:00,UNALLOCATED,,,,,
SLCMP47-0318,318,1428,154078571,2^154078571-1,STRUCTURAL_SCREEN_EXHAUSTED_PRIMALITY_UNASSIGNED,FIRST_SINGULARITY_SHELL_EXHAUSTED_PRIMALITY_UNASSIGNED,514,9595,9595,NO_RECORDED_FACTOR_PRP_OR_LL_RESULT_AND_NO_ACTIVE_GIMPS_ASSIGNMENT,2026-08-06T12:58:23+00:00,UNALLOCATED,,,,,
SLCMP47-0319,319,1429,154078577,2^154078577-1,STRUCTURAL_SCREEN_EXHAUSTED_PRIMALITY_UNASSIGNED,FIRST_SINGULARITY_SHELL_EXHAUSTED_PRIMALITY_UNASSIGNED,513,9595,9595,NO_RECORDED_FACTOR_PRP_OR_LL_RESULT_AND_NO_ACTIVE_GIMPS_ASSIGNMENT,2026-08-06T12:58:23+00:00,UNALLOCATED,,,,,
SLCMP47-0320,320,1430,154078637,2^154078637-1,STRUCTURAL_SCREEN_EXHAUSTED_PRIMALITY_UNASSIGNED,FIRST_SINGULARITY_SHELL_EXHAUSTED_PRIMALITY_UNASSIGNED,513,9595,9595,NO_RECORDED_FACTOR_PRP_OR_LL_RESULT_AND_NO_ACTIVE_GIMPS_ASSIGNMENT,2026-08-06T12:58:23+00:00,UNALLOCATED,,,,,
SLCMP47-0321,321,1431,154078703,2^154078703-1,STRUCTURAL_SCREEN_EXHAUSTED_PRIMALITY_UNASSIGNED,FIRST_SINGULARITY_SHELL_EXHAUSTED_PRIMALITY_UNASSIGNED,514,9595,9595,NO_RECORDED_FACTOR_PRP_OR_LL_RESULT_AND_NO_ACTIVE_GIMPS_ASSIGNMENT,2026-08-06T12:58:23+00:00,UNALLOCATED,,,,,
SLCMP47-0322,322,1432,154078829,2^154078829-1,STRUCTURAL_SCREEN_EXHAUSTED_PRIMALITY_UNASSIGNED,FIRST_SINGULARITY_SHELL_EXHAUSTED_PRIMALITY_UNASSIGNED,513,9595,9595,NO_RECORDED_FACTOR_PRP_OR_LL_RESULT_AND_NO_ACTIVE_GIMPS_ASSIGNMENT,2026-08-06T12:58:23+00:00,UNALLOCATED,,,,,
SLCMP47-0323,323,1433,154078877,2^154078877-1,STRUCTURAL_SCREEN_EXHAUSTED_PRIMALITY_UNASSIGNED,FIRST_SINGULARITY_SHELL_EXHAUSTED_PRIMALITY_UNASSIGNED,513,9595,9595,NO_RECORDED_FACTOR_PRP_OR_LL_RESULT_AND_NO_ACTIVE_GIMPS_ASSIGNMENT,2026-08-06T12:58:23+00:00,UNALLOCATED,,,,,
SLCMP47-0324,324,1434,154078919,2^154078919-1,STRUCTURAL_SCREEN_EXHAUSTED_PRIMALITY_UNASSIGNED,FIRST_SINGULARITY_SHELL_EXHAUSTED_PRIMALITY_UNASSIGNED,514,9595,9595,NO_RECORDED_FACTOR_PRP_OR_LL_RESULT_AND_NO_ACTIVE_GIMPS_ASSIGNMENT,2026-08-06T12:58:23+00:00,UNALLOCATED,,,,,
SLCMP47-0325,325,1435,154078937,2^154078937-1,STRUCTURAL_SCREEN_EXHAUSTED_PRIMALITY_UNASSIGNED,FIRST_SINGULARITY_SHELL_EXHAUSTED_PRIMALITY_UNASSIGNED,513,9595,9595,NO_RECORDED_FACTOR_PRP_OR_LL_RESULT_AND_NO_ACTIVE_GIMPS_ASSIGNMENT,2026-08-06T12:58:23+00:00,UNALLOCATED,,,,,
SLCMP47-0326,326,1436,154079027,2^154079027-1,STRUCTURAL_SCREEN_EXHAUSTED_PRIMALITY_UNASSIGNED,FIRST_SINGULARITY_SHELL_EXHAUSTED_PRIMALITY_UNASSIGNED,514,9595,9595,NO_RECORDED_FACTOR_PRP_OR_LL_RESULT_AND_NO_ACTIVE_GIMPS_ASSIGNMENT,2026-08-06T12:58:23+00:00,UNALLOCATED,,,,,
SLCMP47-0327,327,1437,154079053,2^154079053-1,STRUCTURAL_SCREEN_EXHAUSTED_PRIMALITY_UNASSIGNED,FIRST_SINGULARITY_SHELL_EXHAUSTED_PRIMALITY_UNASSIGNED,513,9595,9595,NO_RECORDED_FACTOR_PRP_OR_LL_RESULT_AND_NO_ACTIVE_GIMPS_ASSIGNMENT,2026-08-06T12:58:23+00:00,UNALLOCATED,,,,,
SLCMP47-0328,328,1438,154079087,2^154079087-1,STRUCTURAL_SCREEN_EXHAUSTED_PRIMALITY_UNASSIGNED,FIRST_SINGULARITY_SHELL_EXHAUSTED_PRIMALITY_UNASSIGNED,514,9595,9595,NO_RECORDED_FACTOR_PRP_OR_LL_RESULT_AND_NO_ACTIVE_GIMPS_ASSIGNMENT,2026-08-06T12:58:23+00:00,UNALLOCATED,,,,,
SLCMP47-0329,329,1439,154079119,2^154079119-1,STRUCTURAL_SCREEN_EXHAUSTED_PRIMALITY_UNASSIGNED,FIRST_SINGULARITY_SHELL_EXHAUSTED_PRIMALITY_UNASSIGNED,514,9595,9595,NO_RECORDED_FACTOR_PRP_OR_LL_RESULT_AND_NO_ACTIVE_GIMPS_ASSIGNMENT,2026-08-06T12:58:23+00:00,UNALLOCATED,,,,,
SLCMP47-0330,330,1440,154079131,2^154079131-1,STRUCTURAL_SCREEN_EXHAUSTED_PRIMALITY_UNASSIGNED,FIRST_SINGULARITY_SHELL_EXHAUSTED_PRIMALITY_UNASSIGNED,514,9595,9595,NO_RECORDED_FACTOR_PRP_OR_LL_RESULT_AND_NO_ACTIVE_GIMPS_ASSIGNMENT,2026-08-06T12:58:23+00:00,UNALLOCATED,,,,,
SLCMP47-0331,331,1441,154079141,2^154079141-1,STRUCTURAL_SCREEN_EXHAUSTED_PRIMALITY_UNASSIGNED,FIRST_SINGULARITY_SHELL_EXHAUSTED_PRIMALITY_UNASSIGNED,513,9595,9595,NO_RECORDED_FACTOR_PRP_OR_LL_RESULT_AND_NO_ACTIVE_GIMPS_ASSIGNMENT,2026-08-06T12:58:23+00:00,UNALLOCATED,,,,,
SLCMP47-0332,332,1442,154079161,2^154079161-1,STRUCTURAL_SCREEN_EXHAUSTED_PRIMALITY_UNASSIGNED,FIRST_SINGULARITY_SHELL_EXHAUSTED_PRIMALITY_UNASSIGNED,513,9595,9595,NO_RECORDED_FACTOR_PRP_OR_LL_RESULT_AND_NO_ACTIVE_GIMPS_ASSIGNMENT,2026-08-06T12:58:23+00:00,UNALLOCATED,,,,,
SLCMP47-0333,333,1443,154079423,2^154079423-1,STRUCTURAL_SCREEN_EXHAUSTED_PRIMALITY_UNASSIGNED,FIRST_SINGULARITY_SHELL_EXHAUSTED_PRIMALITY_UNASSIGNED,514,9595,9595,NO_RECORDED_FACTOR_PRP_OR_LL_RESULT_AND_NO_ACTIVE_GIMPS_ASSIGNMENT,2026-08-06T12:58:23+00:00,UNALLOCATED,,,,,
SLCMP47-0334,334,1444,154079437,2^154079437-1,STRUCTURAL_SCREEN_EXHAUSTED_PRIMALITY_UNASSIGNED,FIRST_SINGULARITY_SHELL_EXHAUSTED_PRIMALITY_UNASSIGNED,513,9595,9595,NO_RECORDED_FACTOR_PRP_OR_LL_RESULT_AND_NO_ACTIVE_GIMPS_ASSIGNMENT,2026-08-06T12:58:23+00:00,UNALLOCATED,,,,,
SLCMP47-0335,335,1445,154079521,2^154079521-1,STRUCTURAL_SCREEN_EXHAUSTED_PRIMALITY_UNASSIGNED,FIRST_SINGULARITY_SHELL_EXHAUSTED_PRIMALITY_UNASSIGNED,513,9595,9595,NO_RECORDED_FACTOR_PRP_OR_LL_RESULT_AND_NO_ACTIVE_GIMPS_ASSIGNMENT,2026-08-06T12:58:23+00:00,UNALLOCATED,,,,,
SLCMP47-0336,336,1446,154079537,2^154079537-1,STRUCTURAL_SCREEN_EXHAUSTED_PRIMALITY_UNASSIGNED,FIRST_SINGULARITY_SHELL_EXHAUSTED_PRIMALITY_UNASSIGNED,513,9595,9595,NO_RECORDED_FACTOR_PRP_OR_LL_RESULT_AND_NO_ACTIVE_GIMPS_ASSIGNMENT,2026-08-06T12:58:23+00:00,UNALLOCATED,,,,,
SLCMP47-0337,337,1447,154079561,2^154079561-1,STRUCTURAL_SCREEN_EXHAUSTED_PRIMALITY_UNASSIGNED,FIRST_SINGULARITY_SHELL_EXHAUSTED_PRIMALITY_UNASSIGNED,513,9595,9595,NO_RECORDED_FACTOR_PRP_OR_LL_RESULT_AND_NO_ACTIVE_GIMPS_ASSIGNMENT,2026-08-06T12:58:23+00:00,UNALLOCATED,,,,,
SLCMP47-0338,338,1448,154079603,2^154079603-1,STRUCTURAL_SCREEN_EXHAUSTED_PRIMALITY_UNASSIGNED,FIRST_SINGULARITY_SHELL_EXHAUSTED_PRIMALITY_UNASSIGNED,514,9595,9595,NO_RECORDED_FACTOR_PRP_OR_LL_RESULT_AND_NO_ACTIVE_GIMPS_ASSIGNMENT,2026-08-06T12:58:23+00:00,UNALLOCATED,,,,,
SLCMP47-0339,339,1449,154079609,2^154079609-1,STRUCTURAL_SCREEN_EXHAUSTED_PRIMALITY_UNASSIGNED,FIRST_SINGULARITY_SHELL_EXHAUSTED_PRIMALITY_UNASSIGNED,513,9595,9595,NO_RECORDED_FACTOR_PRP_OR_LL_RESULT_AND_NO_ACTIVE_GIMPS_ASSIGNMENT,2026-08-06T12:58:23+00:00,UNALLOCATED,,,,,
SLCMP47-0340,340,1450,154079867,2^154079867-1,STRUCTURAL_SCREEN_EXHAUSTED_PRIMALITY_UNASSIGNED,FIRST_SINGULARITY_SHELL_EXHAUSTED_PRIMALITY_UNASSIGNED,514,9595,9595,NO_RECORDED_FACTOR_PRP_OR_LL_RESULT_AND_NO_ACTIVE_GIMPS_ASSIGNMENT,2026-08-06T12:58:23+00:00,UNALLOCATED,,,,,
SLCMP47-0341,341,1451,154079953,2^154079953-1,STRUCTURAL_SCREEN_EXHAUSTED_PRIMALITY_UNASSIGNED,FIRST_SINGULARITY_SHELL_EXHAUSTED_PRIMALITY_UNASSIGNED,513,9595,9595,NO_RECORDED_FACTOR_PRP_OR_LL_RESULT_AND_NO_ACTIVE_GIMPS_ASSIGNMENT,2026-08-06T12:58:23+00:00,UNALLOCATED,,,,,
SLCMP47-0342,342,1452,154079977,2^154079977-1,STRUCTURAL_SCREEN_EXHAUSTED_PRIMALITY_UNASSIGNED,FIRST_SINGULARITY_SHELL_EXHAUSTED_PRIMALITY_UNASSIGNED,513,9595,9595,NO_RECORDED_FACTOR_PRP_OR_LL_RESULT_AND_NO_ACTIVE_GIMPS_ASSIGNMENT,2026-08-06T12:58:23+00:00,UNALLOCATED,,,,,
SLCMP47-0343,343,1453,154080037,2^154080037-1,STRUCTURAL_SCREEN_EXHAUSTED_PRIMALITY_UNASSIGNED,FIRST_SINGULARITY_SHELL_EXHAUSTED_PRIMALITY_UNASSIGNED,513,9595,9595,NO_RECORDED_FACTOR_PRP_OR_LL_RESULT_AND_NO_ACTIVE_GIMPS_ASSIGNMENT,2026-08-06T12:58:23+00:00,UNALLOCATED,,,,,
SLCMP47-0344,344,1454,154080049,2^154080049-1,STRUCTURAL_SCREEN_EXHAUSTED_PRIMALITY_UNASSIGNED,FIRST_SINGULARITY_SHELL_EXHAUSTED_PRIMALITY_UNASSIGNED,513,9595,9595,NO_RECORDED_FACTOR_PRP_OR_LL_RESULT_AND_NO_ACTIVE_GIMPS_ASSIGNMENT,2026-08-06T12:58:23+00:00,UNALLOCATED,,,,,
SLCMP47-0345,345,1455,154080167,2^154080167-1,STRUCTURAL_SCREEN_EXHAUSTED_PRIMALITY_UNASSIGNED,FIRST_SINGULARITY_SHELL_EXHAUSTED_PRIMALITY_UNASSIGNED,514,9595,9595,NO_RECORDED_FACTOR_PRP_OR_LL_RESULT_AND_NO_ACTIVE_GIMPS_ASSIGNMENT,2026-08-06T12:58:23+00:00,UNALLOCATED,,,,,
SLCMP47-0346,346,1456,154080221,2^154080221-1,STRUCTURAL_SCREEN_EXHAUSTED_PRIMALITY_UNASSIGNED,FIRST_SINGULARITY_SHELL_EXHAUSTED_PRIMALITY_UNASSIGNED,513,9595,9595,NO_RECORDED_FACTOR_PRP_OR_LL_RESULT_AND_NO_ACTIVE_GIMPS_ASSIGNMENT,2026-08-06T12:58:23+00:00,UNALLOCATED,,,,,
SLCMP47-0347,347,1457,154080233,2^154080233-1,STRUCTURAL_SCREEN_EXHAUSTED_PRIMALITY_UNASSIGNED,FIRST_SINGULARITY_SHELL_EXHAUSTED_PRIMALITY_UNASSIGNED,513,9595,9595,NO_RECORDED_FACTOR_PRP_OR_LL_RESULT_AND_NO_ACTIVE_GIMPS_ASSIGNMENT,2026-08-06T12:58:23+00:00,UNALLOCATED,,,,,
SLCMP47-0348,348,1458,154080319,2^154080319-1,STRUCTURAL_SCREEN_EXHAUSTED_PRIMALITY_UNASSIGNED,FIRST_SINGULARITY_SHELL_EXHAUSTED_PRIMALITY_UNASSIGNED,514,9595,9595,NO_RECORDED_FACTOR_PRP_OR_LL_RESULT_AND_NO_ACTIVE_GIMPS_ASSIGNMENT,2026-08-06T12:58:23+00:00,UNALLOCATED,,,,,
SLCMP47-0349,349,1459,154080383,2^154080383-1,STRUCTURAL_SCREEN_EXHAUSTED_PRIMALITY_UNASSIGNED,FIRST_SINGULARITY_SHELL_EXHAUSTED_PRIMALITY_UNASSIGNED,514,9595,9595,NO_RECORDED_FACTOR_PRP_OR_LL_RESULT_AND_NO_ACTIVE_GIMPS_ASSIGNMENT,2026-08-06T12:58:23+00:00,UNALLOCATED,,,,,
SLCMP47-0350,350,1460,154080397,2^154080397-1,STRUCTURAL_SCREEN_EXHAUSTED_PRIMALITY_UNASSIGNED,FIRST_SINGULARITY_SHELL_EXHAUSTED_PRIMALITY_UNASSIGNED,513,9595,9595,NO_RECORDED_FACTOR_PRP_OR_LL_RESULT_AND_NO_ACTIVE_GIMPS_ASSIGNMENT,2026-08-06T12:58:23+00:00,UNALLOCATED,,,,,
SLCMP47-0351,351,1461,154080403,2^154080403-1,STRUCTURAL_SCREEN_EXHAUSTED_PRIMALITY_UNASSIGNED,FIRST_SINGULARITY_SHELL_EXHAUSTED_PRIMALITY_UNASSIGNED,514,9595,9595,NO_RECORDED_FACTOR_PRP_OR_LL_RESULT_AND_NO_ACTIVE_GIMPS_ASSIGNMENT,2026-08-06T12:58:23+00:00,UNALLOCATED,,,,,
SLCMP47-0352,352,1462,154080457,2^154080457-1,STRUCTURAL_SCREEN_EXHAUSTED_PRIMALITY_UNASSIGNED,FIRST_SINGULARITY_SHELL_EXHAUSTED_PRIMALITY_UNASSIGNED,513,9595,9595,NO_RECORDED_FACTOR_PRP_OR_LL_RESULT_AND_NO_ACTIVE_GIMPS_ASSIGNMENT,2026-08-06T12:58:23+00:00,UNALLOCATED,,,,,
SLCMP47-0353,353,1463,154080533,2^154080533-1,STRUCTURAL_SCREEN_EXHAUSTED_PRIMALITY_UNASSIGNED,FIRST_SINGULARITY_SHELL_EXHAUSTED_PRIMALITY_UNASSIGNED,513,9595,9595,NO_RECORDED_FACTOR_PRP_OR_LL_RESULT_AND_NO_ACTIVE_GIMPS_ASSIGNMENT,2026-08-06T12:58:23+00:00,UNALLOCATED,,,,,
SLCMP47-0354,354,1464,154080541,2^154080541-1,STRUCTURAL_SCREEN_EXHAUSTED_PRIMALITY_UNASSIGNED,FIRST_SINGULARITY_SHELL_EXHAUSTED_PRIMALITY_UNASSIGNED,513,9595,9595,NO_RECORDED_FACTOR_PRP_OR_LL_RESULT_AND_NO_ACTIVE_GIMPS_ASSIGNMENT,2026-08-06T12:58:23+00:00,UNALLOCATED,,,,,
SLCMP47-0355,355,1465,154080559,2^154080559-1,STRUCTURAL_SCREEN_EXHAUSTED_PRIMALITY_UNASSIGNED,FIRST_SINGULARITY_SHELL_EXHAUSTED_PRIMALITY_UNASSIGNED,514,9595,9595,NO_RECORDED_FACTOR_PRP_OR_LL_RESULT_AND_NO_ACTIVE_GIMPS_ASSIGNMENT,2026-08-06T12:58:23+00:00,UNALLOCATED,,,,,
SLCMP47-0356,356,1466,154080581,2^154080581-1,STRUCTURAL_SCREEN_EXHAUSTED_PRIMALITY_UNASSIGNED,FIRST_SINGULARITY_SHELL_EXHAUSTED_PRIMALITY_UNASSIGNED,513,9595,9595,NO_RECORDED_FACTOR_PRP_OR_LL_RESULT_AND_NO_ACTIVE_GIMPS_ASSIGNMENT,2026-08-06T12:58:23+00:00,UNALLOCATED,,,,,
SLCMP47-0357,357,1467,154080607,2^154080607-1,STRUCTURAL_SCREEN_EXHAUSTED_PRIMALITY_UNASSIGNED,FIRST_SINGULARITY_SHELL_EXHAUSTED_PRIMALITY_UNASSIGNED,514,9595,9595,NO_RECORDED_FACTOR_PRP_OR_LL_RESULT_AND_NO_ACTIVE_GIMPS_ASSIGNMENT,2026-08-06T12:58:23+00:00,UNALLOCATED,,,,,
SLCMP47-0358,358,1468,154080623,2^154080623-1,STRUCTURAL_SCREEN_EXHAUSTED_PRIMALITY_UNASSIGNED,FIRST_SINGULARITY_SHELL_EXHAUSTED_PRIMALITY_UNASSIGNED,514,9595,9595,NO_RECORDED_FACTOR_PRP_OR_LL_RESULT_AND_NO_ACTIVE_GIMPS_ASSIGNMENT,2026-08-06T12:58:23+00:00,UNALLOCATED,,,,,
SLCMP47-0359,359,1469,154080629,2^154080629-1,STRUCTURAL_SCREEN_EXHAUSTED_PRIMALITY_UNASSIGNED,FIRST_SINGULARITY_SHELL_EXHAUSTED_PRIMALITY_UNASSIGNED,513,9595,9595,NO_RECORDED_FACTOR_PRP_OR_LL_RESULT_AND_NO_ACTIVE_GIMPS_ASSIGNMENT,2026-08-06T12:58:23+00:00,UNALLOCATED,,,,,
SLCMP47-0360,360,1470,154080697,2^154080697-1,STRUCTURAL_SCREEN_EXHAUSTED_PRIMALITY_UNASSIGNED,FIRST_SINGULARITY_SHELL_EXHAUSTED_PRIMALITY_UNASSIGNED,513,9595,9595,NO_RECORDED_FACTOR_PRP_OR_LL_RESULT_AND_NO_ACTIVE_GIMPS_ASSIGNMENT,2026-08-06T12:58:23+00:00,UNALLOCATED,,,,,
SLCMP47-0361,361,1471,154080701,2^154080701-1,STRUCTURAL_SCREEN_EXHAUSTED_PRIMALITY_UNASSIGNED,FIRST_SINGULARITY_SHELL_EXHAUSTED_PRIMALITY_UNASSIGNED,513,9595,9595,NO_RECORDED_FACTOR_PRP_OR_LL_RESULT_AND_NO_ACTIVE_GIMPS_ASSIGNMENT,2026-08-06T12:58:23+00:00,UNALLOCATED,,,,,
SLCMP47-0362,362,1472,154080769,2^154080769-1,STRUCTURAL_SCREEN_EXHAUSTED_PRIMALITY_UNASSIGNED,FIRST_SINGULARITY_SHELL_EXHAUSTED_PRIMALITY_UNASSIGNED,513,9595,9595,NO_RECORDED_FACTOR_PRP_OR_LL_RESULT_AND_NO_ACTIVE_GIMPS_ASSIGNMENT,2026-08-06T12:58:23+00:00,UNALLOCATED,,,,,
SLCMP47-0363,363,1473,154080847,2^154080847-1,STRUCTURAL_SCREEN_EXHAUSTED_PRIMALITY_UNASSIGNED,FIRST_SINGULARITY_SHELL_EXHAUSTED_PRIMALITY_UNASSIGNED,514,9595,9595,NO_RECORDED_FACTOR_PRP_OR_LL_RESULT_AND_NO_ACTIVE_GIMPS_ASSIGNMENT,2026-08-06T12:58:23+00:00,UNALLOCATED,,,,,
SLCMP47-0364,364,1474,154080991,2^154080991-1,STRUCTURAL_SCREEN_EXHAUSTED_PRIMALITY_UNASSIGNED,FIRST_SINGULARITY_SHELL_EXHAUSTED_PRIMALITY_UNASSIGNED,514,9595,9595,NO_RECORDED_FACTOR_PRP_OR_LL_RESULT_AND_NO_ACTIVE_GIMPS_ASSIGNMENT,2026-08-06T12:58:23+00:00,UNALLOCATED,,,,,
SLCMP47-0365,365,1475,154081001,2^154081001-1,STRUCTURAL_SCREEN_EXHAUSTED_PRIMALITY_UNASSIGNED,FIRST_SINGULARITY_SHELL_EXHAUSTED_PRIMALITY_UNASSIGNED,513,9595,9595,NO_RECORDED_FACTOR_PRP_OR_LL_RESULT_AND_NO_ACTIVE_GIMPS_ASSIGNMENT,2026-08-06T12:58:23+00:00,UNALLOCATED,,,,,
SLCMP47-0366,366,1476,154081091,2^154081091-1,STRUCTURAL_SCREEN_EXHAUSTED_PRIMALITY_UNASSIGNED,FIRST_SINGULARITY_SHELL_EXHAUSTED_PRIMALITY_UNASSIGNED,514,9595,9595,NO_RECORDED_FACTOR_PRP_OR_LL_RESULT_AND_NO_ACTIVE_GIMPS_ASSIGNMENT,2026-08-06T12:58:23+00:00,UNALLOCATED,,,,,
SLCMP47-0367,367,1477,154081097,2^154081097-1,STRUCTURAL_SCREEN_EXHAUSTED_PRIMALITY_UNASSIGNED,FIRST_SINGULARITY_SHELL_EXHAUSTED_PRIMALITY_UNASSIGNED,513,9595,9595,NO_RECORDED_FACTOR_PRP_OR_LL_RESULT_AND_NO_ACTIVE_GIMPS_ASSIGNMENT,2026-08-06T12:58:23+00:00,UNALLOCATED,,,,,
SLCMP47-0368,368,1478,154081141,2^154081141-1,STRUCTURAL_SCREEN_EXHAUSTED_PRIMALITY_UNASSIGNED,FIRST_SINGULARITY_SHELL_EXHAUSTED_PRIMALITY_UNASSIGNED,513,9595,9595,NO_RECORDED_FACTOR_PRP_OR_LL_RESULT_AND_NO_ACTIVE_GIMPS_ASSIGNMENT,2026-08-06T12:58:23+00:00,UNALLOCATED,,,,,
SLCMP47-0369,369,1479,154081219,2^154081219-1,STRUCTURAL_SCREEN_EXHAUSTED_PRIMALITY_UNASSIGNED,FIRST_SINGULARITY_SHELL_EXHAUSTED_PRIMALITY_UNASSIGNED,514,9595,9595,NO_RECORDED_FACTOR_PRP_OR_LL_RESULT_AND_NO_ACTIVE_GIMPS_ASSIGNMENT,2026-08-06T12:58:23+00:00,UNALLOCATED,,,,,
SLCMP47-0370,370,1480,154081223,2^154081223-1,STRUCTURAL_SCREEN_EXHAUSTED_PRIMALITY_UNASSIGNED,FIRST_SINGULARITY_SHELL_EXHAUSTED_PRIMALITY_UNASSIGNED,514,9595,9595,NO_RECORDED_FACTOR_PRP_OR_LL_RESULT_AND_NO_ACTIVE_GIMPS_ASSIGNMENT,2026-08-06T12:58:23+00:00,UNALLOCATED,,,,,
SLCMP47-0371,371,1481,154081261,2^154081261-1,STRUCTURAL_SCREEN_EXHAUSTED_PRIMALITY_UNASSIGNED,FIRST_SINGULARITY_SHELL_EXHAUSTED_PRIMALITY_UNASSIGNED,513,9595,9595,NO_RECORDED_FACTOR_PRP_OR_LL_RESULT_AND_NO_ACTIVE_GIMPS_ASSIGNMENT,2026-08-06T12:58:23+00:00,UNALLOCATED,,,,,
SLCMP47-0372,372,1482,154081267,2^154081267-1,STRUCTURAL_SCREEN_EXHAUSTED_PRIMALITY_UNASSIGNED,FIRST_SINGULARITY_SHELL_EXHAUSTED_PRIMALITY_UNASSIGNED,514,9595,9595,NO_RECORDED_FACTOR_PRP_OR_LL_RESULT_AND_NO_ACTIVE_GIMPS_ASSIGNMENT,2026-08-06T12:58:23+00:00,UNALLOCATED,,,,,
SLCMP47-0373,373,1483,154081309,2^154081309-1,STRUCTURAL_SCREEN_EXHAUSTED_PRIMALITY_UNASSIGNED,FIRST_SINGULARITY_SHELL_EXHAUSTED_PRIMALITY_UNASSIGNED,513,9595,9595,NO_RECORDED_FACTOR_PRP_OR_LL_RESULT_AND_NO_ACTIVE_GIMPS_ASSIGNMENT,2026-08-06T12:58:23+00:00,UNALLOCATED,,,,,
SLCMP47-0374,374,1484,154081349,2^154081349-1,STRUCTURAL_SCREEN_EXHAUSTED_PRIMALITY_UNASSIGNED,FIRST_SINGULARITY_SHELL_EXHAUSTED_PRIMALITY_UNASSIGNED,513,9595,9595,NO_RECORDED_FACTOR_PRP_OR_LL_RESULT_AND_NO_ACTIVE_GIMPS_ASSIGNMENT,2026-08-06T12:58:23+00:00,UNALLOCATED,,,,,
SLCMP47-0375,375,1485,154081399,2^154081399-1,STRUCTURAL_SCREEN_EXHAUSTED_PRIMALITY_UNASSIGNED,FIRST_SINGULARITY_SHELL_EXHAUSTED_PRIMALITY_UNASSIGNED,514,9595,9595,NO_RECORDED_FACTOR_PRP_OR_LL_RESULT_AND_NO_ACTIVE_GIMPS_ASSIGNMENT,2026-08-06T12:58:23+00:00,UNALLOCATED,,,,,
SLCMP47-0376,376,1486,154081483,2^154081483-1,STRUCTURAL_SCREEN_EXHAUSTED_PRIMALITY_UNASSIGNED,FIRST_SINGULARITY_SHELL_EXHAUSTED_PRIMALITY_UNASSIGNED,514,9595,9595,NO_RECORDED_FACTOR_PRP_OR_LL_RESULT_AND_NO_ACTIVE_GIMPS_ASSIGNMENT,2026-08-06T12:58:23+00:00,UNALLOCATED,,,,,
SLCMP47-0377,377,1487,154081549,2^154081549-1,STRUCTURAL_SCREEN_EXHAUSTED_PRIMALITY_UNASSIGNED,FIRST_SINGULARITY_SHELL_EXHAUSTED_PRIMALITY_UNASSIGNED,513,9595,9595,NO_RECORDED_FACTOR_PRP_OR_LL_RESULT_AND_NO_ACTIVE_GIMPS_ASSIGNMENT,2026-08-06T12:58:23+00:00,UNALLOCATED,,,,,
SLCMP47-0378,378,1488,154081561,2^154081561-1,STRUCTURAL_SCREEN_EXHAUSTED_PRIMALITY_UNASSIGNED,FIRST_SINGULARITY_SHELL_EXHAUSTED_PRIMALITY_UNASSIGNED,513,9595,9595,NO_RECORDED_FACTOR_PRP_OR_LL_RESULT_AND_NO_ACTIVE_GIMPS_ASSIGNMENT,2026-08-06T12:58:23+00:00,UNALLOCATED,,,,,
SLCMP47-0379,379,1489,154081703,2^154081703-1,STRUCTURAL_SCREEN_EXHAUSTED_PRIMALITY_UNASSIGNED,FIRST_SINGULARITY_SHELL_EXHAUSTED_PRIMALITY_UNASSIGNED,514,9595,9595,NO_RECORDED_FACTOR_PRP_OR_LL_RESULT_AND_NO_ACTIVE_GIMPS_ASSIGNMENT,2026-08-06T12:58:23+00:00,UNALLOCATED,,,,,
SLCMP47-0380,380,1490,154081729,2^154081729-1,STRUCTURAL_SCREEN_EXHAUSTED_PRIMALITY_UNASSIGNED,FIRST_SINGULARITY_SHELL_EXHAUSTED_PRIMALITY_UNASSIGNED,513,9595,9595,NO_RECORDED_FACTOR_PRP_OR_LL_RESULT_AND_NO_ACTIVE_GIMPS_ASSIGNMENT,2026-08-06T12:58:23+00:00,UNALLOCATED,,,,,
SLCMP47-0381,381,1491,154081787,2^154081787-1,STRUCTURAL_SCREEN_EXHAUSTED_PRIMALITY_UNASSIGNED,FIRST_SINGULARITY_SHELL_EXHAUSTED_PRIMALITY_UNASSIGNED,514,9595,9595,NO_RECORDED_FACTOR_PRP_OR_LL_RESULT_AND_NO_ACTIVE_GIMPS_ASSIGNMENT,2026-08-06T12:58:23+00:00,UNALLOCATED,,,,,
SLCMP47-0382,382,1492,154081789,2^154081789-1,STRUCTURAL_SCREEN_EXHAUSTED_PRIMALITY_UNASSIGNED,FIRST_SINGULARITY_SHELL_EXHAUSTED_PRIMALITY_UNASSIGNED,513,9595,9595,NO_RECORDED_FACTOR_PRP_OR_LL_RESULT_AND_NO_ACTIVE_GIMPS_ASSIGNMENT,2026-08-06T12:58:23+00:00,UNALLOCATED,,,,,
SLCMP47-0383,383,1493,154081793,2^154081793-1,STRUCTURAL_SCREEN_EXHAUSTED_PRIMALITY_UNASSIGNED,FIRST_SINGULARITY_SHELL_EXHAUSTED_PRIMALITY_UNASSIGNED,513,9595,9595,NO_RECORDED_FACTOR_PRP_OR_LL_RESULT_AND_NO_ACTIVE_GIMPS_ASSIGNMENT,2026-08-06T12:58:23+00:00,UNALLOCATED,,,,,
SLCMP47-0384,384,1494,154081867,2^154081867-1,STRUCTURAL_SCREEN_EXHAUSTED_PRIMALITY_UNASSIGNED,FIRST_SINGULARITY_SHELL_EXHAUSTED_PRIMALITY_UNASSIGNED,514,9595,9595,NO_RECORDED_FACTOR_PRP_OR_LL_RESULT_AND_NO_ACTIVE_GIMPS_ASSIGNMENT,2026-08-06T12:58:23+00:00,UNALLOCATED,,,,,
SLCMP47-0385,385,1495,154081871,2^154081871-1,STRUCTURAL_SCREEN_EXHAUSTED_PRIMALITY_UNASSIGNED,FIRST_SINGULARITY_SHELL_EXHAUSTED_PRIMALITY_UNASSIGNED,514,9595,9595,NO_RECORDED_FACTOR_PRP_OR_LL_RESULT_AND_NO_ACTIVE_GIMPS_ASSIGNMENT,2026-08-06T12:58:23+00:00,UNALLOCATED,,,,,
SLCMP47-0386,386,1496,154081979,2^154081979-1,STRUCTURAL_SCREEN_EXHAUSTED_PRIMALITY_UNASSIGNED,FIRST_SINGULARITY_SHELL_EXHAUSTED_PRIMALITY_UNASSIGNED,514,9595,9595,NO_RECORDED_FACTOR_PRP_OR_LL_RESULT_AND_NO_ACTIVE_GIMPS_ASSIGNMENT,2026-08-06T12:58:23+00:00,UNALLOCATED,,,,,
SLCMP47-0387,387,1497,154081987,2^154081987-1,STRUCTURAL_SCREEN_EXHAUSTED_PRIMALITY_UNASSIGNED,FIRST_SINGULARITY_SHELL_EXHAUSTED_PRIMALITY_UNASSIGNED,514,9595,9595,NO_RECORDED_FACTOR_PRP_OR_LL_RESULT_AND_NO_ACTIVE_GIMPS_ASSIGNMENT,2026-08-06T12:58:23+00:00,UNALLOCATED,,,,,
SLCMP47-0388,388,1498,154082011,2^154082011-1,STRUCTURAL_SCREEN_EXHAUSTED_PRIMALITY_UNASSIGNED,FIRST_SINGULARITY_SHELL_EXHAUSTED_PRIMALITY_UNASSIGNED,514,9595,9595,NO_RECORDED_FACTOR_PRP_OR_LL_RESULT_AND_NO_ACTIVE_GIMPS_ASSIGNMENT,2026-08-06T12:58:23+00:00,UNALLOCATED,,,,,
SLCMP47-0389,389,1499,154082041,2^154082041-1,STRUCTURAL_SCREEN_EXHAUSTED_PRIMALITY_UNASSIGNED,FIRST_SINGULARITY_SHELL_EXHAUSTED_PRIMALITY_UNASSIGNED,513,9595,9595,NO_RECORDED_FACTOR_PRP_OR_LL_RESULT_AND_NO_ACTIVE_GIMPS_ASSIGNMENT,2026-08-06T12:58:23+00:00,UNALLOCATED,,,,,
SLCMP47-0390,390,1500,154082053,2^154082053-1,STRUCTURAL_SCREEN_EXHAUSTED_PRIMALITY_UNASSIGNED,FIRST_SINGULARITY_SHELL_EXHAUSTED_PRIMALITY_UNASSIGNED,513,9595,9595,NO_RECORDED_FACTOR_PRP_OR_LL_RESULT_AND_NO_ACTIVE_GIMPS_ASSIGNMENT,2026-08-06T12:58:23+00:00,UNALLOCATED,,,,,
SLCMP47-0391,391,1501,154082063,2^154082063-1,STRUCTURAL_SCREEN_EXHAUSTED_PRIMALITY_UNASSIGNED,FIRST_SINGULARITY_SHELL_EXHAUSTED_PRIMALITY_UNASSIGNED,514,9595,9595,NO_RECORDED_FACTOR_PRP_OR_LL_RESULT_AND_NO_ACTIVE_GIMPS_ASSIGNMENT,2026-08-06T12:58:23+00:00,UNALLOCATED,,,,,
SLCMP47-0392,392,1502,154082147,2^154082147-1,STRUCTURAL_SCREEN_EXHAUSTED_PRIMALITY_UNASSIGNED,FIRST_SINGULARITY_SHELL_EXHAUSTED_PRIMALITY_UNASSIGNED,514,9595,9595,NO_RECORDED_FACTOR_PRP_OR_LL_RESULT_AND_NO_ACTIVE_GIMPS_ASSIGNMENT,2026-08-06T12:58:23+00:00,UNALLOCATED,,,,,
SLCMP47-0393,393,1503,154082231,2^154082231-1,STRUCTURAL_SCREEN_EXHAUSTED_PRIMALITY_UNASSIGNED,FIRST_SINGULARITY_SHELL_EXHAUSTED_PRIMALITY_UNASSIGNED,514,9595,9595,NO_RECORDED_FACTOR_PRP_OR_LL_RESULT_AND_NO_ACTIVE_GIMPS_ASSIGNMENT,2026-08-06T12:58:23+00:00,UNALLOCATED,,,,,
SLCMP47-0394,394,1504,154082251,2^154082251-1,STRUCTURAL_SCREEN_EXHAUSTED_PRIMALITY_UNASSIGNED,FIRST_SINGULARITY_SHELL_EXHAUSTED_PRIMALITY_UNASSIGNED,514,9595,9595,NO_RECORDED_FACTOR_PRP_OR_LL_RESULT_AND_NO_ACTIVE_GIMPS_ASSIGNMENT,2026-08-06T12:58:23+00:00,UNALLOCATED,,,,,
SLCMP47-0395,395,1505,154082293,2^154082293-1,STRUCTURAL_SCREEN_EXHAUSTED_PRIMALITY_UNASSIGNED,FIRST_SINGULARITY_SHELL_EXHAUSTED_PRIMALITY_UNASSIGNED,513,9595,9595,NO_RECORDED_FACTOR_PRP_OR_LL_RESULT_AND_NO_ACTIVE_GIMPS_ASSIGNMENT,2026-08-06T12:58:23+00:00,UNALLOCATED,,,,,
SLCMP47-0396,396,1506,154082321,2^154082321-1,STRUCTURAL_SCREEN_EXHAUSTED_PRIMALITY_UNASSIGNED,FIRST_SINGULARITY_SHELL_EXHAUSTED_PRIMALITY_UNASSIGNED,513,9595,9595,NO_RECORDED_FACTOR_PRP_OR_LL_RESULT_AND_NO_ACTIVE_GIMPS_ASSIGNMENT,2026-08-06T12:58:23+00:00,UNALLOCATED,,,,,
SLCMP47-0397,397,1507,154082329,2^154082329-1,STRUCTURAL_SCREEN_EXHAUSTED_PRIMALITY_UNASSIGNED,FIRST_SINGULARITY_SHELL_EXHAUSTED_PRIMALITY_UNASSIGNED,513,9595,9595,NO_RECORDED_FACTOR_PRP_OR_LL_RESULT_AND_NO_ACTIVE_GIMPS_ASSIGNMENT,2026-08-06T12:58:23+00:00,UNALLOCATED,,,,,
SLCMP47-0398,398,1508,154082347,2^154082347-1,STRUCTURAL_SCREEN_EXHAUSTED_PRIMALITY_UNASSIGNED,FIRST_SINGULARITY_SHELL_EXHAUSTED_PRIMALITY_UNASSIGNED,514,9595,9595,NO_RECORDED_FACTOR_PRP_OR_LL_RESULT_AND_NO_ACTIVE_GIMPS_ASSIGNMENT,2026-08-06T12:58:23+00:00,UNALLOCATED,,,,,
SLCMP47-0399,399,1509,154082377,2^154082377-1,STRUCTURAL_SCREEN_EXHAUSTED_PRIMALITY_UNASSIGNED,FIRST_SINGULARITY_SHELL_EXHAUSTED_PRIMALITY_UNASSIGNED,513,9595,9595,NO_RECORDED_FACTOR_PRP_OR_LL_RESULT_AND_NO_ACTIVE_GIMPS_ASSIGNMENT,2026-08-06T12:58:23+00:00,UNALLOCATED,,,,,
SLCMP47-0400,400,1510,154082413,2^154082413-1,STRUCTURAL_SCREEN_EXHAUSTED_PRIMALITY_UNASSIGNED,FIRST_SINGULARITY_SHELL_EXHAUSTED_PRIMALITY_UNASSIGNED,513,9595,9595,NO_RECORDED_FACTOR_PRP_OR_LL_RESULT_AND_NO_ACTIVE_GIMPS_ASSIGNMENT,2026-08-06T12:58:23+00:00,UNALLOCATED,,,,,
SLCMP47-0401,401,1511,154082471,2^154082471-1,STRUCTURAL_SCREEN_EXHAUSTED_PRIMALITY_UNASSIGNED,FIRST_SINGULARITY_SHELL_EXHAUSTED_PRIMALITY_UNASSIGNED,514,9595,9595,NO_RECORDED_FACTOR_PRP_OR_LL_RESULT_AND_NO_ACTIVE_GIMPS_ASSIGNMENT,2026-08-06T12:58:23+00:00,UNALLOCATED,,,,,
SLCMP47-0402,402,1512,154082521,2^154082521-1,STRUCTURAL_SCREEN_EXHAUSTED_PRIMALITY_UNASSIGNED,FIRST_SINGULARITY_SHELL_EXHAUSTED_PRIMALITY_UNASSIGNED,513,9595,9595,NO_RECORDED_FACTOR_PRP_OR_LL_RESULT_AND_NO_ACTIVE_GIMPS_ASSIGNMENT,2026-08-06T12:58:23+00:00,UNALLOCATED,,,,,
SLCMP47-0403,403,1513,154082557,2^154082557-1,STRUCTURAL_SCREEN_EXHAUSTED_PRIMALITY_UNASSIGNED,FIRST_SINGULARITY_SHELL_EXHAUSTED_PRIMALITY_UNASSIGNED,513,9595,9595,NO_RECORDED_FACTOR_PRP_OR_LL_RESULT_AND_NO_ACTIVE_GIMPS_ASSIGNMENT,2026-08-06T12:58:23+00:00,UNALLOCATED,,,,,
SLCMP47-0404,404,1514,154082891,2^154082891-1,STRUCTURAL_SCREEN_EXHAUSTED_PRIMALITY_UNASSIGNED,FIRST_SINGULARITY_SHELL_EXHAUSTED_PRIMALITY_UNASSIGNED,514,9595,9595,NO_RECORDED_FACTOR_PRP_OR_LL_RESULT_AND_NO_ACTIVE_GIMPS_ASSIGNMENT,2026-08-06T12:58:23+00:00,UNALLOCATED,,,,,
SLCMP47-0405,405,1515,154083079,2^154083079-1,STRUCTURAL_SCREEN_EXHAUSTED_PRIMALITY_UNASSIGNED,FIRST_SINGULARITY_SHELL_EXHAUSTED_PRIMALITY_UNASSIGNED,514,9595,9595,NO_RECORDED_FACTOR_PRP_OR_LL_RESULT_AND_NO_ACTIVE_GIMPS_ASSIGNMENT,2026-08-06T12:58:23+00:00,UNALLOCATED,,,,,
SLCMP47-0406,406,1516,154083089,2^154083089-1,STRUCTURAL_SCREEN_EXHAUSTED_PRIMALITY_UNASSIGNED,FIRST_SINGULARITY_SHELL_EXHAUSTED_PRIMALITY_UNASSIGNED,513,9595,9595,NO_RECORDED_FACTOR_PRP_OR_LL_RESULT_AND_NO_ACTIVE_GIMPS_ASSIGNMENT,2026-08-06T12:58:23+00:00,UNALLOCATED,,,,,
SLCMP47-0407,407,1517,154083229,2^154083229-1,STRUCTURAL_SCREEN_EXHAUSTED_PRIMALITY_UNASSIGNED,FIRST_SINGULARITY_SHELL_EXHAUSTED_PRIMALITY_UNASSIGNED,513,9595,9595,NO_RECORDED_FACTOR_PRP_OR_LL_RESULT_AND_NO_ACTIVE_GIMPS_ASSIGNMENT,2026-08-06T12:58:23+00:00,UNALLOCATED,,,,,
SLCMP47-0408,408,1518,154083247,2^154083247-1,STRUCTURAL_SCREEN_EXHAUSTED_PRIMALITY_UNASSIGNED,FIRST_SINGULARITY_SHELL_EXHAUSTED_PRIMALITY_UNASSIGNED,514,9595,9595,NO_RECORDED_FACTOR_PRP_OR_LL_RESULT_AND_NO_ACTIVE_GIMPS_ASSIGNMENT,2026-08-06T12:58:23+00:00,UNALLOCATED,,,,,
SLCMP47-0409,409,1519,154083253,2^154083253-1,STRUCTURAL_SCREEN_EXHAUSTED_PRIMALITY_UNASSIGNED,FIRST_SINGULARITY_SHELL_EXHAUSTED_PRIMALITY_UNASSIGNED,513,9595,9595,NO_RECORDED_FACTOR_PRP_OR_LL_RESULT_AND_NO_ACTIVE_GIMPS_ASSIGNMENT,2026-08-06T12:58:23+00:00,UNALLOCATED,,,,,
SLCMP47-0410,410,1520,154083367,2^154083367-1,STRUCTURAL_SCREEN_EXHAUSTED_PRIMALITY_UNASSIGNED,FIRST_SINGULARITY_SHELL_EXHAUSTED_PRIMALITY_UNASSIGNED,514,9595,9595,NO_RECORDED_FACTOR_PRP_OR_LL_RESULT_AND_NO_ACTIVE_GIMPS_ASSIGNMENT,2026-08-06T12:58:23+00:00,UNALLOCATED,,,,,
SLCMP47-0411,411,1521,154083389,2^154083389-1,STRUCTURAL_SCREEN_EXHAUSTED_PRIMALITY_UNASSIGNED,FIRST_SINGULARITY_SHELL_EXHAUSTED_PRIMALITY_UNASSIGNED,513,9595,9595,NO_RECORDED_FACTOR_PRP_OR_LL_RESULT_AND_NO_ACTIVE_GIMPS_ASSIGNMENT,2026-08-06T12:58:23+00:00,UNALLOCATED,,,,,
SLCMP47-0412,412,1522,154083439,2^154083439-1,STRUCTURAL_SCREEN_EXHAUSTED_PRIMALITY_UNASSIGNED,FIRST_SINGULARITY_SHELL_EXHAUSTED_PRIMALITY_UNASSIGNED,514,9595,9595,NO_RECORDED_FACTOR_PRP_OR_LL_RESULT_AND_NO_ACTIVE_GIMPS_ASSIGNMENT,2026-08-06T12:58:23+00:00,UNALLOCATED,,,,,
SLCMP47-0413,413,1523,154083473,2^154083473-1,STRUCTURAL_SCREEN_EXHAUSTED_PRIMALITY_UNASSIGNED,FIRST_SINGULARITY_SHELL_EXHAUSTED_PRIMALITY_UNASSIGNED,513,9595,9595,NO_RECORDED_FACTOR_PRP_OR_LL_RESULT_AND_NO_ACTIVE_GIMPS_ASSIGNMENT,2026-08-06T12:58:23+00:00,UNALLOCATED,,,,,
SLCMP47-0414,414,1524,154083497,2^154083497-1,STRUCTURAL_SCREEN_EXHAUSTED_PRIMALITY_UNASSIGNED,FIRST_SINGULARITY_SHELL_EXHAUSTED_PRIMALITY_UNASSIGNED,513,9595,9595,NO_RECORDED_FACTOR_PRP_OR_LL_RESULT_AND_NO_ACTIVE_GIMPS_ASSIGNMENT,2026-08-06T12:58:23+00:00,UNALLOCATED,,,,,
SLCMP47-0415,415,1525,154083533,2^154083533-1,STRUCTURAL_SCREEN_EXHAUSTED_PRIMALITY_UNASSIGNED,FIRST_SINGULARITY_SHELL_EXHAUSTED_PRIMALITY_UNASSIGNED,513,9595,9595,NO_RECORDED_FACTOR_PRP_OR_LL_RESULT_AND_NO_ACTIVE_GIMPS_ASSIGNMENT,2026-08-06T12:58:23+00:00,UNALLOCATED,,,,,
SLCMP47-0416,416,1526,154083691,2^154083691-1,STRUCTURAL_SCREEN_EXHAUSTED_PRIMALITY_UNASSIGNED,FIRST_SINGULARITY_SHELL_EXHAUSTED_PRIMALITY_UNASSIGNED,514,9595,9595,NO_RECORDED_FACTOR_PRP_OR_LL_RESULT_AND_NO_ACTIVE_GIMPS_ASSIGNMENT,2026-08-06T12:58:23+00:00,UNALLOCATED,,,,,
SLCMP47-0417,417,1527,154083847,2^154083847-1,STRUCTURAL_SCREEN_EXHAUSTED_PRIMALITY_UNASSIGNED,FIRST_SINGULARITY_SHELL_EXHAUSTED_PRIMALITY_UNASSIGNED,514,9595,9595,NO_RECORDED_FACTOR_PRP_OR_LL_RESULT_AND_NO_ACTIVE_GIMPS_ASSIGNMENT,2026-08-06T12:58:23+00:00,UNALLOCATED,,,,,
SLCMP47-0418,418,1528,154083851,2^154083851-1,STRUCTURAL_SCREEN_EXHAUSTED_PRIMALITY_UNASSIGNED,FIRST_SINGULARITY_SHELL_EXHAUSTED_PRIMALITY_UNASSIGNED,514,9595,9595,NO_RECORDED_FACTOR_PRP_OR_LL_RESULT_AND_NO_ACTIVE_GIMPS_ASSIGNMENT,2026-08-06T12:58:23+00:00,UNALLOCATED,,,,,
SLCMP47-0419,419,1530,154083967,2^154083967-1,STRUCTURAL_SCREEN_EXHAUSTED_PRIMALITY_UNASSIGNED,FIRST_SINGULARITY_SHELL_EXHAUSTED_PRIMALITY_UNASSIGNED,514,9595,9595,NO_RECORDED_FACTOR_PRP_OR_LL_RESULT_AND_NO_ACTIVE_GIMPS_ASSIGNMENT,2026-08-06T12:58:23+00:00,UNALLOCATED,,,,,
SLCMP47-0420,420,1531,154084069,2^154084069-1,STRUCTURAL_SCREEN_EXHAUSTED_PRIMALITY_UNASSIGNED,FIRST_SINGULARITY_SHELL_EXHAUSTED_PRIMALITY_UNASSIGNED,513,9595,9595,NO_RECORDED_FACTOR_PRP_OR_LL_RESULT_AND_NO_ACTIVE_GIMPS_ASSIGNMENT,2026-08-06T12:58:23+00:00,UNALLOCATED,,,,,
SLCMP47-0421,421,1532,154084087,2^154084087-1,STRUCTURAL_SCREEN_EXHAUSTED_PRIMALITY_UNASSIGNED,FIRST_SINGULARITY_SHELL_EXHAUSTED_PRIMALITY_UNASSIGNED,514,9595,9595,NO_RECORDED_FACTOR_PRP_OR_LL_RESULT_AND_NO_ACTIVE_GIMPS_ASSIGNMENT,2026-08-06T12:58:23+00:00,UNALLOCATED,,,,,
SLCMP47-0422,422,1533,154084247,2^154084247-1,STRUCTURAL_SCREEN_EXHAUSTED_PRIMALITY_UNASSIGNED,FIRST_SINGULARITY_SHELL_EXHAUSTED_PRIMALITY_UNASSIGNED,514,9595,9595,NO_RECORDED_FACTOR_PRP_OR_LL_RESULT_AND_NO_ACTIVE_GIMPS_ASSIGNMENT,2026-08-06T12:58:23+00:00,UNALLOCATED,,,,,
SLCMP47-0423,423,1534,154084321,2^154084321-1,STRUCTURAL_SCREEN_EXHAUSTED_PRIMALITY_UNASSIGNED,FIRST_SINGULARITY_SHELL_EXHAUSTED_PRIMALITY_UNASSIGNED,513,9595,9595,NO_RECORDED_FACTOR_PRP_OR_LL_RESULT_AND_NO_ACTIVE_GIMPS_ASSIGNMENT,2026-08-06T12:58:23+00:00,UNALLOCATED,,,,,
SLCMP47-0424,424,1535,154084423,2^154084423-1,STRUCTURAL_SCREEN_EXHAUSTED_PRIMALITY_UNASSIGNED,FIRST_SINGULARITY_SHELL_EXHAUSTED_PRIMALITY_UNASSIGNED,514,9595,9595,NO_RECORDED_FACTOR_PRP_OR_LL_RESULT_AND_NO_ACTIVE_GIMPS_ASSIGNMENT,2026-08-06T12:58:23+00:00,UNALLOCATED,,,,,
SLCMP47-0425,425,1536,154084561,2^154084561-1,STRUCTURAL_SCREEN_EXHAUSTED_PRIMALITY_UNASSIGNED,FIRST_SINGULARITY_SHELL_EXHAUSTED_PRIMALITY_UNASSIGNED,513,9595,9595,NO_RECORDED_FACTOR_PRP_OR_LL_RESULT_AND_NO_ACTIVE_GIMPS_ASSIGNMENT,2026-08-06T12:58:23+00:00,UNALLOCATED,,,,,
SLCMP47-0426,426,1537,154084669,2^154084669-1,STRUCTURAL_SCREEN_EXHAUSTED_PRIMALITY_UNASSIGNED,FIRST_SINGULARITY_SHELL_EXHAUSTED_PRIMALITY_UNASSIGNED,513,9595,9595,NO_RECORDED_FACTOR_PRP_OR_LL_RESULT_AND_NO_ACTIVE_GIMPS_ASSIGNMENT,2026-08-06T12:58:23+00:00,UNALLOCATED,,,,,
SLCMP47-0427,427,1538,154084759,2^154084759-1,STRUCTURAL_SCREEN_EXHAUSTED_PRIMALITY_UNASSIGNED,FIRST_SINGULARITY_SHELL_EXHAUSTED_PRIMALITY_UNASSIGNED,514,9595,9595,NO_RECORDED_FACTOR_PRP_OR_LL_RESULT_AND_NO_ACTIVE_GIMPS_ASSIGNMENT,2026-08-06T12:58:23+00:00,UNALLOCATED,,,,,
SLCMP47-0428,428,1539,154084829,2^154084829-1,STRUCTURAL_SCREEN_EXHAUSTED_PRIMALITY_UNASSIGNED,FIRST_SINGULARITY_SHELL_EXHAUSTED_PRIMALITY_UNASSIGNED,513,9595,9595,NO_RECORDED_FACTOR_PRP_OR_LL_RESULT_AND_NO_ACTIVE_GIMPS_ASSIGNMENT,2026-08-06T12:58:23+00:00,UNALLOCATED,,,,,
SLCMP47-0429,429,1540,154084871,2^154084871-1,STRUCTURAL_SCREEN_EXHAUSTED_PRIMALITY_UNASSIGNED,FIRST_SINGULARITY_SHELL_EXHAUSTED_PRIMALITY_UNASSIGNED,514,9595,9595,NO_RECORDED_FACTOR_PRP_OR_LL_RESULT_AND_NO_ACTIVE_GIMPS_ASSIGNMENT,2026-08-06T12:58:23+00:00,UNALLOCATED,,,,,
SLCMP47-0430,430,1541,154084873,2^154084873-1,STRUCTURAL_SCREEN_EXHAUSTED_PRIMALITY_UNASSIGNED,FIRST_SINGULARITY_SHELL_EXHAUSTED_PRIMALITY_UNASSIGNED,513,9595,9595,NO_RECORDED_FACTOR_PRP_OR_LL_RESULT_AND_NO_ACTIVE_GIMPS_ASSIGNMENT,2026-08-06T12:58:23+00:00,UNALLOCATED,,,,,
SLCMP47-0431,431,1542,154084901,2^154084901-1,STRUCTURAL_SCREEN_EXHAUSTED_PRIMALITY_UNASSIGNED,FIRST_SINGULARITY_SHELL_EXHAUSTED_PRIMALITY_UNASSIGNED,513,9595,9595,NO_RECORDED_FACTOR_PRP_OR_LL_RESULT_AND_NO_ACTIVE_GIMPS_ASSIGNMENT,2026-08-06T12:58:23+00:00,UNALLOCATED,,,,,
SLCMP47-0432,432,1543,154084993,2^154084993-1,STRUCTURAL_SCREEN_EXHAUSTED_PRIMALITY_UNASSIGNED,FIRST_SINGULARITY_SHELL_EXHAUSTED_PRIMALITY_UNASSIGNED,513,9595,9595,NO_RECORDED_FACTOR_PRP_OR_LL_RESULT_AND_NO_ACTIVE_GIMPS_ASSIGNMENT,2026-08-06T12:58:23+00:00,UNALLOCATED,,,,,
SLCMP47-0433,433,1544,154085023,2^154085023-1,STRUCTURAL_SCREEN_EXHAUSTED_PRIMALITY_UNASSIGNED,FIRST_SINGULARITY_SHELL_EXHAUSTED_PRIMALITY_UNASSIGNED,514,9595,9595,NO_RECORDED_FACTOR_PRP_OR_LL_RESULT_AND_NO_ACTIVE_GIMPS_ASSIGNMENT,2026-08-06T12:58:23+00:00,UNALLOCATED,,,,,
SLCMP47-0434,434,1545,154085053,2^154085053-1,STRUCTURAL_SCREEN_EXHAUSTED_PRIMALITY_UNASSIGNED,FIRST_SINGULARITY_SHELL_EXHAUSTED_PRIMALITY_UNASSIGNED,513,9595,9595,NO_RECORDED_FACTOR_PRP_OR_LL_RESULT_AND_NO_ACTIVE_GIMPS_ASSIGNMENT,2026-08-06T12:58:23+00:00,UNALLOCATED,,,,,
SLCMP47-0435,435,1546,154085089,2^154085089-1,STRUCTURAL_SCREEN_EXHAUSTED_PRIMALITY_UNASSIGNED,FIRST_SINGULARITY_SHELL_EXHAUSTED_PRIMALITY_UNASSIGNED,513,9595,9595,NO_RECORDED_FACTOR_PRP_OR_LL_RESULT_AND_NO_ACTIVE_GIMPS_ASSIGNMENT,2026-08-06T12:58:23+00:00,UNALLOCATED,,,,,
SLCMP47-0436,436,1547,154085137,2^154085137-1,STRUCTURAL_SCREEN_EXHAUSTED_PRIMALITY_UNASSIGNED,FIRST_SINGULARITY_SHELL_EXHAUSTED_PRIMALITY_UNASSIGNED,513,9595,9595,NO_RECORDED_FACTOR_PRP_OR_LL_RESULT_AND_NO_ACTIVE_GIMPS_ASSIGNMENT,2026-08-06T12:58:23+00:00,UNALLOCATED,,,,,
SLCMP47-0437,437,1548,154085177,2^154085177-1,STRUCTURAL_SCREEN_EXHAUSTED_PRIMALITY_UNASSIGNED,FIRST_SINGULARITY_SHELL_EXHAUSTED_PRIMALITY_UNASSIGNED,513,9595,9595,NO_RECORDED_FACTOR_PRP_OR_LL_RESULT_AND_NO_ACTIVE_GIMPS_ASSIGNMENT,2026-08-06T12:58:23+00:00,UNALLOCATED,,,,,
SLCMP47-0438,438,1549,154085189,2^154085189-1,STRUCTURAL_SCREEN_EXHAUSTED_PRIMALITY_UNASSIGNED,FIRST_SINGULARITY_SHELL_EXHAUSTED_PRIMALITY_UNASSIGNED,513,9595,9595,NO_RECORDED_FACTOR_PRP_OR_LL_RESULT_AND_NO_ACTIVE_GIMPS_ASSIGNMENT,2026-08-06T12:58:23+00:00,UNALLOCATED,,,,,
SLCMP47-0439,439,1550,154085237,2^154085237-1,STRUCTURAL_SCREEN_EXHAUSTED_PRIMALITY_UNASSIGNED,FIRST_SINGULARITY_SHELL_EXHAUSTED_PRIMALITY_UNASSIGNED,513,9595,9595,NO_RECORDED_FACTOR_PRP_OR_LL_RESULT_AND_NO_ACTIVE_GIMPS_ASSIGNMENT,2026-08-06T12:58:23+00:00,UNALLOCATED,,,,,
SLCMP47-0440,440,1551,154085291,2^154085291-1,STRUCTURAL_SCREEN_EXHAUSTED_PRIMALITY_UNASSIGNED,FIRST_SINGULARITY_SHELL_EXHAUSTED_PRIMALITY_UNASSIGNED,514,9595,9595,NO_RECORDED_FACTOR_PRP_OR_LL_RESULT_AND_NO_ACTIVE_GIMPS_ASSIGNMENT,2026-08-06T12:58:23+00:00,UNALLOCATED,,,,,
SLCMP47-0441,441,1552,154085473,2^154085473-1,STRUCTURAL_SCREEN_EXHAUSTED_PRIMALITY_UNASSIGNED,FIRST_SINGULARITY_SHELL_EXHAUSTED_PRIMALITY_UNASSIGNED,513,9595,9595,NO_RECORDED_FACTOR_PRP_OR_LL_RESULT_AND_NO_ACTIVE_GIMPS_ASSIGNMENT,2026-08-06T12:58:23+00:00,UNALLOCATED,,,,,
SLCMP47-0442,442,1553,154085479,2^154085479-1,STRUCTURAL_SCREEN_EXHAUSTED_PRIMALITY_UNASSIGNED,FIRST_SINGULARITY_SHELL_EXHAUSTED_PRIMALITY_UNASSIGNED,514,9595,9595,NO_RECORDED_FACTOR_PRP_OR_LL_RESULT_AND_NO_ACTIVE_GIMPS_ASSIGNMENT,2026-08-06T12:58:23+00:00,UNALLOCATED,,,,,
SLCMP47-0443,443,1554,154085543,2^154085543-1,STRUCTURAL_SCREEN_EXHAUSTED_PRIMALITY_UNASSIGNED,FIRST_SINGULARITY_SHELL_EXHAUSTED_PRIMALITY_UNASSIGNED,514,9595,9595,NO_RECORDED_FACTOR_PRP_OR_LL_RESULT_AND_NO_ACTIVE_GIMPS_ASSIGNMENT,2026-08-06T12:58:23+00:00,UNALLOCATED,,,,,
SLCMP47-0444,444,1555,154085551,2^154085551-1,STRUCTURAL_SCREEN_EXHAUSTED_PRIMALITY_UNASSIGNED,FIRST_SINGULARITY_SHELL_EXHAUSTED_PRIMALITY_UNASSIGNED,514,9595,9595,NO_RECORDED_FACTOR_PRP_OR_LL_RESULT_AND_NO_ACTIVE_GIMPS_ASSIGNMENT,2026-08-06T12:58:23+00:00,UNALLOCATED,,,,,
SLCMP47-0445,445,1556,154085597,2^154085597-1,STRUCTURAL_SCREEN_EXHAUSTED_PRIMALITY_UNASSIGNED,FIRST_SINGULARITY_SHELL_EXHAUSTED_PRIMALITY_UNASSIGNED,513,9595,9595,NO_RECORDED_FACTOR_PRP_OR_LL_RESULT_AND_NO_ACTIVE_GIMPS_ASSIGNMENT,2026-08-06T12:58:23+00:00,UNALLOCATED,,,,,
SLCMP47-0446,446,1557,154085669,2^154085669-1,STRUCTURAL_SCREEN_EXHAUSTED_PRIMALITY_UNASSIGNED,FIRST_SINGULARITY_SHELL_EXHAUSTED_PRIMALITY_UNASSIGNED,513,9595,9595,NO_RECORDED_FACTOR_PRP_OR_LL_RESULT_AND_NO_ACTIVE_GIMPS_ASSIGNMENT,2026-08-06T12:58:23+00:00,UNALLOCATED,,,,,
SLCMP47-0447,447,1558,154085731,2^154085731-1,STRUCTURAL_SCREEN_EXHAUSTED_PRIMALITY_UNASSIGNED,FIRST_SINGULARITY_SHELL_EXHAUSTED_PRIMALITY_UNASSIGNED,514,9595,9595,NO_RECORDED_FACTOR_PRP_OR_LL_RESULT_AND_NO_ACTIVE_GIMPS_ASSIGNMENT,2026-08-06T12:58:23+00:00,UNALLOCATED,,,,,
SLCMP47-0448,448,1559,154085747,2^154085747-1,STRUCTURAL_SCREEN_EXHAUSTED_PRIMALITY_UNASSIGNED,FIRST_SINGULARITY_SHELL_EXHAUSTED_PRIMALITY_UNASSIGNED,514,9595,9595,NO_RECORDED_FACTOR_PRP_OR_LL_RESULT_AND_NO_ACTIVE_GIMPS_ASSIGNMENT,2026-08-06T12:58:23+00:00,UNALLOCATED,,,,,
SLCMP47-0449,449,1560,154085803,2^154085803-1,STRUCTURAL_SCREEN_EXHAUSTED_PRIMALITY_UNASSIGNED,FIRST_SINGULARITY_SHELL_EXHAUSTED_PRIMALITY_UNASSIGNED,514,9595,9595,NO_RECORDED_FACTOR_PRP_OR_LL_RESULT_AND_NO_ACTIVE_GIMPS_ASSIGNMENT,2026-08-06T12:58:23+00:00,UNALLOCATED,,,,,
SLCMP47-0450,450,1561,154085819,2^154085819-1,STRUCTURAL_SCREEN_EXHAUSTED_PRIMALITY_UNASSIGNED,FIRST_SINGULARITY_SHELL_EXHAUSTED_PRIMALITY_UNASSIGNED,514,9595,9595,NO_RECORDED_FACTOR_PRP_OR_LL_RESULT_AND_NO_ACTIVE_GIMPS_ASSIGNMENT,2026-08-06T12:58:23+00:00,UNALLOCATED,,,,,
SLCMP47-0451,451,1562,154085821,2^154085821-1,STRUCTURAL_SCREEN_EXHAUSTED_PRIMALITY_UNASSIGNED,FIRST_SINGULARITY_SHELL_EXHAUSTED_PRIMALITY_UNASSIGNED,513,9595,9595,NO_RECORDED_FACTOR_PRP_OR_LL_RESULT_AND_NO_ACTIVE_GIMPS_ASSIGNMENT,2026-08-06T12:58:23+00:00,UNALLOCATED,,,,,
SLCMP47-0452,452,1563,154085851,2^154085851-1,STRUCTURAL_SCREEN_EXHAUSTED_PRIMALITY_UNASSIGNED,FIRST_SINGULARITY_SHELL_EXHAUSTED_PRIMALITY_UNASSIGNED,514,9595,9595,NO_RECORDED_FACTOR_PRP_OR_LL_RESULT_AND_NO_ACTIVE_GIMPS_ASSIGNMENT,2026-08-06T12:58:23+00:00,UNALLOCATED,,,,,
SLCMP47-0453,453,1564,154085873,2^154085873-1,STRUCTURAL_SCREEN_EXHAUSTED_PRIMALITY_UNASSIGNED,FIRST_SINGULARITY_SHELL_EXHAUSTED_PRIMALITY_UNASSIGNED,513,9595,9595,NO_RECORDED_FACTOR_PRP_OR_LL_RESULT_AND_NO_ACTIVE_GIMPS_ASSIGNMENT,2026-08-06T12:58:23+00:00,UNALLOCATED,,,,,
SLCMP47-0454,454,1565,154085951,2^154085951-1,STRUCTURAL_SCREEN_EXHAUSTED_PRIMALITY_UNASSIGNED,FIRST_SINGULARITY_SHELL_EXHAUSTED_PRIMALITY_UNASSIGNED,514,9595,9595,NO_RECORDED_FACTOR_PRP_OR_LL_RESULT_AND_NO_ACTIVE_GIMPS_ASSIGNMENT,2026-08-06T12:58:23+00:00,UNALLOCATED,,,,,
SLCMP47-0455,455,1566,154085963,2^154085963-1,STRUCTURAL_SCREEN_EXHAUSTED_PRIMALITY_UNASSIGNED,FIRST_SINGULARITY_SHELL_EXHAUSTED_PRIMALITY_UNASSIGNED,514,9595,9595,NO_RECORDED_FACTOR_PRP_OR_LL_RESULT_AND_NO_ACTIVE_GIMPS_ASSIGNMENT,2026-08-06T12:58:23+00:00,UNALLOCATED,,,,,
SLCMP47-0456,456,1567,154085983,2^154085983-1,STRUCTURAL_SCREEN_EXHAUSTED_PRIMALITY_UNASSIGNED,FIRST_SINGULARITY_SHELL_EXHAUSTED_PRIMALITY_UNASSIGNED,514,9595,9595,NO_RECORDED_FACTOR_PRP_OR_LL_RESULT_AND_NO_ACTIVE_GIMPS_ASSIGNMENT,2026-08-06T12:58:23+00:00,UNALLOCATED,,,,,
SLCMP47-0457,457,1568,154086017,2^154086017-1,STRUCTURAL_SCREEN_EXHAUSTED_PRIMALITY_UNASSIGNED,FIRST_SINGULARITY_SHELL_EXHAUSTED_PRIMALITY_UNASSIGNED,513,9595,9595,NO_RECORDED_FACTOR_PRP_OR_LL_RESULT_AND_NO_ACTIVE_GIMPS_ASSIGNMENT,2026-08-06T12:58:23+00:00,UNALLOCATED,,,,,
SLCMP47-0458,458,1569,154086073,2^154086073-1,STRUCTURAL_SCREEN_EXHAUSTED_PRIMALITY_UNASSIGNED,FIRST_SINGULARITY_SHELL_EXHAUSTED_PRIMALITY_UNASSIGNED,513,9595,9595,NO_RECORDED_FACTOR_PRP_OR_LL_RESULT_AND_NO_ACTIVE_GIMPS_ASSIGNMENT,2026-08-06T12:58:23+00:00,UNALLOCATED,,,,,
SLCMP47-0459,459,1570,154086133,2^154086133-1,STRUCTURAL_SCREEN_EXHAUSTED_PRIMALITY_UNASSIGNED,FIRST_SINGULARITY_SHELL_EXHAUSTED_PRIMALITY_UNASSIGNED,513,9595,9595,NO_RECORDED_FACTOR_PRP_OR_LL_RESULT_AND_NO_ACTIVE_GIMPS_ASSIGNMENT,2026-08-06T12:58:23+00:00,UNALLOCATED,,,,,
SLCMP47-0460,460,1571,154086199,2^154086199-1,STRUCTURAL_SCREEN_EXHAUSTED_PRIMALITY_UNASSIGNED,FIRST_SINGULARITY_SHELL_EXHAUSTED_PRIMALITY_UNASSIGNED,514,9595,9595,NO_RECORDED_FACTOR_PRP_OR_LL_RESULT_AND_NO_ACTIVE_GIMPS_ASSIGNMENT,2026-08-06T12:58:23+00:00,UNALLOCATED,,,,,
SLCMP47-0461,461,1572,154086239,2^154086239-1,STRUCTURAL_SCREEN_EXHAUSTED_PRIMALITY_UNASSIGNED,FIRST_SINGULARITY_SHELL_EXHAUSTED_PRIMALITY_UNASSIGNED,514,9595,9595,NO_RECORDED_FACTOR_PRP_OR_LL_RESULT_AND_NO_ACTIVE_GIMPS_ASSIGNMENT,2026-08-06T12:58:23+00:00,UNALLOCATED,,,,,
SLCMP47-0462,462,1573,154086281,2^154086281-1,STRUCTURAL_SCREEN_EXHAUSTED_PRIMALITY_UNASSIGNED,FIRST_SINGULARITY_SHELL_EXHAUSTED_PRIMALITY_UNASSIGNED,513,9595,9595,NO_RECORDED_FACTOR_PRP_OR_LL_RESULT_AND_NO_ACTIVE_GIMPS_ASSIGNMENT,2026-08-06T12:58:23+00:00,UNALLOCATED,,,,,
SLCMP47-0463,463,1574,154086319,2^154086319-1,STRUCTURAL_SCREEN_EXHAUSTED_PRIMALITY_UNASSIGNED,FIRST_SINGULARITY_SHELL_EXHAUSTED_PRIMALITY_UNASSIGNED,514,9595,9595,NO_RECORDED_FACTOR_PRP_OR_LL_RESULT_AND_NO_ACTIVE_GIMPS_ASSIGNMENT,2026-08-06T12:58:23+00:00,UNALLOCATED,,,,,
SLCMP47-0464,464,1575,154086341,2^154086341-1,STRUCTURAL_SCREEN_EXHAUSTED_PRIMALITY_UNASSIGNED,FIRST_SINGULARITY_SHELL_EXHAUSTED_PRIMALITY_UNASSIGNED,513,9595,9595,NO_RECORDED_FACTOR_PRP_OR_LL_RESULT_AND_NO_ACTIVE_GIMPS_ASSIGNMENT,2026-08-06T12:58:23+00:00,UNALLOCATED,,,,,
SLCMP47-0465,465,1576,154086349,2^154086349-1,STRUCTURAL_SCREEN_EXHAUSTED_PRIMALITY_UNASSIGNED,FIRST_SINGULARITY_SHELL_EXHAUSTED_PRIMALITY_UNASSIGNED,513,9595,9595,NO_RECORDED_FACTOR_PRP_OR_LL_RESULT_AND_NO_ACTIVE_GIMPS_ASSIGNMENT,2026-08-06T12:58:23+00:00,UNALLOCATED,,,,,
SLCMP47-0466,466,1577,154086467,2^154086467-1,STRUCTURAL_SCREEN_EXHAUSTED_PRIMALITY_UNASSIGNED,FIRST_SINGULARITY_SHELL_EXHAUSTED_PRIMALITY_UNASSIGNED,514,9595,9595,NO_RECORDED_FACTOR_PRP_OR_LL_RESULT_AND_NO_ACTIVE_GIMPS_ASSIGNMENT,2026-08-06T12:58:23+00:00,UNALLOCATED,,,,,
SLCMP47-0467,467,1578,154086511,2^154086511-1,STRUCTURAL_SCREEN_EXHAUSTED_PRIMALITY_UNASSIGNED,FIRST_SINGULARITY_SHELL_EXHAUSTED_PRIMALITY_UNASSIGNED,514,9595,9595,NO_RECORDED_FACTOR_PRP_OR_LL_RESULT_AND_NO_ACTIVE_GIMPS_ASSIGNMENT,2026-08-06T12:58:23+00:00,UNALLOCATED,,,,,
SLCMP47-0468,468,1579,154086563,2^154086563-1,STRUCTURAL_SCREEN_EXHAUSTED_PRIMALITY_UNASSIGNED,FIRST_SINGULARITY_SHELL_EXHAUSTED_PRIMALITY_UNASSIGNED,514,9595,9595,NO_RECORDED_FACTOR_PRP_OR_LL_RESULT_AND_NO_ACTIVE_GIMPS_ASSIGNMENT,2026-08-06T12:58:23+00:00,UNALLOCATED,,,,,
SLCMP47-0469,469,1580,154086659,2^154086659-1,STRUCTURAL_SCREEN_EXHAUSTED_PRIMALITY_UNASSIGNED,FIRST_SINGULARITY_SHELL_EXHAUSTED_PRIMALITY_UNASSIGNED,514,9595,9595,NO_RECORDED_FACTOR_PRP_OR_LL_RESULT_AND_NO_ACTIVE_GIMPS_ASSIGNMENT,2026-08-06T12:58:23+00:00,UNALLOCATED,,,,,
SLCMP47-0470,470,1581,154086743,2^154086743-1,STRUCTURAL_SCREEN_EXHAUSTED_PRIMALITY_UNASSIGNED,FIRST_SINGULARITY_SHELL_EXHAUSTED_PRIMALITY_UNASSIGNED,514,9595,9595,NO_RECORDED_FACTOR_PRP_OR_LL_RESULT_AND_NO_ACTIVE_GIMPS_ASSIGNMENT,2026-08-06T12:58:23+00:00,UNALLOCATED,,,,,
SLCMP47-0471,471,1582,154086769,2^154086769-1,STRUCTURAL_SCREEN_EXHAUSTED_PRIMALITY_UNASSIGNED,FIRST_SINGULARITY_SHELL_EXHAUSTED_PRIMALITY_UNASSIGNED,513,9595,9595,NO_RECORDED_FACTOR_PRP_OR_LL_RESULT_AND_NO_ACTIVE_GIMPS_ASSIGNMENT,2026-08-06T12:58:23+00:00,UNALLOCATED,,,,,
SLCMP47-0472,472,1583,154086787,2^154086787-1,STRUCTURAL_SCREEN_EXHAUSTED_PRIMALITY_UNASSIGNED,FIRST_SINGULARITY_SHELL_EXHAUSTED_PRIMALITY_UNASSIGNED,514,9595,9595,NO_RECORDED_FACTOR_PRP_OR_LL_RESULT_AND_NO_ACTIVE_GIMPS_ASSIGNMENT,2026-08-06T12:58:23+00:00,UNALLOCATED,,,,,
SLCMP47-0473,473,1584,154086841,2^154086841-1,STRUCTURAL_SCREEN_EXHAUSTED_PRIMALITY_UNASSIGNED,FIRST_SINGULARITY_SHELL_EXHAUSTED_PRIMALITY_UNASSIGNED,513,9595,9595,NO_RECORDED_FACTOR_PRP_OR_LL_RESULT_AND_NO_ACTIVE_GIMPS_ASSIGNMENT,2026-08-06T12:58:23+00:00,UNALLOCATED,,,,,
SLCMP47-0474,474,1585,154086901,2^154086901-1,STRUCTURAL_SCREEN_EXHAUSTED_PRIMALITY_UNASSIGNED,FIRST_SINGULARITY_SHELL_EXHAUSTED_PRIMALITY_UNASSIGNED,513,9595,9595,NO_RECORDED_FACTOR_PRP_OR_LL_RESULT_AND_NO_ACTIVE_GIMPS_ASSIGNMENT,2026-08-06T12:58:23+00:00,UNALLOCATED,,,,,
SLCMP47-0475,475,1586,154087217,2^154087217-1,STRUCTURAL_SCREEN_EXHAUSTED_PRIMALITY_UNASSIGNED,FIRST_SINGULARITY_SHELL_EXHAUSTED_PRIMALITY_UNASSIGNED,513,9595,9595,NO_RECORDED_FACTOR_PRP_OR_LL_RESULT_AND_NO_ACTIVE_GIMPS_ASSIGNMENT,2026-08-06T12:58:23+00:00,UNALLOCATED,,,,,
SLCMP47-0476,476,1587,154087223,2^154087223-1,STRUCTURAL_SCREEN_EXHAUSTED_PRIMALITY_UNASSIGNED,FIRST_SINGULARITY_SHELL_EXHAUSTED_PRIMALITY_UNASSIGNED,514,9595,9595,NO_RECORDED_FACTOR_PRP_OR_LL_RESULT_AND_NO_ACTIVE_GIMPS_ASSIGNMENT,2026-08-06T12:58:23+00:00,UNALLOCATED,,,,,
SLCMP47-0477,477,1588,154087243,2^154087243-1,STRUCTURAL_SCREEN_EXHAUSTED_PRIMALITY_UNASSIGNED,FIRST_SINGULARITY_SHELL_EXHAUSTED_PRIMALITY_UNASSIGNED,514,9595,9595,NO_RECORDED_FACTOR_PRP_OR_LL_RESULT_AND_NO_ACTIVE_GIMPS_ASSIGNMENT,2026-08-06T12:58:23+00:00,UNALLOCATED,,,,,
SLCMP47-0478,478,1589,154087289,2^154087289-1,STRUCTURAL_SCREEN_EXHAUSTED_PRIMALITY_UNASSIGNED,FIRST_SINGULARITY_SHELL_EXHAUSTED_PRIMALITY_UNASSIGNED,513,9595,9595,NO_RECORDED_FACTOR_PRP_OR_LL_RESULT_AND_NO_ACTIVE_GIMPS_ASSIGNMENT,2026-08-06T12:58:23+00:00,UNALLOCATED,,,,,
SLCMP47-0479,479,1590,154087301,2^154087301-1,STRUCTURAL_SCREEN_EXHAUSTED_PRIMALITY_UNASSIGNED,FIRST_SINGULARITY_SHELL_EXHAUSTED_PRIMALITY_UNASSIGNED,513,9595,9595,NO_RECORDED_FACTOR_PRP_OR_LL_RESULT_AND_NO_ACTIVE_GIMPS_ASSIGNMENT,2026-08-06T12:58:23+00:00,UNALLOCATED,,,,,
SLCMP47-0480,480,1591,154087421,2^154087421-1,STRUCTURAL_SCREEN_EXHAUSTED_PRIMALITY_UNASSIGNED,FIRST_SINGULARITY_SHELL_EXHAUSTED_PRIMALITY_UNASSIGNED,513,9595,9595,NO_RECORDED_FACTOR_PRP_OR_LL_RESULT_AND_NO_ACTIVE_GIMPS_ASSIGNMENT,2026-08-06T12:58:23+00:00,UNALLOCATED,,,,,
SLCMP47-0481,481,1592,154087441,2^154087441-1,STRUCTURAL_SCREEN_EXHAUSTED_PRIMALITY_UNASSIGNED,FIRST_SINGULARITY_SHELL_EXHAUSTED_PRIMALITY_UNASSIGNED,513,9595,9595,NO_RECORDED_FACTOR_PRP_OR_LL_RESULT_AND_NO_ACTIVE_GIMPS_ASSIGNMENT,2026-08-06T12:58:23+00:00,UNALLOCATED,,,,,
SLCMP47-0482,482,1593,154087489,2^154087489-1,STRUCTURAL_SCREEN_EXHAUSTED_PRIMALITY_UNASSIGNED,FIRST_SINGULARITY_SHELL_EXHAUSTED_PRIMALITY_UNASSIGNED,513,9595,9595,NO_RECORDED_FACTOR_PRP_OR_LL_RESULT_AND_NO_ACTIVE_GIMPS_ASSIGNMENT,2026-08-06T12:58:23+00:00,UNALLOCATED,,,,,
SLCMP47-0483,483,1594,154087547,2^154087547-1,STRUCTURAL_SCREEN_EXHAUSTED_PRIMALITY_UNASSIGNED,FIRST_SINGULARITY_SHELL_EXHAUSTED_PRIMALITY_UNASSIGNED,514,9595,9595,NO_RECORDED_FACTOR_PRP_OR_LL_RESULT_AND_NO_ACTIVE_GIMPS_ASSIGNMENT,2026-08-06T12:58:23+00:00,UNALLOCATED,,,,,
SLCMP47-0484,484,1595,154087613,2^154087613-1,STRUCTURAL_SCREEN_EXHAUSTED_PRIMALITY_UNASSIGNED,FIRST_SINGULARITY_SHELL_EXHAUSTED_PRIMALITY_UNASSIGNED,513,9595,9595,NO_RECORDED_FACTOR_PRP_OR_LL_RESULT_AND_NO_ACTIVE_GIMPS_ASSIGNMENT,2026-08-06T12:58:23+00:00,UNALLOCATED,,,,,
SLCMP47-0485,485,1596,154087627,2^154087627-1,STRUCTURAL_SCREEN_EXHAUSTED_PRIMALITY_UNASSIGNED,FIRST_SINGULARITY_SHELL_EXHAUSTED_PRIMALITY_UNASSIGNED,514,9595,9595,NO_RECORDED_FACTOR_PRP_OR_LL_RESULT_AND_NO_ACTIVE_GIMPS_ASSIGNMENT,2026-08-06T12:58:23+00:00,UNALLOCATED,,,,,
SLCMP47-0486,486,1597,154087697,2^154087697-1,STRUCTURAL_SCREEN_EXHAUSTED_PRIMALITY_UNASSIGNED,FIRST_SINGULARITY_SHELL_EXHAUSTED_PRIMALITY_UNASSIGNED,513,9595,9595,NO_RECORDED_FACTOR_PRP_OR_LL_RESULT_AND_NO_ACTIVE_GIMPS_ASSIGNMENT,2026-08-06T12:58:23+00:00,UNALLOCATED,,,,,
SLCMP47-0487,487,1598,154087849,2^154087849-1,STRUCTURAL_SCREEN_EXHAUSTED_PRIMALITY_UNASSIGNED,FIRST_SINGULARITY_SHELL_EXHAUSTED_PRIMALITY_UNASSIGNED,513,9595,9595,NO_RECORDED_FACTOR_PRP_OR_LL_RESULT_AND_NO_ACTIVE_GIMPS_ASSIGNMENT,2026-08-06T12:58:23+00:00,UNALLOCATED,,,,,
SLCMP47-0488,488,1599,154087951,2^154087951-1,STRUCTURAL_SCREEN_EXHAUSTED_PRIMALITY_UNASSIGNED,FIRST_SINGULARITY_SHELL_EXHAUSTED_PRIMALITY_UNASSIGNED,514,9595,9595,NO_RECORDED_FACTOR_PRP_OR_LL_RESULT_AND_NO_ACTIVE_GIMPS_ASSIGNMENT,2026-08-06T12:58:23+00:00,UNALLOCATED,,,,,
SLCMP47-0489,489,1600,154087979,2^154087979-1,STRUCTURAL_SCREEN_EXHAUSTED_PRIMALITY_UNASSIGNED,FIRST_SINGULARITY_SHELL_EXHAUSTED_PRIMALITY_UNASSIGNED,514,9595,9595,NO_RECORDED_FACTOR_PRP_OR_LL_RESULT_AND_NO_ACTIVE_GIMPS_ASSIGNMENT,2026-08-06T12:58:23+00:00,UNALLOCATED,,,,,
SLCMP47-0490,490,1601,154087993,2^154087993-1,STRUCTURAL_SCREEN_EXHAUSTED_PRIMALITY_UNASSIGNED,FIRST_SINGULARITY_SHELL_EXHAUSTED_PRIMALITY_UNASSIGNED,513,9595,9595,NO_RECORDED_FACTOR_PRP_OR_LL_RESULT_AND_NO_ACTIVE_GIMPS_ASSIGNMENT,2026-08-06T12:58:23+00:00,UNALLOCATED,,,,,
SLCMP47-0491,491,1602,154088059,2^154088059-1,STRUCTURAL_SCREEN_EXHAUSTED_PRIMALITY_UNASSIGNED,FIRST_SINGULARITY_SHELL_EXHAUSTED_PRIMALITY_UNASSIGNED,514,9595,9595,NO_RECORDED_FACTOR_PRP_OR_LL_RESULT_AND_NO_ACTIVE_GIMPS_ASSIGNMENT,2026-08-06T12:58:23+00:00,UNALLOCATED,,,,,
SLCMP47-0492,492,1603,154088167,2^154088167-1,STRUCTURAL_SCREEN_EXHAUSTED_PRIMALITY_UNASSIGNED,FIRST_SINGULARITY_SHELL_EXHAUSTED_PRIMALITY_UNASSIGNED,514,9595,9595,NO_RECORDED_FACTOR_PRP_OR_LL_RESULT_AND_NO_ACTIVE_GIMPS_ASSIGNMENT,2026-08-06T12:58:23+00:00,UNALLOCATED,,,,,
SLCMP47-0493,493,1604,154088189,2^154088189-1,STRUCTURAL_SCREEN_EXHAUSTED_PRIMALITY_UNASSIGNED,FIRST_SINGULARITY_SHELL_EXHAUSTED_PRIMALITY_UNASSIGNED,513,9595,9595,NO_RECORDED_FACTOR_PRP_OR_LL_RESULT_AND_NO_ACTIVE_GIMPS_ASSIGNMENT,2026-08-06T12:58:23+00:00,UNALLOCATED,,,,,
SLCMP47-0494,494,1605,154088191,2^154088191-1,STRUCTURAL_SCREEN_EXHAUSTED_PRIMALITY_UNASSIGNED,FIRST_SINGULARITY_SHELL_EXHAUSTED_PRIMALITY_UNASSIGNED,514,9595,9595,NO_RECORDED_FACTOR_PRP_OR_LL_RESULT_AND_NO_ACTIVE_GIMPS_ASSIGNMENT,2026-08-06T12:58:23+00:00,UNALLOCATED,,,,,
SLCMP47-0495,495,1606,154088213,2^154088213-1,STRUCTURAL_SCREEN_EXHAUSTED_PRIMALITY_UNASSIGNED,FIRST_SINGULARITY_SHELL_EXHAUSTED_PRIMALITY_UNASSIGNED,513,9595,9595,NO_RECORDED_FACTOR_PRP_OR_LL_RESULT_AND_NO_ACTIVE_GIMPS_ASSIGNMENT,2026-08-06T12:58:23+00:00,UNALLOCATED,,,,,
SLCMP47-0496,496,1607,154088237,2^154088237-1,STRUCTURAL_SCREEN_EXHAUSTED_PRIMALITY_UNASSIGNED,FIRST_SINGULARITY_SHELL_EXHAUSTED_PRIMALITY_UNASSIGNED,513,9595,9595,NO_RECORDED_FACTOR_PRP_OR_LL_RESULT_AND_NO_ACTIVE_GIMPS_ASSIGNMENT,2026-08-06T12:58:23+00:00,UNALLOCATED,,,,,
SLCMP47-0497,497,1608,154088267,2^154088267-1,STRUCTURAL_SCREEN_EXHAUSTED_PRIMALITY_UNASSIGNED,FIRST_SINGULARITY_SHELL_EXHAUSTED_PRIMALITY_UNASSIGNED,514,9595,9595,NO_RECORDED_FACTOR_PRP_OR_LL_RESULT_AND_NO_ACTIVE_GIMPS_ASSIGNMENT,2026-08-06T12:58:23+00:00,UNALLOCATED,,,,,
SLCMP47-0498,498,1609,154088381,2^154088381-1,STRUCTURAL_SCREEN_EXHAUSTED_PRIMALITY_UNASSIGNED,FIRST_SINGULARITY_SHELL_EXHAUSTED_PRIMALITY_UNASSIGNED,513,9595,9595,NO_RECORDED_FACTOR_PRP_OR_LL_RESULT_AND_NO_ACTIVE_GIMPS_ASSIGNMENT,2026-08-06T12:58:23+00:00,UNALLOCATED,,,,,
SLCMP47-0499,499,1610,154088399,2^154088399-1,STRUCTURAL_SCREEN_EXHAUSTED_PRIMALITY_UNASSIGNED,FIRST_SINGULARITY_SHELL_EXHAUSTED_PRIMALITY_UNASSIGNED,514,9595,9595,NO_RECORDED_FACTOR_PRP_OR_LL_RESULT_AND_NO_ACTIVE_GIMPS_ASSIGNMENT,2026-08-06T12:58:23+00:00,UNALLOCATED,,,,,
SLCMP47-0500,500,1611,154088401,2^154088401-1,STRUCTURAL_SCREEN_EXHAUSTED_PRIMALITY_UNASSIGNED,FIRST_SINGULARITY_SHELL_EXHAUSTED_PRIMALITY_UNASSIGNED,513,9595,9595,NO_RECORDED_FACTOR_PRP_OR_LL_RESULT_AND_NO_ACTIVE_GIMPS_ASSIGNMENT,2026-08-06T12:58:23+00:00,UNALLOCATED,,,,,
SLCMP47-0501,501,1612,154088413,2^154088413-1,STRUCTURAL_SCREEN_EXHAUSTED_PRIMALITY_UNASSIGNED,FIRST_SINGULARITY_SHELL_EXHAUSTED_PRIMALITY_UNASSIGNED,513,9595,9595,NO_RECORDED_FACTOR_PRP_OR_LL_RESULT_AND_NO_ACTIVE_GIMPS_ASSIGNMENT,2026-08-06T12:58:23+00:00,UNALLOCATED,,,,,
SLCMP47-0502,502,1613,154088551,2^154088551-1,STRUCTURAL_SCREEN_EXHAUSTED_PRIMALITY_UNASSIGNED,FIRST_SINGULARITY_SHELL_EXHAUSTED_PRIMALITY_UNASSIGNED,514,9595,9595,NO_RECORDED_FACTOR_PRP_OR_LL_RESULT_AND_NO_ACTIVE_GIMPS_ASSIGNMENT,2026-08-06T12:58:23+00:00,UNALLOCATED,,,,,
SLCMP47-0503,503,1614,154088563,2^154088563-1,STRUCTURAL_SCREEN_EXHAUSTED_PRIMALITY_UNASSIGNED,FIRST_SINGULARITY_SHELL_EXHAUSTED_PRIMALITY_UNASSIGNED,514,9595,9595,NO_RECORDED_FACTOR_PRP_OR_LL_RESULT_AND_NO_ACTIVE_GIMPS_ASSIGNMENT,2026-08-06T12:58:23+00:00,UNALLOCATED,,,,,
SLCMP47-0504,504,1615,154088573,2^154088573-1,STRUCTURAL_SCREEN_EXHAUSTED_PRIMALITY_UNASSIGNED,FIRST_SINGULARITY_SHELL_EXHAUSTED_PRIMALITY_UNASSIGNED,513,9595,9595,NO_RECORDED_FACTOR_PRP_OR_LL_RESULT_AND_NO_ACTIVE_GIMPS_ASSIGNMENT,2026-08-06T12:58:23+00:00,UNALLOCATED,,,,,
SLCMP47-0505,505,1616,154088647,2^154088647-1,STRUCTURAL_SCREEN_EXHAUSTED_PRIMALITY_UNASSIGNED,FIRST_SINGULARITY_SHELL_EXHAUSTED_PRIMALITY_UNASSIGNED,514,9595,9595,NO_RECORDED_FACTOR_PRP_OR_LL_RESULT_AND_NO_ACTIVE_GIMPS_ASSIGNMENT,2026-08-06T12:58:23+00:00,UNALLOCATED,,,,,
SLCMP47-0506,506,1617,154088681,2^154088681-1,STRUCTURAL_SCREEN_EXHAUSTED_PRIMALITY_UNASSIGNED,FIRST_SINGULARITY_SHELL_EXHAUSTED_PRIMALITY_UNASSIGNED,513,9595,9595,NO_RECORDED_FACTOR_PRP_OR_LL_RESULT_AND_NO_ACTIVE_GIMPS_ASSIGNMENT,2026-08-06T12:58:23+00:00,UNALLOCATED,,,,,
SLCMP47-0507,507,1618,154088773,2^154088773-1,STRUCTURAL_SCREEN_EXHAUSTED_PRIMALITY_UNASSIGNED,FIRST_SINGULARITY_SHELL_EXHAUSTED_PRIMALITY_UNASSIGNED,513,9595,9595,NO_RECORDED_FACTOR_PRP_OR_LL_RESULT_AND_NO_ACTIVE_GIMPS_ASSIGNMENT,2026-08-06T12:58:23+00:00,UNALLOCATED,,,,,
SLCMP47-0508,508,1619,154088791,2^154088791-1,STRUCTURAL_SCREEN_EXHAUSTED_PRIMALITY_UNASSIGNED,FIRST_SINGULARITY_SHELL_EXHAUSTED_PRIMALITY_UNASSIGNED,514,9595,9595,NO_RECORDED_FACTOR_PRP_OR_LL_RESULT_AND_NO_ACTIVE_GIMPS_ASSIGNMENT,2026-08-06T12:58:23+00:00,UNALLOCATED,,,,,
SLCMP47-0509,509,1620,154088821,2^154088821-1,STRUCTURAL_SCREEN_EXHAUSTED_PRIMALITY_UNASSIGNED,FIRST_SINGULARITY_SHELL_EXHAUSTED_PRIMALITY_UNASSIGNED,513,9595,9595,NO_RECORDED_FACTOR_PRP_OR_LL_RESULT_AND_NO_ACTIVE_GIMPS_ASSIGNMENT,2026-08-06T12:58:23+00:00,UNALLOCATED,,,,,
SLCMP47-0510,510,1621,154088951,2^154088951-1,STRUCTURAL_SCREEN_EXHAUSTED_PRIMALITY_UNASSIGNED,FIRST_SINGULARITY_SHELL_EXHAUSTED_PRIMALITY_UNASSIGNED,514,9595,9595,NO_RECORDED_FACTOR_PRP_OR_LL_RESULT_AND_NO_ACTIVE_GIMPS_ASSIGNMENT,2026-08-06T12:58:23+00:00,UNALLOCATED,,,,,
SLCMP47-0511,511,1622,154088971,2^154088971-1,STRUCTURAL_SCREEN_EXHAUSTED_PRIMALITY_UNASSIGNED,FIRST_SINGULARITY_SHELL_EXHAUSTED_PRIMALITY_UNASSIGNED,514,9595,9595,NO_RECORDED_FACTOR_PRP_OR_LL_RESULT_AND_NO_ACTIVE_GIMPS_ASSIGNMENT,2026-08-06T12:58:23+00:00,UNALLOCATED,,,,,
SLCMP47-0512,512,1623,154089109,2^154089109-1,STRUCTURAL_SCREEN_EXHAUSTED_PRIMALITY_UNASSIGNED,FIRST_SINGULARITY_SHELL_EXHAUSTED_PRIMALITY_UNASSIGNED,513,9595,9595,NO_RECORDED_FACTOR_PRP_OR_LL_RESULT_AND_NO_ACTIVE_GIMPS_ASSIGNMENT,2026-08-06T12:58:23+00:00,UNALLOCATED,,,,,
SLCMP47-0513,513,1624,154089137,2^154089137-1,STRUCTURAL_SCREEN_EXHAUSTED_PRIMALITY_UNASSIGNED,FIRST_SINGULARITY_SHELL_EXHAUSTED_PRIMALITY_UNASSIGNED,513,9595,9595,NO_RECORDED_FACTOR_PRP_OR_LL_RESULT_AND_NO_ACTIVE_GIMPS_ASSIGNMENT,2026-08-06T12:58:23+00:00,UNALLOCATED,,,,,
SLCMP47-0514,514,1625,154089217,2^154089217-1,STRUCTURAL_SCREEN_EXHAUSTED_PRIMALITY_UNASSIGNED,FIRST_SINGULARITY_SHELL_EXHAUSTED_PRIMALITY_UNASSIGNED,513,9595,9595,NO_RECORDED_FACTOR_PRP_OR_LL_RESULT_AND_NO_ACTIVE_GIMPS_ASSIGNMENT,2026-08-06T12:58:23+00:00,UNALLOCATED,,,,,
SLCMP47-0515,515,1626,154089277,2^154089277-1,STRUCTURAL_SCREEN_EXHAUSTED_PRIMALITY_UNASSIGNED,FIRST_SINGULARITY_SHELL_EXHAUSTED_PRIMALITY_UNASSIGNED,513,9595,9595,NO_RECORDED_FACTOR_PRP_OR_LL_RESULT_AND_NO_ACTIVE_GIMPS_ASSIGNMENT,2026-08-06T12:58:23+00:00,UNALLOCATED,,,,,
SLCMP47-0516,516,1627,154089281,2^154089281-1,STRUCTURAL_SCREEN_EXHAUSTED_PRIMALITY_UNASSIGNED,FIRST_SINGULARITY_SHELL_EXHAUSTED_PRIMALITY_UNASSIGNED,513,9595,9595,NO_RECORDED_FACTOR_PRP_OR_LL_RESULT_AND_NO_ACTIVE_GIMPS_ASSIGNMENT,2026-08-06T12:58:23+00:00,UNALLOCATED,,,,,
SLCMP47-0517,517,1628,154089293,2^154089293-1,STRUCTURAL_SCREEN_EXHAUSTED_PRIMALITY_UNASSIGNED,FIRST_SINGULARITY_SHELL_EXHAUSTED_PRIMALITY_UNASSIGNED,513,9595,9595,NO_RECORDED_FACTOR_PRP_OR_LL_RESULT_AND_NO_ACTIVE_GIMPS_ASSIGNMENT,2026-08-06T12:58:23+00:00,UNALLOCATED,,,,,
SLCMP47-0518,518,1629,154089311,2^154089311-1,STRUCTURAL_SCREEN_EXHAUSTED_PRIMALITY_UNASSIGNED,FIRST_SINGULARITY_SHELL_EXHAUSTED_PRIMALITY_UNASSIGNED,514,9595,9595,NO_RECORDED_FACTOR_PRP_OR_LL_RESULT_AND_NO_ACTIVE_GIMPS_ASSIGNMENT,2026-08-06T12:58:23+00:00,UNALLOCATED,,,,,
SLCMP47-0519,519,1630,154089329,2^154089329-1,STRUCTURAL_SCREEN_EXHAUSTED_PRIMALITY_UNASSIGNED,FIRST_SINGULARITY_SHELL_EXHAUSTED_PRIMALITY_UNASSIGNED,513,9595,9595,NO_RECORDED_FACTOR_PRP_OR_LL_RESULT_AND_NO_ACTIVE_GIMPS_ASSIGNMENT,2026-08-06T12:58:23+00:00,UNALLOCATED,,,,,
SLCMP47-0520,520,1631,154089389,2^154089389-1,STRUCTURAL_SCREEN_EXHAUSTED_PRIMALITY_UNASSIGNED,FIRST_SINGULARITY_SHELL_EXHAUSTED_PRIMALITY_UNASSIGNED,513,9595,9595,NO_RECORDED_FACTOR_PRP_OR_LL_RESULT_AND_NO_ACTIVE_GIMPS_ASSIGNMENT,2026-08-06T12:58:23+00:00,UNALLOCATED,,,,,
SLCMP47-0521,521,1632,154089413,2^154089413-1,STRUCTURAL_SCREEN_EXHAUSTED_PRIMALITY_UNASSIGNED,FIRST_SINGULARITY_SHELL_EXHAUSTED_PRIMALITY_UNASSIGNED,513,9595,9595,NO_RECORDED_FACTOR_PRP_OR_LL_RESULT_AND_NO_ACTIVE_GIMPS_ASSIGNMENT,2026-08-06T12:58:23+00:00,UNALLOCATED,,,,,
SLCMP47-0522,522,1633,154089577,2^154089577-1,STRUCTURAL_SCREEN_EXHAUSTED_PRIMALITY_UNASSIGNED,FIRST_SINGULARITY_SHELL_EXHAUSTED_PRIMALITY_UNASSIGNED,513,9595,9595,NO_RECORDED_FACTOR_PRP_OR_LL_RESULT_AND_NO_ACTIVE_GIMPS_ASSIGNMENT,2026-08-06T12:58:23+00:00,UNALLOCATED,,,,,
SLCMP47-0523,523,1634,154089647,2^154089647-1,STRUCTURAL_SCREEN_EXHAUSTED_PRIMALITY_UNASSIGNED,FIRST_SINGULARITY_SHELL_EXHAUSTED_PRIMALITY_UNASSIGNED,514,9595,9595,NO_RECORDED_FACTOR_PRP_OR_LL_RESULT_AND_NO_ACTIVE_GIMPS_ASSIGNMENT,2026-08-06T12:58:23+00:00,UNALLOCATED,,,,,
SLCMP47-0524,524,1635,154089671,2^154089671-1,STRUCTURAL_SCREEN_EXHAUSTED_PRIMALITY_UNASSIGNED,FIRST_SINGULARITY_SHELL_EXHAUSTED_PRIMALITY_UNASSIGNED,514,9595,9595,NO_RECORDED_FACTOR_PRP_OR_LL_RESULT_AND_NO_ACTIVE_GIMPS_ASSIGNMENT,2026-08-06T12:58:23+00:00,UNALLOCATED,,,,,
SLCMP47-0525,525,1636,154089757,2^154089757-1,STRUCTURAL_SCREEN_EXHAUSTED_PRIMALITY_UNASSIGNED,FIRST_SINGULARITY_SHELL_EXHAUSTED_PRIMALITY_UNASSIGNED,513,9595,9595,NO_RECORDED_FACTOR_PRP_OR_LL_RESULT_AND_NO_ACTIVE_GIMPS_ASSIGNMENT,2026-08-06T12:58:23+00:00,UNALLOCATED,,,,,
SLCMP47-0526,526,1637,154089763,2^154089763-1,STRUCTURAL_SCREEN_EXHAUSTED_PRIMALITY_UNASSIGNED,FIRST_SINGULARITY_SHELL_EXHAUSTED_PRIMALITY_UNASSIGNED,514,9595,9595,NO_RECORDED_FACTOR_PRP_OR_LL_RESULT_AND_NO_ACTIVE_GIMPS_ASSIGNMENT,2026-08-06T12:58:23+00:00,UNALLOCATED,,,,,
SLCMP47-0527,527,1638,154089833,2^154089833-1,STRUCTURAL_SCREEN_EXHAUSTED_PRIMALITY_UNASSIGNED,FIRST_SINGULARITY_SHELL_EXHAUSTED_PRIMALITY_UNASSIGNED,513,9595,9595,NO_RECORDED_FACTOR_PRP_OR_LL_RESULT_AND_NO_ACTIVE_GIMPS_ASSIGNMENT,2026-08-06T12:58:23+00:00,UNALLOCATED,,,,,
SLCMP47-0528,528,1639,154089841,2^154089841-1,STRUCTURAL_SCREEN_EXHAUSTED_PRIMALITY_UNASSIGNED,FIRST_SINGULARITY_SHELL_EXHAUSTED_PRIMALITY_UNASSIGNED,513,9595,9595,NO_RECORDED_FACTOR_PRP_OR_LL_RESULT_AND_NO_ACTIVE_GIMPS_ASSIGNMENT,2026-08-06T12:58:23+00:00,UNALLOCATED,,,,,
SLCMP47-0529,529,1640,154089869,2^154089869-1,STRUCTURAL_SCREEN_EXHAUSTED_PRIMALITY_UNASSIGNED,FIRST_SINGULARITY_SHELL_EXHAUSTED_PRIMALITY_UNASSIGNED,513,9595,9595,NO_RECORDED_FACTOR_PRP_OR_LL_RESULT_AND_NO_ACTIVE_GIMPS_ASSIGNMENT,2026-08-06T12:58:23+00:00,UNALLOCATED,,,,,
SLCMP47-0530,530,1641,154089937,2^154089937-1,STRUCTURAL_SCREEN_EXHAUSTED_PRIMALITY_UNASSIGNED,FIRST_SINGULARITY_SHELL_EXHAUSTED_PRIMALITY_UNASSIGNED,513,9595,9595,NO_RECORDED_FACTOR_PRP_OR_LL_RESULT_AND_NO_ACTIVE_GIMPS_ASSIGNMENT,2026-08-06T12:58:23+00:00,UNALLOCATED,,,,,
SLCMP47-0531,531,1642,154089959,2^154089959-1,STRUCTURAL_SCREEN_EXHAUSTED_PRIMALITY_UNASSIGNED,FIRST_SINGULARITY_SHELL_EXHAUSTED_PRIMALITY_UNASSIGNED,514,9595,9595,NO_RECORDED_FACTOR_PRP_OR_LL_RESULT_AND_NO_ACTIVE_GIMPS_ASSIGNMENT,2026-08-06T12:58:23+00:00,UNALLOCATED,,,,,
SLCMP47-0532,532,1643,154089983,2^154089983-1,STRUCTURAL_SCREEN_EXHAUSTED_PRIMALITY_UNASSIGNED,FIRST_SINGULARITY_SHELL_EXHAUSTED_PRIMALITY_UNASSIGNED,514,9595,9595,NO_RECORDED_FACTOR_PRP_OR_LL_RESULT_AND_NO_ACTIVE_GIMPS_ASSIGNMENT,2026-08-06T12:58:23+00:00,UNALLOCATED,,,,,
SLCMP47-0533,533,1644,154090031,2^154090031-1,STRUCTURAL_SCREEN_EXHAUSTED_PRIMALITY_UNASSIGNED,FIRST_SINGULARITY_SHELL_EXHAUSTED_PRIMALITY_UNASSIGNED,514,9595,9595,NO_RECORDED_FACTOR_PRP_OR_LL_RESULT_AND_NO_ACTIVE_GIMPS_ASSIGNMENT,2026-08-06T12:58:23+00:00,UNALLOCATED,,,,,
SLCMP47-0534,534,1645,154090073,2^154090073-1,STRUCTURAL_SCREEN_EXHAUSTED_PRIMALITY_UNASSIGNED,FIRST_SINGULARITY_SHELL_EXHAUSTED_PRIMALITY_UNASSIGNED,513,9595,9595,NO_RECORDED_FACTOR_PRP_OR_LL_RESULT_AND_NO_ACTIVE_GIMPS_ASSIGNMENT,2026-08-06T12:58:23+00:00,UNALLOCATED,,,,,
SLCMP47-0535,535,1646,154090109,2^154090109-1,STRUCTURAL_SCREEN_EXHAUSTED_PRIMALITY_UNASSIGNED,FIRST_SINGULARITY_SHELL_EXHAUSTED_PRIMALITY_UNASSIGNED,513,9595,9595,NO_RECORDED_FACTOR_PRP_OR_LL_RESULT_AND_NO_ACTIVE_GIMPS_ASSIGNMENT,2026-08-06T12:58:23+00:00,UNALLOCATED,,,,,
SLCMP47-0536,536,1647,154090117,2^154090117-1,STRUCTURAL_SCREEN_EXHAUSTED_PRIMALITY_UNASSIGNED,FIRST_SINGULARITY_SHELL_EXHAUSTED_PRIMALITY_UNASSIGNED,513,9595,9595,NO_RECORDED_FACTOR_PRP_OR_LL_RESULT_AND_NO_ACTIVE_GIMPS_ASSIGNMENT,2026-08-06T12:58:23+00:00,UNALLOCATED,,,,,
SLCMP47-0537,537,1648,154090121,2^154090121-1,STRUCTURAL_SCREEN_EXHAUSTED_PRIMALITY_UNASSIGNED,FIRST_SINGULARITY_SHELL_EXHAUSTED_PRIMALITY_UNASSIGNED,513,9595,9595,NO_RECORDED_FACTOR_PRP_OR_LL_RESULT_AND_NO_ACTIVE_GIMPS_ASSIGNMENT,2026-08-06T12:58:23+00:00,UNALLOCATED,,,,,
SLCMP47-0538,538,1649,154090249,2^154090249-1,STRUCTURAL_SCREEN_EXHAUSTED_PRIMALITY_UNASSIGNED,FIRST_SINGULARITY_SHELL_EXHAUSTED_PRIMALITY_UNASSIGNED,513,9595,9595,NO_RECORDED_FACTOR_PRP_OR_LL_RESULT_AND_NO_ACTIVE_GIMPS_ASSIGNMENT,2026-08-06T12:58:23+00:00,UNALLOCATED,,,,,
SLCMP47-0539,539,1650,154090283,2^154090283-1,STRUCTURAL_SCREEN_EXHAUSTED_PRIMALITY_UNASSIGNED,FIRST_SINGULARITY_SHELL_EXHAUSTED_PRIMALITY_UNASSIGNED,514,9595,9595,NO_RECORDED_FACTOR_PRP_OR_LL_RESULT_AND_NO_ACTIVE_GIMPS_ASSIGNMENT,2026-08-06T12:58:23+00:00,UNALLOCATED,,,,,
SLCMP47-0540,540,1651,154090327,2^154090327-1,STRUCTURAL_SCREEN_EXHAUSTED_PRIMALITY_UNASSIGNED,FIRST_SINGULARITY_SHELL_EXHAUSTED_PRIMALITY_UNASSIGNED,514,9595,9595,NO_RECORDED_FACTOR_PRP_OR_LL_RESULT_AND_NO_ACTIVE_GIMPS_ASSIGNMENT,2026-08-06T12:58:23+00:00,UNALLOCATED,,,,,
SLCMP47-0541,541,1652,154090441,2^154090441-1,STRUCTURAL_SCREEN_EXHAUSTED_PRIMALITY_UNASSIGNED,FIRST_SINGULARITY_SHELL_EXHAUSTED_PRIMALITY_UNASSIGNED,513,9595,9595,NO_RECORDED_FACTOR_PRP_OR_LL_RESULT_AND_NO_ACTIVE_GIMPS_ASSIGNMENT,2026-08-06T12:58:23+00:00,UNALLOCATED,,,,,
SLCMP47-0542,542,1653,154090471,2^154090471-1,STRUCTURAL_SCREEN_EXHAUSTED_PRIMALITY_UNASSIGNED,FIRST_SINGULARITY_SHELL_EXHAUSTED_PRIMALITY_UNASSIGNED,514,9595,9595,NO_RECORDED_FACTOR_PRP_OR_LL_RESULT_AND_NO_ACTIVE_GIMPS_ASSIGNMENT,2026-08-06T12:58:23+00:00,UNALLOCATED,,,,,
SLCMP47-0543,543,1654,154090507,2^154090507-1,STRUCTURAL_SCREEN_EXHAUSTED_PRIMALITY_UNASSIGNED,FIRST_SINGULARITY_SHELL_EXHAUSTED_PRIMALITY_UNASSIGNED,514,9595,9595,NO_RECORDED_FACTOR_PRP_OR_LL_RESULT_AND_NO_ACTIVE_GIMPS_ASSIGNMENT,2026-08-06T12:58:23+00:00,UNALLOCATED,,,,,
SLCMP47-0544,544,1655,154090577,2^154090577-1,STRUCTURAL_SCREEN_EXHAUSTED_PRIMALITY_UNASSIGNED,FIRST_SINGULARITY_SHELL_EXHAUSTED_PRIMALITY_UNASSIGNED,513,9595,9595,NO_RECORDED_FACTOR_PRP_OR_LL_RESULT_AND_NO_ACTIVE_GIMPS_ASSIGNMENT,2026-08-06T12:58:23+00:00,UNALLOCATED,,,,,
SLCMP47-0545,545,1656,154090597,2^154090597-1,STRUCTURAL_SCREEN_EXHAUSTED_PRIMALITY_UNASSIGNED,FIRST_SINGULARITY_SHELL_EXHAUSTED_PRIMALITY_UNASSIGNED,513,9595,9595,NO_RECORDED_FACTOR_PRP_OR_LL_RESULT_AND_NO_ACTIVE_GIMPS_ASSIGNMENT,2026-08-06T12:58:23+00:00,UNALLOCATED,,,,,
SLCMP47-0546,546,1657,154090603,2^154090603-1,STRUCTURAL_SCREEN_EXHAUSTED_PRIMALITY_UNASSIGNED,FIRST_SINGULARITY_SHELL_EXHAUSTED_PRIMALITY_UNASSIGNED,514,9595,9595,NO_RECORDED_FACTOR_PRP_OR_LL_RESULT_AND_NO_ACTIVE_GIMPS_ASSIGNMENT,2026-08-06T12:58:23+00:00,UNALLOCATED,,,,,
SLCMP47-0547,547,1658,154090679,2^154090679-1,STRUCTURAL_SCREEN_EXHAUSTED_PRIMALITY_UNASSIGNED,FIRST_SINGULARITY_SHELL_EXHAUSTED_PRIMALITY_UNASSIGNED,514,9595,9595,NO_RECORDED_FACTOR_PRP_OR_LL_RESULT_AND_NO_ACTIVE_GIMPS_ASSIGNMENT,2026-08-06T12:58:23+00:00,UNALLOCATED,,,,,
SLCMP47-0548,548,1659,154090693,2^154090693-1,STRUCTURAL_SCREEN_EXHAUSTED_PRIMALITY_UNASSIGNED,FIRST_SINGULARITY_SHELL_EXHAUSTED_PRIMALITY_UNASSIGNED,513,9595,9595,NO_RECORDED_FACTOR_PRP_OR_LL_RESULT_AND_NO_ACTIVE_GIMPS_ASSIGNMENT,2026-08-06T12:58:23+00:00,UNALLOCATED,,,,,
SLCMP47-0549,549,1660,154090723,2^154090723-1,STRUCTURAL_SCREEN_EXHAUSTED_PRIMALITY_UNASSIGNED,FIRST_SINGULARITY_SHELL_EXHAUSTED_PRIMALITY_UNASSIGNED,514,9595,9595,NO_RECORDED_FACTOR_PRP_OR_LL_RESULT_AND_NO_ACTIVE_GIMPS_ASSIGNMENT,2026-08-06T12:58:23+00:00,UNALLOCATED,,,,,
SLCMP47-0550,550,1661,154090747,2^154090747-1,STRUCTURAL_SCREEN_EXHAUSTED_PRIMALITY_UNASSIGNED,FIRST_SINGULARITY_SHELL_EXHAUSTED_PRIMALITY_UNASSIGNED,514,9595,9595,NO_RECORDED_FACTOR_PRP_OR_LL_RESULT_AND_NO_ACTIVE_GIMPS_ASSIGNMENT,2026-08-06T12:58:23+00:00,UNALLOCATED,,,,,
SLCMP47-0551,551,1662,154090789,2^154090789-1,STRUCTURAL_SCREEN_EXHAUSTED_PRIMALITY_UNASSIGNED,FIRST_SINGULARITY_SHELL_EXHAUSTED_PRIMALITY_UNASSIGNED,513,9595,9595,NO_RECORDED_FACTOR_PRP_OR_LL_RESULT_AND_NO_ACTIVE_GIMPS_ASSIGNMENT,2026-08-06T12:58:23+00:00,UNALLOCATED,,,,,
SLCMP47-0552,552,1663,154090861,2^154090861-1,STRUCTURAL_SCREEN_EXHAUSTED_PRIMALITY_UNASSIGNED,FIRST_SINGULARITY_SHELL_EXHAUSTED_PRIMALITY_UNASSIGNED,513,9595,9595,NO_RECORDED_FACTOR_PRP_OR_LL_RESULT_AND_NO_ACTIVE_GIMPS_ASSIGNMENT,2026-08-06T12:58:23+00:00,UNALLOCATED,,,,,
SLCMP47-0553,553,1664,154090879,2^154090879-1,STRUCTURAL_SCREEN_EXHAUSTED_PRIMALITY_UNASSIGNED,FIRST_SINGULARITY_SHELL_EXHAUSTED_PRIMALITY_UNASSIGNED,514,9595,9595,NO_RECORDED_FACTOR_PRP_OR_LL_RESULT_AND_NO_ACTIVE_GIMPS_ASSIGNMENT,2026-08-06T12:58:23+00:00,UNALLOCATED,,,,,
SLCMP47-0554,554,1665,154090901,2^154090901-1,STRUCTURAL_SCREEN_EXHAUSTED_PRIMALITY_UNASSIGNED,FIRST_SINGULARITY_SHELL_EXHAUSTED_PRIMALITY_UNASSIGNED,513,9595,9595,NO_RECORDED_FACTOR_PRP_OR_LL_RESULT_AND_NO_ACTIVE_GIMPS_ASSIGNMENT,2026-08-06T12:58:23+00:00,UNALLOCATED,,,,,
SLCMP47-0555,555,1666,154090939,2^154090939-1,STRUCTURAL_SCREEN_EXHAUSTED_PRIMALITY_UNASSIGNED,FIRST_SINGULARITY_SHELL_EXHAUSTED_PRIMALITY_UNASSIGNED,514,9595,9595,NO_RECORDED_FACTOR_PRP_OR_LL_RESULT_AND_NO_ACTIVE_GIMPS_ASSIGNMENT,2026-08-06T12:58:23+00:00,UNALLOCATED,,,,,
SLCMP47-0556,556,1667,154091071,2^154091071-1,STRUCTURAL_SCREEN_EXHAUSTED_PRIMALITY_UNASSIGNED,FIRST_SINGULARITY_SHELL_EXHAUSTED_PRIMALITY_UNASSIGNED,514,9595,9595,NO_RECORDED_FACTOR_PRP_OR_LL_RESULT_AND_NO_ACTIVE_GIMPS_ASSIGNMENT,2026-08-06T12:58:23+00:00,UNALLOCATED,,,,,
SLCMP47-0557,557,1668,154091117,2^154091117-1,STRUCTURAL_SCREEN_EXHAUSTED_PRIMALITY_UNASSIGNED,FIRST_SINGULARITY_SHELL_EXHAUSTED_PRIMALITY_UNASSIGNED,513,9595,9595,NO_RECORDED_FACTOR_PRP_OR_LL_RESULT_AND_NO_ACTIVE_GIMPS_ASSIGNMENT,2026-08-06T12:58:23+00:00,UNALLOCATED,,,,,
SLCMP47-0558,558,1669,154091131,2^154091131-1,STRUCTURAL_SCREEN_EXHAUSTED_PRIMALITY_UNASSIGNED,FIRST_SINGULARITY_SHELL_EXHAUSTED_PRIMALITY_UNASSIGNED,514,9595,9595,NO_RECORDED_FACTOR_PRP_OR_LL_RESULT_AND_NO_ACTIVE_GIMPS_ASSIGNMENT,2026-08-06T12:58:23+00:00,UNALLOCATED,,,,,
SLCMP47-0559,559,1670,154091143,2^154091143-1,STRUCTURAL_SCREEN_EXHAUSTED_PRIMALITY_UNASSIGNED,FIRST_SINGULARITY_SHELL_EXHAUSTED_PRIMALITY_UNASSIGNED,514,9595,9595,NO_RECORDED_FACTOR_PRP_OR_LL_RESULT_AND_NO_ACTIVE_GIMPS_ASSIGNMENT,2026-08-06T12:58:23+00:00,UNALLOCATED,,,,,
SLCMP47-0560,560,1671,154091251,2^154091251-1,STRUCTURAL_SCREEN_EXHAUSTED_PRIMALITY_UNASSIGNED,FIRST_SINGULARITY_SHELL_EXHAUSTED_PRIMALITY_UNASSIGNED,514,9595,9595,NO_RECORDED_FACTOR_PRP_OR_LL_RESULT_AND_NO_ACTIVE_GIMPS_ASSIGNMENT,2026-08-06T12:58:23+00:00,UNALLOCATED,,,,,
SLCMP47-0561,561,1672,154091257,2^154091257-1,STRUCTURAL_SCREEN_EXHAUSTED_PRIMALITY_UNASSIGNED,FIRST_SINGULARITY_SHELL_EXHAUSTED_PRIMALITY_UNASSIGNED,513,9595,9595,NO_RECORDED_FACTOR_PRP_OR_LL_RESULT_AND_NO_ACTIVE_GIMPS_ASSIGNMENT,2026-08-06T12:58:23+00:00,UNALLOCATED,,,,,
SLCMP47-0562,562,1673,154091291,2^154091291-1,STRUCTURAL_SCREEN_EXHAUSTED_PRIMALITY_UNASSIGNED,FIRST_SINGULARITY_SHELL_EXHAUSTED_PRIMALITY_UNASSIGNED,514,9595,9595,NO_RECORDED_FACTOR_PRP_OR_LL_RESULT_AND_NO_ACTIVE_GIMPS_ASSIGNMENT,2026-08-06T12:58:23+00:00,UNALLOCATED,,,,,
SLCMP47-0563,563,1674,154091309,2^154091309-1,STRUCTURAL_SCREEN_EXHAUSTED_PRIMALITY_UNASSIGNED,FIRST_SINGULARITY_SHELL_EXHAUSTED_PRIMALITY_UNASSIGNED,513,9595,9595,NO_RECORDED_FACTOR_PRP_OR_LL_RESULT_AND_NO_ACTIVE_GIMPS_ASSIGNMENT,2026-08-06T12:58:23+00:00,UNALLOCATED,,,,,
SLCMP47-0564,564,1675,154091323,2^154091323-1,STRUCTURAL_SCREEN_EXHAUSTED_PRIMALITY_UNASSIGNED,FIRST_SINGULARITY_SHELL_EXHAUSTED_PRIMALITY_UNASSIGNED,514,9595,9595,NO_RECORDED_FACTOR_PRP_OR_LL_RESULT_AND_NO_ACTIVE_GIMPS_ASSIGNMENT,2026-08-06T12:58:23+00:00,UNALLOCATED,,,,,
SLCMP47-0565,565,1676,154091341,2^154091341-1,STRUCTURAL_SCREEN_EXHAUSTED_PRIMALITY_UNASSIGNED,FIRST_SINGULARITY_SHELL_EXHAUSTED_PRIMALITY_UNASSIGNED,513,9595,9595,NO_RECORDED_FACTOR_PRP_OR_LL_RESULT_AND_NO_ACTIVE_GIMPS_ASSIGNMENT,2026-08-06T12:58:23+00:00,UNALLOCATED,,,,,
SLCMP47-0566,566,1677,154091363,2^154091363-1,STRUCTURAL_SCREEN_EXHAUSTED_PRIMALITY_UNASSIGNED,FIRST_SINGULARITY_SHELL_EXHAUSTED_PRIMALITY_UNASSIGNED,514,9595,9595,NO_RECORDED_FACTOR_PRP_OR_LL_RESULT_AND_NO_ACTIVE_GIMPS_ASSIGNMENT,2026-08-06T12:58:23+00:00,UNALLOCATED,,,,,
SLCMP47-0567,567,1678,154091381,2^154091381-1,STRUCTURAL_SCREEN_EXHAUSTED_PRIMALITY_UNASSIGNED,FIRST_SINGULARITY_SHELL_EXHAUSTED_PRIMALITY_UNASSIGNED,513,9595,9595,NO_RECORDED_FACTOR_PRP_OR_LL_RESULT_AND_NO_ACTIVE_GIMPS_ASSIGNMENT,2026-08-06T12:58:23+00:00,UNALLOCATED,,,,,
SLCMP47-0568,568,1679,154091507,2^154091507-1,STRUCTURAL_SCREEN_EXHAUSTED_PRIMALITY_UNASSIGNED,FIRST_SINGULARITY_SHELL_EXHAUSTED_PRIMALITY_UNASSIGNED,514,9595,9595,NO_RECORDED_FACTOR_PRP_OR_LL_RESULT_AND_NO_ACTIVE_GIMPS_ASSIGNMENT,2026-08-06T12:58:23+00:00,UNALLOCATED,,,,,
SLCMP47-0569,569,1680,154091533,2^154091533-1,STRUCTURAL_SCREEN_EXHAUSTED_PRIMALITY_UNASSIGNED,FIRST_SINGULARITY_SHELL_EXHAUSTED_PRIMALITY_UNASSIGNED,513,9595,9595,NO_RECORDED_FACTOR_PRP_OR_LL_RESULT_AND_NO_ACTIVE_GIMPS_ASSIGNMENT,2026-08-06T12:58:23+00:00,UNALLOCATED,,,,,
SLCMP47-0570,570,1681,154091557,2^154091557-1,STRUCTURAL_SCREEN_EXHAUSTED_PRIMALITY_UNASSIGNED,FIRST_SINGULARITY_SHELL_EXHAUSTED_PRIMALITY_UNASSIGNED,513,9595,9595,NO_RECORDED_FACTOR_PRP_OR_LL_RESULT_AND_NO_ACTIVE_GIMPS_ASSIGNMENT,2026-08-06T12:58:23+00:00,UNALLOCATED,,,,,
SLCMP47-0571,571,1682,154091591,2^154091591-1,STRUCTURAL_SCREEN_EXHAUSTED_PRIMALITY_UNASSIGNED,FIRST_SINGULARITY_SHELL_EXHAUSTED_PRIMALITY_UNASSIGNED,514,9595,9595,NO_RECORDED_FACTOR_PRP_OR_LL_RESULT_AND_NO_ACTIVE_GIMPS_ASSIGNMENT,2026-08-06T12:58:23+00:00,UNALLOCATED,,,,,
SLCMP47-0572,572,1683,154091611,2^154091611-1,STRUCTURAL_SCREEN_EXHAUSTED_PRIMALITY_UNASSIGNED,FIRST_SINGULARITY_SHELL_EXHAUSTED_PRIMALITY_UNASSIGNED,514,9595,9595,NO_RECORDED_FACTOR_PRP_OR_LL_RESULT_AND_NO_ACTIVE_GIMPS_ASSIGNMENT,2026-08-06T12:58:23+00:00,UNALLOCATED,,,,,
SLCMP47-0573,573,1684,154091677,2^154091677-1,STRUCTURAL_SCREEN_EXHAUSTED_PRIMALITY_UNASSIGNED,FIRST_SINGULARITY_SHELL_EXHAUSTED_PRIMALITY_UNASSIGNED,513,9595,9595,NO_RECORDED_FACTOR_PRP_OR_LL_RESULT_AND_NO_ACTIVE_GIMPS_ASSIGNMENT,2026-08-06T12:58:23+00:00,UNALLOCATED,,,,,
SLCMP47-0574,574,1685,154091687,2^154091687-1,STRUCTURAL_SCREEN_EXHAUSTED_PRIMALITY_UNASSIGNED,FIRST_SINGULARITY_SHELL_EXHAUSTED_PRIMALITY_UNASSIGNED,514,9595,9595,NO_RECORDED_FACTOR_PRP_OR_LL_RESULT_AND_NO_ACTIVE_GIMPS_ASSIGNMENT,2026-08-06T12:58:23+00:00,UNALLOCATED,,,,,
SLCMP47-0575,575,1686,154091701,2^154091701-1,STRUCTURAL_SCREEN_EXHAUSTED_PRIMALITY_UNASSIGNED,FIRST_SINGULARITY_SHELL_EXHAUSTED_PRIMALITY_UNASSIGNED,513,9595,9595,NO_RECORDED_FACTOR_PRP_OR_LL_RESULT_AND_NO_ACTIVE_GIMPS_ASSIGNMENT,2026-08-06T12:58:23+00:00,UNALLOCATED,,,,,
SLCMP47-0576,576,1687,154091783,2^154091783-1,STRUCTURAL_SCREEN_EXHAUSTED_PRIMALITY_UNASSIGNED,FIRST_SINGULARITY_SHELL_EXHAUSTED_PRIMALITY_UNASSIGNED,514,9595,9595,NO_RECORDED_FACTOR_PRP_OR_LL_RESULT_AND_NO_ACTIVE_GIMPS_ASSIGNMENT,2026-08-06T12:58:23+00:00,UNALLOCATED,,,,,
SLCMP47-0577,577,1688,154091809,2^154091809-1,STRUCTURAL_SCREEN_EXHAUSTED_PRIMALITY_UNASSIGNED,FIRST_SINGULARITY_SHELL_EXHAUSTED_PRIMALITY_UNASSIGNED,513,9595,9595,NO_RECORDED_FACTOR_PRP_OR_LL_RESULT_AND_NO_ACTIVE_GIMPS_ASSIGNMENT,2026-08-06T12:58:23+00:00,UNALLOCATED,,,,,
SLCMP47-0578,578,1689,154091863,2^154091863-1,STRUCTURAL_SCREEN_EXHAUSTED_PRIMALITY_UNASSIGNED,FIRST_SINGULARITY_SHELL_EXHAUSTED_PRIMALITY_UNASSIGNED,514,9595,9595,NO_RECORDED_FACTOR_PRP_OR_LL_RESULT_AND_NO_ACTIVE_GIMPS_ASSIGNMENT,2026-08-06T12:58:23+00:00,UNALLOCATED,,,,,
SLCMP47-0579,579,1690,154091909,2^154091909-1,STRUCTURAL_SCREEN_EXHAUSTED_PRIMALITY_UNASSIGNED,FIRST_SINGULARITY_SHELL_EXHAUSTED_PRIMALITY_UNASSIGNED,513,9595,9595,NO_RECORDED_FACTOR_PRP_OR_LL_RESULT_AND_NO_ACTIVE_GIMPS_ASSIGNMENT,2026-08-06T12:58:23+00:00,UNALLOCATED,,,,,
SLCMP47-0580,580,1691,154091911,2^154091911-1,STRUCTURAL_SCREEN_EXHAUSTED_PRIMALITY_UNASSIGNED,FIRST_SINGULARITY_SHELL_EXHAUSTED_PRIMALITY_UNASSIGNED,514,9595,9595,NO_RECORDED_FACTOR_PRP_OR_LL_RESULT_AND_NO_ACTIVE_GIMPS_ASSIGNMENT,2026-08-06T12:58:23+00:00,UNALLOCATED,,,,,
SLCMP47-0581,581,1692,154091999,2^154091999-1,STRUCTURAL_SCREEN_EXHAUSTED_PRIMALITY_UNASSIGNED,FIRST_SINGULARITY_SHELL_EXHAUSTED_PRIMALITY_UNASSIGNED,514,9595,9595,NO_RECORDED_FACTOR_PRP_OR_LL_RESULT_AND_NO_ACTIVE_GIMPS_ASSIGNMENT,2026-08-06T12:58:23+00:00,UNALLOCATED,,,,,
SLCMP47-0582,582,1693,154092023,2^154092023-1,STRUCTURAL_SCREEN_EXHAUSTED_PRIMALITY_UNASSIGNED,FIRST_SINGULARITY_SHELL_EXHAUSTED_PRIMALITY_UNASSIGNED,514,9595,9595,NO_RECORDED_FACTOR_PRP_OR_LL_RESULT_AND_NO_ACTIVE_GIMPS_ASSIGNMENT,2026-08-06T12:58:23+00:00,UNALLOCATED,,,,,
SLCMP47-0583,583,1694,154092083,2^154092083-1,STRUCTURAL_SCREEN_EXHAUSTED_PRIMALITY_UNASSIGNED,FIRST_SINGULARITY_SHELL_EXHAUSTED_PRIMALITY_UNASSIGNED,514,9595,9595,NO_RECORDED_FACTOR_PRP_OR_LL_RESULT_AND_NO_ACTIVE_GIMPS_ASSIGNMENT,2026-08-06T12:58:23+00:00,UNALLOCATED,,,,,
SLCMP47-0584,584,1695,154092181,2^154092181-1,STRUCTURAL_SCREEN_EXHAUSTED_PRIMALITY_UNASSIGNED,FIRST_SINGULARITY_SHELL_EXHAUSTED_PRIMALITY_UNASSIGNED,513,9595,9595,NO_RECORDED_FACTOR_PRP_OR_LL_RESULT_AND_NO_ACTIVE_GIMPS_ASSIGNMENT,2026-08-06T12:58:23+00:00,UNALLOCATED,,,,,
SLCMP47-0585,585,1696,154092259,2^154092259-1,STRUCTURAL_SCREEN_EXHAUSTED_PRIMALITY_UNASSIGNED,FIRST_SINGULARITY_SHELL_EXHAUSTED_PRIMALITY_UNASSIGNED,514,9595,9595,NO_RECORDED_FACTOR_PRP_OR_LL_RESULT_AND_NO_ACTIVE_GIMPS_ASSIGNMENT,2026-08-06T12:58:23+00:00,UNALLOCATED,,,,,
SLCMP47-0586,586,1697,154092293,2^154092293-1,STRUCTURAL_SCREEN_EXHAUSTED_PRIMALITY_UNASSIGNED,FIRST_SINGULARITY_SHELL_EXHAUSTED_PRIMALITY_UNASSIGNED,513,9595,9595,NO_RECORDED_FACTOR_PRP_OR_LL_RESULT_AND_NO_ACTIVE_GIMPS_ASSIGNMENT,2026-08-06T12:58:23+00:00,UNALLOCATED,,,,,
SLCMP47-0587,587,1698,154092353,2^154092353-1,STRUCTURAL_SCREEN_EXHAUSTED_PRIMALITY_UNASSIGNED,FIRST_SINGULARITY_SHELL_EXHAUSTED_PRIMALITY_UNASSIGNED,513,9595,9595,NO_RECORDED_FACTOR_PRP_OR_LL_RESULT_AND_NO_ACTIVE_GIMPS_ASSIGNMENT,2026-08-06T12:58:23+00:00,UNALLOCATED,,,,,
SLCMP47-0588,588,1699,154092377,2^154092377-1,STRUCTURAL_SCREEN_EXHAUSTED_PRIMALITY_UNASSIGNED,FIRST_SINGULARITY_SHELL_EXHAUSTED_PRIMALITY_UNASSIGNED,513,9595,9595,NO_RECORDED_FACTOR_PRP_OR_LL_RESULT_AND_NO_ACTIVE_GIMPS_ASSIGNMENT,2026-08-06T12:58:23+00:00,UNALLOCATED,,,,,
SLCMP47-0589,589,1700,154092439,2^154092439-1,STRUCTURAL_SCREEN_EXHAUSTED_PRIMALITY_UNASSIGNED,FIRST_SINGULARITY_SHELL_EXHAUSTED_PRIMALITY_UNASSIGNED,514,9595,9595,NO_RECORDED_FACTOR_PRP_OR_LL_RESULT_AND_NO_ACTIVE_GIMPS_ASSIGNMENT,2026-08-06T12:58:23+00:00,UNALLOCATED,,,,,
SLCMP47-0590,590,1701,154092511,2^154092511-1,STRUCTURAL_SCREEN_EXHAUSTED_PRIMALITY_UNASSIGNED,FIRST_SINGULARITY_SHELL_EXHAUSTED_PRIMALITY_UNASSIGNED,514,9595,9595,NO_RECORDED_FACTOR_PRP_OR_LL_RESULT_AND_NO_ACTIVE_GIMPS_ASSIGNMENT,2026-08-06T12:58:23+00:00,UNALLOCATED,,,,,
SLCMP47-0591,591,1702,154092559,2^154092559-1,STRUCTURAL_SCREEN_EXHAUSTED_PRIMALITY_UNASSIGNED,FIRST_SINGULARITY_SHELL_EXHAUSTED_PRIMALITY_UNASSIGNED,514,9595,9595,NO_RECORDED_FACTOR_PRP_OR_LL_RESULT_AND_NO_ACTIVE_GIMPS_ASSIGNMENT,2026-08-06T12:58:23+00:00,UNALLOCATED,,,,,
SLCMP47-0592,592,1703,154092583,2^154092583-1,STRUCTURAL_SCREEN_EXHAUSTED_PRIMALITY_UNASSIGNED,FIRST_SINGULARITY_SHELL_EXHAUSTED_PRIMALITY_UNASSIGNED,514,9595,9595,NO_RECORDED_FACTOR_PRP_OR_LL_RESULT_AND_NO_ACTIVE_GIMPS_ASSIGNMENT,2026-08-06T12:58:23+00:00,UNALLOCATED,,,,,
SLCMP47-0593,593,1704,154093001,2^154093001-1,STRUCTURAL_SCREEN_EXHAUSTED_PRIMALITY_UNASSIGNED,FIRST_SINGULARITY_SHELL_EXHAUSTED_PRIMALITY_UNASSIGNED,513,9595,9595,NO_RECORDED_FACTOR_PRP_OR_LL_RESULT_AND_NO_ACTIVE_GIMPS_ASSIGNMENT,2026-08-06T12:58:23+00:00,UNALLOCATED,,,,,
SLCMP47-0594,594,1705,154093013,2^154093013-1,STRUCTURAL_SCREEN_EXHAUSTED_PRIMALITY_UNASSIGNED,FIRST_SINGULARITY_SHELL_EXHAUSTED_PRIMALITY_UNASSIGNED,513,9595,9595,NO_RECORDED_FACTOR_PRP_OR_LL_RESULT_AND_NO_ACTIVE_GIMPS_ASSIGNMENT,2026-08-06T12:58:23+00:00,UNALLOCATED,,,,,
SLCMP47-0595,595,1706,154093091,2^154093091-1,STRUCTURAL_SCREEN_EXHAUSTED_PRIMALITY_UNASSIGNED,FIRST_SINGULARITY_SHELL_EXHAUSTED_PRIMALITY_UNASSIGNED,514,9595,9595,NO_RECORDED_FACTOR_PRP_OR_LL_RESULT_AND_NO_ACTIVE_GIMPS_ASSIGNMENT,2026-08-06T12:58:23+00:00,UNALLOCATED,,,,,
SLCMP47-0596,596,1707,154093187,2^154093187-1,STRUCTURAL_SCREEN_EXHAUSTED_PRIMALITY_UNASSIGNED,FIRST_SINGULARITY_SHELL_EXHAUSTED_PRIMALITY_UNASSIGNED,514,9595,9595,NO_RECORDED_FACTOR_PRP_OR_LL_RESULT_AND_NO_ACTIVE_GIMPS_ASSIGNMENT,2026-08-06T12:58:23+00:00,UNALLOCATED,,,,,
SLCMP47-0597,597,1708,154093201,2^154093201-1,STRUCTURAL_SCREEN_EXHAUSTED_PRIMALITY_UNASSIGNED,FIRST_SINGULARITY_SHELL_EXHAUSTED_PRIMALITY_UNASSIGNED,513,9595,9595,NO_RECORDED_FACTOR_PRP_OR_LL_RESULT_AND_NO_ACTIVE_GIMPS_ASSIGNMENT,2026-08-06T12:58:23+00:00,UNALLOCATED,,,,,
SLCMP47-0598,598,1709,154093237,2^154093237-1,STRUCTURAL_SCREEN_EXHAUSTED_PRIMALITY_UNASSIGNED,FIRST_SINGULARITY_SHELL_EXHAUSTED_PRIMALITY_UNASSIGNED,513,9595,9595,NO_RECORDED_FACTOR_PRP_OR_LL_RESULT_AND_NO_ACTIVE_GIMPS_ASSIGNMENT,2026-08-06T12:58:23+00:00,UNALLOCATED,,,,,
SLCMP47-0599,599,1710,154093393,2^154093393-1,STRUCTURAL_SCREEN_EXHAUSTED_PRIMALITY_UNASSIGNED,FIRST_SINGULARITY_SHELL_EXHAUSTED_PRIMALITY_UNASSIGNED,513,9595,9595,NO_RECORDED_FACTOR_PRP_OR_LL_RESULT_AND_NO_ACTIVE_GIMPS_ASSIGNMENT,2026-08-06T12:58:23+00:00,UNALLOCATED,,,,,
SLCMP47-0600,600,1711,154093421,2^154093421-1,STRUCTURAL_SCREEN_EXHAUSTED_PRIMALITY_UNASSIGNED,FIRST_SINGULARITY_SHELL_EXHAUSTED_PRIMALITY_UNASSIGNED,513,9595,9595,NO_RECORDED_FACTOR_PRP_OR_LL_RESULT_AND_NO_ACTIVE_GIMPS_ASSIGNMENT,2026-08-06T12:58:23+00:00,UNALLOCATED,,,,,
SLCMP47-0601,601,1712,154093451,2^154093451-1,STRUCTURAL_SCREEN_EXHAUSTED_PRIMALITY_UNASSIGNED,FIRST_SINGULARITY_SHELL_EXHAUSTED_PRIMALITY_UNASSIGNED,514,9595,9595,NO_RECORDED_FACTOR_PRP_OR_LL_RESULT_AND_NO_ACTIVE_GIMPS_ASSIGNMENT,2026-08-06T12:58:23+00:00,UNALLOCATED,,,,,
SLCMP47-0602,602,1713,154093519,2^154093519-1,STRUCTURAL_SCREEN_EXHAUSTED_PRIMALITY_UNASSIGNED,FIRST_SINGULARITY_SHELL_EXHAUSTED_PRIMALITY_UNASSIGNED,514,9595,9595,NO_RECORDED_FACTOR_PRP_OR_LL_RESULT_AND_NO_ACTIVE_GIMPS_ASSIGNMENT,2026-08-06T12:58:23+00:00,UNALLOCATED,,,,,
SLCMP47-0603,603,1714,154093573,2^154093573-1,STRUCTURAL_SCREEN_EXHAUSTED_PRIMALITY_UNASSIGNED,FIRST_SINGULARITY_SHELL_EXHAUSTED_PRIMALITY_UNASSIGNED,513,9595,9595,NO_RECORDED_FACTOR_PRP_OR_LL_RESULT_AND_NO_ACTIVE_GIMPS_ASSIGNMENT,2026-08-06T12:58:23+00:00,UNALLOCATED,,,,,
SLCMP47-0604,604,1715,154093603,2^154093603-1,STRUCTURAL_SCREEN_EXHAUSTED_PRIMALITY_UNASSIGNED,FIRST_SINGULARITY_SHELL_EXHAUSTED_PRIMALITY_UNASSIGNED,514,9595,9595,NO_RECORDED_FACTOR_PRP_OR_LL_RESULT_AND_NO_ACTIVE_GIMPS_ASSIGNMENT,2026-08-06T12:58:23+00:00,UNALLOCATED,,,,,
SLCMP47-0605,605,1716,154093649,2^154093649-1,STRUCTURAL_SCREEN_EXHAUSTED_PRIMALITY_UNASSIGNED,FIRST_SINGULARITY_SHELL_EXHAUSTED_PRIMALITY_UNASSIGNED,513,9595,9595,NO_RECORDED_FACTOR_PRP_OR_LL_RESULT_AND_NO_ACTIVE_GIMPS_ASSIGNMENT,2026-08-06T12:58:23+00:00,UNALLOCATED,,,,,
SLCMP47-0606,606,1717,154093673,2^154093673-1,STRUCTURAL_SCREEN_EXHAUSTED_PRIMALITY_UNASSIGNED,FIRST_SINGULARITY_SHELL_EXHAUSTED_PRIMALITY_UNASSIGNED,513,9595,9595,NO_RECORDED_FACTOR_PRP_OR_LL_RESULT_AND_NO_ACTIVE_GIMPS_ASSIGNMENT,2026-08-06T12:58:23+00:00,UNALLOCATED,,,,,
SLCMP47-0607,607,1718,154093711,2^154093711-1,STRUCTURAL_SCREEN_EXHAUSTED_PRIMALITY_UNASSIGNED,FIRST_SINGULARITY_SHELL_EXHAUSTED_PRIMALITY_UNASSIGNED,514,9595,9595,NO_RECORDED_FACTOR_PRP_OR_LL_RESULT_AND_NO_ACTIVE_GIMPS_ASSIGNMENT,2026-08-06T12:58:23+00:00,UNALLOCATED,,,,,
SLCMP47-0608,608,1719,154093741,2^154093741-1,STRUCTURAL_SCREEN_EXHAUSTED_PRIMALITY_UNASSIGNED,FIRST_SINGULARITY_SHELL_EXHAUSTED_PRIMALITY_UNASSIGNED,513,9595,9595,NO_RECORDED_FACTOR_PRP_OR_LL_RESULT_AND_NO_ACTIVE_GIMPS_ASSIGNMENT,2026-08-06T12:58:23+00:00,UNALLOCATED,,,,,
SLCMP47-0609,609,1720,154093817,2^154093817-1,STRUCTURAL_SCREEN_EXHAUSTED_PRIMALITY_UNASSIGNED,FIRST_SINGULARITY_SHELL_EXHAUSTED_PRIMALITY_UNASSIGNED,513,9595,9595,NO_RECORDED_FACTOR_PRP_OR_LL_RESULT_AND_NO_ACTIVE_GIMPS_ASSIGNMENT,2026-08-06T12:58:23+00:00,UNALLOCATED,,,,,
SLCMP47-0610,610,1721,154093873,2^154093873-1,STRUCTURAL_SCREEN_EXHAUSTED_PRIMALITY_UNASSIGNED,FIRST_SINGULARITY_SHELL_EXHAUSTED_PRIMALITY_UNASSIGNED,513,9595,9595,NO_RECORDED_FACTOR_PRP_OR_LL_RESULT_AND_NO_ACTIVE_GIMPS_ASSIGNMENT,2026-08-06T12:58:23+00:00,UNALLOCATED,,,,,
SLCMP47-0611,611,1722,154093879,2^154093879-1,STRUCTURAL_SCREEN_EXHAUSTED_PRIMALITY_UNASSIGNED,FIRST_SINGULARITY_SHELL_EXHAUSTED_PRIMALITY_UNASSIGNED,514,9595,9595,NO_RECORDED_FACTOR_PRP_OR_LL_RESULT_AND_NO_ACTIVE_GIMPS_ASSIGNMENT,2026-08-06T12:58:23+00:00,UNALLOCATED,,,,,
SLCMP47-0612,612,1723,154093889,2^154093889-1,STRUCTURAL_SCREEN_EXHAUSTED_PRIMALITY_UNASSIGNED,FIRST_SINGULARITY_SHELL_EXHAUSTED_PRIMALITY_UNASSIGNED,513,9595,9595,NO_RECORDED_FACTOR_PRP_OR_LL_RESULT_AND_NO_ACTIVE_GIMPS_ASSIGNMENT,2026-08-06T12:58:23+00:00,UNALLOCATED,,,,,
SLCMP47-0613,613,1724,154093913,2^154093913-1,STRUCTURAL_SCREEN_EXHAUSTED_PRIMALITY_UNASSIGNED,FIRST_SINGULARITY_SHELL_EXHAUSTED_PRIMALITY_UNASSIGNED,513,9595,9595,NO_RECORDED_FACTOR_PRP_OR_LL_RESULT_AND_NO_ACTIVE_GIMPS_ASSIGNMENT,2026-08-06T12:58:23+00:00,UNALLOCATED,,,,,
SLCMP47-0614,614,1725,154093939,2^154093939-1,STRUCTURAL_SCREEN_EXHAUSTED_PRIMALITY_UNASSIGNED,FIRST_SINGULARITY_SHELL_EXHAUSTED_PRIMALITY_UNASSIGNED,514,9595,9595,NO_RECORDED_FACTOR_PRP_OR_LL_RESULT_AND_NO_ACTIVE_GIMPS_ASSIGNMENT,2026-08-06T12:58:23+00:00,UNALLOCATED,,,,,
SLCMP47-0615,615,1726,154094029,2^154094029-1,STRUCTURAL_SCREEN_EXHAUSTED_PRIMALITY_UNASSIGNED,FIRST_SINGULARITY_SHELL_EXHAUSTED_PRIMALITY_UNASSIGNED,513,9595,9595,NO_RECORDED_FACTOR_PRP_OR_LL_RESULT_AND_NO_ACTIVE_GIMPS_ASSIGNMENT,2026-08-06T12:58:23+00:00,UNALLOCATED,,,,,
SLCMP47-0616,616,1727,154094111,2^154094111-1,STRUCTURAL_SCREEN_EXHAUSTED_PRIMALITY_UNASSIGNED,FIRST_SINGULARITY_SHELL_EXHAUSTED_PRIMALITY_UNASSIGNED,514,9595,9595,NO_RECORDED_FACTOR_PRP_OR_LL_RESULT_AND_NO_ACTIVE_GIMPS_ASSIGNMENT,2026-08-06T12:58:23+00:00,UNALLOCATED,,,,,
SLCMP47-0617,617,1728,154094117,2^154094117-1,STRUCTURAL_SCREEN_EXHAUSTED_PRIMALITY_UNASSIGNED,FIRST_SINGULARITY_SHELL_EXHAUSTED_PRIMALITY_UNASSIGNED,513,9595,9595,NO_RECORDED_FACTOR_PRP_OR_LL_RESULT_AND_NO_ACTIVE_GIMPS_ASSIGNMENT,2026-08-06T12:58:23+00:00,UNALLOCATED,,,,,
SLCMP47-0618,618,1729,154094147,2^154094147-1,STRUCTURAL_SCREEN_EXHAUSTED_PRIMALITY_UNASSIGNED,FIRST_SINGULARITY_SHELL_EXHAUSTED_PRIMALITY_UNASSIGNED,514,9595,9595,NO_RECORDED_FACTOR_PRP_OR_LL_RESULT_AND_NO_ACTIVE_GIMPS_ASSIGNMENT,2026-08-06T12:58:23+00:00,UNALLOCATED,,,,,
SLCMP47-0619,619,1730,154094173,2^154094173-1,STRUCTURAL_SCREEN_EXHAUSTED_PRIMALITY_UNASSIGNED,FIRST_SINGULARITY_SHELL_EXHAUSTED_PRIMALITY_UNASSIGNED,513,9595,9595,NO_RECORDED_FACTOR_PRP_OR_LL_RESULT_AND_NO_ACTIVE_GIMPS_ASSIGNMENT,2026-08-06T12:58:23+00:00,UNALLOCATED,,,,,
SLCMP47-0620,620,1731,154094219,2^154094219-1,STRUCTURAL_SCREEN_EXHAUSTED_PRIMALITY_UNASSIGNED,FIRST_SINGULARITY_SHELL_EXHAUSTED_PRIMALITY_UNASSIGNED,514,9595,9595,NO_RECORDED_FACTOR_PRP_OR_LL_RESULT_AND_NO_ACTIVE_GIMPS_ASSIGNMENT,2026-08-06T12:58:23+00:00,UNALLOCATED,,,,,
SLCMP47-0621,621,1732,154094363,2^154094363-1,STRUCTURAL_SCREEN_EXHAUSTED_PRIMALITY_UNASSIGNED,FIRST_SINGULARITY_SHELL_EXHAUSTED_PRIMALITY_UNASSIGNED,514,9595,9595,NO_RECORDED_FACTOR_PRP_OR_LL_RESULT_AND_NO_ACTIVE_GIMPS_ASSIGNMENT,2026-08-06T12:58:23+00:00,UNALLOCATED,,,,,
SLCMP47-0622,622,1733,154094461,2^154094461-1,STRUCTURAL_SCREEN_EXHAUSTED_PRIMALITY_UNASSIGNED,FIRST_SINGULARITY_SHELL_EXHAUSTED_PRIMALITY_UNASSIGNED,513,9595,9595,NO_RECORDED_FACTOR_PRP_OR_LL_RESULT_AND_NO_ACTIVE_GIMPS_ASSIGNMENT,2026-08-06T12:58:23+00:00,UNALLOCATED,,,,,
SLCMP47-0623,623,1734,154094537,2^154094537-1,STRUCTURAL_SCREEN_EXHAUSTED_PRIMALITY_UNASSIGNED,FIRST_SINGULARITY_SHELL_EXHAUSTED_PRIMALITY_UNASSIGNED,513,9595,9595,NO_RECORDED_FACTOR_PRP_OR_LL_RESULT_AND_NO_ACTIVE_GIMPS_ASSIGNMENT,2026-08-06T12:58:23+00:00,UNALLOCATED,,,,,
SLCMP47-0624,624,1735,154094569,2^154094569-1,STRUCTURAL_SCREEN_EXHAUSTED_PRIMALITY_UNASSIGNED,FIRST_SINGULARITY_SHELL_EXHAUSTED_PRIMALITY_UNASSIGNED,513,9595,9595,NO_RECORDED_FACTOR_PRP_OR_LL_RESULT_AND_NO_ACTIVE_GIMPS_ASSIGNMENT,2026-08-06T12:58:23+00:00,UNALLOCATED,,,,,
SLCMP47-0625,625,1736,154094639,2^154094639-1,STRUCTURAL_SCREEN_EXHAUSTED_PRIMALITY_UNASSIGNED,FIRST_SINGULARITY_SHELL_EXHAUSTED_PRIMALITY_UNASSIGNED,514,9595,9595,NO_RECORDED_FACTOR_PRP_OR_LL_RESULT_AND_NO_ACTIVE_GIMPS_ASSIGNMENT,2026-08-06T12:58:23+00:00,UNALLOCATED,,,,,
SLCMP47-0626,626,1737,154094701,2^154094701-1,STRUCTURAL_SCREEN_EXHAUSTED_PRIMALITY_UNASSIGNED,FIRST_SINGULARITY_SHELL_EXHAUSTED_PRIMALITY_UNASSIGNED,513,9595,9595,NO_RECORDED_FACTOR_PRP_OR_LL_RESULT_AND_NO_ACTIVE_GIMPS_ASSIGNMENT,2026-08-06T12:58:23+00:00,UNALLOCATED,,,,,
SLCMP47-0627,627,1738,154094747,2^154094747-1,STRUCTURAL_SCREEN_EXHAUSTED_PRIMALITY_UNASSIGNED,FIRST_SINGULARITY_SHELL_EXHAUSTED_PRIMALITY_UNASSIGNED,514,9595,9595,NO_RECORDED_FACTOR_PRP_OR_LL_RESULT_AND_NO_ACTIVE_GIMPS_ASSIGNMENT,2026-08-06T12:58:23+00:00,UNALLOCATED,,,,,
SLCMP47-0628,628,1739,154094771,2^154094771-1,STRUCTURAL_SCREEN_EXHAUSTED_PRIMALITY_UNASSIGNED,FIRST_SINGULARITY_SHELL_EXHAUSTED_PRIMALITY_UNASSIGNED,514,9595,9595,NO_RECORDED_FACTOR_PRP_OR_LL_RESULT_AND_NO_ACTIVE_GIMPS_ASSIGNMENT,2026-08-06T12:58:23+00:00,UNALLOCATED,,,,,
SLCMP47-0629,629,1740,154094839,2^154094839-1,STRUCTURAL_SCREEN_EXHAUSTED_PRIMALITY_UNASSIGNED,FIRST_SINGULARITY_SHELL_EXHAUSTED_PRIMALITY_UNASSIGNED,514,9595,9595,NO_RECORDED_FACTOR_PRP_OR_LL_RESULT_AND_NO_ACTIVE_GIMPS_ASSIGNMENT,2026-08-06T12:58:23+00:00,UNALLOCATED,,,,,
SLCMP47-0630,630,1741,154094881,2^154094881-1,STRUCTURAL_SCREEN_EXHAUSTED_PRIMALITY_UNASSIGNED,FIRST_SINGULARITY_SHELL_EXHAUSTED_PRIMALITY_UNASSIGNED,513,9595,9595,NO_RECORDED_FACTOR_PRP_OR_LL_RESULT_AND_NO_ACTIVE_GIMPS_ASSIGNMENT,2026-08-06T12:58:23+00:00,UNALLOCATED,,,,,
SLCMP47-0631,631,1742,154094981,2^154094981-1,STRUCTURAL_SCREEN_EXHAUSTED_PRIMALITY_UNASSIGNED,FIRST_SINGULARITY_SHELL_EXHAUSTED_PRIMALITY_UNASSIGNED,513,9595,9595,NO_RECORDED_FACTOR_PRP_OR_LL_RESULT_AND_NO_ACTIVE_GIMPS_ASSIGNMENT,2026-08-06T12:58:23+00:00,UNALLOCATED,,,,,
SLCMP47-0632,632,1743,154095013,2^154095013-1,STRUCTURAL_SCREEN_EXHAUSTED_PRIMALITY_UNASSIGNED,FIRST_SINGULARITY_SHELL_EXHAUSTED_PRIMALITY_UNASSIGNED,513,9595,9595,NO_RECORDED_FACTOR_PRP_OR_LL_RESULT_AND_NO_ACTIVE_GIMPS_ASSIGNMENT,2026-08-06T12:58:23+00:00,UNALLOCATED,,,,,
SLCMP47-0633,633,1744,154095023,2^154095023-1,STRUCTURAL_SCREEN_EXHAUSTED_PRIMALITY_UNASSIGNED,FIRST_SINGULARITY_SHELL_EXHAUSTED_PRIMALITY_UNASSIGNED,514,9595,9595,NO_RECORDED_FACTOR_PRP_OR_LL_RESULT_AND_NO_ACTIVE_GIMPS_ASSIGNMENT,2026-08-06T12:58:23+00:00,UNALLOCATED,,,,,
SLCMP47-0634,634,1745,154095031,2^154095031-1,STRUCTURAL_SCREEN_EXHAUSTED_PRIMALITY_UNASSIGNED,FIRST_SINGULARITY_SHELL_EXHAUSTED_PRIMALITY_UNASSIGNED,514,9595,9595,NO_RECORDED_FACTOR_PRP_OR_LL_RESULT_AND_NO_ACTIVE_GIMPS_ASSIGNMENT,2026-08-06T12:58:23+00:00,UNALLOCATED,,,,,
SLCMP47-0635,635,1746,154095217,2^154095217-1,STRUCTURAL_SCREEN_EXHAUSTED_PRIMALITY_UNASSIGNED,FIRST_SINGULARITY_SHELL_EXHAUSTED_PRIMALITY_UNASSIGNED,513,9595,9595,NO_RECORDED_FACTOR_PRP_OR_LL_RESULT_AND_NO_ACTIVE_GIMPS_ASSIGNMENT,2026-08-06T12:58:23+00:00,UNALLOCATED,,,,,
SLCMP47-0636,636,1747,154095229,2^154095229-1,STRUCTURAL_SCREEN_EXHAUSTED_PRIMALITY_UNASSIGNED,FIRST_SINGULARITY_SHELL_EXHAUSTED_PRIMALITY_UNASSIGNED,513,9595,9595,NO_RECORDED_FACTOR_PRP_OR_LL_RESULT_AND_NO_ACTIVE_GIMPS_ASSIGNMENT,2026-08-06T12:58:23+00:00,UNALLOCATED,,,,,
SLCMP47-0637,637,1748,154095233,2^154095233-1,STRUCTURAL_SCREEN_EXHAUSTED_PRIMALITY_UNASSIGNED,FIRST_SINGULARITY_SHELL_EXHAUSTED_PRIMALITY_UNASSIGNED,513,9595,9595,NO_RECORDED_FACTOR_PRP_OR_LL_RESULT_AND_NO_ACTIVE_GIMPS_ASSIGNMENT,2026-08-06T12:58:23+00:00,UNALLOCATED,,,,,
SLCMP47-0638,638,1749,154095283,2^154095283-1,STRUCTURAL_SCREEN_EXHAUSTED_PRIMALITY_UNASSIGNED,FIRST_SINGULARITY_SHELL_EXHAUSTED_PRIMALITY_UNASSIGNED,514,9595,9595,NO_RECORDED_FACTOR_PRP_OR_LL_RESULT_AND_NO_ACTIVE_GIMPS_ASSIGNMENT,2026-08-06T12:58:23+00:00,UNALLOCATED,,,,,
SLCMP47-0639,639,1750,154095289,2^154095289-1,STRUCTURAL_SCREEN_EXHAUSTED_PRIMALITY_UNASSIGNED,FIRST_SINGULARITY_SHELL_EXHAUSTED_PRIMALITY_UNASSIGNED,513,9595,9595,NO_RECORDED_FACTOR_PRP_OR_LL_RESULT_AND_NO_ACTIVE_GIMPS_ASSIGNMENT,2026-08-06T12:58:23+00:00,UNALLOCATED,,,,,
SLCMP47-0640,640,1751,154095307,2^154095307-1,STRUCTURAL_SCREEN_EXHAUSTED_PRIMALITY_UNASSIGNED,FIRST_SINGULARITY_SHELL_EXHAUSTED_PRIMALITY_UNASSIGNED,514,9595,9595,NO_RECORDED_FACTOR_PRP_OR_LL_RESULT_AND_NO_ACTIVE_GIMPS_ASSIGNMENT,2026-08-06T12:58:23+00:00,UNALLOCATED,,,,,
SLCMP47-0641,641,1752,154095311,2^154095311-1,STRUCTURAL_SCREEN_EXHAUSTED_PRIMALITY_UNASSIGNED,FIRST_SINGULARITY_SHELL_EXHAUSTED_PRIMALITY_UNASSIGNED,514,9595,9595,NO_RECORDED_FACTOR_PRP_OR_LL_RESULT_AND_NO_ACTIVE_GIMPS_ASSIGNMENT,2026-08-06T12:58:23+00:00,UNALLOCATED,,,,,
SLCMP47-0642,642,1753,154095329,2^154095329-1,STRUCTURAL_SCREEN_EXHAUSTED_PRIMALITY_UNASSIGNED,FIRST_SINGULARITY_SHELL_EXHAUSTED_PRIMALITY_UNASSIGNED,513,9595,9595,NO_RECORDED_FACTOR_PRP_OR_LL_RESULT_AND_NO_ACTIVE_GIMPS_ASSIGNMENT,2026-08-06T12:58:23+00:00,UNALLOCATED,,,,,
SLCMP47-0643,643,1754,154095379,2^154095379-1,STRUCTURAL_SCREEN_EXHAUSTED_PRIMALITY_UNASSIGNED,FIRST_SINGULARITY_SHELL_EXHAUSTED_PRIMALITY_UNASSIGNED,514,9595,9595,NO_RECORDED_FACTOR_PRP_OR_LL_RESULT_AND_NO_ACTIVE_GIMPS_ASSIGNMENT,2026-08-06T12:58:23+00:00,UNALLOCATED,,,,,
SLCMP47-0644,644,1755,154095467,2^154095467-1,STRUCTURAL_SCREEN_EXHAUSTED_PRIMALITY_UNASSIGNED,FIRST_SINGULARITY_SHELL_EXHAUSTED_PRIMALITY_UNASSIGNED,514,9595,9595,NO_RECORDED_FACTOR_PRP_OR_LL_RESULT_AND_NO_ACTIVE_GIMPS_ASSIGNMENT,2026-08-06T12:58:23+00:00,UNALLOCATED,,,,,
SLCMP47-0645,645,1756,154095499,2^154095499-1,STRUCTURAL_SCREEN_EXHAUSTED_PRIMALITY_UNASSIGNED,FIRST_SINGULARITY_SHELL_EXHAUSTED_PRIMALITY_UNASSIGNED,514,9595,9595,NO_RECORDED_FACTOR_PRP_OR_LL_RESULT_AND_NO_ACTIVE_GIMPS_ASSIGNMENT,2026-08-06T12:58:23+00:00,UNALLOCATED,,,,,
SLCMP47-0646,646,1757,154095503,2^154095503-1,STRUCTURAL_SCREEN_EXHAUSTED_PRIMALITY_UNASSIGNED,FIRST_SINGULARITY_SHELL_EXHAUSTED_PRIMALITY_UNASSIGNED,514,9595,9595,NO_RECORDED_FACTOR_PRP_OR_LL_RESULT_AND_NO_ACTIVE_GIMPS_ASSIGNMENT,2026-08-06T12:58:23+00:00,UNALLOCATED,,,,,
SLCMP47-0647,647,1758,154095533,2^154095533-1,STRUCTURAL_SCREEN_EXHAUSTED_PRIMALITY_UNASSIGNED,FIRST_SINGULARITY_SHELL_EXHAUSTED_PRIMALITY_UNASSIGNED,513,9595,9595,NO_RECORDED_FACTOR_PRP_OR_LL_RESULT_AND_NO_ACTIVE_GIMPS_ASSIGNMENT,2026-08-06T12:58:23+00:00,UNALLOCATED,,,,,
SLCMP47-0648,648,1759,154095587,2^154095587-1,STRUCTURAL_SCREEN_EXHAUSTED_PRIMALITY_UNASSIGNED,FIRST_SINGULARITY_SHELL_EXHAUSTED_PRIMALITY_UNASSIGNED,514,9595,9595,NO_RECORDED_FACTOR_PRP_OR_LL_RESULT_AND_NO_ACTIVE_GIMPS_ASSIGNMENT,2026-08-06T12:58:23+00:00,UNALLOCATED,,,,,
SLCMP47-0649,649,1760,154095611,2^154095611-1,STRUCTURAL_SCREEN_EXHAUSTED_PRIMALITY_UNASSIGNED,FIRST_SINGULARITY_SHELL_EXHAUSTED_PRIMALITY_UNASSIGNED,514,9595,9595,NO_RECORDED_FACTOR_PRP_OR_LL_RESULT_AND_NO_ACTIVE_GIMPS_ASSIGNMENT,2026-08-06T12:58:23+00:00,UNALLOCATED,,,,,
SLCMP47-0650,650,1761,154095619,2^154095619-1,STRUCTURAL_SCREEN_EXHAUSTED_PRIMALITY_UNASSIGNED,FIRST_SINGULARITY_SHELL_EXHAUSTED_PRIMALITY_UNASSIGNED,514,9595,9595,NO_RECORDED_FACTOR_PRP_OR_LL_RESULT_AND_NO_ACTIVE_GIMPS_ASSIGNMENT,2026-08-06T12:58:23+00:00,UNALLOCATED,,,,,
SLCMP47-0651,651,1762,154095673,2^154095673-1,STRUCTURAL_SCREEN_EXHAUSTED_PRIMALITY_UNASSIGNED,FIRST_SINGULARITY_SHELL_EXHAUSTED_PRIMALITY_UNASSIGNED,513,9595,9595,NO_RECORDED_FACTOR_PRP_OR_LL_RESULT_AND_NO_ACTIVE_GIMPS_ASSIGNMENT,2026-08-06T12:58:23+00:00,UNALLOCATED,,,,,
SLCMP47-0652,652,1763,154095793,2^154095793-1,STRUCTURAL_SCREEN_EXHAUSTED_PRIMALITY_UNASSIGNED,FIRST_SINGULARITY_SHELL_EXHAUSTED_PRIMALITY_UNASSIGNED,513,9595,9595,NO_RECORDED_FACTOR_PRP_OR_LL_RESULT_AND_NO_ACTIVE_GIMPS_ASSIGNMENT,2026-08-06T12:58:23+00:00,UNALLOCATED,,,,,
SLCMP47-0653,653,1764,154095797,2^154095797-1,STRUCTURAL_SCREEN_EXHAUSTED_PRIMALITY_UNASSIGNED,FIRST_SINGULARITY_SHELL_EXHAUSTED_PRIMALITY_UNASSIGNED,513,9595,9595,NO_RECORDED_FACTOR_PRP_OR_LL_RESULT_AND_NO_ACTIVE_GIMPS_ASSIGNMENT,2026-08-06T12:58:23+00:00,UNALLOCATED,,,,,
SLCMP47-0654,654,1765,154095841,2^154095841-1,STRUCTURAL_SCREEN_EXHAUSTED_PRIMALITY_UNASSIGNED,FIRST_SINGULARITY_SHELL_EXHAUSTED_PRIMALITY_UNASSIGNED,513,9595,9595,NO_RECORDED_FACTOR_PRP_OR_LL_RESULT_AND_NO_ACTIVE_GIMPS_ASSIGNMENT,2026-08-06T12:58:23+00:00,UNALLOCATED,,,,,
SLCMP47-0655,655,1766,154095901,2^154095901-1,STRUCTURAL_SCREEN_EXHAUSTED_PRIMALITY_UNASSIGNED,FIRST_SINGULARITY_SHELL_EXHAUSTED_PRIMALITY_UNASSIGNED,513,9595,9595,NO_RECORDED_FACTOR_PRP_OR_LL_RESULT_AND_NO_ACTIVE_GIMPS_ASSIGNMENT,2026-08-06T12:58:23+00:00,UNALLOCATED,,,,,
SLCMP47-0656,656,1767,154095941,2^154095941-1,STRUCTURAL_SCREEN_EXHAUSTED_PRIMALITY_UNASSIGNED,FIRST_SINGULARITY_SHELL_EXHAUSTED_PRIMALITY_UNASSIGNED,513,9595,9595,NO_RECORDED_FACTOR_PRP_OR_LL_RESULT_AND_NO_ACTIVE_GIMPS_ASSIGNMENT,2026-08-06T12:58:23+00:00,UNALLOCATED,,,,,
SLCMP47-0657,657,1768,154096001,2^154096001-1,STRUCTURAL_SCREEN_EXHAUSTED_PRIMALITY_UNASSIGNED,FIRST_SINGULARITY_SHELL_EXHAUSTED_PRIMALITY_UNASSIGNED,513,9595,9595,NO_RECORDED_FACTOR_PRP_OR_LL_RESULT_AND_NO_ACTIVE_GIMPS_ASSIGNMENT,2026-08-06T12:58:23+00:00,UNALLOCATED,,,,,
SLCMP47-0658,658,1769,154096183,2^154096183-1,STRUCTURAL_SCREEN_EXHAUSTED_PRIMALITY_UNASSIGNED,FIRST_SINGULARITY_SHELL_EXHAUSTED_PRIMALITY_UNASSIGNED,514,9595,9595,NO_RECORDED_FACTOR_PRP_OR_LL_RESULT_AND_NO_ACTIVE_GIMPS_ASSIGNMENT,2026-08-06T12:58:23+00:00,UNALLOCATED,,,,,
SLCMP47-0659,659,1770,154096207,2^154096207-1,STRUCTURAL_SCREEN_EXHAUSTED_PRIMALITY_UNASSIGNED,FIRST_SINGULARITY_SHELL_EXHAUSTED_PRIMALITY_UNASSIGNED,514,9595,9595,NO_RECORDED_FACTOR_PRP_OR_LL_RESULT_AND_NO_ACTIVE_GIMPS_ASSIGNMENT,2026-08-06T12:58:23+00:00,UNALLOCATED,,,,,
SLCMP47-0660,660,1771,154096249,2^154096249-1,STRUCTURAL_SCREEN_EXHAUSTED_PRIMALITY_UNASSIGNED,FIRST_SINGULARITY_SHELL_EXHAUSTED_PRIMALITY_UNASSIGNED,513,9595,9595,NO_RECORDED_FACTOR_PRP_OR_LL_RESULT_AND_NO_ACTIVE_GIMPS_ASSIGNMENT,2026-08-06T12:58:23+00:00,UNALLOCATED,,,,,
SLCMP47-0661,661,1772,154096331,2^154096331-1,STRUCTURAL_SCREEN_EXHAUSTED_PRIMALITY_UNASSIGNED,FIRST_SINGULARITY_SHELL_EXHAUSTED_PRIMALITY_UNASSIGNED,514,9595,9595,NO_RECORDED_FACTOR_PRP_OR_LL_RESULT_AND_NO_ACTIVE_GIMPS_ASSIGNMENT,2026-08-06T12:58:23+00:00,UNALLOCATED,,,,,
SLCMP47-0662,662,1773,154096361,2^154096361-1,STRUCTURAL_SCREEN_EXHAUSTED_PRIMALITY_UNASSIGNED,FIRST_SINGULARITY_SHELL_EXHAUSTED_PRIMALITY_UNASSIGNED,513,9595,9595,NO_RECORDED_FACTOR_PRP_OR_LL_RESULT_AND_NO_ACTIVE_GIMPS_ASSIGNMENT,2026-08-06T12:58:23+00:00,UNALLOCATED,,,,,
SLCMP47-0663,663,1774,154096427,2^154096427-1,STRUCTURAL_SCREEN_EXHAUSTED_PRIMALITY_UNASSIGNED,FIRST_SINGULARITY_SHELL_EXHAUSTED_PRIMALITY_UNASSIGNED,514,9595,9595,NO_RECORDED_FACTOR_PRP_OR_LL_RESULT_AND_NO_ACTIVE_GIMPS_ASSIGNMENT,2026-08-06T12:58:23+00:00,UNALLOCATED,,,,,
SLCMP47-0664,664,1775,154096447,2^154096447-1,STRUCTURAL_SCREEN_EXHAUSTED_PRIMALITY_UNASSIGNED,FIRST_SINGULARITY_SHELL_EXHAUSTED_PRIMALITY_UNASSIGNED,514,9595,9595,NO_RECORDED_FACTOR_PRP_OR_LL_RESULT_AND_NO_ACTIVE_GIMPS_ASSIGNMENT,2026-08-06T12:58:23+00:00,UNALLOCATED,,,,,
SLCMP47-0665,665,1776,154096519,2^154096519-1,STRUCTURAL_SCREEN_EXHAUSTED_PRIMALITY_UNASSIGNED,FIRST_SINGULARITY_SHELL_EXHAUSTED_PRIMALITY_UNASSIGNED,514,9595,9595,NO_RECORDED_FACTOR_PRP_OR_LL_RESULT_AND_NO_ACTIVE_GIMPS_ASSIGNMENT,2026-08-06T12:58:23+00:00,UNALLOCATED,,,,,
SLCMP47-0666,666,1777,154096543,2^154096543-1,STRUCTURAL_SCREEN_EXHAUSTED_PRIMALITY_UNASSIGNED,FIRST_SINGULARITY_SHELL_EXHAUSTED_PRIMALITY_UNASSIGNED,514,9595,9595,NO_RECORDED_FACTOR_PRP_OR_LL_RESULT_AND_NO_ACTIVE_GIMPS_ASSIGNMENT,2026-08-06T12:58:23+00:00,UNALLOCATED,,,,,
SLCMP47-0667,667,1778,154096559,2^154096559-1,STRUCTURAL_SCREEN_EXHAUSTED_PRIMALITY_UNASSIGNED,FIRST_SINGULARITY_SHELL_EXHAUSTED_PRIMALITY_UNASSIGNED,514,9595,9595,NO_RECORDED_FACTOR_PRP_OR_LL_RESULT_AND_NO_ACTIVE_GIMPS_ASSIGNMENT,2026-08-06T12:58:23+00:00,UNALLOCATED,,,,,
SLCMP47-0668,668,1779,154096871,2^154096871-1,STRUCTURAL_SCREEN_EXHAUSTED_PRIMALITY_UNASSIGNED,FIRST_SINGULARITY_SHELL_EXHAUSTED_PRIMALITY_UNASSIGNED,514,9595,9595,NO_RECORDED_FACTOR_PRP_OR_LL_RESULT_AND_NO_ACTIVE_GIMPS_ASSIGNMENT,2026-08-06T12:58:23+00:00,UNALLOCATED,,,,,
SLCMP47-0669,669,1780,154096927,2^154096927-1,STRUCTURAL_SCREEN_EXHAUSTED_PRIMALITY_UNASSIGNED,FIRST_SINGULARITY_SHELL_EXHAUSTED_PRIMALITY_UNASSIGNED,514,9595,9595,NO_RECORDED_FACTOR_PRP_OR_LL_RESULT_AND_NO_ACTIVE_GIMPS_ASSIGNMENT,2026-08-06T12:58:23+00:00,UNALLOCATED,,,,,
SLCMP47-0670,670,1781,154096963,2^154096963-1,STRUCTURAL_SCREEN_EXHAUSTED_PRIMALITY_UNASSIGNED,FIRST_SINGULARITY_SHELL_EXHAUSTED_PRIMALITY_UNASSIGNED,514,9595,9595,NO_RECORDED_FACTOR_PRP_OR_LL_RESULT_AND_NO_ACTIVE_GIMPS_ASSIGNMENT,2026-08-06T12:58:23+00:00,UNALLOCATED,,,,,
SLCMP47-0671,671,1782,154097093,2^154097093-1,STRUCTURAL_SCREEN_EXHAUSTED_PRIMALITY_UNASSIGNED,FIRST_SINGULARITY_SHELL_EXHAUSTED_PRIMALITY_UNASSIGNED,513,9595,9595,NO_RECORDED_FACTOR_PRP_OR_LL_RESULT_AND_NO_ACTIVE_GIMPS_ASSIGNMENT,2026-08-06T12:58:23+00:00,UNALLOCATED,,,,,
SLCMP47-0672,672,1783,154097159,2^154097159-1,STRUCTURAL_SCREEN_EXHAUSTED_PRIMALITY_UNASSIGNED,FIRST_SINGULARITY_SHELL_EXHAUSTED_PRIMALITY_UNASSIGNED,514,9595,9595,NO_RECORDED_FACTOR_PRP_OR_LL_RESULT_AND_NO_ACTIVE_GIMPS_ASSIGNMENT,2026-08-06T12:58:23+00:00,UNALLOCATED,,,,,
SLCMP47-0673,673,1784,154097221,2^154097221-1,STRUCTURAL_SCREEN_EXHAUSTED_PRIMALITY_UNASSIGNED,FIRST_SINGULARITY_SHELL_EXHAUSTED_PRIMALITY_UNASSIGNED,513,9595,9595,NO_RECORDED_FACTOR_PRP_OR_LL_RESULT_AND_NO_ACTIVE_GIMPS_ASSIGNMENT,2026-08-06T12:58:23+00:00,UNALLOCATED,,,,,
SLCMP47-0674,674,1785,154097261,2^154097261-1,STRUCTURAL_SCREEN_EXHAUSTED_PRIMALITY_UNASSIGNED,FIRST_SINGULARITY_SHELL_EXHAUSTED_PRIMALITY_UNASSIGNED,513,9595,9595,NO_RECORDED_FACTOR_PRP_OR_LL_RESULT_AND_NO_ACTIVE_GIMPS_ASSIGNMENT,2026-08-06T12:58:23+00:00,UNALLOCATED,,,,,
SLCMP47-0675,675,1786,154097327,2^154097327-1,STRUCTURAL_SCREEN_EXHAUSTED_PRIMALITY_UNASSIGNED,FIRST_SINGULARITY_SHELL_EXHAUSTED_PRIMALITY_UNASSIGNED,514,9595,9595,NO_RECORDED_FACTOR_PRP_OR_LL_RESULT_AND_NO_ACTIVE_GIMPS_ASSIGNMENT,2026-08-06T12:58:23+00:00,UNALLOCATED,,,,,
SLCMP47-0676,676,1787,154097347,2^154097347-1,STRUCTURAL_SCREEN_EXHAUSTED_PRIMALITY_UNASSIGNED,FIRST_SINGULARITY_SHELL_EXHAUSTED_PRIMALITY_UNASSIGNED,514,9595,9595,NO_RECORDED_FACTOR_PRP_OR_LL_RESULT_AND_NO_ACTIVE_GIMPS_ASSIGNMENT,2026-08-06T12:58:23+00:00,UNALLOCATED,,,,,
SLCMP47-0677,677,1788,154097459,2^154097459-1,STRUCTURAL_SCREEN_EXHAUSTED_PRIMALITY_UNASSIGNED,FIRST_SINGULARITY_SHELL_EXHAUSTED_PRIMALITY_UNASSIGNED,514,9595,9595,NO_RECORDED_FACTOR_PRP_OR_LL_RESULT_AND_NO_ACTIVE_GIMPS_ASSIGNMENT,2026-08-06T12:58:23+00:00,UNALLOCATED,,,,,
SLCMP47-0678,678,1789,154097473,2^154097473-1,STRUCTURAL_SCREEN_EXHAUSTED_PRIMALITY_UNASSIGNED,FIRST_SINGULARITY_SHELL_EXHAUSTED_PRIMALITY_UNASSIGNED,513,9595,9595,NO_RECORDED_FACTOR_PRP_OR_LL_RESULT_AND_NO_ACTIVE_GIMPS_ASSIGNMENT,2026-08-06T12:58:23+00:00,UNALLOCATED,,,,,
SLCMP47-0679,679,1790,154097533,2^154097533-1,STRUCTURAL_SCREEN_EXHAUSTED_PRIMALITY_UNASSIGNED,FIRST_SINGULARITY_SHELL_EXHAUSTED_PRIMALITY_UNASSIGNED,513,9595,9595,NO_RECORDED_FACTOR_PRP_OR_LL_RESULT_AND_NO_ACTIVE_GIMPS_ASSIGNMENT,2026-08-06T12:58:23+00:00,UNALLOCATED,,,,,
SLCMP47-0680,680,1791,154097549,2^154097549-1,STRUCTURAL_SCREEN_EXHAUSTED_PRIMALITY_UNASSIGNED,FIRST_SINGULARITY_SHELL_EXHAUSTED_PRIMALITY_UNASSIGNED,513,9595,9595,NO_RECORDED_FACTOR_PRP_OR_LL_RESULT_AND_NO_ACTIVE_GIMPS_ASSIGNMENT,2026-08-06T12:58:23+00:00,UNALLOCATED,,,,,
SLCMP47-0681,681,1792,154097591,2^154097591-1,STRUCTURAL_SCREEN_EXHAUSTED_PRIMALITY_UNASSIGNED,FIRST_SINGULARITY_SHELL_EXHAUSTED_PRIMALITY_UNASSIGNED,514,9595,9595,NO_RECORDED_FACTOR_PRP_OR_LL_RESULT_AND_NO_ACTIVE_GIMPS_ASSIGNMENT,2026-08-06T12:58:23+00:00,UNALLOCATED,,,,,
SLCMP47-0682,682,1793,154097597,2^154097597-1,STRUCTURAL_SCREEN_EXHAUSTED_PRIMALITY_UNASSIGNED,FIRST_SINGULARITY_SHELL_EXHAUSTED_PRIMALITY_UNASSIGNED,513,9595,9595,NO_RECORDED_FACTOR_PRP_OR_LL_RESULT_AND_NO_ACTIVE_GIMPS_ASSIGNMENT,2026-08-06T12:58:23+00:00,UNALLOCATED,,,,,
SLCMP47-0683,683,1794,154097599,2^154097599-1,STRUCTURAL_SCREEN_EXHAUSTED_PRIMALITY_UNASSIGNED,FIRST_SINGULARITY_SHELL_EXHAUSTED_PRIMALITY_UNASSIGNED,514,9595,9595,NO_RECORDED_FACTOR_PRP_OR_LL_RESULT_AND_NO_ACTIVE_GIMPS_ASSIGNMENT,2026-08-06T12:58:23+00:00,UNALLOCATED,,,,,
SLCMP47-0684,684,1795,154097611,2^154097611-1,STRUCTURAL_SCREEN_EXHAUSTED_PRIMALITY_UNASSIGNED,FIRST_SINGULARITY_SHELL_EXHAUSTED_PRIMALITY_UNASSIGNED,514,9595,9595,NO_RECORDED_FACTOR_PRP_OR_LL_RESULT_AND_NO_ACTIVE_GIMPS_ASSIGNMENT,2026-08-06T12:58:23+00:00,UNALLOCATED,,,,,
SLCMP47-0685,685,1796,154097689,2^154097689-1,STRUCTURAL_SCREEN_EXHAUSTED_PRIMALITY_UNASSIGNED,FIRST_SINGULARITY_SHELL_EXHAUSTED_PRIMALITY_UNASSIGNED,513,9595,9595,NO_RECORDED_FACTOR_PRP_OR_LL_RESULT_AND_NO_ACTIVE_GIMPS_ASSIGNMENT,2026-08-06T12:58:23+00:00,UNALLOCATED,,,,,
SLCMP47-0686,686,1797,154097719,2^154097719-1,STRUCTURAL_SCREEN_EXHAUSTED_PRIMALITY_UNASSIGNED,FIRST_SINGULARITY_SHELL_EXHAUSTED_PRIMALITY_UNASSIGNED,514,9595,9595,NO_RECORDED_FACTOR_PRP_OR_LL_RESULT_AND_NO_ACTIVE_GIMPS_ASSIGNMENT,2026-08-06T12:58:23+00:00,UNALLOCATED,,,,,
SLCMP47-0687,687,1798,154097753,2^154097753-1,STRUCTURAL_SCREEN_EXHAUSTED_PRIMALITY_UNASSIGNED,FIRST_SINGULARITY_SHELL_EXHAUSTED_PRIMALITY_UNASSIGNED,513,9595,9595,NO_RECORDED_FACTOR_PRP_OR_LL_RESULT_AND_NO_ACTIVE_GIMPS_ASSIGNMENT,2026-08-06T12:58:23+00:00,UNALLOCATED,,,,,
SLCMP47-0688,688,1799,154097759,2^154097759-1,STRUCTURAL_SCREEN_EXHAUSTED_PRIMALITY_UNASSIGNED,FIRST_SINGULARITY_SHELL_EXHAUSTED_PRIMALITY_UNASSIGNED,514,9595,9595,NO_RECORDED_FACTOR_PRP_OR_LL_RESULT_AND_NO_ACTIVE_GIMPS_ASSIGNMENT,2026-08-06T12:58:23+00:00,UNALLOCATED,,,,,
SLCMP47-0689,689,1800,154097791,2^154097791-1,STRUCTURAL_SCREEN_EXHAUSTED_PRIMALITY_UNASSIGNED,FIRST_SINGULARITY_SHELL_EXHAUSTED_PRIMALITY_UNASSIGNED,514,9595,9595,NO_RECORDED_FACTOR_PRP_OR_LL_RESULT_AND_NO_ACTIVE_GIMPS_ASSIGNMENT,2026-08-06T12:58:23+00:00,UNALLOCATED,,,,,
SLCMP47-0690,690,1801,154097813,2^154097813-1,STRUCTURAL_SCREEN_EXHAUSTED_PRIMALITY_UNASSIGNED,FIRST_SINGULARITY_SHELL_EXHAUSTED_PRIMALITY_UNASSIGNED,513,9595,9595,NO_RECORDED_FACTOR_PRP_OR_LL_RESULT_AND_NO_ACTIVE_GIMPS_ASSIGNMENT,2026-08-06T12:58:23+00:00,UNALLOCATED,,,,,
SLCMP47-0691,691,1802,154097891,2^154097891-1,STRUCTURAL_SCREEN_EXHAUSTED_PRIMALITY_UNASSIGNED,FIRST_SINGULARITY_SHELL_EXHAUSTED_PRIMALITY_UNASSIGNED,514,9595,9595,NO_RECORDED_FACTOR_PRP_OR_LL_RESULT_AND_NO_ACTIVE_GIMPS_ASSIGNMENT,2026-08-06T12:58:23+00:00,UNALLOCATED,,,,,
SLCMP47-0692,692,1803,154097897,2^154097897-1,STRUCTURAL_SCREEN_EXHAUSTED_PRIMALITY_UNASSIGNED,FIRST_SINGULARITY_SHELL_EXHAUSTED_PRIMALITY_UNASSIGNED,513,9595,9595,NO_RECORDED_FACTOR_PRP_OR_LL_RESULT_AND_NO_ACTIVE_GIMPS_ASSIGNMENT,2026-08-06T12:58:23+00:00,UNALLOCATED,,,,,
SLCMP47-0693,693,1804,154097941,2^154097941-1,STRUCTURAL_SCREEN_EXHAUSTED_PRIMALITY_UNASSIGNED,FIRST_SINGULARITY_SHELL_EXHAUSTED_PRIMALITY_UNASSIGNED,513,9595,9595,NO_RECORDED_FACTOR_PRP_OR_LL_RESULT_AND_NO_ACTIVE_GIMPS_ASSIGNMENT,2026-08-06T12:58:23+00:00,UNALLOCATED,,,,,
SLCMP47-0694,694,1805,154097981,2^154097981-1,STRUCTURAL_SCREEN_EXHAUSTED_PRIMALITY_UNASSIGNED,FIRST_SINGULARITY_SHELL_EXHAUSTED_PRIMALITY_UNASSIGNED,513,9595,9595,NO_RECORDED_FACTOR_PRP_OR_LL_RESULT_AND_NO_ACTIVE_GIMPS_ASSIGNMENT,2026-08-06T12:58:23+00:00,UNALLOCATED,,,,,
SLCMP47-0695,695,1806,154098059,2^154098059-1,STRUCTURAL_SCREEN_EXHAUSTED_PRIMALITY_UNASSIGNED,FIRST_SINGULARITY_SHELL_EXHAUSTED_PRIMALITY_UNASSIGNED,514,9595,9595,NO_RECORDED_FACTOR_PRP_OR_LL_RESULT_AND_NO_ACTIVE_GIMPS_ASSIGNMENT,2026-08-06T12:58:23+00:00,UNALLOCATED,,,,,
SLCMP47-0696,696,1807,154098097,2^154098097-1,STRUCTURAL_SCREEN_EXHAUSTED_PRIMALITY_UNASSIGNED,FIRST_SINGULARITY_SHELL_EXHAUSTED_PRIMALITY_UNASSIGNED,513,9595,9595,NO_RECORDED_FACTOR_PRP_OR_LL_RESULT_AND_NO_ACTIVE_GIMPS_ASSIGNMENT,2026-08-06T12:58:23+00:00,UNALLOCATED,,,,,
SLCMP47-0697,697,1808,154098173,2^154098173-1,STRUCTURAL_SCREEN_EXHAUSTED_PRIMALITY_UNASSIGNED,FIRST_SINGULARITY_SHELL_EXHAUSTED_PRIMALITY_UNASSIGNED,513,9595,9595,NO_RECORDED_FACTOR_PRP_OR_LL_RESULT_AND_NO_ACTIVE_GIMPS_ASSIGNMENT,2026-08-06T12:58:23+00:00,UNALLOCATED,,,,,
SLCMP47-0698,698,1809,154098181,2^154098181-1,STRUCTURAL_SCREEN_EXHAUSTED_PRIMALITY_UNASSIGNED,FIRST_SINGULARITY_SHELL_EXHAUSTED_PRIMALITY_UNASSIGNED,513,9595,9595,NO_RECORDED_FACTOR_PRP_OR_LL_RESULT_AND_NO_ACTIVE_GIMPS_ASSIGNMENT,2026-08-06T12:58:23+00:00,UNALLOCATED,,,,,
SLCMP47-0699,699,1810,154098239,2^154098239-1,STRUCTURAL_SCREEN_EXHAUSTED_PRIMALITY_UNASSIGNED,FIRST_SINGULARITY_SHELL_EXHAUSTED_PRIMALITY_UNASSIGNED,514,9595,9595,NO_RECORDED_FACTOR_PRP_OR_LL_RESULT_AND_NO_ACTIVE_GIMPS_ASSIGNMENT,2026-08-06T12:58:23+00:00,UNALLOCATED,,,,,
SLCMP47-0700,700,1811,154098271,2^154098271-1,STRUCTURAL_SCREEN_EXHAUSTED_PRIMALITY_UNASSIGNED,FIRST_SINGULARITY_SHELL_EXHAUSTED_PRIMALITY_UNASSIGNED,514,9595,9595,NO_RECORDED_FACTOR_PRP_OR_LL_RESULT_AND_NO_ACTIVE_GIMPS_ASSIGNMENT,2026-08-06T12:58:23+00:00,UNALLOCATED,,,,,
SLCMP47-0701,701,1812,154098337,2^154098337-1,STRUCTURAL_SCREEN_EXHAUSTED_PRIMALITY_UNASSIGNED,FIRST_SINGULARITY_SHELL_EXHAUSTED_PRIMALITY_UNASSIGNED,513,9595,9595,NO_RECORDED_FACTOR_PRP_OR_LL_RESULT_AND_NO_ACTIVE_GIMPS_ASSIGNMENT,2026-08-06T12:58:23+00:00,UNALLOCATED,,,,,
SLCMP47-0702,702,1813,154098449,2^154098449-1,STRUCTURAL_SCREEN_EXHAUSTED_PRIMALITY_UNASSIGNED,FIRST_SINGULARITY_SHELL_EXHAUSTED_PRIMALITY_UNASSIGNED,513,9595,9595,NO_RECORDED_FACTOR_PRP_OR_LL_RESULT_AND_NO_ACTIVE_GIMPS_ASSIGNMENT,2026-08-06T12:58:23+00:00,UNALLOCATED,,,,,
SLCMP47-0703,703,1814,154098467,2^154098467-1,STRUCTURAL_SCREEN_EXHAUSTED_PRIMALITY_UNASSIGNED,FIRST_SINGULARITY_SHELL_EXHAUSTED_PRIMALITY_UNASSIGNED,514,9595,9595,NO_RECORDED_FACTOR_PRP_OR_LL_RESULT_AND_NO_ACTIVE_GIMPS_ASSIGNMENT,2026-08-06T12:58:23+00:00,UNALLOCATED,,,,,
SLCMP47-0704,704,1815,154098481,2^154098481-1,STRUCTURAL_SCREEN_EXHAUSTED_PRIMALITY_UNASSIGNED,FIRST_SINGULARITY_SHELL_EXHAUSTED_PRIMALITY_UNASSIGNED,513,9595,9595,NO_RECORDED_FACTOR_PRP_OR_LL_RESULT_AND_NO_ACTIVE_GIMPS_ASSIGNMENT,2026-08-06T12:58:23+00:00,UNALLOCATED,,,,,
SLCMP47-0705,705,1816,154098487,2^154098487-1,STRUCTURAL_SCREEN_EXHAUSTED_PRIMALITY_UNASSIGNED,FIRST_SINGULARITY_SHELL_EXHAUSTED_PRIMALITY_UNASSIGNED,514,9595,9595,NO_RECORDED_FACTOR_PRP_OR_LL_RESULT_AND_NO_ACTIVE_GIMPS_ASSIGNMENT,2026-08-06T12:58:23+00:00,UNALLOCATED,,,,,
SLCMP47-0706,706,1817,154098499,2^154098499-1,STRUCTURAL_SCREEN_EXHAUSTED_PRIMALITY_UNASSIGNED,FIRST_SINGULARITY_SHELL_EXHAUSTED_PRIMALITY_UNASSIGNED,514,9595,9595,NO_RECORDED_FACTOR_PRP_OR_LL_RESULT_AND_NO_ACTIVE_GIMPS_ASSIGNMENT,2026-08-06T12:58:23+00:00,UNALLOCATED,,,,,
SLCMP47-0707,707,1818,154098517,2^154098517-1,STRUCTURAL_SCREEN_EXHAUSTED_PRIMALITY_UNASSIGNED,FIRST_SINGULARITY_SHELL_EXHAUSTED_PRIMALITY_UNASSIGNED,513,9595,9595,NO_RECORDED_FACTOR_PRP_OR_LL_RESULT_AND_NO_ACTIVE_GIMPS_ASSIGNMENT,2026-08-06T12:58:23+00:00,UNALLOCATED,,,,,
SLCMP47-0708,708,1819,154098589,2^154098589-1,STRUCTURAL_SCREEN_EXHAUSTED_PRIMALITY_UNASSIGNED,FIRST_SINGULARITY_SHELL_EXHAUSTED_PRIMALITY_UNASSIGNED,513,9595,9595,NO_RECORDED_FACTOR_PRP_OR_LL_RESULT_AND_NO_ACTIVE_GIMPS_ASSIGNMENT,2026-08-06T12:58:23+00:00,UNALLOCATED,,,,,
SLCMP47-0709,709,1820,154098601,2^154098601-1,STRUCTURAL_SCREEN_EXHAUSTED_PRIMALITY_UNASSIGNED,FIRST_SINGULARITY_SHELL_EXHAUSTED_PRIMALITY_UNASSIGNED,513,9595,9595,NO_RECORDED_FACTOR_PRP_OR_LL_RESULT_AND_NO_ACTIVE_GIMPS_ASSIGNMENT,2026-08-06T12:58:23+00:00,UNALLOCATED,,,,,
SLCMP47-0710,710,1821,154098649,2^154098649-1,STRUCTURAL_SCREEN_EXHAUSTED_PRIMALITY_UNASSIGNED,FIRST_SINGULARITY_SHELL_EXHAUSTED_PRIMALITY_UNASSIGNED,513,9595,9595,NO_RECORDED_FACTOR_PRP_OR_LL_RESULT_AND_NO_ACTIVE_GIMPS_ASSIGNMENT,2026-08-06T12:58:23+00:00,UNALLOCATED,,,,,
SLCMP47-0711,711,1822,154098667,2^154098667-1,STRUCTURAL_SCREEN_EXHAUSTED_PRIMALITY_UNASSIGNED,FIRST_SINGULARITY_SHELL_EXHAUSTED_PRIMALITY_UNASSIGNED,514,9595,9595,NO_RECORDED_FACTOR_PRP_OR_LL_RESULT_AND_NO_ACTIVE_GIMPS_ASSIGNMENT,2026-08-06T12:58:23+00:00,UNALLOCATED,,,,,
SLCMP47-0712,712,1823,154098731,2^154098731-1,STRUCTURAL_SCREEN_EXHAUSTED_PRIMALITY_UNASSIGNED,FIRST_SINGULARITY_SHELL_EXHAUSTED_PRIMALITY_UNASSIGNED,514,9595,9595,NO_RECORDED_FACTOR_PRP_OR_LL_RESULT_AND_NO_ACTIVE_GIMPS_ASSIGNMENT,2026-08-06T12:58:23+00:00,UNALLOCATED,,,,,
SLCMP47-0713,713,1824,154098767,2^154098767-1,STRUCTURAL_SCREEN_EXHAUSTED_PRIMALITY_UNASSIGNED,FIRST_SINGULARITY_SHELL_EXHAUSTED_PRIMALITY_UNASSIGNED,514,9595,9595,NO_RECORDED_FACTOR_PRP_OR_LL_RESULT_AND_NO_ACTIVE_GIMPS_ASSIGNMENT,2026-08-06T12:58:23+00:00,UNALLOCATED,,,,,
SLCMP47-0714,714,1825,154098803,2^154098803-1,STRUCTURAL_SCREEN_EXHAUSTED_PRIMALITY_UNASSIGNED,FIRST_SINGULARITY_SHELL_EXHAUSTED_PRIMALITY_UNASSIGNED,514,9595,9595,NO_RECORDED_FACTOR_PRP_OR_LL_RESULT_AND_NO_ACTIVE_GIMPS_ASSIGNMENT,2026-08-06T12:58:23+00:00,UNALLOCATED,,,,,
SLCMP47-0715,715,1826,154098811,2^154098811-1,STRUCTURAL_SCREEN_EXHAUSTED_PRIMALITY_UNASSIGNED,FIRST_SINGULARITY_SHELL_EXHAUSTED_PRIMALITY_UNASSIGNED,514,9595,9595,NO_RECORDED_FACTOR_PRP_OR_LL_RESULT_AND_NO_ACTIVE_GIMPS_ASSIGNMENT,2026-08-06T12:58:23+00:00,UNALLOCATED,,,,,
SLCMP47-0716,716,1827,154098887,2^154098887-1,STRUCTURAL_SCREEN_EXHAUSTED_PRIMALITY_UNASSIGNED,FIRST_SINGULARITY_SHELL_EXHAUSTED_PRIMALITY_UNASSIGNED,514,9595,9595,NO_RECORDED_FACTOR_PRP_OR_LL_RESULT_AND_NO_ACTIVE_GIMPS_ASSIGNMENT,2026-08-06T12:58:23+00:00,UNALLOCATED,,,,,
SLCMP47-0717,717,1828,154099009,2^154099009-1,STRUCTURAL_SCREEN_EXHAUSTED_PRIMALITY_UNASSIGNED,FIRST_SINGULARITY_SHELL_EXHAUSTED_PRIMALITY_UNASSIGNED,513,9595,9595,NO_RECORDED_FACTOR_PRP_OR_LL_RESULT_AND_NO_ACTIVE_GIMPS_ASSIGNMENT,2026-08-06T12:58:23+00:00,UNALLOCATED,,,,,
SLCMP47-0718,718,1829,154099019,2^154099019-1,STRUCTURAL_SCREEN_EXHAUSTED_PRIMALITY_UNASSIGNED,FIRST_SINGULARITY_SHELL_EXHAUSTED_PRIMALITY_UNASSIGNED,514,9595,9595,NO_RECORDED_FACTOR_PRP_OR_LL_RESULT_AND_NO_ACTIVE_GIMPS_ASSIGNMENT,2026-08-06T12:58:23+00:00,UNALLOCATED,,,,,
SLCMP47-0719,719,1830,154099151,2^154099151-1,STRUCTURAL_SCREEN_EXHAUSTED_PRIMALITY_UNASSIGNED,FIRST_SINGULARITY_SHELL_EXHAUSTED_PRIMALITY_UNASSIGNED,514,9595,9595,NO_RECORDED_FACTOR_PRP_OR_LL_RESULT_AND_NO_ACTIVE_GIMPS_ASSIGNMENT,2026-08-06T12:58:23+00:00,UNALLOCATED,,,,,
SLCMP47-0720,720,1831,154099163,2^154099163-1,STRUCTURAL_SCREEN_EXHAUSTED_PRIMALITY_UNASSIGNED,FIRST_SINGULARITY_SHELL_EXHAUSTED_PRIMALITY_UNASSIGNED,514,9595,9595,NO_RECORDED_FACTOR_PRP_OR_LL_RESULT_AND_NO_ACTIVE_GIMPS_ASSIGNMENT,2026-08-06T12:58:23+00:00,UNALLOCATED,,,,,
SLCMP47-0721,721,1832,154099189,2^154099189-1,STRUCTURAL_SCREEN_EXHAUSTED_PRIMALITY_UNASSIGNED,FIRST_SINGULARITY_SHELL_EXHAUSTED_PRIMALITY_UNASSIGNED,513,9595,9595,NO_RECORDED_FACTOR_PRP_OR_LL_RESULT_AND_NO_ACTIVE_GIMPS_ASSIGNMENT,2026-08-06T12:58:23+00:00,UNALLOCATED,,,,,
SLCMP47-0722,722,1833,154099213,2^154099213-1,STRUCTURAL_SCREEN_EXHAUSTED_PRIMALITY_UNASSIGNED,FIRST_SINGULARITY_SHELL_EXHAUSTED_PRIMALITY_UNASSIGNED,513,9595,9595,NO_RECORDED_FACTOR_PRP_OR_LL_RESULT_AND_NO_ACTIVE_GIMPS_ASSIGNMENT,2026-08-06T12:58:23+00:00,UNALLOCATED,,,,,
SLCMP47-0723,723,1834,154099247,2^154099247-1,STRUCTURAL_SCREEN_EXHAUSTED_PRIMALITY_UNASSIGNED,FIRST_SINGULARITY_SHELL_EXHAUSTED_PRIMALITY_UNASSIGNED,514,9595,9595,NO_RECORDED_FACTOR_PRP_OR_LL_RESULT_AND_NO_ACTIVE_GIMPS_ASSIGNMENT,2026-08-06T12:58:23+00:00,UNALLOCATED,,,,,
SLCMP47-0724,724,1835,154099261,2^154099261-1,STRUCTURAL_SCREEN_EXHAUSTED_PRIMALITY_UNASSIGNED,FIRST_SINGULARITY_SHELL_EXHAUSTED_PRIMALITY_UNASSIGNED,513,9595,9595,NO_RECORDED_FACTOR_PRP_OR_LL_RESULT_AND_NO_ACTIVE_GIMPS_ASSIGNMENT,2026-08-06T12:58:23+00:00,UNALLOCATED,,,,,
SLCMP47-0725,725,1836,154099307,2^154099307-1,STRUCTURAL_SCREEN_EXHAUSTED_PRIMALITY_UNASSIGNED,FIRST_SINGULARITY_SHELL_EXHAUSTED_PRIMALITY_UNASSIGNED,514,9595,9595,NO_RECORDED_FACTOR_PRP_OR_LL_RESULT_AND_NO_ACTIVE_GIMPS_ASSIGNMENT,2026-08-06T12:58:23+00:00,UNALLOCATED,,,,,
SLCMP47-0726,726,1837,154099409,2^154099409-1,STRUCTURAL_SCREEN_EXHAUSTED_PRIMALITY_UNASSIGNED,FIRST_SINGULARITY_SHELL_EXHAUSTED_PRIMALITY_UNASSIGNED,513,9595,9595,NO_RECORDED_FACTOR_PRP_OR_LL_RESULT_AND_NO_ACTIVE_GIMPS_ASSIGNMENT,2026-08-06T12:58:23+00:00,UNALLOCATED,,,,,
SLCMP47-0727,727,1838,154099411,2^154099411-1,STRUCTURAL_SCREEN_EXHAUSTED_PRIMALITY_UNASSIGNED,FIRST_SINGULARITY_SHELL_EXHAUSTED_PRIMALITY_UNASSIGNED,514,9595,9595,NO_RECORDED_FACTOR_PRP_OR_LL_RESULT_AND_NO_ACTIVE_GIMPS_ASSIGNMENT,2026-08-06T12:58:23+00:00,UNALLOCATED,,,,,
SLCMP47-0728,728,1839,154099427,2^154099427-1,STRUCTURAL_SCREEN_EXHAUSTED_PRIMALITY_UNASSIGNED,FIRST_SINGULARITY_SHELL_EXHAUSTED_PRIMALITY_UNASSIGNED,514,9595,9595,NO_RECORDED_FACTOR_PRP_OR_LL_RESULT_AND_NO_ACTIVE_GIMPS_ASSIGNMENT,2026-08-06T12:58:23+00:00,UNALLOCATED,,,,,
SLCMP47-0729,729,1840,154099447,2^154099447-1,STRUCTURAL_SCREEN_EXHAUSTED_PRIMALITY_UNASSIGNED,FIRST_SINGULARITY_SHELL_EXHAUSTED_PRIMALITY_UNASSIGNED,514,9595,9595,NO_RECORDED_FACTOR_PRP_OR_LL_RESULT_AND_NO_ACTIVE_GIMPS_ASSIGNMENT,2026-08-06T12:58:23+00:00,UNALLOCATED,,,,,
SLCMP47-0730,730,1841,154099457,2^154099457-1,STRUCTURAL_SCREEN_EXHAUSTED_PRIMALITY_UNASSIGNED,FIRST_SINGULARITY_SHELL_EXHAUSTED_PRIMALITY_UNASSIGNED,513,9595,9595,NO_RECORDED_FACTOR_PRP_OR_LL_RESULT_AND_NO_ACTIVE_GIMPS_ASSIGNMENT,2026-08-06T12:58:23+00:00,UNALLOCATED,,,,,
SLCMP47-0731,731,1842,154099537,2^154099537-1,STRUCTURAL_SCREEN_EXHAUSTED_PRIMALITY_UNASSIGNED,FIRST_SINGULARITY_SHELL_EXHAUSTED_PRIMALITY_UNASSIGNED,513,9595,9595,NO_RECORDED_FACTOR_PRP_OR_LL_RESULT_AND_NO_ACTIVE_GIMPS_ASSIGNMENT,2026-08-06T12:58:23+00:00,UNALLOCATED,,,,,
SLCMP47-0732,732,1843,154099549,2^154099549-1,STRUCTURAL_SCREEN_EXHAUSTED_PRIMALITY_UNASSIGNED,FIRST_SINGULARITY_SHELL_EXHAUSTED_PRIMALITY_UNASSIGNED,513,9595,9595,NO_RECORDED_FACTOR_PRP_OR_LL_RESULT_AND_NO_ACTIVE_GIMPS_ASSIGNMENT,2026-08-06T12:58:23+00:00,UNALLOCATED,,,,,
SLCMP47-0733,733,1844,154099579,2^154099579-1,STRUCTURAL_SCREEN_EXHAUSTED_PRIMALITY_UNASSIGNED,FIRST_SINGULARITY_SHELL_EXHAUSTED_PRIMALITY_UNASSIGNED,514,9595,9595,NO_RECORDED_FACTOR_PRP_OR_LL_RESULT_AND_NO_ACTIVE_GIMPS_ASSIGNMENT,2026-08-06T12:58:23+00:00,UNALLOCATED,,,,,
SLCMP47-0734,734,1845,154099651,2^154099651-1,STRUCTURAL_SCREEN_EXHAUSTED_PRIMALITY_UNASSIGNED,FIRST_SINGULARITY_SHELL_EXHAUSTED_PRIMALITY_UNASSIGNED,514,9595,9595,NO_RECORDED_FACTOR_PRP_OR_LL_RESULT_AND_NO_ACTIVE_GIMPS_ASSIGNMENT,2026-08-06T12:58:23+00:00,UNALLOCATED,,,,,
SLCMP47-0735,735,1846,154099727,2^154099727-1,STRUCTURAL_SCREEN_EXHAUSTED_PRIMALITY_UNASSIGNED,FIRST_SINGULARITY_SHELL_EXHAUSTED_PRIMALITY_UNASSIGNED,514,9595,9595,NO_RECORDED_FACTOR_PRP_OR_LL_RESULT_AND_NO_ACTIVE_GIMPS_ASSIGNMENT,2026-08-06T12:58:23+00:00,UNALLOCATED,,,,,
SLCMP47-0736,736,1847,154099753,2^154099753-1,STRUCTURAL_SCREEN_EXHAUSTED_PRIMALITY_UNASSIGNED,FIRST_SINGULARITY_SHELL_EXHAUSTED_PRIMALITY_UNASSIGNED,513,9595,9595,NO_RECORDED_FACTOR_PRP_OR_LL_RESULT_AND_NO_ACTIVE_GIMPS_ASSIGNMENT,2026-08-06T12:58:23+00:00,UNALLOCATED,,,,,
SLCMP47-0737,737,1848,154099973,2^154099973-1,STRUCTURAL_SCREEN_EXHAUSTED_PRIMALITY_UNASSIGNED,FIRST_SINGULARITY_SHELL_EXHAUSTED_PRIMALITY_UNASSIGNED,513,9595,9595,NO_RECORDED_FACTOR_PRP_OR_LL_RESULT_AND_NO_ACTIVE_GIMPS_ASSIGNMENT,2026-08-06T12:58:23+00:00,UNALLOCATED,,,,,
SLCMP47-0738,738,1849,154100143,2^154100143-1,STRUCTURAL_SCREEN_EXHAUSTED_PRIMALITY_UNASSIGNED,FIRST_SINGULARITY_SHELL_EXHAUSTED_PRIMALITY_UNASSIGNED,514,9595,9595,NO_RECORDED_FACTOR_PRP_OR_LL_RESULT_AND_NO_ACTIVE_GIMPS_ASSIGNMENT,2026-08-06T12:58:23+00:00,UNALLOCATED,,,,,
SLCMP47-0739,739,1850,154100173,2^154100173-1,STRUCTURAL_SCREEN_EXHAUSTED_PRIMALITY_UNASSIGNED,FIRST_SINGULARITY_SHELL_EXHAUSTED_PRIMALITY_UNASSIGNED,513,9595,9595,NO_RECORDED_FACTOR_PRP_OR_LL_RESULT_AND_NO_ACTIVE_GIMPS_ASSIGNMENT,2026-08-06T12:58:23+00:00,UNALLOCATED,,,,,
SLCMP47-0740,740,1851,154100183,2^154100183-1,STRUCTURAL_SCREEN_EXHAUSTED_PRIMALITY_UNASSIGNED,FIRST_SINGULARITY_SHELL_EXHAUSTED_PRIMALITY_UNASSIGNED,514,9595,9595,NO_RECORDED_FACTOR_PRP_OR_LL_RESULT_AND_NO_ACTIVE_GIMPS_ASSIGNMENT,2026-08-06T12:58:23+00:00,UNALLOCATED,,,,,
SLCMP47-0741,741,1852,154100237,2^154100237-1,STRUCTURAL_SCREEN_EXHAUSTED_PRIMALITY_UNASSIGNED,FIRST_SINGULARITY_SHELL_EXHAUSTED_PRIMALITY_UNASSIGNED,513,9595,9595,NO_RECORDED_FACTOR_PRP_OR_LL_RESULT_AND_NO_ACTIVE_GIMPS_ASSIGNMENT,2026-08-06T12:58:23+00:00,UNALLOCATED,,,,,
SLCMP47-0742,742,1853,154100249,2^154100249-1,STRUCTURAL_SCREEN_EXHAUSTED_PRIMALITY_UNASSIGNED,FIRST_SINGULARITY_SHELL_EXHAUSTED_PRIMALITY_UNASSIGNED,513,9595,9595,NO_RECORDED_FACTOR_PRP_OR_LL_RESULT_AND_NO_ACTIVE_GIMPS_ASSIGNMENT,2026-08-06T12:58:23+00:00,UNALLOCATED,,,,,
SLCMP47-0743,743,1854,154100267,2^154100267-1,STRUCTURAL_SCREEN_EXHAUSTED_PRIMALITY_UNASSIGNED,FIRST_SINGULARITY_SHELL_EXHAUSTED_PRIMALITY_UNASSIGNED,514,9595,9595,NO_RECORDED_FACTOR_PRP_OR_LL_RESULT_AND_NO_ACTIVE_GIMPS_ASSIGNMENT,2026-08-06T12:58:23+00:00,UNALLOCATED,,,,,
SLCMP47-0744,744,1855,154100281,2^154100281-1,STRUCTURAL_SCREEN_EXHAUSTED_PRIMALITY_UNASSIGNED,FIRST_SINGULARITY_SHELL_EXHAUSTED_PRIMALITY_UNASSIGNED,513,9595,9595,NO_RECORDED_FACTOR_PRP_OR_LL_RESULT_AND_NO_ACTIVE_GIMPS_ASSIGNMENT,2026-08-06T12:58:23+00:00,UNALLOCATED,,,,,
SLCMP47-0745,745,1856,154100329,2^154100329-1,STRUCTURAL_SCREEN_EXHAUSTED_PRIMALITY_UNASSIGNED,FIRST_SINGULARITY_SHELL_EXHAUSTED_PRIMALITY_UNASSIGNED,513,9595,9595,NO_RECORDED_FACTOR_PRP_OR_LL_RESULT_AND_NO_ACTIVE_GIMPS_ASSIGNMENT,2026-08-06T12:58:23+00:00,UNALLOCATED,,,,,
SLCMP47-0746,746,1857,154100383,2^154100383-1,STRUCTURAL_SCREEN_EXHAUSTED_PRIMALITY_UNASSIGNED,FIRST_SINGULARITY_SHELL_EXHAUSTED_PRIMALITY_UNASSIGNED,514,9595,9595,NO_RECORDED_FACTOR_PRP_OR_LL_RESULT_AND_NO_ACTIVE_GIMPS_ASSIGNMENT,2026-08-06T12:58:23+00:00,UNALLOCATED,,,,,
SLCMP47-0747,747,1858,154100413,2^154100413-1,STRUCTURAL_SCREEN_EXHAUSTED_PRIMALITY_UNASSIGNED,FIRST_SINGULARITY_SHELL_EXHAUSTED_PRIMALITY_UNASSIGNED,513,9595,9595,NO_RECORDED_FACTOR_PRP_OR_LL_RESULT_AND_NO_ACTIVE_GIMPS_ASSIGNMENT,2026-08-06T12:58:23+00:00,UNALLOCATED,,,,,
SLCMP47-0748,748,1859,154100629,2^154100629-1,STRUCTURAL_SCREEN_EXHAUSTED_PRIMALITY_UNASSIGNED,FIRST_SINGULARITY_SHELL_EXHAUSTED_PRIMALITY_UNASSIGNED,513,9595,9595,NO_RECORDED_FACTOR_PRP_OR_LL_RESULT_AND_NO_ACTIVE_GIMPS_ASSIGNMENT,2026-08-06T12:58:23+00:00,UNALLOCATED,,,,,
SLCMP47-0749,749,1860,154100719,2^154100719-1,STRUCTURAL_SCREEN_EXHAUSTED_PRIMALITY_UNASSIGNED,FIRST_SINGULARITY_SHELL_EXHAUSTED_PRIMALITY_UNASSIGNED,514,9595,9595,NO_RECORDED_FACTOR_PRP_OR_LL_RESULT_AND_NO_ACTIVE_GIMPS_ASSIGNMENT,2026-08-06T12:58:23+00:00,UNALLOCATED,,,,,
SLCMP47-0750,750,1861,154100761,2^154100761-1,STRUCTURAL_SCREEN_EXHAUSTED_PRIMALITY_UNASSIGNED,FIRST_SINGULARITY_SHELL_EXHAUSTED_PRIMALITY_UNASSIGNED,513,9595,9595,NO_RECORDED_FACTOR_PRP_OR_LL_RESULT_AND_NO_ACTIVE_GIMPS_ASSIGNMENT,2026-08-06T12:58:23+00:00,UNALLOCATED,,,,,
SLCMP47-0751,751,1862,154100899,2^154100899-1,STRUCTURAL_SCREEN_EXHAUSTED_PRIMALITY_UNASSIGNED,FIRST_SINGULARITY_SHELL_EXHAUSTED_PRIMALITY_UNASSIGNED,514,9595,9595,NO_RECORDED_FACTOR_PRP_OR_LL_RESULT_AND_NO_ACTIVE_GIMPS_ASSIGNMENT,2026-08-06T12:58:23+00:00,UNALLOCATED,,,,,
SLCMP47-0752,752,1863,154101019,2^154101019-1,STRUCTURAL_SCREEN_EXHAUSTED_PRIMALITY_UNASSIGNED,FIRST_SINGULARITY_SHELL_EXHAUSTED_PRIMALITY_UNASSIGNED,514,9595,9595,NO_RECORDED_FACTOR_PRP_OR_LL_RESULT_AND_NO_ACTIVE_GIMPS_ASSIGNMENT,2026-08-06T12:58:23+00:00,UNALLOCATED,,,,,
SLCMP47-0753,753,1864,154101149,2^154101149-1,STRUCTURAL_SCREEN_EXHAUSTED_PRIMALITY_UNASSIGNED,FIRST_SINGULARITY_SHELL_EXHAUSTED_PRIMALITY_UNASSIGNED,513,9595,9595,NO_RECORDED_FACTOR_PRP_OR_LL_RESULT_AND_NO_ACTIVE_GIMPS_ASSIGNMENT,2026-08-06T12:58:23+00:00,UNALLOCATED,,,,,
SLCMP47-0754,754,1865,154101161,2^154101161-1,STRUCTURAL_SCREEN_EXHAUSTED_PRIMALITY_UNASSIGNED,FIRST_SINGULARITY_SHELL_EXHAUSTED_PRIMALITY_UNASSIGNED,513,9595,9595,NO_RECORDED_FACTOR_PRP_OR_LL_RESULT_AND_NO_ACTIVE_GIMPS_ASSIGNMENT,2026-08-06T12:58:23+00:00,UNALLOCATED,,,,,
SLCMP47-0755,755,1866,154101163,2^154101163-1,STRUCTURAL_SCREEN_EXHAUSTED_PRIMALITY_UNASSIGNED,FIRST_SINGULARITY_SHELL_EXHAUSTED_PRIMALITY_UNASSIGNED,514,9595,9595,NO_RECORDED_FACTOR_PRP_OR_LL_RESULT_AND_NO_ACTIVE_GIMPS_ASSIGNMENT,2026-08-06T12:58:23+00:00,UNALLOCATED,,,,,
SLCMP47-0756,756,1867,154101193,2^154101193-1,STRUCTURAL_SCREEN_EXHAUSTED_PRIMALITY_UNASSIGNED,FIRST_SINGULARITY_SHELL_EXHAUSTED_PRIMALITY_UNASSIGNED,513,9595,9595,NO_RECORDED_FACTOR_PRP_OR_LL_RESULT_AND_NO_ACTIVE_GIMPS_ASSIGNMENT,2026-08-06T12:58:23+00:00,UNALLOCATED,,,,,
SLCMP47-0757,757,1868,154101221,2^154101221-1,STRUCTURAL_SCREEN_EXHAUSTED_PRIMALITY_UNASSIGNED,FIRST_SINGULARITY_SHELL_EXHAUSTED_PRIMALITY_UNASSIGNED,513,9595,9595,NO_RECORDED_FACTOR_PRP_OR_LL_RESULT_AND_NO_ACTIVE_GIMPS_ASSIGNMENT,2026-08-06T12:58:23+00:00,UNALLOCATED,,,,,
SLCMP47-0758,758,1869,154101253,2^154101253-1,STRUCTURAL_SCREEN_EXHAUSTED_PRIMALITY_UNASSIGNED,FIRST_SINGULARITY_SHELL_EXHAUSTED_PRIMALITY_UNASSIGNED,513,9595,9595,NO_RECORDED_FACTOR_PRP_OR_LL_RESULT_AND_NO_ACTIVE_GIMPS_ASSIGNMENT,2026-08-06T12:58:23+00:00,UNALLOCATED,,,,,
SLCMP47-0759,759,1870,154101319,2^154101319-1,STRUCTURAL_SCREEN_EXHAUSTED_PRIMALITY_UNASSIGNED,FIRST_SINGULARITY_SHELL_EXHAUSTED_PRIMALITY_UNASSIGNED,514,9595,9595,NO_RECORDED_FACTOR_PRP_OR_LL_RESULT_AND_NO_ACTIVE_GIMPS_ASSIGNMENT,2026-08-06T12:58:23+00:00,UNALLOCATED,,,,,
SLCMP47-0760,760,1871,154101349,2^154101349-1,STRUCTURAL_SCREEN_EXHAUSTED_PRIMALITY_UNASSIGNED,FIRST_SINGULARITY_SHELL_EXHAUSTED_PRIMALITY_UNASSIGNED,513,9595,9595,NO_RECORDED_FACTOR_PRP_OR_LL_RESULT_AND_NO_ACTIVE_GIMPS_ASSIGNMENT,2026-08-06T12:58:23+00:00,UNALLOCATED,,,,,
SLCMP47-0761,761,1872,154101397,2^154101397-1,STRUCTURAL_SCREEN_EXHAUSTED_PRIMALITY_UNASSIGNED,FIRST_SINGULARITY_SHELL_EXHAUSTED_PRIMALITY_UNASSIGNED,513,9595,9595,NO_RECORDED_FACTOR_PRP_OR_LL_RESULT_AND_NO_ACTIVE_GIMPS_ASSIGNMENT,2026-08-06T12:58:23+00:00,UNALLOCATED,,,,,
SLCMP47-0762,762,1873,154101439,2^154101439-1,STRUCTURAL_SCREEN_EXHAUSTED_PRIMALITY_UNASSIGNED,FIRST_SINGULARITY_SHELL_EXHAUSTED_PRIMALITY_UNASSIGNED,514,9595,9595,NO_RECORDED_FACTOR_PRP_OR_LL_RESULT_AND_NO_ACTIVE_GIMPS_ASSIGNMENT,2026-08-06T12:58:23+00:00,UNALLOCATED,,,,,
SLCMP47-0763,763,1874,154101443,2^154101443-1,STRUCTURAL_SCREEN_EXHAUSTED_PRIMALITY_UNASSIGNED,FIRST_SINGULARITY_SHELL_EXHAUSTED_PRIMALITY_UNASSIGNED,514,9595,9595,NO_RECORDED_FACTOR_PRP_OR_LL_RESULT_AND_NO_ACTIVE_GIMPS_ASSIGNMENT,2026-08-06T12:58:23+00:00,UNALLOCATED,,,,,
SLCMP47-0764,764,1875,154101473,2^154101473-1,STRUCTURAL_SCREEN_EXHAUSTED_PRIMALITY_UNASSIGNED,FIRST_SINGULARITY_SHELL_EXHAUSTED_PRIMALITY_UNASSIGNED,513,9595,9595,NO_RECORDED_FACTOR_PRP_OR_LL_RESULT_AND_NO_ACTIVE_GIMPS_ASSIGNMENT,2026-08-06T12:58:23+00:00,UNALLOCATED,,,,,
SLCMP47-0765,765,1876,154101599,2^154101599-1,STRUCTURAL_SCREEN_EXHAUSTED_PRIMALITY_UNASSIGNED,FIRST_SINGULARITY_SHELL_EXHAUSTED_PRIMALITY_UNASSIGNED,514,9595,9595,NO_RECORDED_FACTOR_PRP_OR_LL_RESULT_AND_NO_ACTIVE_GIMPS_ASSIGNMENT,2026-08-06T12:58:23+00:00,UNALLOCATED,,,,,
SLCMP47-0766,766,1877,154101641,2^154101641-1,STRUCTURAL_SCREEN_EXHAUSTED_PRIMALITY_UNASSIGNED,FIRST_SINGULARITY_SHELL_EXHAUSTED_PRIMALITY_UNASSIGNED,513,9595,9595,NO_RECORDED_FACTOR_PRP_OR_LL_RESULT_AND_NO_ACTIVE_GIMPS_ASSIGNMENT,2026-08-06T12:58:23+00:00,UNALLOCATED,,,,,
SLCMP47-0767,767,1878,154101643,2^154101643-1,STRUCTURAL_SCREEN_EXHAUSTED_PRIMALITY_UNASSIGNED,FIRST_SINGULARITY_SHELL_EXHAUSTED_PRIMALITY_UNASSIGNED,514,9595,9595,NO_RECORDED_FACTOR_PRP_OR_LL_RESULT_AND_NO_ACTIVE_GIMPS_ASSIGNMENT,2026-08-06T12:58:23+00:00,UNALLOCATED,,,,,
SLCMP47-0768,768,1879,154101671,2^154101671-1,STRUCTURAL_SCREEN_EXHAUSTED_PRIMALITY_UNASSIGNED,FIRST_SINGULARITY_SHELL_EXHAUSTED_PRIMALITY_UNASSIGNED,514,9595,9595,NO_RECORDED_FACTOR_PRP_OR_LL_RESULT_AND_NO_ACTIVE_GIMPS_ASSIGNMENT,2026-08-06T12:58:23+00:00,UNALLOCATED,,,,,
SLCMP47-0769,769,1880,154101833,2^154101833-1,STRUCTURAL_SCREEN_EXHAUSTED_PRIMALITY_UNASSIGNED,FIRST_SINGULARITY_SHELL_EXHAUSTED_PRIMALITY_UNASSIGNED,513,9595,9595,NO_RECORDED_FACTOR_PRP_OR_LL_RESULT_AND_NO_ACTIVE_GIMPS_ASSIGNMENT,2026-08-06T12:58:23+00:00,UNALLOCATED,,,,,
SLCMP47-0770,770,1881,154101887,2^154101887-1,STRUCTURAL_SCREEN_EXHAUSTED_PRIMALITY_UNASSIGNED,FIRST_SINGULARITY_SHELL_EXHAUSTED_PRIMALITY_UNASSIGNED,514,9595,9595,NO_RECORDED_FACTOR_PRP_OR_LL_RESULT_AND_NO_ACTIVE_GIMPS_ASSIGNMENT,2026-08-06T12:58:23+00:00,UNALLOCATED,,,,,
SLCMP47-0771,771,1882,154101967,2^154101967-1,STRUCTURAL_SCREEN_EXHAUSTED_PRIMALITY_UNASSIGNED,FIRST_SINGULARITY_SHELL_EXHAUSTED_PRIMALITY_UNASSIGNED,514,9595,9595,NO_RECORDED_FACTOR_PRP_OR_LL_RESULT_AND_NO_ACTIVE_GIMPS_ASSIGNMENT,2026-08-06T12:58:23+00:00,UNALLOCATED,,,,,
SLCMP47-0772,772,1883,154101979,2^154101979-1,STRUCTURAL_SCREEN_EXHAUSTED_PRIMALITY_UNASSIGNED,FIRST_SINGULARITY_SHELL_EXHAUSTED_PRIMALITY_UNASSIGNED,514,9595,9595,NO_RECORDED_FACTOR_PRP_OR_LL_RESULT_AND_NO_ACTIVE_GIMPS_ASSIGNMENT,2026-08-06T12:58:23+00:00,UNALLOCATED,,,,,
SLCMP47-0773,773,1884,154102097,2^154102097-1,STRUCTURAL_SCREEN_EXHAUSTED_PRIMALITY_UNASSIGNED,FIRST_SINGULARITY_SHELL_EXHAUSTED_PRIMALITY_UNASSIGNED,513,9595,9595,NO_RECORDED_FACTOR_PRP_OR_LL_RESULT_AND_NO_ACTIVE_GIMPS_ASSIGNMENT,2026-08-06T12:58:23+00:00,UNALLOCATED,,,,,
SLCMP47-0774,774,1885,154102177,2^154102177-1,STRUCTURAL_SCREEN_EXHAUSTED_PRIMALITY_UNASSIGNED,FIRST_SINGULARITY_SHELL_EXHAUSTED_PRIMALITY_UNASSIGNED,513,9595,9595,NO_RECORDED_FACTOR_PRP_OR_LL_RESULT_AND_NO_ACTIVE_GIMPS_ASSIGNMENT,2026-08-06T12:58:23+00:00,UNALLOCATED,,,,,
SLCMP47-0775,775,1886,154102183,2^154102183-1,STRUCTURAL_SCREEN_EXHAUSTED_PRIMALITY_UNASSIGNED,FIRST_SINGULARITY_SHELL_EXHAUSTED_PRIMALITY_UNASSIGNED,514,9595,9595,NO_RECORDED_FACTOR_PRP_OR_LL_RESULT_AND_NO_ACTIVE_GIMPS_ASSIGNMENT,2026-08-06T12:58:23+00:00,UNALLOCATED,,,,,
SLCMP47-0776,776,1887,154102213,2^154102213-1,STRUCTURAL_SCREEN_EXHAUSTED_PRIMALITY_UNASSIGNED,FIRST_SINGULARITY_SHELL_EXHAUSTED_PRIMALITY_UNASSIGNED,513,9595,9595,NO_RECORDED_FACTOR_PRP_OR_LL_RESULT_AND_NO_ACTIVE_GIMPS_ASSIGNMENT,2026-08-06T12:58:23+00:00,UNALLOCATED,,,,,
SLCMP47-0777,777,1888,154102279,2^154102279-1,STRUCTURAL_SCREEN_EXHAUSTED_PRIMALITY_UNASSIGNED,FIRST_SINGULARITY_SHELL_EXHAUSTED_PRIMALITY_UNASSIGNED,514,9595,9595,NO_RECORDED_FACTOR_PRP_OR_LL_RESULT_AND_NO_ACTIVE_GIMPS_ASSIGNMENT,2026-08-06T12:58:23+00:00,UNALLOCATED,,,,,
SLCMP47-0778,778,1889,154102379,2^154102379-1,STRUCTURAL_SCREEN_EXHAUSTED_PRIMALITY_UNASSIGNED,FIRST_SINGULARITY_SHELL_EXHAUSTED_PRIMALITY_UNASSIGNED,514,9595,9595,NO_RECORDED_FACTOR_PRP_OR_LL_RESULT_AND_NO_ACTIVE_GIMPS_ASSIGNMENT,2026-08-06T12:58:23+00:00,UNALLOCATED,,,,,
SLCMP47-0779,779,1890,154102387,2^154102387-1,STRUCTURAL_SCREEN_EXHAUSTED_PRIMALITY_UNASSIGNED,FIRST_SINGULARITY_SHELL_EXHAUSTED_PRIMALITY_UNASSIGNED,514,9595,9595,NO_RECORDED_FACTOR_PRP_OR_LL_RESULT_AND_NO_ACTIVE_GIMPS_ASSIGNMENT,2026-08-06T12:58:23+00:00,UNALLOCATED,,,,,
SLCMP47-0780,780,1891,154102441,2^154102441-1,STRUCTURAL_SCREEN_EXHAUSTED_PRIMALITY_UNASSIGNED,FIRST_SINGULARITY_SHELL_EXHAUSTED_PRIMALITY_UNASSIGNED,513,9595,9595,NO_RECORDED_FACTOR_PRP_OR_LL_RESULT_AND_NO_ACTIVE_GIMPS_ASSIGNMENT,2026-08-06T12:58:23+00:00,UNALLOCATED,,,,,
SLCMP47-0781,781,1892,154102451,2^154102451-1,STRUCTURAL_SCREEN_EXHAUSTED_PRIMALITY_UNASSIGNED,FIRST_SINGULARITY_SHELL_EXHAUSTED_PRIMALITY_UNASSIGNED,514,9595,9595,NO_RECORDED_FACTOR_PRP_OR_LL_RESULT_AND_NO_ACTIVE_GIMPS_ASSIGNMENT,2026-08-06T12:58:23+00:00,UNALLOCATED,,,,,
SLCMP47-0782,782,1893,154102463,2^154102463-1,STRUCTURAL_SCREEN_EXHAUSTED_PRIMALITY_UNASSIGNED,FIRST_SINGULARITY_SHELL_EXHAUSTED_PRIMALITY_UNASSIGNED,514,9595,9595,NO_RECORDED_FACTOR_PRP_OR_LL_RESULT_AND_NO_ACTIVE_GIMPS_ASSIGNMENT,2026-08-06T12:58:23+00:00,UNALLOCATED,,,,,
SLCMP47-0783,783,1894,154102511,2^154102511-1,STRUCTURAL_SCREEN_EXHAUSTED_PRIMALITY_UNASSIGNED,FIRST_SINGULARITY_SHELL_EXHAUSTED_PRIMALITY_UNASSIGNED,514,9595,9595,NO_RECORDED_FACTOR_PRP_OR_LL_RESULT_AND_NO_ACTIVE_GIMPS_ASSIGNMENT,2026-08-06T12:58:23+00:00,UNALLOCATED,,,,,
SLCMP47-0784,784,1895,154102541,2^154102541-1,STRUCTURAL_SCREEN_EXHAUSTED_PRIMALITY_UNASSIGNED,FIRST_SINGULARITY_SHELL_EXHAUSTED_PRIMALITY_UNASSIGNED,513,9595,9595,NO_RECORDED_FACTOR_PRP_OR_LL_RESULT_AND_NO_ACTIVE_GIMPS_ASSIGNMENT,2026-08-06T12:58:23+00:00,UNALLOCATED,,,,,
SLCMP47-0785,785,1896,154102547,2^154102547-1,STRUCTURAL_SCREEN_EXHAUSTED_PRIMALITY_UNASSIGNED,FIRST_SINGULARITY_SHELL_EXHAUSTED_PRIMALITY_UNASSIGNED,514,9595,9595,NO_RECORDED_FACTOR_PRP_OR_LL_RESULT_AND_NO_ACTIVE_GIMPS_ASSIGNMENT,2026-08-06T12:58:23+00:00,UNALLOCATED,,,,,
SLCMP47-0786,786,1897,154102561,2^154102561-1,STRUCTURAL_SCREEN_EXHAUSTED_PRIMALITY_UNASSIGNED,FIRST_SINGULARITY_SHELL_EXHAUSTED_PRIMALITY_UNASSIGNED,513,9595,9595,NO_RECORDED_FACTOR_PRP_OR_LL_RESULT_AND_NO_ACTIVE_GIMPS_ASSIGNMENT,2026-08-06T12:58:23+00:00,UNALLOCATED,,,,,
SLCMP47-0787,787,1898,154102567,2^154102567-1,STRUCTURAL_SCREEN_EXHAUSTED_PRIMALITY_UNASSIGNED,FIRST_SINGULARITY_SHELL_EXHAUSTED_PRIMALITY_UNASSIGNED,514,9595,9595,NO_RECORDED_FACTOR_PRP_OR_LL_RESULT_AND_NO_ACTIVE_GIMPS_ASSIGNMENT,2026-08-06T12:58:23+00:00,UNALLOCATED,,,,,
SLCMP47-0788,788,1900,154102717,2^154102717-1,STRUCTURAL_SCREEN_EXHAUSTED_PRIMALITY_UNASSIGNED,FIRST_SINGULARITY_SHELL_EXHAUSTED_PRIMALITY_UNASSIGNED,513,9595,9595,NO_RECORDED_FACTOR_PRP_OR_LL_RESULT_AND_NO_ACTIVE_GIMPS_ASSIGNMENT,2026-08-06T12:58:23+00:00,UNALLOCATED,,,,,
SLCMP47-0789,789,1901,154102759,2^154102759-1,STRUCTURAL_SCREEN_EXHAUSTED_PRIMALITY_UNASSIGNED,FIRST_SINGULARITY_SHELL_EXHAUSTED_PRIMALITY_UNASSIGNED,514,9595,9595,NO_RECORDED_FACTOR_PRP_OR_LL_RESULT_AND_NO_ACTIVE_GIMPS_ASSIGNMENT,2026-08-06T12:58:23+00:00,UNALLOCATED,,,,,
SLCMP47-0790,790,1902,154102777,2^154102777-1,STRUCTURAL_SCREEN_EXHAUSTED_PRIMALITY_UNASSIGNED,FIRST_SINGULARITY_SHELL_EXHAUSTED_PRIMALITY_UNASSIGNED,513,9595,9595,NO_RECORDED_FACTOR_PRP_OR_LL_RESULT_AND_NO_ACTIVE_GIMPS_ASSIGNMENT,2026-08-06T12:58:23+00:00,UNALLOCATED,,,,,
SLCMP47-0791,791,1903,154102789,2^154102789-1,STRUCTURAL_SCREEN_EXHAUSTED_PRIMALITY_UNASSIGNED,FIRST_SINGULARITY_SHELL_EXHAUSTED_PRIMALITY_UNASSIGNED,513,9595,9595,NO_RECORDED_FACTOR_PRP_OR_LL_RESULT_AND_NO_ACTIVE_GIMPS_ASSIGNMENT,2026-08-06T12:58:23+00:00,UNALLOCATED,,,,,
SLCMP47-0792,792,1904,154102889,2^154102889-1,STRUCTURAL_SCREEN_EXHAUSTED_PRIMALITY_UNASSIGNED,FIRST_SINGULARITY_SHELL_EXHAUSTED_PRIMALITY_UNASSIGNED,513,9595,9595,NO_RECORDED_FACTOR_PRP_OR_LL_RESULT_AND_NO_ACTIVE_GIMPS_ASSIGNMENT,2026-08-06T12:58:23+00:00,UNALLOCATED,,,,,
SLCMP47-0793,793,1905,154102937,2^154102937-1,STRUCTURAL_SCREEN_EXHAUSTED_PRIMALITY_UNASSIGNED,FIRST_SINGULARITY_SHELL_EXHAUSTED_PRIMALITY_UNASSIGNED,513,9595,9595,NO_RECORDED_FACTOR_PRP_OR_LL_RESULT_AND_NO_ACTIVE_GIMPS_ASSIGNMENT,2026-08-06T12:58:23+00:00,UNALLOCATED,,,,,
SLCMP47-0794,794,1906,154102951,2^154102951-1,STRUCTURAL_SCREEN_EXHAUSTED_PRIMALITY_UNASSIGNED,FIRST_SINGULARITY_SHELL_EXHAUSTED_PRIMALITY_UNASSIGNED,514,9595,9595,NO_RECORDED_FACTOR_PRP_OR_LL_RESULT_AND_NO_ACTIVE_GIMPS_ASSIGNMENT,2026-08-06T12:58:23+00:00,UNALLOCATED,,,,,
SLCMP47-0795,795,1907,154102999,2^154102999-1,STRUCTURAL_SCREEN_EXHAUSTED_PRIMALITY_UNASSIGNED,FIRST_SINGULARITY_SHELL_EXHAUSTED_PRIMALITY_UNASSIGNED,514,9595,9595,NO_RECORDED_FACTOR_PRP_OR_LL_RESULT_AND_NO_ACTIVE_GIMPS_ASSIGNMENT,2026-08-06T12:58:23+00:00,UNALLOCATED,,,,,
SLCMP47-0796,796,1908,154103041,2^154103041-1,STRUCTURAL_SCREEN_EXHAUSTED_PRIMALITY_UNASSIGNED,FIRST_SINGULARITY_SHELL_EXHAUSTED_PRIMALITY_UNASSIGNED,513,9595,9595,NO_RECORDED_FACTOR_PRP_OR_LL_RESULT_AND_NO_ACTIVE_GIMPS_ASSIGNMENT,2026-08-06T12:58:23+00:00,UNALLOCATED,,,,,
SLCMP47-0797,797,1909,154103087,2^154103087-1,STRUCTURAL_SCREEN_EXHAUSTED_PRIMALITY_UNASSIGNED,FIRST_SINGULARITY_SHELL_EXHAUSTED_PRIMALITY_UNASSIGNED,514,9595,9595,NO_RECORDED_FACTOR_PRP_OR_LL_RESULT_AND_NO_ACTIVE_GIMPS_ASSIGNMENT,2026-08-06T12:58:23+00:00,UNALLOCATED,,,,,
SLCMP47-0798,798,1910,154103179,2^154103179-1,STRUCTURAL_SCREEN_EXHAUSTED_PRIMALITY_UNASSIGNED,FIRST_SINGULARITY_SHELL_EXHAUSTED_PRIMALITY_UNASSIGNED,514,9595,9595,NO_RECORDED_FACTOR_PRP_OR_LL_RESULT_AND_NO_ACTIVE_GIMPS_ASSIGNMENT,2026-08-06T12:58:23+00:00,UNALLOCATED,,,,,
SLCMP47-0799,799,1911,154103189,2^154103189-1,STRUCTURAL_SCREEN_EXHAUSTED_PRIMALITY_UNASSIGNED,FIRST_SINGULARITY_SHELL_EXHAUSTED_PRIMALITY_UNASSIGNED,513,9595,9595,NO_RECORDED_FACTOR_PRP_OR_LL_RESULT_AND_NO_ACTIVE_GIMPS_ASSIGNMENT,2026-08-06T12:58:23+00:00,UNALLOCATED,,,,,
SLCMP47-0800,800,1912,154103267,2^154103267-1,STRUCTURAL_SCREEN_EXHAUSTED_PRIMALITY_UNASSIGNED,FIRST_SINGULARITY_SHELL_EXHAUSTED_PRIMALITY_UNASSIGNED,514,9595,9595,NO_RECORDED_FACTOR_PRP_OR_LL_RESULT_AND_NO_ACTIVE_GIMPS_ASSIGNMENT,2026-08-06T12:58:23+00:00,UNALLOCATED,,,,,
SLCMP47-0801,801,1913,154103293,2^154103293-1,STRUCTURAL_SCREEN_EXHAUSTED_PRIMALITY_UNASSIGNED,FIRST_SINGULARITY_SHELL_EXHAUSTED_PRIMALITY_UNASSIGNED,513,9595,9595,NO_RECORDED_FACTOR_PRP_OR_LL_RESULT_AND_NO_ACTIVE_GIMPS_ASSIGNMENT,2026-08-06T12:58:23+00:00,UNALLOCATED,,,,,
SLCMP47-0802,802,1914,154103501,2^154103501-1,STRUCTURAL_SCREEN_EXHAUSTED_PRIMALITY_UNASSIGNED,FIRST_SINGULARITY_SHELL_EXHAUSTED_PRIMALITY_UNASSIGNED,513,9595,9595,NO_RECORDED_FACTOR_PRP_OR_LL_RESULT_AND_NO_ACTIVE_GIMPS_ASSIGNMENT,2026-08-06T12:58:23+00:00,UNALLOCATED,,,,,
SLCMP47-0803,803,1915,154103513,2^154103513-1,STRUCTURAL_SCREEN_EXHAUSTED_PRIMALITY_UNASSIGNED,FIRST_SINGULARITY_SHELL_EXHAUSTED_PRIMALITY_UNASSIGNED,513,9595,9595,NO_RECORDED_FACTOR_PRP_OR_LL_RESULT_AND_NO_ACTIVE_GIMPS_ASSIGNMENT,2026-08-06T12:58:23+00:00,UNALLOCATED,,,,,
SLCMP47-0804,804,1916,154103533,2^154103533-1,STRUCTURAL_SCREEN_EXHAUSTED_PRIMALITY_UNASSIGNED,FIRST_SINGULARITY_SHELL_EXHAUSTED_PRIMALITY_UNASSIGNED,513,9595,9595,NO_RECORDED_FACTOR_PRP_OR_LL_RESULT_AND_NO_ACTIVE_GIMPS_ASSIGNMENT,2026-08-06T12:58:23+00:00,UNALLOCATED,,,,,
SLCMP47-0805,805,1917,154103713,2^154103713-1,STRUCTURAL_SCREEN_EXHAUSTED_PRIMALITY_UNASSIGNED,FIRST_SINGULARITY_SHELL_EXHAUSTED_PRIMALITY_UNASSIGNED,513,9595,9595,NO_RECORDED_FACTOR_PRP_OR_LL_RESULT_AND_NO_ACTIVE_GIMPS_ASSIGNMENT,2026-08-06T12:58:23+00:00,UNALLOCATED,,,,,
SLCMP47-0806,806,1918,154103791,2^154103791-1,STRUCTURAL_SCREEN_EXHAUSTED_PRIMALITY_UNASSIGNED,FIRST_SINGULARITY_SHELL_EXHAUSTED_PRIMALITY_UNASSIGNED,514,9595,9595,NO_RECORDED_FACTOR_PRP_OR_LL_RESULT_AND_NO_ACTIVE_GIMPS_ASSIGNMENT,2026-08-06T12:58:23+00:00,UNALLOCATED,,,,,
SLCMP47-0807,807,1919,154103893,2^154103893-1,STRUCTURAL_SCREEN_EXHAUSTED_PRIMALITY_UNASSIGNED,FIRST_SINGULARITY_SHELL_EXHAUSTED_PRIMALITY_UNASSIGNED,513,9595,9595,NO_RECORDED_FACTOR_PRP_OR_LL_RESULT_AND_NO_ACTIVE_GIMPS_ASSIGNMENT,2026-08-06T12:58:23+00:00,UNALLOCATED,,,,,
SLCMP47-0808,808,1920,154104017,2^154104017-1,STRUCTURAL_SCREEN_EXHAUSTED_PRIMALITY_UNASSIGNED,FIRST_SINGULARITY_SHELL_EXHAUSTED_PRIMALITY_UNASSIGNED,513,9595,9595,NO_RECORDED_FACTOR_PRP_OR_LL_RESULT_AND_NO_ACTIVE_GIMPS_ASSIGNMENT,2026-08-06T12:58:23+00:00,UNALLOCATED,,,,,
SLCMP47-0809,809,1921,154104059,2^154104059-1,STRUCTURAL_SCREEN_EXHAUSTED_PRIMALITY_UNASSIGNED,FIRST_SINGULARITY_SHELL_EXHAUSTED_PRIMALITY_UNASSIGNED,514,9595,9595,NO_RECORDED_FACTOR_PRP_OR_LL_RESULT_AND_NO_ACTIVE_GIMPS_ASSIGNMENT,2026-08-06T12:58:23+00:00,UNALLOCATED,,,,,
SLCMP47-0810,810,1922,154104073,2^154104073-1,STRUCTURAL_SCREEN_EXHAUSTED_PRIMALITY_UNASSIGNED,FIRST_SINGULARITY_SHELL_EXHAUSTED_PRIMALITY_UNASSIGNED,513,9595,9595,NO_RECORDED_FACTOR_PRP_OR_LL_RESULT_AND_NO_ACTIVE_GIMPS_ASSIGNMENT,2026-08-06T12:58:23+00:00,UNALLOCATED,,,,,
SLCMP47-0811,811,1923,154104113,2^154104113-1,STRUCTURAL_SCREEN_EXHAUSTED_PRIMALITY_UNASSIGNED,FIRST_SINGULARITY_SHELL_EXHAUSTED_PRIMALITY_UNASSIGNED,513,9595,9595,NO_RECORDED_FACTOR_PRP_OR_LL_RESULT_AND_NO_ACTIVE_GIMPS_ASSIGNMENT,2026-08-06T12:58:23+00:00,UNALLOCATED,,,,,
SLCMP47-0812,812,1924,154104127,2^154104127-1,STRUCTURAL_SCREEN_EXHAUSTED_PRIMALITY_UNASSIGNED,FIRST_SINGULARITY_SHELL_EXHAUSTED_PRIMALITY_UNASSIGNED,514,9595,9595,NO_RECORDED_FACTOR_PRP_OR_LL_RESULT_AND_NO_ACTIVE_GIMPS_ASSIGNMENT,2026-08-06T12:58:23+00:00,UNALLOCATED,,,,,
SLCMP47-0813,813,1925,154104287,2^154104287-1,STRUCTURAL_SCREEN_EXHAUSTED_PRIMALITY_UNASSIGNED,FIRST_SINGULARITY_SHELL_EXHAUSTED_PRIMALITY_UNASSIGNED,514,9595,9595,NO_RECORDED_FACTOR_PRP_OR_LL_RESULT_AND_NO_ACTIVE_GIMPS_ASSIGNMENT,2026-08-06T12:58:23+00:00,UNALLOCATED,,,,,
SLCMP47-0814,814,1926,154104319,2^154104319-1,STRUCTURAL_SCREEN_EXHAUSTED_PRIMALITY_UNASSIGNED,FIRST_SINGULARITY_SHELL_EXHAUSTED_PRIMALITY_UNASSIGNED,514,9595,9595,NO_RECORDED_FACTOR_PRP_OR_LL_RESULT_AND_NO_ACTIVE_GIMPS_ASSIGNMENT,2026-08-06T12:58:23+00:00,UNALLOCATED,,,,,
SLCMP47-0815,815,1927,154104499,2^154104499-1,STRUCTURAL_SCREEN_EXHAUSTED_PRIMALITY_UNASSIGNED,FIRST_SINGULARITY_SHELL_EXHAUSTED_PRIMALITY_UNASSIGNED,514,9595,9595,NO_RECORDED_FACTOR_PRP_OR_LL_RESULT_AND_NO_ACTIVE_GIMPS_ASSIGNMENT,2026-08-06T12:58:23+00:00,UNALLOCATED,,,,,
SLCMP47-0816,816,1928,154104539,2^154104539-1,STRUCTURAL_SCREEN_EXHAUSTED_PRIMALITY_UNASSIGNED,FIRST_SINGULARITY_SHELL_EXHAUSTED_PRIMALITY_UNASSIGNED,514,9595,9595,NO_RECORDED_FACTOR_PRP_OR_LL_RESULT_AND_NO_ACTIVE_GIMPS_ASSIGNMENT,2026-08-06T12:58:23+00:00,UNALLOCATED,,,,,
SLCMP47-0817,817,1929,154104641,2^154104641-1,STRUCTURAL_SCREEN_EXHAUSTED_PRIMALITY_UNASSIGNED,FIRST_SINGULARITY_SHELL_EXHAUSTED_PRIMALITY_UNASSIGNED,513,9595,9595,NO_RECORDED_FACTOR_PRP_OR_LL_RESULT_AND_NO_ACTIVE_GIMPS_ASSIGNMENT,2026-08-06T12:58:23+00:00,UNALLOCATED,,,,,
SLCMP47-0818,818,1930,154104659,2^154104659-1,STRUCTURAL_SCREEN_EXHAUSTED_PRIMALITY_UNASSIGNED,FIRST_SINGULARITY_SHELL_EXHAUSTED_PRIMALITY_UNASSIGNED,514,9595,9595,NO_RECORDED_FACTOR_PRP_OR_LL_RESULT_AND_NO_ACTIVE_GIMPS_ASSIGNMENT,2026-08-06T12:58:23+00:00,UNALLOCATED,,,,,
SLCMP47-0819,819,1931,154104823,2^154104823-1,STRUCTURAL_SCREEN_EXHAUSTED_PRIMALITY_UNASSIGNED,FIRST_SINGULARITY_SHELL_EXHAUSTED_PRIMALITY_UNASSIGNED,514,9595,9595,NO_RECORDED_FACTOR_PRP_OR_LL_RESULT_AND_NO_ACTIVE_GIMPS_ASSIGNMENT,2026-08-06T12:58:23+00:00,UNALLOCATED,,,,,
SLCMP47-0820,820,1932,154104901,2^154104901-1,STRUCTURAL_SCREEN_EXHAUSTED_PRIMALITY_UNASSIGNED,FIRST_SINGULARITY_SHELL_EXHAUSTED_PRIMALITY_UNASSIGNED,513,9595,9595,NO_RECORDED_FACTOR_PRP_OR_LL_RESULT_AND_NO_ACTIVE_GIMPS_ASSIGNMENT,2026-08-06T12:58:23+00:00,UNALLOCATED,,,,,
SLCMP47-0821,821,1933,154104959,2^154104959-1,STRUCTURAL_SCREEN_EXHAUSTED_PRIMALITY_UNASSIGNED,FIRST_SINGULARITY_SHELL_EXHAUSTED_PRIMALITY_UNASSIGNED,514,9595,9595,NO_RECORDED_FACTOR_PRP_OR_LL_RESULT_AND_NO_ACTIVE_GIMPS_ASSIGNMENT,2026-08-06T12:58:23+00:00,UNALLOCATED,,,,,
SLCMP47-0822,822,1934,154105099,2^154105099-1,STRUCTURAL_SCREEN_EXHAUSTED_PRIMALITY_UNASSIGNED,FIRST_SINGULARITY_SHELL_EXHAUSTED_PRIMALITY_UNASSIGNED,514,9595,9595,NO_RECORDED_FACTOR_PRP_OR_LL_RESULT_AND_NO_ACTIVE_GIMPS_ASSIGNMENT,2026-08-06T12:58:23+00:00,UNALLOCATED,,,,,
SLCMP47-0823,823,1935,154105199,2^154105199-1,STRUCTURAL_SCREEN_EXHAUSTED_PRIMALITY_UNASSIGNED,FIRST_SINGULARITY_SHELL_EXHAUSTED_PRIMALITY_UNASSIGNED,514,9595,9595,NO_RECORDED_FACTOR_PRP_OR_LL_RESULT_AND_NO_ACTIVE_GIMPS_ASSIGNMENT,2026-08-06T12:58:23+00:00,UNALLOCATED,,,,,
SLCMP47-0824,824,1936,154105381,2^154105381-1,STRUCTURAL_SCREEN_EXHAUSTED_PRIMALITY_UNASSIGNED,FIRST_SINGULARITY_SHELL_EXHAUSTED_PRIMALITY_UNASSIGNED,513,9595,9595,NO_RECORDED_FACTOR_PRP_OR_LL_RESULT_AND_NO_ACTIVE_GIMPS_ASSIGNMENT,2026-08-06T12:58:23+00:00,UNALLOCATED,,,,,
SLCMP47-0825,825,1937,154105403,2^154105403-1,STRUCTURAL_SCREEN_EXHAUSTED_PRIMALITY_UNASSIGNED,FIRST_SINGULARITY_SHELL_EXHAUSTED_PRIMALITY_UNASSIGNED,514,9595,9595,NO_RECORDED_FACTOR_PRP_OR_LL_RESULT_AND_NO_ACTIVE_GIMPS_ASSIGNMENT,2026-08-06T12:58:23+00:00,UNALLOCATED,,,,,
SLCMP47-0826,826,1938,154105439,2^154105439-1,STRUCTURAL_SCREEN_EXHAUSTED_PRIMALITY_UNASSIGNED,FIRST_SINGULARITY_SHELL_EXHAUSTED_PRIMALITY_UNASSIGNED,514,9595,9595,NO_RECORDED_FACTOR_PRP_OR_LL_RESULT_AND_NO_ACTIVE_GIMPS_ASSIGNMENT,2026-08-06T12:58:23+00:00,UNALLOCATED,,,,,
SLCMP47-0827,827,1939,154105453,2^154105453-1,STRUCTURAL_SCREEN_EXHAUSTED_PRIMALITY_UNASSIGNED,FIRST_SINGULARITY_SHELL_EXHAUSTED_PRIMALITY_UNASSIGNED,513,9595,9595,NO_RECORDED_FACTOR_PRP_OR_LL_RESULT_AND_NO_ACTIVE_GIMPS_ASSIGNMENT,2026-08-06T12:58:23+00:00,UNALLOCATED,,,,,
SLCMP47-0828,828,1940,154105489,2^154105489-1,STRUCTURAL_SCREEN_EXHAUSTED_PRIMALITY_UNASSIGNED,FIRST_SINGULARITY_SHELL_EXHAUSTED_PRIMALITY_UNASSIGNED,513,9595,9595,NO_RECORDED_FACTOR_PRP_OR_LL_RESULT_AND_NO_ACTIVE_GIMPS_ASSIGNMENT,2026-08-06T12:58:23+00:00,UNALLOCATED,,,,,
SLCMP47-0829,829,1941,154105577,2^154105577-1,STRUCTURAL_SCREEN_EXHAUSTED_PRIMALITY_UNASSIGNED,FIRST_SINGULARITY_SHELL_EXHAUSTED_PRIMALITY_UNASSIGNED,513,9595,9595,NO_RECORDED_FACTOR_PRP_OR_LL_RESULT_AND_NO_ACTIVE_GIMPS_ASSIGNMENT,2026-08-06T12:58:23+00:00,UNALLOCATED,,,,,
SLCMP47-0830,830,1942,154105643,2^154105643-1,STRUCTURAL_SCREEN_EXHAUSTED_PRIMALITY_UNASSIGNED,FIRST_SINGULARITY_SHELL_EXHAUSTED_PRIMALITY_UNASSIGNED,514,9595,9595,NO_RECORDED_FACTOR_PRP_OR_LL_RESULT_AND_NO_ACTIVE_GIMPS_ASSIGNMENT,2026-08-06T12:58:23+00:00,UNALLOCATED,,,,,
SLCMP47-0831,831,1943,154105723,2^154105723-1,STRUCTURAL_SCREEN_EXHAUSTED_PRIMALITY_UNASSIGNED,FIRST_SINGULARITY_SHELL_EXHAUSTED_PRIMALITY_UNASSIGNED,514,9595,9595,NO_RECORDED_FACTOR_PRP_OR_LL_RESULT_AND_NO_ACTIVE_GIMPS_ASSIGNMENT,2026-08-06T12:58:23+00:00,UNALLOCATED,,,,,
SLCMP47-0832,832,1944,154105769,2^154105769-1,STRUCTURAL_SCREEN_EXHAUSTED_PRIMALITY_UNASSIGNED,FIRST_SINGULARITY_SHELL_EXHAUSTED_PRIMALITY_UNASSIGNED,513,9595,9595,NO_RECORDED_FACTOR_PRP_OR_LL_RESULT_AND_NO_ACTIVE_GIMPS_ASSIGNMENT,2026-08-06T12:58:23+00:00,UNALLOCATED,,,,,
SLCMP47-0833,833,1945,154105771,2^154105771-1,STRUCTURAL_SCREEN_EXHAUSTED_PRIMALITY_UNASSIGNED,FIRST_SINGULARITY_SHELL_EXHAUSTED_PRIMALITY_UNASSIGNED,514,9595,9595,NO_RECORDED_FACTOR_PRP_OR_LL_RESULT_AND_NO_ACTIVE_GIMPS_ASSIGNMENT,2026-08-06T12:58:23+00:00,UNALLOCATED,,,,,
SLCMP47-0834,834,1946,154105841,2^154105841-1,STRUCTURAL_SCREEN_EXHAUSTED_PRIMALITY_UNASSIGNED,FIRST_SINGULARITY_SHELL_EXHAUSTED_PRIMALITY_UNASSIGNED,513,9595,9595,NO_RECORDED_FACTOR_PRP_OR_LL_RESULT_AND_NO_ACTIVE_GIMPS_ASSIGNMENT,2026-08-06T12:58:23+00:00,UNALLOCATED,,,,,
SLCMP47-0835,835,1947,154105849,2^154105849-1,STRUCTURAL_SCREEN_EXHAUSTED_PRIMALITY_UNASSIGNED,FIRST_SINGULARITY_SHELL_EXHAUSTED_PRIMALITY_UNASSIGNED,513,9595,9595,NO_RECORDED_FACTOR_PRP_OR_LL_RESULT_AND_NO_ACTIVE_GIMPS_ASSIGNMENT,2026-08-06T12:58:23+00:00,UNALLOCATED,,,,,
SLCMP47-0836,836,1948,154105859,2^154105859-1,STRUCTURAL_SCREEN_EXHAUSTED_PRIMALITY_UNASSIGNED,FIRST_SINGULARITY_SHELL_EXHAUSTED_PRIMALITY_UNASSIGNED,514,9595,9595,NO_RECORDED_FACTOR_PRP_OR_LL_RESULT_AND_NO_ACTIVE_GIMPS_ASSIGNMENT,2026-08-06T12:58:23+00:00,UNALLOCATED,,,,,
SLCMP47-0837,837,1949,154105877,2^154105877-1,STRUCTURAL_SCREEN_EXHAUSTED_PRIMALITY_UNASSIGNED,FIRST_SINGULARITY_SHELL_EXHAUSTED_PRIMALITY_UNASSIGNED,513,9595,9595,NO_RECORDED_FACTOR_PRP_OR_LL_RESULT_AND_NO_ACTIVE_GIMPS_ASSIGNMENT,2026-08-06T12:58:23+00:00,UNALLOCATED,,,,,
SLCMP47-0838,838,1950,154106009,2^154106009-1,STRUCTURAL_SCREEN_EXHAUSTED_PRIMALITY_UNASSIGNED,FIRST_SINGULARITY_SHELL_EXHAUSTED_PRIMALITY_UNASSIGNED,513,9595,9595,NO_RECORDED_FACTOR_PRP_OR_LL_RESULT_AND_NO_ACTIVE_GIMPS_ASSIGNMENT,2026-08-06T12:58:23+00:00,UNALLOCATED,,,,,
SLCMP47-0839,839,1951,154106077,2^154106077-1,STRUCTURAL_SCREEN_EXHAUSTED_PRIMALITY_UNASSIGNED,FIRST_SINGULARITY_SHELL_EXHAUSTED_PRIMALITY_UNASSIGNED,513,9595,9595,NO_RECORDED_FACTOR_PRP_OR_LL_RESULT_AND_NO_ACTIVE_GIMPS_ASSIGNMENT,2026-08-06T12:58:23+00:00,UNALLOCATED,,,,,
SLCMP47-0840,840,1952,154106119,2^154106119-1,STRUCTURAL_SCREEN_EXHAUSTED_PRIMALITY_UNASSIGNED,FIRST_SINGULARITY_SHELL_EXHAUSTED_PRIMALITY_UNASSIGNED,514,9595,9595,NO_RECORDED_FACTOR_PRP_OR_LL_RESULT_AND_NO_ACTIVE_GIMPS_ASSIGNMENT,2026-08-06T12:58:23+00:00,UNALLOCATED,,,,,
SLCMP47-0841,841,1953,154106159,2^154106159-1,STRUCTURAL_SCREEN_EXHAUSTED_PRIMALITY_UNASSIGNED,FIRST_SINGULARITY_SHELL_EXHAUSTED_PRIMALITY_UNASSIGNED,514,9595,9595,NO_RECORDED_FACTOR_PRP_OR_LL_RESULT_AND_NO_ACTIVE_GIMPS_ASSIGNMENT,2026-08-06T12:58:23+00:00,UNALLOCATED,,,,,
SLCMP47-0842,842,1954,154106297,2^154106297-1,STRUCTURAL_SCREEN_EXHAUSTED_PRIMALITY_UNASSIGNED,FIRST_SINGULARITY_SHELL_EXHAUSTED_PRIMALITY_UNASSIGNED,513,9595,9595,NO_RECORDED_FACTOR_PRP_OR_LL_RESULT_AND_NO_ACTIVE_GIMPS_ASSIGNMENT,2026-08-06T12:58:23+00:00,UNALLOCATED,,,,,
SLCMP47-0843,843,1955,154106383,2^154106383-1,STRUCTURAL_SCREEN_EXHAUSTED_PRIMALITY_UNASSIGNED,FIRST_SINGULARITY_SHELL_EXHAUSTED_PRIMALITY_UNASSIGNED,514,9595,9595,NO_RECORDED_FACTOR_PRP_OR_LL_RESULT_AND_NO_ACTIVE_GIMPS_ASSIGNMENT,2026-08-06T12:58:23+00:00,UNALLOCATED,,,,,
SLCMP47-0844,844,1956,154106387,2^154106387-1,STRUCTURAL_SCREEN_EXHAUSTED_PRIMALITY_UNASSIGNED,FIRST_SINGULARITY_SHELL_EXHAUSTED_PRIMALITY_UNASSIGNED,514,9595,9595,NO_RECORDED_FACTOR_PRP_OR_LL_RESULT_AND_NO_ACTIVE_GIMPS_ASSIGNMENT,2026-08-06T12:58:23+00:00,UNALLOCATED,,,,,
SLCMP47-0845,845,1957,154106759,2^154106759-1,STRUCTURAL_SCREEN_EXHAUSTED_PRIMALITY_UNASSIGNED,FIRST_SINGULARITY_SHELL_EXHAUSTED_PRIMALITY_UNASSIGNED,514,9595,9595,NO_RECORDED_FACTOR_PRP_OR_LL_RESULT_AND_NO_ACTIVE_GIMPS_ASSIGNMENT,2026-08-06T12:58:23+00:00,UNALLOCATED,,,,,
SLCMP47-0846,846,1958,154107017,2^154107017-1,STRUCTURAL_SCREEN_EXHAUSTED_PRIMALITY_UNASSIGNED,FIRST_SINGULARITY_SHELL_EXHAUSTED_PRIMALITY_UNASSIGNED,513,9595,9595,NO_RECORDED_FACTOR_PRP_OR_LL_RESULT_AND_NO_ACTIVE_GIMPS_ASSIGNMENT,2026-08-06T12:58:23+00:00,UNALLOCATED,,,,,
SLCMP47-0847,847,1959,154107097,2^154107097-1,STRUCTURAL_SCREEN_EXHAUSTED_PRIMALITY_UNASSIGNED,FIRST_SINGULARITY_SHELL_EXHAUSTED_PRIMALITY_UNASSIGNED,513,9595,9595,NO_RECORDED_FACTOR_PRP_OR_LL_RESULT_AND_NO_ACTIVE_GIMPS_ASSIGNMENT,2026-08-06T12:58:23+00:00,UNALLOCATED,,,,,
SLCMP47-0848,848,1960,154107103,2^154107103-1,STRUCTURAL_SCREEN_EXHAUSTED_PRIMALITY_UNASSIGNED,FIRST_SINGULARITY_SHELL_EXHAUSTED_PRIMALITY_UNASSIGNED,514,9595,9595,NO_RECORDED_FACTOR_PRP_OR_LL_RESULT_AND_NO_ACTIVE_GIMPS_ASSIGNMENT,2026-08-06T12:58:23+00:00,UNALLOCATED,,,,,
SLCMP47-0849,849,1961,154107197,2^154107197-1,STRUCTURAL_SCREEN_EXHAUSTED_PRIMALITY_UNASSIGNED,FIRST_SINGULARITY_SHELL_EXHAUSTED_PRIMALITY_UNASSIGNED,513,9595,9595,NO_RECORDED_FACTOR_PRP_OR_LL_RESULT_AND_NO_ACTIVE_GIMPS_ASSIGNMENT,2026-08-06T12:58:23+00:00,UNALLOCATED,,,,,
SLCMP47-0850,850,1962,154107203,2^154107203-1,STRUCTURAL_SCREEN_EXHAUSTED_PRIMALITY_UNASSIGNED,FIRST_SINGULARITY_SHELL_EXHAUSTED_PRIMALITY_UNASSIGNED,514,9595,9595,NO_RECORDED_FACTOR_PRP_OR_LL_RESULT_AND_NO_ACTIVE_GIMPS_ASSIGNMENT,2026-08-06T12:58:23+00:00,UNALLOCATED,,,,,
SLCMP47-0851,851,1963,154107241,2^154107241-1,STRUCTURAL_SCREEN_EXHAUSTED_PRIMALITY_UNASSIGNED,FIRST_SINGULARITY_SHELL_EXHAUSTED_PRIMALITY_UNASSIGNED,513,9595,9595,NO_RECORDED_FACTOR_PRP_OR_LL_RESULT_AND_NO_ACTIVE_GIMPS_ASSIGNMENT,2026-08-06T12:58:23+00:00,UNALLOCATED,,,,,
SLCMP47-0852,852,1964,154107259,2^154107259-1,STRUCTURAL_SCREEN_EXHAUSTED_PRIMALITY_UNASSIGNED,FIRST_SINGULARITY_SHELL_EXHAUSTED_PRIMALITY_UNASSIGNED,514,9595,9595,NO_RECORDED_FACTOR_PRP_OR_LL_RESULT_AND_NO_ACTIVE_GIMPS_ASSIGNMENT,2026-08-06T12:58:23+00:00,UNALLOCATED,,,,,
SLCMP47-0853,853,1965,154107301,2^154107301-1,STRUCTURAL_SCREEN_EXHAUSTED_PRIMALITY_UNASSIGNED,FIRST_SINGULARITY_SHELL_EXHAUSTED_PRIMALITY_UNASSIGNED,513,9595,9595,NO_RECORDED_FACTOR_PRP_OR_LL_RESULT_AND_NO_ACTIVE_GIMPS_ASSIGNMENT,2026-08-06T12:58:23+00:00,UNALLOCATED,,,,,
SLCMP47-0854,854,1966,154107389,2^154107389-1,STRUCTURAL_SCREEN_EXHAUSTED_PRIMALITY_UNASSIGNED,FIRST_SINGULARITY_SHELL_EXHAUSTED_PRIMALITY_UNASSIGNED,513,9595,9595,NO_RECORDED_FACTOR_PRP_OR_LL_RESULT_AND_NO_ACTIVE_GIMPS_ASSIGNMENT,2026-08-06T12:58:23+00:00,UNALLOCATED,,,,,
SLCMP47-0855,855,1967,154107403,2^154107403-1,STRUCTURAL_SCREEN_EXHAUSTED_PRIMALITY_UNASSIGNED,FIRST_SINGULARITY_SHELL_EXHAUSTED_PRIMALITY_UNASSIGNED,514,9595,9595,NO_RECORDED_FACTOR_PRP_OR_LL_RESULT_AND_NO_ACTIVE_GIMPS_ASSIGNMENT,2026-08-06T12:58:23+00:00,UNALLOCATED,,,,,
SLCMP47-0856,856,1968,154107427,2^154107427-1,STRUCTURAL_SCREEN_EXHAUSTED_PRIMALITY_UNASSIGNED,FIRST_SINGULARITY_SHELL_EXHAUSTED_PRIMALITY_UNASSIGNED,514,9595,9595,NO_RECORDED_FACTOR_PRP_OR_LL_RESULT_AND_NO_ACTIVE_GIMPS_ASSIGNMENT,2026-08-06T12:58:23+00:00,UNALLOCATED,,,,,
SLCMP47-0857,857,1969,154107449,2^154107449-1,STRUCTURAL_SCREEN_EXHAUSTED_PRIMALITY_UNASSIGNED,FIRST_SINGULARITY_SHELL_EXHAUSTED_PRIMALITY_UNASSIGNED,513,9595,9595,NO_RECORDED_FACTOR_PRP_OR_LL_RESULT_AND_NO_ACTIVE_GIMPS_ASSIGNMENT,2026-08-06T12:58:23+00:00,UNALLOCATED,,,,,
SLCMP47-0858,858,1970,154107451,2^154107451-1,STRUCTURAL_SCREEN_EXHAUSTED_PRIMALITY_UNASSIGNED,FIRST_SINGULARITY_SHELL_EXHAUSTED_PRIMALITY_UNASSIGNED,514,9595,9595,NO_RECORDED_FACTOR_PRP_OR_LL_RESULT_AND_NO_ACTIVE_GIMPS_ASSIGNMENT,2026-08-06T12:58:23+00:00,UNALLOCATED,,,,,
SLCMP47-0859,859,1971,154107497,2^154107497-1,STRUCTURAL_SCREEN_EXHAUSTED_PRIMALITY_UNASSIGNED,FIRST_SINGULARITY_SHELL_EXHAUSTED_PRIMALITY_UNASSIGNED,513,9595,9595,NO_RECORDED_FACTOR_PRP_OR_LL_RESULT_AND_NO_ACTIVE_GIMPS_ASSIGNMENT,2026-08-06T12:58:23+00:00,UNALLOCATED,,,,,
SLCMP47-0860,860,1972,154107661,2^154107661-1,STRUCTURAL_SCREEN_EXHAUSTED_PRIMALITY_UNASSIGNED,FIRST_SINGULARITY_SHELL_EXHAUSTED_PRIMALITY_UNASSIGNED,513,9595,9595,NO_RECORDED_FACTOR_PRP_OR_LL_RESULT_AND_NO_ACTIVE_GIMPS_ASSIGNMENT,2026-08-06T12:58:23+00:00,UNALLOCATED,,,,,
SLCMP47-0861,861,1973,154107791,2^154107791-1,STRUCTURAL_SCREEN_EXHAUSTED_PRIMALITY_UNASSIGNED,FIRST_SINGULARITY_SHELL_EXHAUSTED_PRIMALITY_UNASSIGNED,514,9595,9595,NO_RECORDED_FACTOR_PRP_OR_LL_RESULT_AND_NO_ACTIVE_GIMPS_ASSIGNMENT,2026-08-06T12:58:23+00:00,UNALLOCATED,,,,,
SLCMP47-0862,862,1974,154107817,2^154107817-1,STRUCTURAL_SCREEN_EXHAUSTED_PRIMALITY_UNASSIGNED,FIRST_SINGULARITY_SHELL_EXHAUSTED_PRIMALITY_UNASSIGNED,513,9595,9595,NO_RECORDED_FACTOR_PRP_OR_LL_RESULT_AND_NO_ACTIVE_GIMPS_ASSIGNMENT,2026-08-06T12:58:23+00:00,UNALLOCATED,,,,,
SLCMP47-0863,863,1975,154107853,2^154107853-1,STRUCTURAL_SCREEN_EXHAUSTED_PRIMALITY_UNASSIGNED,FIRST_SINGULARITY_SHELL_EXHAUSTED_PRIMALITY_UNASSIGNED,513,9595,9595,NO_RECORDED_FACTOR_PRP_OR_LL_RESULT_AND_NO_ACTIVE_GIMPS_ASSIGNMENT,2026-08-06T12:58:23+00:00,UNALLOCATED,,,,,
SLCMP47-0864,864,1976,154107937,2^154107937-1,STRUCTURAL_SCREEN_EXHAUSTED_PRIMALITY_UNASSIGNED,FIRST_SINGULARITY_SHELL_EXHAUSTED_PRIMALITY_UNASSIGNED,513,9595,9595,NO_RECORDED_FACTOR_PRP_OR_LL_RESULT_AND_NO_ACTIVE_GIMPS_ASSIGNMENT,2026-08-06T12:58:23+00:00,UNALLOCATED,,,,,
SLCMP47-0865,865,1977,154107959,2^154107959-1,STRUCTURAL_SCREEN_EXHAUSTED_PRIMALITY_UNASSIGNED,FIRST_SINGULARITY_SHELL_EXHAUSTED_PRIMALITY_UNASSIGNED,514,9595,9595,NO_RECORDED_FACTOR_PRP_OR_LL_RESULT_AND_NO_ACTIVE_GIMPS_ASSIGNMENT,2026-08-06T12:58:23+00:00,UNALLOCATED,,,,,
SLCMP47-0866,866,1978,154108057,2^154108057-1,STRUCTURAL_SCREEN_EXHAUSTED_PRIMALITY_UNASSIGNED,FIRST_SINGULARITY_SHELL_EXHAUSTED_PRIMALITY_UNASSIGNED,513,9595,9595,NO_RECORDED_FACTOR_PRP_OR_LL_RESULT_AND_NO_ACTIVE_GIMPS_ASSIGNMENT,2026-08-06T12:58:23+00:00,UNALLOCATED,,,,,
SLCMP47-0867,867,1979,154108063,2^154108063-1,STRUCTURAL_SCREEN_EXHAUSTED_PRIMALITY_UNASSIGNED,FIRST_SINGULARITY_SHELL_EXHAUSTED_PRIMALITY_UNASSIGNED,514,9595,9595,NO_RECORDED_FACTOR_PRP_OR_LL_RESULT_AND_NO_ACTIVE_GIMPS_ASSIGNMENT,2026-08-06T12:58:23+00:00,UNALLOCATED,,,,,
SLCMP47-0868,868,1980,154108067,2^154108067-1,STRUCTURAL_SCREEN_EXHAUSTED_PRIMALITY_UNASSIGNED,FIRST_SINGULARITY_SHELL_EXHAUSTED_PRIMALITY_UNASSIGNED,514,9595,9595,NO_RECORDED_FACTOR_PRP_OR_LL_RESULT_AND_NO_ACTIVE_GIMPS_ASSIGNMENT,2026-08-06T12:58:23+00:00,UNALLOCATED,,,,,
SLCMP47-0869,869,1981,154108079,2^154108079-1,STRUCTURAL_SCREEN_EXHAUSTED_PRIMALITY_UNASSIGNED,FIRST_SINGULARITY_SHELL_EXHAUSTED_PRIMALITY_UNASSIGNED,514,9595,9595,NO_RECORDED_FACTOR_PRP_OR_LL_RESULT_AND_NO_ACTIVE_GIMPS_ASSIGNMENT,2026-08-06T12:58:23+00:00,UNALLOCATED,,,,,
SLCMP47-0870,870,1982,154108147,2^154108147-1,STRUCTURAL_SCREEN_EXHAUSTED_PRIMALITY_UNASSIGNED,FIRST_SINGULARITY_SHELL_EXHAUSTED_PRIMALITY_UNASSIGNED,514,9595,9595,NO_RECORDED_FACTOR_PRP_OR_LL_RESULT_AND_NO_ACTIVE_GIMPS_ASSIGNMENT,2026-08-06T12:58:23+00:00,UNALLOCATED,,,,,
SLCMP47-0871,871,1983,154108249,2^154108249-1,STRUCTURAL_SCREEN_EXHAUSTED_PRIMALITY_UNASSIGNED,FIRST_SINGULARITY_SHELL_EXHAUSTED_PRIMALITY_UNASSIGNED,513,9595,9595,NO_RECORDED_FACTOR_PRP_OR_LL_RESULT_AND_NO_ACTIVE_GIMPS_ASSIGNMENT,2026-08-06T12:58:23+00:00,UNALLOCATED,,,,,
SLCMP47-0872,872,1984,154108261,2^154108261-1,STRUCTURAL_SCREEN_EXHAUSTED_PRIMALITY_UNASSIGNED,FIRST_SINGULARITY_SHELL_EXHAUSTED_PRIMALITY_UNASSIGNED,513,9595,9595,NO_RECORDED_FACTOR_PRP_OR_LL_RESULT_AND_NO_ACTIVE_GIMPS_ASSIGNMENT,2026-08-06T12:58:23+00:00,UNALLOCATED,,,,,
SLCMP47-0873,873,1985,154108321,2^154108321-1,STRUCTURAL_SCREEN_EXHAUSTED_PRIMALITY_UNASSIGNED,FIRST_SINGULARITY_SHELL_EXHAUSTED_PRIMALITY_UNASSIGNED,513,9595,9595,NO_RECORDED_FACTOR_PRP_OR_LL_RESULT_AND_NO_ACTIVE_GIMPS_ASSIGNMENT,2026-08-06T12:58:23+00:00,UNALLOCATED,,,,,
SLCMP47-0874,874,1986,154108363,2^154108363-1,STRUCTURAL_SCREEN_EXHAUSTED_PRIMALITY_UNASSIGNED,FIRST_SINGULARITY_SHELL_EXHAUSTED_PRIMALITY_UNASSIGNED,514,9595,9595,NO_RECORDED_FACTOR_PRP_OR_LL_RESULT_AND_NO_ACTIVE_GIMPS_ASSIGNMENT,2026-08-06T12:58:23+00:00,UNALLOCATED,,,,,
SLCMP47-0875,875,1987,154108379,2^154108379-1,STRUCTURAL_SCREEN_EXHAUSTED_PRIMALITY_UNASSIGNED,FIRST_SINGULARITY_SHELL_EXHAUSTED_PRIMALITY_UNASSIGNED,514,9595,9595,NO_RECORDED_FACTOR_PRP_OR_LL_RESULT_AND_NO_ACTIVE_GIMPS_ASSIGNMENT,2026-08-06T12:58:23+00:00,UNALLOCATED,,,,,
SLCMP47-0876,876,1988,154108429,2^154108429-1,STRUCTURAL_SCREEN_EXHAUSTED_PRIMALITY_UNASSIGNED,FIRST_SINGULARITY_SHELL_EXHAUSTED_PRIMALITY_UNASSIGNED,513,9595,9595,NO_RECORDED_FACTOR_PRP_OR_LL_RESULT_AND_NO_ACTIVE_GIMPS_ASSIGNMENT,2026-08-06T12:58:23+00:00,UNALLOCATED,,,,,
SLCMP47-0877,877,1989,154108477,2^154108477-1,STRUCTURAL_SCREEN_EXHAUSTED_PRIMALITY_UNASSIGNED,FIRST_SINGULARITY_SHELL_EXHAUSTED_PRIMALITY_UNASSIGNED,513,9595,9595,NO_RECORDED_FACTOR_PRP_OR_LL_RESULT_AND_NO_ACTIVE_GIMPS_ASSIGNMENT,2026-08-06T12:58:23+00:00,UNALLOCATED,,,,,
SLCMP47-0878,878,1990,154108501,2^154108501-1,STRUCTURAL_SCREEN_EXHAUSTED_PRIMALITY_UNASSIGNED,FIRST_SINGULARITY_SHELL_EXHAUSTED_PRIMALITY_UNASSIGNED,513,9595,9595,NO_RECORDED_FACTOR_PRP_OR_LL_RESULT_AND_NO_ACTIVE_GIMPS_ASSIGNMENT,2026-08-06T12:58:23+00:00,UNALLOCATED,,,,,
SLCMP47-0879,879,1991,154108561,2^154108561-1,STRUCTURAL_SCREEN_EXHAUSTED_PRIMALITY_UNASSIGNED,FIRST_SINGULARITY_SHELL_EXHAUSTED_PRIMALITY_UNASSIGNED,513,9595,9595,NO_RECORDED_FACTOR_PRP_OR_LL_RESULT_AND_NO_ACTIVE_GIMPS_ASSIGNMENT,2026-08-06T12:58:23+00:00,UNALLOCATED,,,,,
SLCMP47-0880,880,1992,154108667,2^154108667-1,STRUCTURAL_SCREEN_EXHAUSTED_PRIMALITY_UNASSIGNED,FIRST_SINGULARITY_SHELL_EXHAUSTED_PRIMALITY_UNASSIGNED,514,9595,9595,NO_RECORDED_FACTOR_PRP_OR_LL_RESULT_AND_NO_ACTIVE_GIMPS_ASSIGNMENT,2026-08-06T12:58:23+00:00,UNALLOCATED,,,,,
SLCMP47-0881,881,1993,154108879,2^154108879-1,STRUCTURAL_SCREEN_EXHAUSTED_PRIMALITY_UNASSIGNED,FIRST_SINGULARITY_SHELL_EXHAUSTED_PRIMALITY_UNASSIGNED,514,9595,9595,NO_RECORDED_FACTOR_PRP_OR_LL_RESULT_AND_NO_ACTIVE_GIMPS_ASSIGNMENT,2026-08-06T12:58:23+00:00,UNALLOCATED,,,,,
SLCMP47-0882,882,1994,154108991,2^154108991-1,STRUCTURAL_SCREEN_EXHAUSTED_PRIMALITY_UNASSIGNED,FIRST_SINGULARITY_SHELL_EXHAUSTED_PRIMALITY_UNASSIGNED,514,9595,9595,NO_RECORDED_FACTOR_PRP_OR_LL_RESULT_AND_NO_ACTIVE_GIMPS_ASSIGNMENT,2026-08-06T12:58:23+00:00,UNALLOCATED,,,,,
SLCMP47-0883,883,1995,154109009,2^154109009-1,STRUCTURAL_SCREEN_EXHAUSTED_PRIMALITY_UNASSIGNED,FIRST_SINGULARITY_SHELL_EXHAUSTED_PRIMALITY_UNASSIGNED,513,9595,9595,NO_RECORDED_FACTOR_PRP_OR_LL_RESULT_AND_NO_ACTIVE_GIMPS_ASSIGNMENT,2026-08-06T12:58:23+00:00,UNALLOCATED,,,,,
SLCMP47-0884,884,1996,154109017,2^154109017-1,STRUCTURAL_SCREEN_EXHAUSTED_PRIMALITY_UNASSIGNED,FIRST_SINGULARITY_SHELL_EXHAUSTED_PRIMALITY_UNASSIGNED,513,9595,9595,NO_RECORDED_FACTOR_PRP_OR_LL_RESULT_AND_NO_ACTIVE_GIMPS_ASSIGNMENT,2026-08-06T12:58:23+00:00,UNALLOCATED,,,,,
SLCMP47-0885,885,1997,154109047,2^154109047-1,STRUCTURAL_SCREEN_EXHAUSTED_PRIMALITY_UNASSIGNED,FIRST_SINGULARITY_SHELL_EXHAUSTED_PRIMALITY_UNASSIGNED,514,9595,9595,NO_RECORDED_FACTOR_PRP_OR_LL_RESULT_AND_NO_ACTIVE_GIMPS_ASSIGNMENT,2026-08-06T12:58:23+00:00,UNALLOCATED,,,,,
SLCMP47-0886,886,1998,154109077,2^154109077-1,STRUCTURAL_SCREEN_EXHAUSTED_PRIMALITY_UNASSIGNED,FIRST_SINGULARITY_SHELL_EXHAUSTED_PRIMALITY_UNASSIGNED,513,9595,9595,NO_RECORDED_FACTOR_PRP_OR_LL_RESULT_AND_NO_ACTIVE_GIMPS_ASSIGNMENT,2026-08-06T12:58:23+00:00,UNALLOCATED,,,,,
SLCMP47-0887,887,1999,154109113,2^154109113-1,STRUCTURAL_SCREEN_EXHAUSTED_PRIMALITY_UNASSIGNED,FIRST_SINGULARITY_SHELL_EXHAUSTED_PRIMALITY_UNASSIGNED,513,9595,9595,NO_RECORDED_FACTOR_PRP_OR_LL_RESULT_AND_NO_ACTIVE_GIMPS_ASSIGNMENT,2026-08-06T12:58:23+00:00,UNALLOCATED,,,,,
SLCMP47-0888,888,2000,154109147,2^154109147-1,STRUCTURAL_SCREEN_EXHAUSTED_PRIMALITY_UNASSIGNED,FIRST_SINGULARITY_SHELL_EXHAUSTED_PRIMALITY_UNASSIGNED,514,9595,9595,NO_RECORDED_FACTOR_PRP_OR_LL_RESULT_AND_NO_ACTIVE_GIMPS_ASSIGNMENT,2026-08-06T12:58:23+00:00,UNALLOCATED,,,,,
SLCMP47-0889,889,2001,154109191,2^154109191-1,STRUCTURAL_SCREEN_EXHAUSTED_PRIMALITY_UNASSIGNED,FIRST_SINGULARITY_SHELL_EXHAUSTED_PRIMALITY_UNASSIGNED,514,9595,9595,NO_RECORDED_FACTOR_PRP_OR_LL_RESULT_AND_NO_ACTIVE_GIMPS_ASSIGNMENT,2026-08-06T12:58:23+00:00,UNALLOCATED,,,,,
SLCMP47-0890,890,2002,154109251,2^154109251-1,STRUCTURAL_SCREEN_EXHAUSTED_PRIMALITY_UNASSIGNED,FIRST_SINGULARITY_SHELL_EXHAUSTED_PRIMALITY_UNASSIGNED,514,9595,9595,NO_RECORDED_FACTOR_PRP_OR_LL_RESULT_AND_NO_ACTIVE_GIMPS_ASSIGNMENT,2026-08-06T12:58:23+00:00,UNALLOCATED,,,,,
SLCMP47-0891,891,2003,154109479,2^154109479-1,STRUCTURAL_SCREEN_EXHAUSTED_PRIMALITY_UNASSIGNED,FIRST_SINGULARITY_SHELL_EXHAUSTED_PRIMALITY_UNASSIGNED,514,9595,9595,NO_RECORDED_FACTOR_PRP_OR_LL_RESULT_AND_NO_ACTIVE_GIMPS_ASSIGNMENT,2026-08-06T12:58:23+00:00,UNALLOCATED,,,,,
SLCMP47-0892,892,2004,154109521,2^154109521-1,STRUCTURAL_SCREEN_EXHAUSTED_PRIMALITY_UNASSIGNED,FIRST_SINGULARITY_SHELL_EXHAUSTED_PRIMALITY_UNASSIGNED,513,9595,9595,NO_RECORDED_FACTOR_PRP_OR_LL_RESULT_AND_NO_ACTIVE_GIMPS_ASSIGNMENT,2026-08-06T12:58:23+00:00,UNALLOCATED,,,,,
SLCMP47-0893,893,2005,154109609,2^154109609-1,STRUCTURAL_SCREEN_EXHAUSTED_PRIMALITY_UNASSIGNED,FIRST_SINGULARITY_SHELL_EXHAUSTED_PRIMALITY_UNASSIGNED,513,9595,9595,NO_RECORDED_FACTOR_PRP_OR_LL_RESULT_AND_NO_ACTIVE_GIMPS_ASSIGNMENT,2026-08-06T12:58:23+00:00,UNALLOCATED,,,,,
SLCMP47-0894,894,2006,154109651,2^154109651-1,STRUCTURAL_SCREEN_EXHAUSTED_PRIMALITY_UNASSIGNED,FIRST_SINGULARITY_SHELL_EXHAUSTED_PRIMALITY_UNASSIGNED,514,9595,9595,NO_RECORDED_FACTOR_PRP_OR_LL_RESULT_AND_NO_ACTIVE_GIMPS_ASSIGNMENT,2026-08-06T12:58:23+00:00,UNALLOCATED,,,,,
SLCMP47-0895,895,2007,154109863,2^154109863-1,STRUCTURAL_SCREEN_EXHAUSTED_PRIMALITY_UNASSIGNED,FIRST_SINGULARITY_SHELL_EXHAUSTED_PRIMALITY_UNASSIGNED,514,9595,9595,NO_RECORDED_FACTOR_PRP_OR_LL_RESULT_AND_NO_ACTIVE_GIMPS_ASSIGNMENT,2026-08-06T12:58:23+00:00,UNALLOCATED,,,,,
SLCMP47-0896,896,2008,154109873,2^154109873-1,STRUCTURAL_SCREEN_EXHAUSTED_PRIMALITY_UNASSIGNED,FIRST_SINGULARITY_SHELL_EXHAUSTED_PRIMALITY_UNASSIGNED,513,9595,9595,NO_RECORDED_FACTOR_PRP_OR_LL_RESULT_AND_NO_ACTIVE_GIMPS_ASSIGNMENT,2026-08-06T12:58:23+00:00,UNALLOCATED,,,,,
SLCMP47-0897,897,2009,154109909,2^154109909-1,STRUCTURAL_SCREEN_EXHAUSTED_PRIMALITY_UNASSIGNED,FIRST_SINGULARITY_SHELL_EXHAUSTED_PRIMALITY_UNASSIGNED,513,9595,9595,NO_RECORDED_FACTOR_PRP_OR_LL_RESULT_AND_NO_ACTIVE_GIMPS_ASSIGNMENT,2026-08-06T12:58:23+00:00,UNALLOCATED,,,,,
SLCMP47-0898,898,2010,154109951,2^154109951-1,STRUCTURAL_SCREEN_EXHAUSTED_PRIMALITY_UNASSIGNED,FIRST_SINGULARITY_SHELL_EXHAUSTED_PRIMALITY_UNASSIGNED,514,9595,9595,NO_RECORDED_FACTOR_PRP_OR_LL_RESULT_AND_NO_ACTIVE_GIMPS_ASSIGNMENT,2026-08-06T12:58:23+00:00,UNALLOCATED,,,,,
SLCMP47-0899,899,2011,154109953,2^154109953-1,STRUCTURAL_SCREEN_EXHAUSTED_PRIMALITY_UNASSIGNED,FIRST_SINGULARITY_SHELL_EXHAUSTED_PRIMALITY_UNASSIGNED,513,9595,9595,NO_RECORDED_FACTOR_PRP_OR_LL_RESULT_AND_NO_ACTIVE_GIMPS_ASSIGNMENT,2026-08-06T12:58:23+00:00,UNALLOCATED,,,,,
SLCMP47-0900,900,2012,154109971,2^154109971-1,STRUCTURAL_SCREEN_EXHAUSTED_PRIMALITY_UNASSIGNED,FIRST_SINGULARITY_SHELL_EXHAUSTED_PRIMALITY_UNASSIGNED,514,9595,9595,NO_RECORDED_FACTOR_PRP_OR_LL_RESULT_AND_NO_ACTIVE_GIMPS_ASSIGNMENT,2026-08-06T12:58:23+00:00,UNALLOCATED,,,,,
SLCMP47-0901,901,2013,154109993,2^154109993-1,STRUCTURAL_SCREEN_EXHAUSTED_PRIMALITY_UNASSIGNED,FIRST_SINGULARITY_SHELL_EXHAUSTED_PRIMALITY_UNASSIGNED,513,9595,9595,NO_RECORDED_FACTOR_PRP_OR_LL_RESULT_AND_NO_ACTIVE_GIMPS_ASSIGNMENT,2026-08-06T12:58:23+00:00,UNALLOCATED,,,,,
SLCMP47-0902,902,2014,154110023,2^154110023-1,STRUCTURAL_SCREEN_EXHAUSTED_PRIMALITY_UNASSIGNED,FIRST_SINGULARITY_SHELL_EXHAUSTED_PRIMALITY_UNASSIGNED,514,9595,9595,NO_RECORDED_FACTOR_PRP_OR_LL_RESULT_AND_NO_ACTIVE_GIMPS_ASSIGNMENT,2026-08-06T12:58:23+00:00,UNALLOCATED,,,,,
SLCMP47-0903,903,2015,154110053,2^154110053-1,STRUCTURAL_SCREEN_EXHAUSTED_PRIMALITY_UNASSIGNED,FIRST_SINGULARITY_SHELL_EXHAUSTED_PRIMALITY_UNASSIGNED,513,9595,9595,NO_RECORDED_FACTOR_PRP_OR_LL_RESULT_AND_NO_ACTIVE_GIMPS_ASSIGNMENT,2026-08-06T12:58:23+00:00,UNALLOCATED,,,,,
SLCMP47-0904,904,2016,154110181,2^154110181-1,STRUCTURAL_SCREEN_EXHAUSTED_PRIMALITY_UNASSIGNED,FIRST_SINGULARITY_SHELL_EXHAUSTED_PRIMALITY_UNASSIGNED,513,9595,9595,NO_RECORDED_FACTOR_PRP_OR_LL_RESULT_AND_NO_ACTIVE_GIMPS_ASSIGNMENT,2026-08-06T12:58:23+00:00,UNALLOCATED,,,,,
SLCMP47-0905,905,2017,154110193,2^154110193-1,STRUCTURAL_SCREEN_EXHAUSTED_PRIMALITY_UNASSIGNED,FIRST_SINGULARITY_SHELL_EXHAUSTED_PRIMALITY_UNASSIGNED,513,9595,9595,NO_RECORDED_FACTOR_PRP_OR_LL_RESULT_AND_NO_ACTIVE_GIMPS_ASSIGNMENT,2026-08-06T12:58:23+00:00,UNALLOCATED,,,,,
SLCMP47-0906,906,2018,154110241,2^154110241-1,STRUCTURAL_SCREEN_EXHAUSTED_PRIMALITY_UNASSIGNED,FIRST_SINGULARITY_SHELL_EXHAUSTED_PRIMALITY_UNASSIGNED,513,9595,9595,NO_RECORDED_FACTOR_PRP_OR_LL_RESULT_AND_NO_ACTIVE_GIMPS_ASSIGNMENT,2026-08-06T12:58:23+00:00,UNALLOCATED,,,,,
SLCMP47-0907,907,2019,154110283,2^154110283-1,STRUCTURAL_SCREEN_EXHAUSTED_PRIMALITY_UNASSIGNED,FIRST_SINGULARITY_SHELL_EXHAUSTED_PRIMALITY_UNASSIGNED,514,9595,9595,NO_RECORDED_FACTOR_PRP_OR_LL_RESULT_AND_NO_ACTIVE_GIMPS_ASSIGNMENT,2026-08-06T12:58:23+00:00,UNALLOCATED,,,,,
SLCMP47-0908,908,2020,154110317,2^154110317-1,STRUCTURAL_SCREEN_EXHAUSTED_PRIMALITY_UNASSIGNED,FIRST_SINGULARITY_SHELL_EXHAUSTED_PRIMALITY_UNASSIGNED,513,9595,9595,NO_RECORDED_FACTOR_PRP_OR_LL_RESULT_AND_NO_ACTIVE_GIMPS_ASSIGNMENT,2026-08-06T12:58:23+00:00,UNALLOCATED,,,,,
SLCMP47-0909,909,2021,154110343,2^154110343-1,STRUCTURAL_SCREEN_EXHAUSTED_PRIMALITY_UNASSIGNED,FIRST_SINGULARITY_SHELL_EXHAUSTED_PRIMALITY_UNASSIGNED,514,9595,9595,NO_RECORDED_FACTOR_PRP_OR_LL_RESULT_AND_NO_ACTIVE_GIMPS_ASSIGNMENT,2026-08-06T12:58:23+00:00,UNALLOCATED,,,,,
SLCMP47-0910,910,2022,154110497,2^154110497-1,STRUCTURAL_SCREEN_EXHAUSTED_PRIMALITY_UNASSIGNED,FIRST_SINGULARITY_SHELL_EXHAUSTED_PRIMALITY_UNASSIGNED,513,9595,9595,NO_RECORDED_FACTOR_PRP_OR_LL_RESULT_AND_NO_ACTIVE_GIMPS_ASSIGNMENT,2026-08-06T12:58:23+00:00,UNALLOCATED,,,,,
SLCMP47-0911,911,2023,154110599,2^154110599-1,STRUCTURAL_SCREEN_EXHAUSTED_PRIMALITY_UNASSIGNED,FIRST_SINGULARITY_SHELL_EXHAUSTED_PRIMALITY_UNASSIGNED,514,9595,9595,NO_RECORDED_FACTOR_PRP_OR_LL_RESULT_AND_NO_ACTIVE_GIMPS_ASSIGNMENT,2026-08-06T12:58:23+00:00,UNALLOCATED,,,,,
SLCMP47-0912,912,2024,154110673,2^154110673-1,STRUCTURAL_SCREEN_EXHAUSTED_PRIMALITY_UNASSIGNED,FIRST_SINGULARITY_SHELL_EXHAUSTED_PRIMALITY_UNASSIGNED,513,9595,9595,NO_RECORDED_FACTOR_PRP_OR_LL_RESULT_AND_NO_ACTIVE_GIMPS_ASSIGNMENT,2026-08-06T12:58:23+00:00,UNALLOCATED,,,,,
SLCMP47-0913,913,2025,154110721,2^154110721-1,STRUCTURAL_SCREEN_EXHAUSTED_PRIMALITY_UNASSIGNED,FIRST_SINGULARITY_SHELL_EXHAUSTED_PRIMALITY_UNASSIGNED,513,9595,9595,NO_RECORDED_FACTOR_PRP_OR_LL_RESULT_AND_NO_ACTIVE_GIMPS_ASSIGNMENT,2026-08-06T12:58:23+00:00,UNALLOCATED,,,,,
SLCMP47-0914,914,2026,154110863,2^154110863-1,STRUCTURAL_SCREEN_EXHAUSTED_PRIMALITY_UNASSIGNED,FIRST_SINGULARITY_SHELL_EXHAUSTED_PRIMALITY_UNASSIGNED,514,9595,9595,NO_RECORDED_FACTOR_PRP_OR_LL_RESULT_AND_NO_ACTIVE_GIMPS_ASSIGNMENT,2026-08-06T12:58:23+00:00,UNALLOCATED,,,,,
SLCMP47-0915,915,2027,154111039,2^154111039-1,STRUCTURAL_SCREEN_EXHAUSTED_PRIMALITY_UNASSIGNED,FIRST_SINGULARITY_SHELL_EXHAUSTED_PRIMALITY_UNASSIGNED,514,9595,9595,NO_RECORDED_FACTOR_PRP_OR_LL_RESULT_AND_NO_ACTIVE_GIMPS_ASSIGNMENT,2026-08-06T12:58:23+00:00,UNALLOCATED,,,,,
SLCMP47-0916,916,2028,154111049,2^154111049-1,STRUCTURAL_SCREEN_EXHAUSTED_PRIMALITY_UNASSIGNED,FIRST_SINGULARITY_SHELL_EXHAUSTED_PRIMALITY_UNASSIGNED,513,9595,9595,NO_RECORDED_FACTOR_PRP_OR_LL_RESULT_AND_NO_ACTIVE_GIMPS_ASSIGNMENT,2026-08-06T12:58:23+00:00,UNALLOCATED,,,,,
SLCMP47-0917,917,2029,154111057,2^154111057-1,STRUCTURAL_SCREEN_EXHAUSTED_PRIMALITY_UNASSIGNED,FIRST_SINGULARITY_SHELL_EXHAUSTED_PRIMALITY_UNASSIGNED,513,9595,9595,NO_RECORDED_FACTOR_PRP_OR_LL_RESULT_AND_NO_ACTIVE_GIMPS_ASSIGNMENT,2026-08-06T12:58:23+00:00,UNALLOCATED,,,,,
SLCMP47-0918,918,2030,154111129,2^154111129-1,STRUCTURAL_SCREEN_EXHAUSTED_PRIMALITY_UNASSIGNED,FIRST_SINGULARITY_SHELL_EXHAUSTED_PRIMALITY_UNASSIGNED,513,9595,9595,NO_RECORDED_FACTOR_PRP_OR_LL_RESULT_AND_NO_ACTIVE_GIMPS_ASSIGNMENT,2026-08-06T12:58:23+00:00,UNALLOCATED,,,,,
SLCMP47-0919,919,2031,154111229,2^154111229-1,STRUCTURAL_SCREEN_EXHAUSTED_PRIMALITY_UNASSIGNED,FIRST_SINGULARITY_SHELL_EXHAUSTED_PRIMALITY_UNASSIGNED,513,9595,9595,NO_RECORDED_FACTOR_PRP_OR_LL_RESULT_AND_NO_ACTIVE_GIMPS_ASSIGNMENT,2026-08-06T12:58:23+00:00,UNALLOCATED,,,,,
SLCMP47-0920,920,2032,154111289,2^154111289-1,STRUCTURAL_SCREEN_EXHAUSTED_PRIMALITY_UNASSIGNED,FIRST_SINGULARITY_SHELL_EXHAUSTED_PRIMALITY_UNASSIGNED,513,9595,9595,NO_RECORDED_FACTOR_PRP_OR_LL_RESULT_AND_NO_ACTIVE_GIMPS_ASSIGNMENT,2026-08-06T12:58:23+00:00,UNALLOCATED,,,,,
SLCMP47-0921,921,2033,154111301,2^154111301-1,STRUCTURAL_SCREEN_EXHAUSTED_PRIMALITY_UNASSIGNED,FIRST_SINGULARITY_SHELL_EXHAUSTED_PRIMALITY_UNASSIGNED,513,9595,9595,NO_RECORDED_FACTOR_PRP_OR_LL_RESULT_AND_NO_ACTIVE_GIMPS_ASSIGNMENT,2026-08-06T12:58:23+00:00,UNALLOCATED,,,,,
SLCMP47-0922,922,2034,154111361,2^154111361-1,STRUCTURAL_SCREEN_EXHAUSTED_PRIMALITY_UNASSIGNED,FIRST_SINGULARITY_SHELL_EXHAUSTED_PRIMALITY_UNASSIGNED,513,9595,9595,NO_RECORDED_FACTOR_PRP_OR_LL_RESULT_AND_NO_ACTIVE_GIMPS_ASSIGNMENT,2026-08-06T12:58:23+00:00,UNALLOCATED,,,,,
SLCMP47-0923,923,2035,154111411,2^154111411-1,STRUCTURAL_SCREEN_EXHAUSTED_PRIMALITY_UNASSIGNED,FIRST_SINGULARITY_SHELL_EXHAUSTED_PRIMALITY_UNASSIGNED,514,9595,9595,NO_RECORDED_FACTOR_PRP_OR_LL_RESULT_AND_NO_ACTIVE_GIMPS_ASSIGNMENT,2026-08-06T12:58:23+00:00,UNALLOCATED,,,,,
SLCMP47-0924,924,2036,154111417,2^154111417-1,STRUCTURAL_SCREEN_EXHAUSTED_PRIMALITY_UNASSIGNED,FIRST_SINGULARITY_SHELL_EXHAUSTED_PRIMALITY_UNASSIGNED,513,9595,9595,NO_RECORDED_FACTOR_PRP_OR_LL_RESULT_AND_NO_ACTIVE_GIMPS_ASSIGNMENT,2026-08-06T12:58:23+00:00,UNALLOCATED,,,,,
SLCMP47-0925,925,2037,154111429,2^154111429-1,STRUCTURAL_SCREEN_EXHAUSTED_PRIMALITY_UNASSIGNED,FIRST_SINGULARITY_SHELL_EXHAUSTED_PRIMALITY_UNASSIGNED,513,9595,9595,NO_RECORDED_FACTOR_PRP_OR_LL_RESULT_AND_NO_ACTIVE_GIMPS_ASSIGNMENT,2026-08-06T12:58:23+00:00,UNALLOCATED,,,,,
SLCMP47-0926,926,2038,154111459,2^154111459-1,STRUCTURAL_SCREEN_EXHAUSTED_PRIMALITY_UNASSIGNED,FIRST_SINGULARITY_SHELL_EXHAUSTED_PRIMALITY_UNASSIGNED,514,9595,9595,NO_RECORDED_FACTOR_PRP_OR_LL_RESULT_AND_NO_ACTIVE_GIMPS_ASSIGNMENT,2026-08-06T12:58:23+00:00,UNALLOCATED,,,,,
SLCMP47-0927,927,2039,154111577,2^154111577-1,STRUCTURAL_SCREEN_EXHAUSTED_PRIMALITY_UNASSIGNED,FIRST_SINGULARITY_SHELL_EXHAUSTED_PRIMALITY_UNASSIGNED,513,9595,9595,NO_RECORDED_FACTOR_PRP_OR_LL_RESULT_AND_NO_ACTIVE_GIMPS_ASSIGNMENT,2026-08-06T12:58:23+00:00,UNALLOCATED,,,,,
SLCMP47-0928,928,2040,154111627,2^154111627-1,STRUCTURAL_SCREEN_EXHAUSTED_PRIMALITY_UNASSIGNED,FIRST_SINGULARITY_SHELL_EXHAUSTED_PRIMALITY_UNASSIGNED,514,9595,9595,NO_RECORDED_FACTOR_PRP_OR_LL_RESULT_AND_NO_ACTIVE_GIMPS_ASSIGNMENT,2026-08-06T12:58:23+00:00,UNALLOCATED,,,,,
SLCMP47-0929,929,2041,154111729,2^154111729-1,STRUCTURAL_SCREEN_EXHAUSTED_PRIMALITY_UNASSIGNED,FIRST_SINGULARITY_SHELL_EXHAUSTED_PRIMALITY_UNASSIGNED,513,9595,9595,NO_RECORDED_FACTOR_PRP_OR_LL_RESULT_AND_NO_ACTIVE_GIMPS_ASSIGNMENT,2026-08-06T12:58:23+00:00,UNALLOCATED,,,,,
SLCMP47-0930,930,2042,154111801,2^154111801-1,STRUCTURAL_SCREEN_EXHAUSTED_PRIMALITY_UNASSIGNED,FIRST_SINGULARITY_SHELL_EXHAUSTED_PRIMALITY_UNASSIGNED,513,9595,9595,NO_RECORDED_FACTOR_PRP_OR_LL_RESULT_AND_NO_ACTIVE_GIMPS_ASSIGNMENT,2026-08-06T12:58:23+00:00,UNALLOCATED,,,,,
SLCMP47-0931,931,2043,154111843,2^154111843-1,STRUCTURAL_SCREEN_EXHAUSTED_PRIMALITY_UNASSIGNED,FIRST_SINGULARITY_SHELL_EXHAUSTED_PRIMALITY_UNASSIGNED,514,9595,9595,NO_RECORDED_FACTOR_PRP_OR_LL_RESULT_AND_NO_ACTIVE_GIMPS_ASSIGNMENT,2026-08-06T12:58:23+00:00,UNALLOCATED,,,,,
SLCMP47-0932,932,2044,154111861,2^154111861-1,STRUCTURAL_SCREEN_EXHAUSTED_PRIMALITY_UNASSIGNED,FIRST_SINGULARITY_SHELL_EXHAUSTED_PRIMALITY_UNASSIGNED,513,9595,9595,NO_RECORDED_FACTOR_PRP_OR_LL_RESULT_AND_NO_ACTIVE_GIMPS_ASSIGNMENT,2026-08-06T12:58:23+00:00,UNALLOCATED,,,,,
SLCMP47-0933,933,2045,154111931,2^154111931-1,STRUCTURAL_SCREEN_EXHAUSTED_PRIMALITY_UNASSIGNED,FIRST_SINGULARITY_SHELL_EXHAUSTED_PRIMALITY_UNASSIGNED,514,9595,9595,NO_RECORDED_FACTOR_PRP_OR_LL_RESULT_AND_NO_ACTIVE_GIMPS_ASSIGNMENT,2026-08-06T12:58:23+00:00,UNALLOCATED,,,,,
SLCMP47-0934,934,2046,154112113,2^154112113-1,STRUCTURAL_SCREEN_EXHAUSTED_PRIMALITY_UNASSIGNED,FIRST_SINGULARITY_SHELL_EXHAUSTED_PRIMALITY_UNASSIGNED,513,9595,9595,NO_RECORDED_FACTOR_PRP_OR_LL_RESULT_AND_NO_ACTIVE_GIMPS_ASSIGNMENT,2026-08-06T12:58:23+00:00,UNALLOCATED,,,,,
SLCMP47-0935,935,2047,154112143,2^154112143-1,STRUCTURAL_SCREEN_EXHAUSTED_PRIMALITY_UNASSIGNED,FIRST_SINGULARITY_SHELL_EXHAUSTED_PRIMALITY_UNASSIGNED,514,9595,9595,NO_RECORDED_FACTOR_PRP_OR_LL_RESULT_AND_NO_ACTIVE_GIMPS_ASSIGNMENT,2026-08-06T12:58:23+00:00,UNALLOCATED,,,,,
SLCMP47-0936,936,2048,154112209,2^154112209-1,STRUCTURAL_SCREEN_EXHAUSTED_PRIMALITY_UNASSIGNED,FIRST_SINGULARITY_SHELL_EXHAUSTED_PRIMALITY_UNASSIGNED,513,9595,9595,NO_RECORDED_FACTOR_PRP_OR_LL_RESULT_AND_NO_ACTIVE_GIMPS_ASSIGNMENT,2026-08-06T12:58:23+00:00,UNALLOCATED,,,,,
SLCMP47-0937,937,2049,154112303,2^154112303-1,STRUCTURAL_SCREEN_EXHAUSTED_PRIMALITY_UNASSIGNED,FIRST_SINGULARITY_SHELL_EXHAUSTED_PRIMALITY_UNASSIGNED,514,9595,9595,NO_RECORDED_FACTOR_PRP_OR_LL_RESULT_AND_NO_ACTIVE_GIMPS_ASSIGNMENT,2026-08-06T12:58:23+00:00,UNALLOCATED,,,,,
SLCMP47-0938,938,2050,154112347,2^154112347-1,STRUCTURAL_SCREEN_EXHAUSTED_PRIMALITY_UNASSIGNED,FIRST_SINGULARITY_SHELL_EXHAUSTED_PRIMALITY_UNASSIGNED,514,9595,9595,NO_RECORDED_FACTOR_PRP_OR_LL_RESULT_AND_NO_ACTIVE_GIMPS_ASSIGNMENT,2026-08-06T12:58:23+00:00,UNALLOCATED,,,,,
SLCMP47-0939,939,2051,154112353,2^154112353-1,STRUCTURAL_SCREEN_EXHAUSTED_PRIMALITY_UNASSIGNED,FIRST_SINGULARITY_SHELL_EXHAUSTED_PRIMALITY_UNASSIGNED,513,9595,9595,NO_RECORDED_FACTOR_PRP_OR_LL_RESULT_AND_NO_ACTIVE_GIMPS_ASSIGNMENT,2026-08-06T12:58:23+00:00,UNALLOCATED,,,,,
SLCMP47-0940,940,2052,154112419,2^154112419-1,STRUCTURAL_SCREEN_EXHAUSTED_PRIMALITY_UNASSIGNED,FIRST_SINGULARITY_SHELL_EXHAUSTED_PRIMALITY_UNASSIGNED,514,9595,9595,NO_RECORDED_FACTOR_PRP_OR_LL_RESULT_AND_NO_ACTIVE_GIMPS_ASSIGNMENT,2026-08-06T12:58:23+00:00,UNALLOCATED,,,,,
SLCMP47-0941,941,2053,154112423,2^154112423-1,STRUCTURAL_SCREEN_EXHAUSTED_PRIMALITY_UNASSIGNED,FIRST_SINGULARITY_SHELL_EXHAUSTED_PRIMALITY_UNASSIGNED,514,9595,9595,NO_RECORDED_FACTOR_PRP_OR_LL_RESULT_AND_NO_ACTIVE_GIMPS_ASSIGNMENT,2026-08-06T12:58:23+00:00,UNALLOCATED,,,,,
SLCMP47-0942,942,2054,154112507,2^154112507-1,STRUCTURAL_SCREEN_EXHAUSTED_PRIMALITY_UNASSIGNED,FIRST_SINGULARITY_SHELL_EXHAUSTED_PRIMALITY_UNASSIGNED,514,9595,9595,NO_RECORDED_FACTOR_PRP_OR_LL_RESULT_AND_NO_ACTIVE_GIMPS_ASSIGNMENT,2026-08-06T12:58:23+00:00,UNALLOCATED,,,,,
SLCMP47-0943,943,2055,154112573,2^154112573-1,STRUCTURAL_SCREEN_EXHAUSTED_PRIMALITY_UNASSIGNED,FIRST_SINGULARITY_SHELL_EXHAUSTED_PRIMALITY_UNASSIGNED,513,9595,9595,NO_RECORDED_FACTOR_PRP_OR_LL_RESULT_AND_NO_ACTIVE_GIMPS_ASSIGNMENT,2026-08-06T12:58:23+00:00,UNALLOCATED,,,,,
SLCMP47-0944,944,2056,154112587,2^154112587-1,STRUCTURAL_SCREEN_EXHAUSTED_PRIMALITY_UNASSIGNED,FIRST_SINGULARITY_SHELL_EXHAUSTED_PRIMALITY_UNASSIGNED,514,9595,9595,NO_RECORDED_FACTOR_PRP_OR_LL_RESULT_AND_NO_ACTIVE_GIMPS_ASSIGNMENT,2026-08-06T12:58:23+00:00,UNALLOCATED,,,,,
SLCMP47-0945,945,2057,154112681,2^154112681-1,STRUCTURAL_SCREEN_EXHAUSTED_PRIMALITY_UNASSIGNED,FIRST_SINGULARITY_SHELL_EXHAUSTED_PRIMALITY_UNASSIGNED,513,9595,9595,NO_RECORDED_FACTOR_PRP_OR_LL_RESULT_AND_NO_ACTIVE_GIMPS_ASSIGNMENT,2026-08-06T12:58:23+00:00,UNALLOCATED,,,,,
SLCMP47-0946,946,2058,154112737,2^154112737-1,STRUCTURAL_SCREEN_EXHAUSTED_PRIMALITY_UNASSIGNED,FIRST_SINGULARITY_SHELL_EXHAUSTED_PRIMALITY_UNASSIGNED,513,9595,9595,NO_RECORDED_FACTOR_PRP_OR_LL_RESULT_AND_NO_ACTIVE_GIMPS_ASSIGNMENT,2026-08-06T12:58:23+00:00,UNALLOCATED,,,,,
SLCMP47-0947,947,2059,154112767,2^154112767-1,STRUCTURAL_SCREEN_EXHAUSTED_PRIMALITY_UNASSIGNED,FIRST_SINGULARITY_SHELL_EXHAUSTED_PRIMALITY_UNASSIGNED,514,9595,9595,NO_RECORDED_FACTOR_PRP_OR_LL_RESULT_AND_NO_ACTIVE_GIMPS_ASSIGNMENT,2026-08-06T12:58:23+00:00,UNALLOCATED,,,,,
SLCMP47-0948,948,2060,154112851,2^154112851-1,STRUCTURAL_SCREEN_EXHAUSTED_PRIMALITY_UNASSIGNED,FIRST_SINGULARITY_SHELL_EXHAUSTED_PRIMALITY_UNASSIGNED,514,9595,9595,NO_RECORDED_FACTOR_PRP_OR_LL_RESULT_AND_NO_ACTIVE_GIMPS_ASSIGNMENT,2026-08-06T12:58:23+00:00,UNALLOCATED,,,,,
SLCMP47-0949,949,2061,154112999,2^154112999-1,STRUCTURAL_SCREEN_EXHAUSTED_PRIMALITY_UNASSIGNED,FIRST_SINGULARITY_SHELL_EXHAUSTED_PRIMALITY_UNASSIGNED,514,9595,9595,NO_RECORDED_FACTOR_PRP_OR_LL_RESULT_AND_NO_ACTIVE_GIMPS_ASSIGNMENT,2026-08-06T12:58:23+00:00,UNALLOCATED,,,,,
SLCMP47-0950,950,2062,154113131,2^154113131-1,STRUCTURAL_SCREEN_EXHAUSTED_PRIMALITY_UNASSIGNED,FIRST_SINGULARITY_SHELL_EXHAUSTED_PRIMALITY_UNASSIGNED,514,9595,9595,NO_RECORDED_FACTOR_PRP_OR_LL_RESULT_AND_NO_ACTIVE_GIMPS_ASSIGNMENT,2026-08-06T12:58:23+00:00,UNALLOCATED,,,,,
SLCMP47-0951,951,2063,154113217,2^154113217-1,STRUCTURAL_SCREEN_EXHAUSTED_PRIMALITY_UNASSIGNED,FIRST_SINGULARITY_SHELL_EXHAUSTED_PRIMALITY_UNASSIGNED,513,9595,9595,NO_RECORDED_FACTOR_PRP_OR_LL_RESULT_AND_NO_ACTIVE_GIMPS_ASSIGNMENT,2026-08-06T12:58:23+00:00,UNALLOCATED,,,,,
SLCMP47-0952,952,2064,154113263,2^154113263-1,STRUCTURAL_SCREEN_EXHAUSTED_PRIMALITY_UNASSIGNED,FIRST_SINGULARITY_SHELL_EXHAUSTED_PRIMALITY_UNASSIGNED,514,9595,9595,NO_RECORDED_FACTOR_PRP_OR_LL_RESULT_AND_NO_ACTIVE_GIMPS_ASSIGNMENT,2026-08-06T12:58:23+00:00,UNALLOCATED,,,,,
SLCMP47-0953,953,2065,154113283,2^154113283-1,STRUCTURAL_SCREEN_EXHAUSTED_PRIMALITY_UNASSIGNED,FIRST_SINGULARITY_SHELL_EXHAUSTED_PRIMALITY_UNASSIGNED,514,9595,9595,NO_RECORDED_FACTOR_PRP_OR_LL_RESULT_AND_NO_ACTIVE_GIMPS_ASSIGNMENT,2026-08-06T12:58:23+00:00,UNALLOCATED,,,,,
SLCMP47-0954,954,2066,154113367,2^154113367-1,STRUCTURAL_SCREEN_EXHAUSTED_PRIMALITY_UNASSIGNED,FIRST_SINGULARITY_SHELL_EXHAUSTED_PRIMALITY_UNASSIGNED,514,9595,9595,NO_RECORDED_FACTOR_PRP_OR_LL_RESULT_AND_NO_ACTIVE_GIMPS_ASSIGNMENT,2026-08-06T12:58:23+00:00,UNALLOCATED,,,,,
SLCMP47-0955,955,2067,154113373,2^154113373-1,STRUCTURAL_SCREEN_EXHAUSTED_PRIMALITY_UNASSIGNED,FIRST_SINGULARITY_SHELL_EXHAUSTED_PRIMALITY_UNASSIGNED,513,9595,9595,NO_RECORDED_FACTOR_PRP_OR_LL_RESULT_AND_NO_ACTIVE_GIMPS_ASSIGNMENT,2026-08-06T12:58:23+00:00,UNALLOCATED,,,,,
SLCMP47-0956,956,2068,154113539,2^154113539-1,STRUCTURAL_SCREEN_EXHAUSTED_PRIMALITY_UNASSIGNED,FIRST_SINGULARITY_SHELL_EXHAUSTED_PRIMALITY_UNASSIGNED,514,9595,9595,NO_RECORDED_FACTOR_PRP_OR_LL_RESULT_AND_NO_ACTIVE_GIMPS_ASSIGNMENT,2026-08-06T12:58:23+00:00,UNALLOCATED,,,,,
SLCMP47-0957,957,2069,154113571,2^154113571-1,STRUCTURAL_SCREEN_EXHAUSTED_PRIMALITY_UNASSIGNED,FIRST_SINGULARITY_SHELL_EXHAUSTED_PRIMALITY_UNASSIGNED,514,9595,9595,NO_RECORDED_FACTOR_PRP_OR_LL_RESULT_AND_NO_ACTIVE_GIMPS_ASSIGNMENT,2026-08-06T12:58:23+00:00,UNALLOCATED,,,,,
SLCMP47-0958,958,2070,154113709,2^154113709-1,STRUCTURAL_SCREEN_EXHAUSTED_PRIMALITY_UNASSIGNED,FIRST_SINGULARITY_SHELL_EXHAUSTED_PRIMALITY_UNASSIGNED,513,9595,9595,NO_RECORDED_FACTOR_PRP_OR_LL_RESULT_AND_NO_ACTIVE_GIMPS_ASSIGNMENT,2026-08-06T12:58:23+00:00,UNALLOCATED,,,,,
SLCMP47-0959,959,2071,154113719,2^154113719-1,STRUCTURAL_SCREEN_EXHAUSTED_PRIMALITY_UNASSIGNED,FIRST_SINGULARITY_SHELL_EXHAUSTED_PRIMALITY_UNASSIGNED,514,9595,9595,NO_RECORDED_FACTOR_PRP_OR_LL_RESULT_AND_NO_ACTIVE_GIMPS_ASSIGNMENT,2026-08-06T12:58:23+00:00,UNALLOCATED,,,,,
SLCMP47-0960,960,2072,154113727,2^154113727-1,STRUCTURAL_SCREEN_EXHAUSTED_PRIMALITY_UNASSIGNED,FIRST_SINGULARITY_SHELL_EXHAUSTED_PRIMALITY_UNASSIGNED,514,9595,9595,NO_RECORDED_FACTOR_PRP_OR_LL_RESULT_AND_NO_ACTIVE_GIMPS_ASSIGNMENT,2026-08-06T12:58:23+00:00,UNALLOCATED,,,,,
SLCMP47-0961,961,2073,154113733,2^154113733-1,STRUCTURAL_SCREEN_EXHAUSTED_PRIMALITY_UNASSIGNED,FIRST_SINGULARITY_SHELL_EXHAUSTED_PRIMALITY_UNASSIGNED,513,9595,9595,NO_RECORDED_FACTOR_PRP_OR_LL_RESULT_AND_NO_ACTIVE_GIMPS_ASSIGNMENT,2026-08-06T12:58:23+00:00,UNALLOCATED,,,,,
SLCMP47-0962,962,2074,154113761,2^154113761-1,STRUCTURAL_SCREEN_EXHAUSTED_PRIMALITY_UNASSIGNED,FIRST_SINGULARITY_SHELL_EXHAUSTED_PRIMALITY_UNASSIGNED,513,9595,9595,NO_RECORDED_FACTOR_PRP_OR_LL_RESULT_AND_NO_ACTIVE_GIMPS_ASSIGNMENT,2026-08-06T12:58:23+00:00,UNALLOCATED,,,,,
SLCMP47-0963,963,2075,154113937,2^154113937-1,STRUCTURAL_SCREEN_EXHAUSTED_PRIMALITY_UNASSIGNED,FIRST_SINGULARITY_SHELL_EXHAUSTED_PRIMALITY_UNASSIGNED,513,9595,9595,NO_RECORDED_FACTOR_PRP_OR_LL_RESULT_AND_NO_ACTIVE_GIMPS_ASSIGNMENT,2026-08-06T12:58:23+00:00,UNALLOCATED,,,,,
SLCMP47-0964,964,2076,154114031,2^154114031-1,STRUCTURAL_SCREEN_EXHAUSTED_PRIMALITY_UNASSIGNED,FIRST_SINGULARITY_SHELL_EXHAUSTED_PRIMALITY_UNASSIGNED,514,9595,9595,NO_RECORDED_FACTOR_PRP_OR_LL_RESULT_AND_NO_ACTIVE_GIMPS_ASSIGNMENT,2026-08-06T12:58:23+00:00,UNALLOCATED,,,,,
SLCMP47-0965,965,2077,154114123,2^154114123-1,STRUCTURAL_SCREEN_EXHAUSTED_PRIMALITY_UNASSIGNED,FIRST_SINGULARITY_SHELL_EXHAUSTED_PRIMALITY_UNASSIGNED,514,9595,9595,NO_RECORDED_FACTOR_PRP_OR_LL_RESULT_AND_NO_ACTIVE_GIMPS_ASSIGNMENT,2026-08-06T12:58:23+00:00,UNALLOCATED,,,,,
SLCMP47-0966,966,2078,154114141,2^154114141-1,STRUCTURAL_SCREEN_EXHAUSTED_PRIMALITY_UNASSIGNED,FIRST_SINGULARITY_SHELL_EXHAUSTED_PRIMALITY_UNASSIGNED,513,9595,9595,NO_RECORDED_FACTOR_PRP_OR_LL_RESULT_AND_NO_ACTIVE_GIMPS_ASSIGNMENT,2026-08-06T12:58:23+00:00,UNALLOCATED,,,,,
SLCMP47-0967,967,2079,154114241,2^154114241-1,STRUCTURAL_SCREEN_EXHAUSTED_PRIMALITY_UNASSIGNED,FIRST_SINGULARITY_SHELL_EXHAUSTED_PRIMALITY_UNASSIGNED,513,9595,9595,NO_RECORDED_FACTOR_PRP_OR_LL_RESULT_AND_NO_ACTIVE_GIMPS_ASSIGNMENT,2026-08-06T12:58:23+00:00,UNALLOCATED,,,,,
SLCMP47-0968,968,2080,154114273,2^154114273-1,STRUCTURAL_SCREEN_EXHAUSTED_PRIMALITY_UNASSIGNED,FIRST_SINGULARITY_SHELL_EXHAUSTED_PRIMALITY_UNASSIGNED,513,9595,9595,NO_RECORDED_FACTOR_PRP_OR_LL_RESULT_AND_NO_ACTIVE_GIMPS_ASSIGNMENT,2026-08-06T12:58:23+00:00,UNALLOCATED,,,,,
SLCMP47-0969,969,2081,154114277,2^154114277-1,STRUCTURAL_SCREEN_EXHAUSTED_PRIMALITY_UNASSIGNED,FIRST_SINGULARITY_SHELL_EXHAUSTED_PRIMALITY_UNASSIGNED,513,9595,9595,NO_RECORDED_FACTOR_PRP_OR_LL_RESULT_AND_NO_ACTIVE_GIMPS_ASSIGNMENT,2026-08-06T12:58:23+00:00,UNALLOCATED,,,,,
SLCMP47-0970,970,2082,154114349,2^154114349-1,STRUCTURAL_SCREEN_EXHAUSTED_PRIMALITY_UNASSIGNED,FIRST_SINGULARITY_SHELL_EXHAUSTED_PRIMALITY_UNASSIGNED,513,9595,9595,NO_RECORDED_FACTOR_PRP_OR_LL_RESULT_AND_NO_ACTIVE_GIMPS_ASSIGNMENT,2026-08-06T12:58:23+00:00,UNALLOCATED,,,,,
SLCMP47-0971,971,2083,154114417,2^154114417-1,STRUCTURAL_SCREEN_EXHAUSTED_PRIMALITY_UNASSIGNED,FIRST_SINGULARITY_SHELL_EXHAUSTED_PRIMALITY_UNASSIGNED,513,9595,9595,NO_RECORDED_FACTOR_PRP_OR_LL_RESULT_AND_NO_ACTIVE_GIMPS_ASSIGNMENT,2026-08-06T12:58:23+00:00,UNALLOCATED,,,,,
SLCMP47-0972,972,2084,154114501,2^154114501-1,STRUCTURAL_SCREEN_EXHAUSTED_PRIMALITY_UNASSIGNED,FIRST_SINGULARITY_SHELL_EXHAUSTED_PRIMALITY_UNASSIGNED,513,9595,9595,NO_RECORDED_FACTOR_PRP_OR_LL_RESULT_AND_NO_ACTIVE_GIMPS_ASSIGNMENT,2026-08-06T12:58:23+00:00,UNALLOCATED,,,,,
SLCMP47-0973,973,2085,154114601,2^154114601-1,STRUCTURAL_SCREEN_EXHAUSTED_PRIMALITY_UNASSIGNED,FIRST_SINGULARITY_SHELL_EXHAUSTED_PRIMALITY_UNASSIGNED,513,9595,9595,NO_RECORDED_FACTOR_PRP_OR_LL_RESULT_AND_NO_ACTIVE_GIMPS_ASSIGNMENT,2026-08-06T12:58:23+00:00,UNALLOCATED,,,,,
SLCMP47-0974,974,2086,154114603,2^154114603-1,STRUCTURAL_SCREEN_EXHAUSTED_PRIMALITY_UNASSIGNED,FIRST_SINGULARITY_SHELL_EXHAUSTED_PRIMALITY_UNASSIGNED,514,9595,9595,NO_RECORDED_FACTOR_PRP_OR_LL_RESULT_AND_NO_ACTIVE_GIMPS_ASSIGNMENT,2026-08-06T12:58:23+00:00,UNALLOCATED,,,,,
SLCMP47-0975,975,2087,154114633,2^154114633-1,STRUCTURAL_SCREEN_EXHAUSTED_PRIMALITY_UNASSIGNED,FIRST_SINGULARITY_SHELL_EXHAUSTED_PRIMALITY_UNASSIGNED,513,9595,9595,NO_RECORDED_FACTOR_PRP_OR_LL_RESULT_AND_NO_ACTIVE_GIMPS_ASSIGNMENT,2026-08-06T12:58:23+00:00,UNALLOCATED,,,,,
SLCMP47-0976,976,2088,154114661,2^154114661-1,STRUCTURAL_SCREEN_EXHAUSTED_PRIMALITY_UNASSIGNED,FIRST_SINGULARITY_SHELL_EXHAUSTED_PRIMALITY_UNASSIGNED,513,9595,9595,NO_RECORDED_FACTOR_PRP_OR_LL_RESULT_AND_NO_ACTIVE_GIMPS_ASSIGNMENT,2026-08-06T12:58:23+00:00,UNALLOCATED,,,,,
SLCMP47-0977,977,2089,154114691,2^154114691-1,STRUCTURAL_SCREEN_EXHAUSTED_PRIMALITY_UNASSIGNED,FIRST_SINGULARITY_SHELL_EXHAUSTED_PRIMALITY_UNASSIGNED,514,9595,9595,NO_RECORDED_FACTOR_PRP_OR_LL_RESULT_AND_NO_ACTIVE_GIMPS_ASSIGNMENT,2026-08-06T12:58:23+00:00,UNALLOCATED,,,,,
SLCMP47-0978,978,2090,154114783,2^154114783-1,STRUCTURAL_SCREEN_EXHAUSTED_PRIMALITY_UNASSIGNED,FIRST_SINGULARITY_SHELL_EXHAUSTED_PRIMALITY_UNASSIGNED,514,9595,9595,NO_RECORDED_FACTOR_PRP_OR_LL_RESULT_AND_NO_ACTIVE_GIMPS_ASSIGNMENT,2026-08-06T12:58:23+00:00,UNALLOCATED,,,,,
SLCMP47-0979,979,2091,154114799,2^154114799-1,STRUCTURAL_SCREEN_EXHAUSTED_PRIMALITY_UNASSIGNED,FIRST_SINGULARITY_SHELL_EXHAUSTED_PRIMALITY_UNASSIGNED,514,9595,9595,NO_RECORDED_FACTOR_PRP_OR_LL_RESULT_AND_NO_ACTIVE_GIMPS_ASSIGNMENT,2026-08-06T12:58:23+00:00,UNALLOCATED,,,,,
SLCMP47-0980,980,2092,154114841,2^154114841-1,STRUCTURAL_SCREEN_EXHAUSTED_PRIMALITY_UNASSIGNED,FIRST_SINGULARITY_SHELL_EXHAUSTED_PRIMALITY_UNASSIGNED,513,9595,9595,NO_RECORDED_FACTOR_PRP_OR_LL_RESULT_AND_NO_ACTIVE_GIMPS_ASSIGNMENT,2026-08-06T12:58:23+00:00,UNALLOCATED,,,,,
SLCMP47-0981,981,2093,154115083,2^154115083-1,STRUCTURAL_SCREEN_EXHAUSTED_PRIMALITY_UNASSIGNED,FIRST_SINGULARITY_SHELL_EXHAUSTED_PRIMALITY_UNASSIGNED,514,9595,9595,NO_RECORDED_FACTOR_PRP_OR_LL_RESULT_AND_NO_ACTIVE_GIMPS_ASSIGNMENT,2026-08-06T12:58:23+00:00,UNALLOCATED,,,,,
SLCMP47-0982,982,2094,154115119,2^154115119-1,STRUCTURAL_SCREEN_EXHAUSTED_PRIMALITY_UNASSIGNED,FIRST_SINGULARITY_SHELL_EXHAUSTED_PRIMALITY_UNASSIGNED,514,9595,9595,NO_RECORDED_FACTOR_PRP_OR_LL_RESULT_AND_NO_ACTIVE_GIMPS_ASSIGNMENT,2026-08-06T12:58:23+00:00,UNALLOCATED,,,,,
SLCMP47-0983,983,2095,154115153,2^154115153-1,STRUCTURAL_SCREEN_EXHAUSTED_PRIMALITY_UNASSIGNED,FIRST_SINGULARITY_SHELL_EXHAUSTED_PRIMALITY_UNASSIGNED,513,9595,9595,NO_RECORDED_FACTOR_PRP_OR_LL_RESULT_AND_NO_ACTIVE_GIMPS_ASSIGNMENT,2026-08-06T12:58:23+00:00,UNALLOCATED,,,,,
SLCMP47-0984,984,2096,154115161,2^154115161-1,STRUCTURAL_SCREEN_EXHAUSTED_PRIMALITY_UNASSIGNED,FIRST_SINGULARITY_SHELL_EXHAUSTED_PRIMALITY_UNASSIGNED,513,9595,9595,NO_RECORDED_FACTOR_PRP_OR_LL_RESULT_AND_NO_ACTIVE_GIMPS_ASSIGNMENT,2026-08-06T12:58:23+00:00,UNALLOCATED,,,,,
SLCMP47-0985,985,2097,154115207,2^154115207-1,STRUCTURAL_SCREEN_EXHAUSTED_PRIMALITY_UNASSIGNED,FIRST_SINGULARITY_SHELL_EXHAUSTED_PRIMALITY_UNASSIGNED,514,9595,9595,NO_RECORDED_FACTOR_PRP_OR_LL_RESULT_AND_NO_ACTIVE_GIMPS_ASSIGNMENT,2026-08-06T12:58:23+00:00,UNALLOCATED,,,,,
SLCMP47-0986,986,2098,154115233,2^154115233-1,STRUCTURAL_SCREEN_EXHAUSTED_PRIMALITY_UNASSIGNED,FIRST_SINGULARITY_SHELL_EXHAUSTED_PRIMALITY_UNASSIGNED,513,9595,9595,NO_RECORDED_FACTOR_PRP_OR_LL_RESULT_AND_NO_ACTIVE_GIMPS_ASSIGNMENT,2026-08-06T12:58:23+00:00,UNALLOCATED,,,,,
SLCMP47-0987,987,2099,154115317,2^154115317-1,STRUCTURAL_SCREEN_EXHAUSTED_PRIMALITY_UNASSIGNED,FIRST_SINGULARITY_SHELL_EXHAUSTED_PRIMALITY_UNASSIGNED,513,9595,9595,NO_RECORDED_FACTOR_PRP_OR_LL_RESULT_AND_NO_ACTIVE_GIMPS_ASSIGNMENT,2026-08-06T12:58:23+00:00,UNALLOCATED,,,,,
SLCMP47-0988,988,2100,154115347,2^154115347-1,STRUCTURAL_SCREEN_EXHAUSTED_PRIMALITY_UNASSIGNED,FIRST_SINGULARITY_SHELL_EXHAUSTED_PRIMALITY_UNASSIGNED,514,9595,9595,NO_RECORDED_FACTOR_PRP_OR_LL_RESULT_AND_NO_ACTIVE_GIMPS_ASSIGNMENT,2026-08-06T12:58:23+00:00,UNALLOCATED,,,,,
SLCMP47-0989,989,2101,154115399,2^154115399-1,STRUCTURAL_SCREEN_EXHAUSTED_PRIMALITY_UNASSIGNED,FIRST_SINGULARITY_SHELL_EXHAUSTED_PRIMALITY_UNASSIGNED,514,9595,9595,NO_RECORDED_FACTOR_PRP_OR_LL_RESULT_AND_NO_ACTIVE_GIMPS_ASSIGNMENT,2026-08-06T12:58:23+00:00,UNALLOCATED,,,,,
SLCMP47-0990,990,2102,154115413,2^154115413-1,STRUCTURAL_SCREEN_EXHAUSTED_PRIMALITY_UNASSIGNED,FIRST_SINGULARITY_SHELL_EXHAUSTED_PRIMALITY_UNASSIGNED,513,9595,9595,NO_RECORDED_FACTOR_PRP_OR_LL_RESULT_AND_NO_ACTIVE_GIMPS_ASSIGNMENT,2026-08-06T12:58:23+00:00,UNALLOCATED,,,,,
SLCMP47-0991,991,2103,154115459,2^154115459-1,STRUCTURAL_SCREEN_EXHAUSTED_PRIMALITY_UNASSIGNED,FIRST_SINGULARITY_SHELL_EXHAUSTED_PRIMALITY_UNASSIGNED,514,9595,9595,NO_RECORDED_FACTOR_PRP_OR_LL_RESULT_AND_NO_ACTIVE_GIMPS_ASSIGNMENT,2026-08-06T12:58:23+00:00,UNALLOCATED,,,,,
SLCMP47-0992,992,2104,154115581,2^154115581-1,STRUCTURAL_SCREEN_EXHAUSTED_PRIMALITY_UNASSIGNED,FIRST_SINGULARITY_SHELL_EXHAUSTED_PRIMALITY_UNASSIGNED,513,9595,9595,NO_RECORDED_FACTOR_PRP_OR_LL_RESULT_AND_NO_ACTIVE_GIMPS_ASSIGNMENT,2026-08-06T12:58:23+00:00,UNALLOCATED,,,,,
SLCMP47-0993,993,2105,154115671,2^154115671-1,STRUCTURAL_SCREEN_EXHAUSTED_PRIMALITY_UNASSIGNED,FIRST_SINGULARITY_SHELL_EXHAUSTED_PRIMALITY_UNASSIGNED,514,9595,9595,NO_RECORDED_FACTOR_PRP_OR_LL_RESULT_AND_NO_ACTIVE_GIMPS_ASSIGNMENT,2026-08-06T12:58:23+00:00,UNALLOCATED,,,,,
SLCMP47-0994,994,2106,154115677,2^154115677-1,STRUCTURAL_SCREEN_EXHAUSTED_PRIMALITY_UNASSIGNED,FIRST_SINGULARITY_SHELL_EXHAUSTED_PRIMALITY_UNASSIGNED,513,9595,9595,NO_RECORDED_FACTOR_PRP_OR_LL_RESULT_AND_NO_ACTIVE_GIMPS_ASSIGNMENT,2026-08-06T12:58:23+00:00,UNALLOCATED,,,,,
SLCMP47-0995,995,2107,154115683,2^154115683-1,STRUCTURAL_SCREEN_EXHAUSTED_PRIMALITY_UNASSIGNED,FIRST_SINGULARITY_SHELL_EXHAUSTED_PRIMALITY_UNASSIGNED,514,9595,9595,NO_RECORDED_FACTOR_PRP_OR_LL_RESULT_AND_NO_ACTIVE_GIMPS_ASSIGNMENT,2026-08-06T12:58:23+00:00,UNALLOCATED,,,,,
SLCMP47-0996,996,2108,154115719,2^154115719-1,STRUCTURAL_SCREEN_EXHAUSTED_PRIMALITY_UNASSIGNED,FIRST_SINGULARITY_SHELL_EXHAUSTED_PRIMALITY_UNASSIGNED,514,9595,9595,NO_RECORDED_FACTOR_PRP_OR_LL_RESULT_AND_NO_ACTIVE_GIMPS_ASSIGNMENT,2026-08-06T12:58:23+00:00,UNALLOCATED,,,,,
SLCMP47-0997,997,2109,154115771,2^154115771-1,STRUCTURAL_SCREEN_EXHAUSTED_PRIMALITY_UNASSIGNED,FIRST_SINGULARITY_SHELL_EXHAUSTED_PRIMALITY_UNASSIGNED,514,9595,9595,NO_RECORDED_FACTOR_PRP_OR_LL_RESULT_AND_NO_ACTIVE_GIMPS_ASSIGNMENT,2026-08-06T12:58:23+00:00,UNALLOCATED,,,,,
SLCMP47-0998,998,2110,154115809,2^154115809-1,STRUCTURAL_SCREEN_EXHAUSTED_PRIMALITY_UNASSIGNED,FIRST_SINGULARITY_SHELL_EXHAUSTED_PRIMALITY_UNASSIGNED,513,9595,9595,NO_RECORDED_FACTOR_PRP_OR_LL_RESULT_AND_NO_ACTIVE_GIMPS_ASSIGNMENT,2026-08-06T12:58:23+00:00,UNALLOCATED,,,,,
SLCMP47-0999,999,2111,154116019,2^154116019-1,STRUCTURAL_SCREEN_EXHAUSTED_PRIMALITY_UNASSIGNED,FIRST_SINGULARITY_SHELL_EXHAUSTED_PRIMALITY_UNASSIGNED,514,9595,9595,NO_RECORDED_FACTOR_PRP_OR_LL_RESULT_AND_NO_ACTIVE_GIMPS_ASSIGNMENT,2026-08-06T12:58:23+00:00,UNALLOCATED,,,,,
SLCMP47-1000,1000,2112,154116091,2^154116091-1,STRUCTURAL_SCREEN_EXHAUSTED_PRIMALITY_UNASSIGNED,FIRST_SINGULARITY_SHELL_EXHAUSTED_PRIMALITY_UNASSIGNED,514,9595,9595,NO_RECORDED_FACTOR_PRP_OR_LL_RESULT_AND_NO_ACTIVE_GIMPS_ASSIGNMENT,2026-08-06T12:58:23+00:00,UNALLOCATED,,,,,
SLCMP47-1001,1001,2113,154116139,2^154116139-1,STRUCTURAL_SCREEN_EXHAUSTED_PRIMALITY_UNASSIGNED,FIRST_SINGULARITY_SHELL_EXHAUSTED_PRIMALITY_UNASSIGNED,514,9595,9595,NO_RECORDED_FACTOR_PRP_OR_LL_RESULT_AND_NO_ACTIVE_GIMPS_ASSIGNMENT,2026-08-06T12:58:23+00:00,UNALLOCATED,,,,,
SLCMP47-1002,1002,2114,154116173,2^154116173-1,STRUCTURAL_SCREEN_EXHAUSTED_PRIMALITY_UNASSIGNED,FIRST_SINGULARITY_SHELL_EXHAUSTED_PRIMALITY_UNASSIGNED,513,9595,9595,NO_RECORDED_FACTOR_PRP_OR_LL_RESULT_AND_NO_ACTIVE_GIMPS_ASSIGNMENT,2026-08-06T12:58:23+00:00,UNALLOCATED,,,,,
SLCMP47-1003,1003,2115,154116191,2^154116191-1,STRUCTURAL_SCREEN_EXHAUSTED_PRIMALITY_UNASSIGNED,FIRST_SINGULARITY_SHELL_EXHAUSTED_PRIMALITY_UNASSIGNED,514,9595,9595,NO_RECORDED_FACTOR_PRP_OR_LL_RESULT_AND_NO_ACTIVE_GIMPS_ASSIGNMENT,2026-08-06T12:58:23+00:00,UNALLOCATED,,,,,
SLCMP47-1004,1004,2116,154116217,2^154116217-1,STRUCTURAL_SCREEN_EXHAUSTED_PRIMALITY_UNASSIGNED,FIRST_SINGULARITY_SHELL_EXHAUSTED_PRIMALITY_UNASSIGNED,513,9595,9595,NO_RECORDED_FACTOR_PRP_OR_LL_RESULT_AND_NO_ACTIVE_GIMPS_ASSIGNMENT,2026-08-06T12:58:23+00:00,UNALLOCATED,,,,,
SLCMP47-1005,1005,2117,154116311,2^154116311-1,STRUCTURAL_SCREEN_EXHAUSTED_PRIMALITY_UNASSIGNED,FIRST_SINGULARITY_SHELL_EXHAUSTED_PRIMALITY_UNASSIGNED,514,9595,9595,NO_RECORDED_FACTOR_PRP_OR_LL_RESULT_AND_NO_ACTIVE_GIMPS_ASSIGNMENT,2026-08-06T12:58:23+00:00,UNALLOCATED,,,,,
SLCMP47-1006,1006,2118,154116323,2^154116323-1,STRUCTURAL_SCREEN_EXHAUSTED_PRIMALITY_UNASSIGNED,FIRST_SINGULARITY_SHELL_EXHAUSTED_PRIMALITY_UNASSIGNED,514,9595,9595,NO_RECORDED_FACTOR_PRP_OR_LL_RESULT_AND_NO_ACTIVE_GIMPS_ASSIGNMENT,2026-08-06T12:58:23+00:00,UNALLOCATED,,,,,
SLCMP47-1007,1007,2119,154116329,2^154116329-1,STRUCTURAL_SCREEN_EXHAUSTED_PRIMALITY_UNASSIGNED,FIRST_SINGULARITY_SHELL_EXHAUSTED_PRIMALITY_UNASSIGNED,513,9595,9595,NO_RECORDED_FACTOR_PRP_OR_LL_RESULT_AND_NO_ACTIVE_GIMPS_ASSIGNMENT,2026-08-06T12:58:23+00:00,UNALLOCATED,,,,,
SLCMP47-1008,1008,2120,154116341,2^154116341-1,STRUCTURAL_SCREEN_EXHAUSTED_PRIMALITY_UNASSIGNED,FIRST_SINGULARITY_SHELL_EXHAUSTED_PRIMALITY_UNASSIGNED,513,9595,9595,NO_RECORDED_FACTOR_PRP_OR_LL_RESULT_AND_NO_ACTIVE_GIMPS_ASSIGNMENT,2026-08-06T12:58:23+00:00,UNALLOCATED,,,,,
SLCMP47-1009,1009,2121,154116377,2^154116377-1,STRUCTURAL_SCREEN_EXHAUSTED_PRIMALITY_UNASSIGNED,FIRST_SINGULARITY_SHELL_EXHAUSTED_PRIMALITY_UNASSIGNED,513,9595,9595,NO_RECORDED_FACTOR_PRP_OR_LL_RESULT_AND_NO_ACTIVE_GIMPS_ASSIGNMENT,2026-08-06T12:58:23+00:00,UNALLOCATED,,,,,
SLCMP47-1010,1010,2122,154116397,2^154116397-1,STRUCTURAL_SCREEN_EXHAUSTED_PRIMALITY_UNASSIGNED,FIRST_SINGULARITY_SHELL_EXHAUSTED_PRIMALITY_UNASSIGNED,513,9595,9595,NO_RECORDED_FACTOR_PRP_OR_LL_RESULT_AND_NO_ACTIVE_GIMPS_ASSIGNMENT,2026-08-06T12:58:23+00:00,UNALLOCATED,,,,,
SLCMP47-1011,1011,2123,154116409,2^154116409-1,STRUCTURAL_SCREEN_EXHAUSTED_PRIMALITY_UNASSIGNED,FIRST_SINGULARITY_SHELL_EXHAUSTED_PRIMALITY_UNASSIGNED,513,9595,9595,NO_RECORDED_FACTOR_PRP_OR_LL_RESULT_AND_NO_ACTIVE_GIMPS_ASSIGNMENT,2026-08-06T12:58:23+00:00,UNALLOCATED,,,,,
SLCMP47-1012,1012,2124,154116493,2^154116493-1,STRUCTURAL_SCREEN_EXHAUSTED_PRIMALITY_UNASSIGNED,FIRST_SINGULARITY_SHELL_EXHAUSTED_PRIMALITY_UNASSIGNED,513,9595,9595,NO_RECORDED_FACTOR_PRP_OR_LL_RESULT_AND_NO_ACTIVE_GIMPS_ASSIGNMENT,2026-08-06T12:58:23+00:00,UNALLOCATED,,,,,
SLCMP47-1013,1013,2125,154116497,2^154116497-1,STRUCTURAL_SCREEN_EXHAUSTED_PRIMALITY_UNASSIGNED,FIRST_SINGULARITY_SHELL_EXHAUSTED_PRIMALITY_UNASSIGNED,513,9595,9595,NO_RECORDED_FACTOR_PRP_OR_LL_RESULT_AND_NO_ACTIVE_GIMPS_ASSIGNMENT,2026-08-06T12:58:23+00:00,UNALLOCATED,,,,,
SLCMP47-1014,1014,2126,154116539,2^154116539-1,STRUCTURAL_SCREEN_EXHAUSTED_PRIMALITY_UNASSIGNED,FIRST_SINGULARITY_SHELL_EXHAUSTED_PRIMALITY_UNASSIGNED,514,9595,9595,NO_RECORDED_FACTOR_PRP_OR_LL_RESULT_AND_NO_ACTIVE_GIMPS_ASSIGNMENT,2026-08-06T12:58:23+00:00,UNALLOCATED,,,,,
SLCMP47-1015,1015,2127,154116551,2^154116551-1,STRUCTURAL_SCREEN_EXHAUSTED_PRIMALITY_UNASSIGNED,FIRST_SINGULARITY_SHELL_EXHAUSTED_PRIMALITY_UNASSIGNED,514,9595,9595,NO_RECORDED_FACTOR_PRP_OR_LL_RESULT_AND_NO_ACTIVE_GIMPS_ASSIGNMENT,2026-08-06T12:58:23+00:00,UNALLOCATED,,,,,
SLCMP47-1016,1016,2128,154116757,2^154116757-1,STRUCTURAL_SCREEN_EXHAUSTED_PRIMALITY_UNASSIGNED,FIRST_SINGULARITY_SHELL_EXHAUSTED_PRIMALITY_UNASSIGNED,513,9595,9595,NO_RECORDED_FACTOR_PRP_OR_LL_RESULT_AND_NO_ACTIVE_GIMPS_ASSIGNMENT,2026-08-06T12:58:23+00:00,UNALLOCATED,,,,,
SLCMP47-1017,1017,2129,154116811,2^154116811-1,STRUCTURAL_SCREEN_EXHAUSTED_PRIMALITY_UNASSIGNED,FIRST_SINGULARITY_SHELL_EXHAUSTED_PRIMALITY_UNASSIGNED,514,9595,9595,NO_RECORDED_FACTOR_PRP_OR_LL_RESULT_AND_NO_ACTIVE_GIMPS_ASSIGNMENT,2026-08-06T12:58:23+00:00,UNALLOCATED,,,,,
SLCMP47-1018,1018,2130,154116967,2^154116967-1,STRUCTURAL_SCREEN_EXHAUSTED_PRIMALITY_UNASSIGNED,FIRST_SINGULARITY_SHELL_EXHAUSTED_PRIMALITY_UNASSIGNED,514,9595,9595,NO_RECORDED_FACTOR_PRP_OR_LL_RESULT_AND_NO_ACTIVE_GIMPS_ASSIGNMENT,2026-08-06T12:58:23+00:00,UNALLOCATED,,,,,
SLCMP47-1019,1019,2131,154117003,2^154117003-1,STRUCTURAL_SCREEN_EXHAUSTED_PRIMALITY_UNASSIGNED,FIRST_SINGULARITY_SHELL_EXHAUSTED_PRIMALITY_UNASSIGNED,514,9595,9595,NO_RECORDED_FACTOR_PRP_OR_LL_RESULT_AND_NO_ACTIVE_GIMPS_ASSIGNMENT,2026-08-06T12:58:23+00:00,UNALLOCATED,,,,,
SLCMP47-1020,1020,2132,154117013,2^154117013-1,STRUCTURAL_SCREEN_EXHAUSTED_PRIMALITY_UNASSIGNED,FIRST_SINGULARITY_SHELL_EXHAUSTED_PRIMALITY_UNASSIGNED,513,9595,9595,NO_RECORDED_FACTOR_PRP_OR_LL_RESULT_AND_NO_ACTIVE_GIMPS_ASSIGNMENT,2026-08-06T12:58:23+00:00,UNALLOCATED,,,,,
SLCMP47-1021,1021,2133,154117069,2^154117069-1,STRUCTURAL_SCREEN_EXHAUSTED_PRIMALITY_UNASSIGNED,FIRST_SINGULARITY_SHELL_EXHAUSTED_PRIMALITY_UNASSIGNED,513,9595,9595,NO_RECORDED_FACTOR_PRP_OR_LL_RESULT_AND_NO_ACTIVE_GIMPS_ASSIGNMENT,2026-08-06T12:58:23+00:00,UNALLOCATED,,,,,
SLCMP47-1022,1022,2134,154117079,2^154117079-1,STRUCTURAL_SCREEN_EXHAUSTED_PRIMALITY_UNASSIGNED,FIRST_SINGULARITY_SHELL_EXHAUSTED_PRIMALITY_UNASSIGNED,514,9595,9595,NO_RECORDED_FACTOR_PRP_OR_LL_RESULT_AND_NO_ACTIVE_GIMPS_ASSIGNMENT,2026-08-06T12:58:23+00:00,UNALLOCATED,,,,,
SLCMP47-1023,1023,2135,154117097,2^154117097-1,STRUCTURAL_SCREEN_EXHAUSTED_PRIMALITY_UNASSIGNED,FIRST_SINGULARITY_SHELL_EXHAUSTED_PRIMALITY_UNASSIGNED,513,9595,9595,NO_RECORDED_FACTOR_PRP_OR_LL_RESULT_AND_NO_ACTIVE_GIMPS_ASSIGNMENT,2026-08-06T12:58:23+00:00,UNALLOCATED,,,,,
SLCMP47-1024,1024,2136,154117123,2^154117123-1,STRUCTURAL_SCREEN_EXHAUSTED_PRIMALITY_UNASSIGNED,FIRST_SINGULARITY_SHELL_EXHAUSTED_PRIMALITY_UNASSIGNED,514,9595,9595,NO_RECORDED_FACTOR_PRP_OR_LL_RESULT_AND_NO_ACTIVE_GIMPS_ASSIGNMENT,2026-08-06T12:58:23+00:00,UNALLOCATED,,,,,
SLCMP47-1025,1025,2137,154117133,2^154117133-1,STRUCTURAL_SCREEN_EXHAUSTED_PRIMALITY_UNASSIGNED,FIRST_SINGULARITY_SHELL_EXHAUSTED_PRIMALITY_UNASSIGNED,513,9595,9595,NO_RECORDED_FACTOR_PRP_OR_LL_RESULT_AND_NO_ACTIVE_GIMPS_ASSIGNMENT,2026-08-06T12:58:23+00:00,UNALLOCATED,,,,,
SLCMP47-1026,1026,2138,154117147,2^154117147-1,STRUCTURAL_SCREEN_EXHAUSTED_PRIMALITY_UNASSIGNED,FIRST_SINGULARITY_SHELL_EXHAUSTED_PRIMALITY_UNASSIGNED,514,9595,9595,NO_RECORDED_FACTOR_PRP_OR_LL_RESULT_AND_NO_ACTIVE_GIMPS_ASSIGNMENT,2026-08-06T12:58:23+00:00,UNALLOCATED,,,,,
SLCMP47-1027,1027,2139,154117207,2^154117207-1,STRUCTURAL_SCREEN_EXHAUSTED_PRIMALITY_UNASSIGNED,FIRST_SINGULARITY_SHELL_EXHAUSTED_PRIMALITY_UNASSIGNED,514,9595,9595,NO_RECORDED_FACTOR_PRP_OR_LL_RESULT_AND_NO_ACTIVE_GIMPS_ASSIGNMENT,2026-08-06T12:58:23+00:00,UNALLOCATED,,,,,
SLCMP47-1028,1028,2140,154117231,2^154117231-1,STRUCTURAL_SCREEN_EXHAUSTED_PRIMALITY_UNASSIGNED,FIRST_SINGULARITY_SHELL_EXHAUSTED_PRIMALITY_UNASSIGNED,514,9595,9595,NO_RECORDED_FACTOR_PRP_OR_LL_RESULT_AND_NO_ACTIVE_GIMPS_ASSIGNMENT,2026-08-06T12:58:23+00:00,UNALLOCATED,,,,,
SLCMP47-1029,1029,2141,154117441,2^154117441-1,STRUCTURAL_SCREEN_EXHAUSTED_PRIMALITY_UNASSIGNED,FIRST_SINGULARITY_SHELL_EXHAUSTED_PRIMALITY_UNASSIGNED,513,9595,9595,NO_RECORDED_FACTOR_PRP_OR_LL_RESULT_AND_NO_ACTIVE_GIMPS_ASSIGNMENT,2026-08-06T12:58:23+00:00,UNALLOCATED,,,,,
SLCMP47-1030,1030,2142,154117489,2^154117489-1,STRUCTURAL_SCREEN_EXHAUSTED_PRIMALITY_UNASSIGNED,FIRST_SINGULARITY_SHELL_EXHAUSTED_PRIMALITY_UNASSIGNED,513,9595,9595,NO_RECORDED_FACTOR_PRP_OR_LL_RESULT_AND_NO_ACTIVE_GIMPS_ASSIGNMENT,2026-08-06T12:58:23+00:00,UNALLOCATED,,,,,
SLCMP47-1031,1031,2143,154117517,2^154117517-1,STRUCTURAL_SCREEN_EXHAUSTED_PRIMALITY_UNASSIGNED,FIRST_SINGULARITY_SHELL_EXHAUSTED_PRIMALITY_UNASSIGNED,513,9595,9595,NO_RECORDED_FACTOR_PRP_OR_LL_RESULT_AND_NO_ACTIVE_GIMPS_ASSIGNMENT,2026-08-06T12:58:23+00:00,UNALLOCATED,,,,,
SLCMP47-1032,1032,2144,154117573,2^154117573-1,STRUCTURAL_SCREEN_EXHAUSTED_PRIMALITY_UNASSIGNED,FIRST_SINGULARITY_SHELL_EXHAUSTED_PRIMALITY_UNASSIGNED,513,9595,9595,NO_RECORDED_FACTOR_PRP_OR_LL_RESULT_AND_NO_ACTIVE_GIMPS_ASSIGNMENT,2026-08-06T12:58:23+00:00,UNALLOCATED,,,,,
SLCMP47-1033,1033,2145,154117591,2^154117591-1,STRUCTURAL_SCREEN_EXHAUSTED_PRIMALITY_UNASSIGNED,FIRST_SINGULARITY_SHELL_EXHAUSTED_PRIMALITY_UNASSIGNED,514,9595,9595,NO_RECORDED_FACTOR_PRP_OR_LL_RESULT_AND_NO_ACTIVE_GIMPS_ASSIGNMENT,2026-08-06T12:58:23+00:00,UNALLOCATED,,,,,
SLCMP47-1034,1034,2146,154117603,2^154117603-1,STRUCTURAL_SCREEN_EXHAUSTED_PRIMALITY_UNASSIGNED,FIRST_SINGULARITY_SHELL_EXHAUSTED_PRIMALITY_UNASSIGNED,514,9595,9595,NO_RECORDED_FACTOR_PRP_OR_LL_RESULT_AND_NO_ACTIVE_GIMPS_ASSIGNMENT,2026-08-06T12:58:23+00:00,UNALLOCATED,,,,,
SLCMP47-1035,1035,2147,154117609,2^154117609-1,STRUCTURAL_SCREEN_EXHAUSTED_PRIMALITY_UNASSIGNED,FIRST_SINGULARITY_SHELL_EXHAUSTED_PRIMALITY_UNASSIGNED,513,9595,9595,NO_RECORDED_FACTOR_PRP_OR_LL_RESULT_AND_NO_ACTIVE_GIMPS_ASSIGNMENT,2026-08-06T12:58:23+00:00,UNALLOCATED,,,,,
SLCMP47-1036,1036,2148,154117867,2^154117867-1,STRUCTURAL_SCREEN_EXHAUSTED_PRIMALITY_UNASSIGNED,FIRST_SINGULARITY_SHELL_EXHAUSTED_PRIMALITY_UNASSIGNED,514,9595,9595,NO_RECORDED_FACTOR_PRP_OR_LL_RESULT_AND_NO_ACTIVE_GIMPS_ASSIGNMENT,2026-08-06T12:58:23+00:00,UNALLOCATED,,,,,
SLCMP47-1037,1037,2149,154117879,2^154117879-1,STRUCTURAL_SCREEN_EXHAUSTED_PRIMALITY_UNASSIGNED,FIRST_SINGULARITY_SHELL_EXHAUSTED_PRIMALITY_UNASSIGNED,514,9595,9595,NO_RECORDED_FACTOR_PRP_OR_LL_RESULT_AND_NO_ACTIVE_GIMPS_ASSIGNMENT,2026-08-06T12:58:23+00:00,UNALLOCATED,,,,,
SLCMP47-1038,1038,2150,154117961,2^154117961-1,STRUCTURAL_SCREEN_EXHAUSTED_PRIMALITY_UNASSIGNED,FIRST_SINGULARITY_SHELL_EXHAUSTED_PRIMALITY_UNASSIGNED,513,9595,9595,NO_RECORDED_FACTOR_PRP_OR_LL_RESULT_AND_NO_ACTIVE_GIMPS_ASSIGNMENT,2026-08-06T12:58:23+00:00,UNALLOCATED,,,,,
SLCMP47-1039,1039,2151,154117979,2^154117979-1,STRUCTURAL_SCREEN_EXHAUSTED_PRIMALITY_UNASSIGNED,FIRST_SINGULARITY_SHELL_EXHAUSTED_PRIMALITY_UNASSIGNED,514,9595,9595,NO_RECORDED_FACTOR_PRP_OR_LL_RESULT_AND_NO_ACTIVE_GIMPS_ASSIGNMENT,2026-08-06T12:58:23+00:00,UNALLOCATED,,,,,
SLCMP47-1040,1040,2152,154118047,2^154118047-1,STRUCTURAL_SCREEN_EXHAUSTED_PRIMALITY_UNASSIGNED,FIRST_SINGULARITY_SHELL_EXHAUSTED_PRIMALITY_UNASSIGNED,514,9595,9595,NO_RECORDED_FACTOR_PRP_OR_LL_RESULT_AND_NO_ACTIVE_GIMPS_ASSIGNMENT,2026-08-06T12:58:23+00:00,UNALLOCATED,,,,,
SLCMP47-1041,1041,2153,154118059,2^154118059-1,STRUCTURAL_SCREEN_EXHAUSTED_PRIMALITY_UNASSIGNED,FIRST_SINGULARITY_SHELL_EXHAUSTED_PRIMALITY_UNASSIGNED,514,9595,9595,NO_RECORDED_FACTOR_PRP_OR_LL_RESULT_AND_NO_ACTIVE_GIMPS_ASSIGNMENT,2026-08-06T12:58:23+00:00,UNALLOCATED,,,,,
SLCMP47-1042,1042,2154,154118113,2^154118113-1,STRUCTURAL_SCREEN_EXHAUSTED_PRIMALITY_UNASSIGNED,FIRST_SINGULARITY_SHELL_EXHAUSTED_PRIMALITY_UNASSIGNED,513,9595,9595,NO_RECORDED_FACTOR_PRP_OR_LL_RESULT_AND_NO_ACTIVE_GIMPS_ASSIGNMENT,2026-08-06T12:58:23+00:00,UNALLOCATED,,,,,
SLCMP47-1043,1043,2155,154118161,2^154118161-1,STRUCTURAL_SCREEN_EXHAUSTED_PRIMALITY_UNASSIGNED,FIRST_SINGULARITY_SHELL_EXHAUSTED_PRIMALITY_UNASSIGNED,513,9595,9595,NO_RECORDED_FACTOR_PRP_OR_LL_RESULT_AND_NO_ACTIVE_GIMPS_ASSIGNMENT,2026-08-06T12:58:23+00:00,UNALLOCATED,,,,,
SLCMP47-1044,1044,2156,154118189,2^154118189-1,STRUCTURAL_SCREEN_EXHAUSTED_PRIMALITY_UNASSIGNED,FIRST_SINGULARITY_SHELL_EXHAUSTED_PRIMALITY_UNASSIGNED,513,9595,9595,NO_RECORDED_FACTOR_PRP_OR_LL_RESULT_AND_NO_ACTIVE_GIMPS_ASSIGNMENT,2026-08-06T12:58:23+00:00,UNALLOCATED,,,,,
SLCMP47-1045,1045,2157,154118201,2^154118201-1,STRUCTURAL_SCREEN_EXHAUSTED_PRIMALITY_UNASSIGNED,FIRST_SINGULARITY_SHELL_EXHAUSTED_PRIMALITY_UNASSIGNED,513,9595,9595,NO_RECORDED_FACTOR_PRP_OR_LL_RESULT_AND_NO_ACTIVE_GIMPS_ASSIGNMENT,2026-08-06T12:58:23+00:00,UNALLOCATED,,,,,
SLCMP47-1046,1046,2158,154118213,2^154118213-1,STRUCTURAL_SCREEN_EXHAUSTED_PRIMALITY_UNASSIGNED,FIRST_SINGULARITY_SHELL_EXHAUSTED_PRIMALITY_UNASSIGNED,513,9595,9595,NO_RECORDED_FACTOR_PRP_OR_LL_RESULT_AND_NO_ACTIVE_GIMPS_ASSIGNMENT,2026-08-06T12:58:23+00:00,UNALLOCATED,,,,,
SLCMP47-1047,1047,2159,154118231,2^154118231-1,STRUCTURAL_SCREEN_EXHAUSTED_PRIMALITY_UNASSIGNED,FIRST_SINGULARITY_SHELL_EXHAUSTED_PRIMALITY_UNASSIGNED,514,9595,9595,NO_RECORDED_FACTOR_PRP_OR_LL_RESULT_AND_NO_ACTIVE_GIMPS_ASSIGNMENT,2026-08-06T12:58:23+00:00,UNALLOCATED,,,,,
SLCMP47-1048,1048,2160,154118309,2^154118309-1,STRUCTURAL_SCREEN_EXHAUSTED_PRIMALITY_UNASSIGNED,FIRST_SINGULARITY_SHELL_EXHAUSTED_PRIMALITY_UNASSIGNED,513,9595,9595,NO_RECORDED_FACTOR_PRP_OR_LL_RESULT_AND_NO_ACTIVE_GIMPS_ASSIGNMENT,2026-08-06T12:58:23+00:00,UNALLOCATED,,,,,
SLCMP47-1049,1049,2161,154118333,2^154118333-1,STRUCTURAL_SCREEN_EXHAUSTED_PRIMALITY_UNASSIGNED,FIRST_SINGULARITY_SHELL_EXHAUSTED_PRIMALITY_UNASSIGNED,513,9595,9595,NO_RECORDED_FACTOR_PRP_OR_LL_RESULT_AND_NO_ACTIVE_GIMPS_ASSIGNMENT,2026-08-06T12:58:23+00:00,UNALLOCATED,,,,,
SLCMP47-1050,1050,2162,154118429,2^154118429-1,STRUCTURAL_SCREEN_EXHAUSTED_PRIMALITY_UNASSIGNED,FIRST_SINGULARITY_SHELL_EXHAUSTED_PRIMALITY_UNASSIGNED,513,9595,9595,NO_RECORDED_FACTOR_PRP_OR_LL_RESULT_AND_NO_ACTIVE_GIMPS_ASSIGNMENT,2026-08-06T12:58:23+00:00,UNALLOCATED,,,,,
SLCMP47-1051,1051,2163,154118449,2^154118449-1,STRUCTURAL_SCREEN_EXHAUSTED_PRIMALITY_UNASSIGNED,FIRST_SINGULARITY_SHELL_EXHAUSTED_PRIMALITY_UNASSIGNED,513,9595,9595,NO_RECORDED_FACTOR_PRP_OR_LL_RESULT_AND_NO_ACTIVE_GIMPS_ASSIGNMENT,2026-08-06T12:58:23+00:00,UNALLOCATED,,,,,
SLCMP47-1052,1052,2164,154118539,2^154118539-1,STRUCTURAL_SCREEN_EXHAUSTED_PRIMALITY_UNASSIGNED,FIRST_SINGULARITY_SHELL_EXHAUSTED_PRIMALITY_UNASSIGNED,514,9595,9595,NO_RECORDED_FACTOR_PRP_OR_LL_RESULT_AND_NO_ACTIVE_GIMPS_ASSIGNMENT,2026-08-06T12:58:23+00:00,UNALLOCATED,,,,,
SLCMP47-1053,1053,2165,154118599,2^154118599-1,STRUCTURAL_SCREEN_EXHAUSTED_PRIMALITY_UNASSIGNED,FIRST_SINGULARITY_SHELL_EXHAUSTED_PRIMALITY_UNASSIGNED,514,9595,9595,NO_RECORDED_FACTOR_PRP_OR_LL_RESULT_AND_NO_ACTIVE_GIMPS_ASSIGNMENT,2026-08-06T12:58:23+00:00,UNALLOCATED,,,,,
SLCMP47-1054,1054,2166,154118663,2^154118663-1,STRUCTURAL_SCREEN_EXHAUSTED_PRIMALITY_UNASSIGNED,FIRST_SINGULARITY_SHELL_EXHAUSTED_PRIMALITY_UNASSIGNED,514,9595,9595,NO_RECORDED_FACTOR_PRP_OR_LL_RESULT_AND_NO_ACTIVE_GIMPS_ASSIGNMENT,2026-08-06T12:58:23+00:00,UNALLOCATED,,,,,
SLCMP47-1055,1055,2167,154118681,2^154118681-1,STRUCTURAL_SCREEN_EXHAUSTED_PRIMALITY_UNASSIGNED,FIRST_SINGULARITY_SHELL_EXHAUSTED_PRIMALITY_UNASSIGNED,513,9595,9595,NO_RECORDED_FACTOR_PRP_OR_LL_RESULT_AND_NO_ACTIVE_GIMPS_ASSIGNMENT,2026-08-06T12:58:23+00:00,UNALLOCATED,,,,,
SLCMP47-1056,1056,2168,154118917,2^154118917-1,STRUCTURAL_SCREEN_EXHAUSTED_PRIMALITY_UNASSIGNED,FIRST_SINGULARITY_SHELL_EXHAUSTED_PRIMALITY_UNASSIGNED,513,9595,9595,NO_RECORDED_FACTOR_PRP_OR_LL_RESULT_AND_NO_ACTIVE_GIMPS_ASSIGNMENT,2026-08-06T12:58:23+00:00,UNALLOCATED,,,,,
SLCMP47-1057,1057,2169,154118927,2^154118927-1,STRUCTURAL_SCREEN_EXHAUSTED_PRIMALITY_UNASSIGNED,FIRST_SINGULARITY_SHELL_EXHAUSTED_PRIMALITY_UNASSIGNED,514,9595,9595,NO_RECORDED_FACTOR_PRP_OR_LL_RESULT_AND_NO_ACTIVE_GIMPS_ASSIGNMENT,2026-08-06T12:58:23+00:00,UNALLOCATED,,,,,
SLCMP47-1058,1058,2170,154118981,2^154118981-1,STRUCTURAL_SCREEN_EXHAUSTED_PRIMALITY_UNASSIGNED,FIRST_SINGULARITY_SHELL_EXHAUSTED_PRIMALITY_UNASSIGNED,513,9595,9595,NO_RECORDED_FACTOR_PRP_OR_LL_RESULT_AND_NO_ACTIVE_GIMPS_ASSIGNMENT,2026-08-06T12:58:23+00:00,UNALLOCATED,,,,,
SLCMP47-1059,1059,2171,154119029,2^154119029-1,STRUCTURAL_SCREEN_EXHAUSTED_PRIMALITY_UNASSIGNED,FIRST_SINGULARITY_SHELL_EXHAUSTED_PRIMALITY_UNASSIGNED,513,9595,9595,NO_RECORDED_FACTOR_PRP_OR_LL_RESULT_AND_NO_ACTIVE_GIMPS_ASSIGNMENT,2026-08-06T12:58:23+00:00,UNALLOCATED,,,,,
SLCMP47-1060,1060,2172,154119047,2^154119047-1,STRUCTURAL_SCREEN_EXHAUSTED_PRIMALITY_UNASSIGNED,FIRST_SINGULARITY_SHELL_EXHAUSTED_PRIMALITY_UNASSIGNED,514,9595,9595,NO_RECORDED_FACTOR_PRP_OR_LL_RESULT_AND_NO_ACTIVE_GIMPS_ASSIGNMENT,2026-08-06T12:58:23+00:00,UNALLOCATED,,,,,
SLCMP47-1061,1061,2173,154119103,2^154119103-1,STRUCTURAL_SCREEN_EXHAUSTED_PRIMALITY_UNASSIGNED,FIRST_SINGULARITY_SHELL_EXHAUSTED_PRIMALITY_UNASSIGNED,514,9595,9595,NO_RECORDED_FACTOR_PRP_OR_LL_RESULT_AND_NO_ACTIVE_GIMPS_ASSIGNMENT,2026-08-06T12:58:23+00:00,UNALLOCATED,,,,,
SLCMP47-1062,1062,2174,154119149,2^154119149-1,STRUCTURAL_SCREEN_EXHAUSTED_PRIMALITY_UNASSIGNED,FIRST_SINGULARITY_SHELL_EXHAUSTED_PRIMALITY_UNASSIGNED,513,9595,9595,NO_RECORDED_FACTOR_PRP_OR_LL_RESULT_AND_NO_ACTIVE_GIMPS_ASSIGNMENT,2026-08-06T12:58:23+00:00,UNALLOCATED,,,,,
SLCMP47-1063,1063,2175,154119281,2^154119281-1,STRUCTURAL_SCREEN_EXHAUSTED_PRIMALITY_UNASSIGNED,FIRST_SINGULARITY_SHELL_EXHAUSTED_PRIMALITY_UNASSIGNED,513,9595,9595,NO_RECORDED_FACTOR_PRP_OR_LL_RESULT_AND_NO_ACTIVE_GIMPS_ASSIGNMENT,2026-08-06T12:58:23+00:00,UNALLOCATED,,,,,
SLCMP47-1064,1064,2176,154119289,2^154119289-1,STRUCTURAL_SCREEN_EXHAUSTED_PRIMALITY_UNASSIGNED,FIRST_SINGULARITY_SHELL_EXHAUSTED_PRIMALITY_UNASSIGNED,513,9595,9595,NO_RECORDED_FACTOR_PRP_OR_LL_RESULT_AND_NO_ACTIVE_GIMPS_ASSIGNMENT,2026-08-06T12:58:23+00:00,UNALLOCATED,,,,,
SLCMP47-1065,1065,2177,154119307,2^154119307-1,STRUCTURAL_SCREEN_EXHAUSTED_PRIMALITY_UNASSIGNED,FIRST_SINGULARITY_SHELL_EXHAUSTED_PRIMALITY_UNASSIGNED,514,9595,9595,NO_RECORDED_FACTOR_PRP_OR_LL_RESULT_AND_NO_ACTIVE_GIMPS_ASSIGNMENT,2026-08-06T12:58:23+00:00,UNALLOCATED,,,,,
SLCMP47-1066,1066,2178,154119437,2^154119437-1,STRUCTURAL_SCREEN_EXHAUSTED_PRIMALITY_UNASSIGNED,FIRST_SINGULARITY_SHELL_EXHAUSTED_PRIMALITY_UNASSIGNED,513,9595,9595,NO_RECORDED_FACTOR_PRP_OR_LL_RESULT_AND_NO_ACTIVE_GIMPS_ASSIGNMENT,2026-08-06T12:58:23+00:00,UNALLOCATED,,,,,
SLCMP47-1067,1067,2179,154119443,2^154119443-1,STRUCTURAL_SCREEN_EXHAUSTED_PRIMALITY_UNASSIGNED,FIRST_SINGULARITY_SHELL_EXHAUSTED_PRIMALITY_UNASSIGNED,514,9595,9595,NO_RECORDED_FACTOR_PRP_OR_LL_RESULT_AND_NO_ACTIVE_GIMPS_ASSIGNMENT,2026-08-06T12:58:23+00:00,UNALLOCATED,,,,,
SLCMP47-1068,1068,2180,154119473,2^154119473-1,STRUCTURAL_SCREEN_EXHAUSTED_PRIMALITY_UNASSIGNED,FIRST_SINGULARITY_SHELL_EXHAUSTED_PRIMALITY_UNASSIGNED,513,9595,9595,NO_RECORDED_FACTOR_PRP_OR_LL_RESULT_AND_NO_ACTIVE_GIMPS_ASSIGNMENT,2026-08-06T12:58:23+00:00,UNALLOCATED,,,,,
SLCMP47-1069,1069,2181,154119617,2^154119617-1,STRUCTURAL_SCREEN_EXHAUSTED_PRIMALITY_UNASSIGNED,FIRST_SINGULARITY_SHELL_EXHAUSTED_PRIMALITY_UNASSIGNED,513,9595,9595,NO_RECORDED_FACTOR_PRP_OR_LL_RESULT_AND_NO_ACTIVE_GIMPS_ASSIGNMENT,2026-08-06T12:58:23+00:00,UNALLOCATED,,,,,
SLCMP47-1070,1070,2182,154119649,2^154119649-1,STRUCTURAL_SCREEN_EXHAUSTED_PRIMALITY_UNASSIGNED,FIRST_SINGULARITY_SHELL_EXHAUSTED_PRIMALITY_UNASSIGNED,513,9595,9595,NO_RECORDED_FACTOR_PRP_OR_LL_RESULT_AND_NO_ACTIVE_GIMPS_ASSIGNMENT,2026-08-06T12:58:23+00:00,UNALLOCATED,,,,,
SLCMP47-1071,1071,2183,154119661,2^154119661-1,STRUCTURAL_SCREEN_EXHAUSTED_PRIMALITY_UNASSIGNED,FIRST_SINGULARITY_SHELL_EXHAUSTED_PRIMALITY_UNASSIGNED,513,9595,9595,NO_RECORDED_FACTOR_PRP_OR_LL_RESULT_AND_NO_ACTIVE_GIMPS_ASSIGNMENT,2026-08-06T12:58:23+00:00,UNALLOCATED,,,,,
SLCMP47-1072,1072,2184,154119731,2^154119731-1,STRUCTURAL_SCREEN_EXHAUSTED_PRIMALITY_UNASSIGNED,FIRST_SINGULARITY_SHELL_EXHAUSTED_PRIMALITY_UNASSIGNED,514,9595,9595,NO_RECORDED_FACTOR_PRP_OR_LL_RESULT_AND_NO_ACTIVE_GIMPS_ASSIGNMENT,2026-08-06T12:58:23+00:00,UNALLOCATED,,,,,
SLCMP47-1073,1073,2185,154119751,2^154119751-1,STRUCTURAL_SCREEN_EXHAUSTED_PRIMALITY_UNASSIGNED,FIRST_SINGULARITY_SHELL_EXHAUSTED_PRIMALITY_UNASSIGNED,514,9595,9595,NO_RECORDED_FACTOR_PRP_OR_LL_RESULT_AND_NO_ACTIVE_GIMPS_ASSIGNMENT,2026-08-06T12:58:23+00:00,UNALLOCATED,,,,,
SLCMP47-1074,1074,2186,154119769,2^154119769-1,STRUCTURAL_SCREEN_EXHAUSTED_PRIMALITY_UNASSIGNED,FIRST_SINGULARITY_SHELL_EXHAUSTED_PRIMALITY_UNASSIGNED,513,9595,9595,NO_RECORDED_FACTOR_PRP_OR_LL_RESULT_AND_NO_ACTIVE_GIMPS_ASSIGNMENT,2026-08-06T12:58:23+00:00,UNALLOCATED,,,,,
SLCMP47-1075,1075,2187,154119821,2^154119821-1,STRUCTURAL_SCREEN_EXHAUSTED_PRIMALITY_UNASSIGNED,FIRST_SINGULARITY_SHELL_EXHAUSTED_PRIMALITY_UNASSIGNED,513,9595,9595,NO_RECORDED_FACTOR_PRP_OR_LL_RESULT_AND_NO_ACTIVE_GIMPS_ASSIGNMENT,2026-08-06T12:58:23+00:00,UNALLOCATED,,,,,
SLCMP47-1076,1076,2188,154119829,2^154119829-1,STRUCTURAL_SCREEN_EXHAUSTED_PRIMALITY_UNASSIGNED,FIRST_SINGULARITY_SHELL_EXHAUSTED_PRIMALITY_UNASSIGNED,513,9595,9595,NO_RECORDED_FACTOR_PRP_OR_LL_RESULT_AND_NO_ACTIVE_GIMPS_ASSIGNMENT,2026-08-06T12:58:23+00:00,UNALLOCATED,,,,,
SLCMP47-1077,1077,2189,154119989,2^154119989-1,STRUCTURAL_SCREEN_EXHAUSTED_PRIMALITY_UNASSIGNED,FIRST_SINGULARITY_SHELL_EXHAUSTED_PRIMALITY_UNASSIGNED,513,9595,9595,NO_RECORDED_FACTOR_PRP_OR_LL_RESULT_AND_NO_ACTIVE_GIMPS_ASSIGNMENT,2026-08-06T12:58:23+00:00,UNALLOCATED,,,,,
SLCMP47-1078,1078,2190,154120037,2^154120037-1,STRUCTURAL_SCREEN_EXHAUSTED_PRIMALITY_UNASSIGNED,FIRST_SINGULARITY_SHELL_EXHAUSTED_PRIMALITY_UNASSIGNED,513,9595,9595,NO_RECORDED_FACTOR_PRP_OR_LL_RESULT_AND_NO_ACTIVE_GIMPS_ASSIGNMENT,2026-08-06T12:58:23+00:00,UNALLOCATED,,,,,
SLCMP47-1079,1079,2191,154120049,2^154120049-1,STRUCTURAL_SCREEN_EXHAUSTED_PRIMALITY_UNASSIGNED,FIRST_SINGULARITY_SHELL_EXHAUSTED_PRIMALITY_UNASSIGNED,513,9595,9595,NO_RECORDED_FACTOR_PRP_OR_LL_RESULT_AND_NO_ACTIVE_GIMPS_ASSIGNMENT,2026-08-06T12:58:23+00:00,UNALLOCATED,,,,,
SLCMP47-1080,1080,2192,154120067,2^154120067-1,STRUCTURAL_SCREEN_EXHAUSTED_PRIMALITY_UNASSIGNED,FIRST_SINGULARITY_SHELL_EXHAUSTED_PRIMALITY_UNASSIGNED,514,9595,9595,NO_RECORDED_FACTOR_PRP_OR_LL_RESULT_AND_NO_ACTIVE_GIMPS_ASSIGNMENT,2026-08-06T12:58:23+00:00,UNALLOCATED,,,,,
SLCMP47-1081,1081,2193,154120081,2^154120081-1,STRUCTURAL_SCREEN_EXHAUSTED_PRIMALITY_UNASSIGNED,FIRST_SINGULARITY_SHELL_EXHAUSTED_PRIMALITY_UNASSIGNED,513,9595,9595,NO_RECORDED_FACTOR_PRP_OR_LL_RESULT_AND_NO_ACTIVE_GIMPS_ASSIGNMENT,2026-08-06T12:58:23+00:00,UNALLOCATED,,,,,
SLCMP47-1082,1082,2194,154120111,2^154120111-1,STRUCTURAL_SCREEN_EXHAUSTED_PRIMALITY_UNASSIGNED,FIRST_SINGULARITY_SHELL_EXHAUSTED_PRIMALITY_UNASSIGNED,514,9595,9595,NO_RECORDED_FACTOR_PRP_OR_LL_RESULT_AND_NO_ACTIVE_GIMPS_ASSIGNMENT,2026-08-06T12:58:23+00:00,UNALLOCATED,,,,,
SLCMP47-1083,1083,2195,154120193,2^154120193-1,STRUCTURAL_SCREEN_EXHAUSTED_PRIMALITY_UNASSIGNED,FIRST_SINGULARITY_SHELL_EXHAUSTED_PRIMALITY_UNASSIGNED,513,9595,9595,NO_RECORDED_FACTOR_PRP_OR_LL_RESULT_AND_NO_ACTIVE_GIMPS_ASSIGNMENT,2026-08-06T12:58:23+00:00,UNALLOCATED,,,,,
SLCMP47-1084,1084,2196,154120289,2^154120289-1,STRUCTURAL_SCREEN_EXHAUSTED_PRIMALITY_UNASSIGNED,FIRST_SINGULARITY_SHELL_EXHAUSTED_PRIMALITY_UNASSIGNED,513,9595,9595,NO_RECORDED_FACTOR_PRP_OR_LL_RESULT_AND_NO_ACTIVE_GIMPS_ASSIGNMENT,2026-08-06T12:58:23+00:00,UNALLOCATED,,,,,
SLCMP47-1085,1085,2197,154120303,2^154120303-1,STRUCTURAL_SCREEN_EXHAUSTED_PRIMALITY_UNASSIGNED,FIRST_SINGULARITY_SHELL_EXHAUSTED_PRIMALITY_UNASSIGNED,514,9595,9595,NO_RECORDED_FACTOR_PRP_OR_LL_RESULT_AND_NO_ACTIVE_GIMPS_ASSIGNMENT,2026-08-06T12:58:23+00:00,UNALLOCATED,,,,,
SLCMP47-1086,1086,2198,154120319,2^154120319-1,STRUCTURAL_SCREEN_EXHAUSTED_PRIMALITY_UNASSIGNED,FIRST_SINGULARITY_SHELL_EXHAUSTED_PRIMALITY_UNASSIGNED,514,9595,9595,NO_RECORDED_FACTOR_PRP_OR_LL_RESULT_AND_NO_ACTIVE_GIMPS_ASSIGNMENT,2026-08-06T12:58:23+00:00,UNALLOCATED,,,,,
SLCMP47-1087,1087,2199,154120333,2^154120333-1,STRUCTURAL_SCREEN_EXHAUSTED_PRIMALITY_UNASSIGNED,FIRST_SINGULARITY_SHELL_EXHAUSTED_PRIMALITY_UNASSIGNED,513,9595,9595,NO_RECORDED_FACTOR_PRP_OR_LL_RESULT_AND_NO_ACTIVE_GIMPS_ASSIGNMENT,2026-08-06T12:58:23+00:00,UNALLOCATED,,,,,
SLCMP47-1088,1088,2200,154120427,2^154120427-1,STRUCTURAL_SCREEN_EXHAUSTED_PRIMALITY_UNASSIGNED,FIRST_SINGULARITY_SHELL_EXHAUSTED_PRIMALITY_UNASSIGNED,514,9595,9595,NO_RECORDED_FACTOR_PRP_OR_LL_RESULT_AND_NO_ACTIVE_GIMPS_ASSIGNMENT,2026-08-06T12:58:23+00:00,UNALLOCATED,,,,,
SLCMP47-1089,1089,2201,154120507,2^154120507-1,STRUCTURAL_SCREEN_EXHAUSTED_PRIMALITY_UNASSIGNED,FIRST_SINGULARITY_SHELL_EXHAUSTED_PRIMALITY_UNASSIGNED,514,9595,9595,NO_RECORDED_FACTOR_PRP_OR_LL_RESULT_AND_NO_ACTIVE_GIMPS_ASSIGNMENT,2026-08-06T12:58:23+00:00,UNALLOCATED,,,,,
SLCMP47-1090,1090,2202,154120523,2^154120523-1,STRUCTURAL_SCREEN_EXHAUSTED_PRIMALITY_UNASSIGNED,FIRST_SINGULARITY_SHELL_EXHAUSTED_PRIMALITY_UNASSIGNED,514,9595,9595,NO_RECORDED_FACTOR_PRP_OR_LL_RESULT_AND_NO_ACTIVE_GIMPS_ASSIGNMENT,2026-08-06T12:58:23+00:00,UNALLOCATED,,,,,
SLCMP47-1091,1091,2203,154120531,2^154120531-1,STRUCTURAL_SCREEN_EXHAUSTED_PRIMALITY_UNASSIGNED,FIRST_SINGULARITY_SHELL_EXHAUSTED_PRIMALITY_UNASSIGNED,514,9595,9595,NO_RECORDED_FACTOR_PRP_OR_LL_RESULT_AND_NO_ACTIVE_GIMPS_ASSIGNMENT,2026-08-06T12:58:23+00:00,UNALLOCATED,,,,,
SLCMP47-1092,1092,2204,154120639,2^154120639-1,STRUCTURAL_SCREEN_EXHAUSTED_PRIMALITY_UNASSIGNED,FIRST_SINGULARITY_SHELL_EXHAUSTED_PRIMALITY_UNASSIGNED,514,9595,9595,NO_RECORDED_FACTOR_PRP_OR_LL_RESULT_AND_NO_ACTIVE_GIMPS_ASSIGNMENT,2026-08-06T12:58:23+00:00,UNALLOCATED,,,,,
SLCMP47-1093,1093,2205,154120663,2^154120663-1,STRUCTURAL_SCREEN_EXHAUSTED_PRIMALITY_UNASSIGNED,FIRST_SINGULARITY_SHELL_EXHAUSTED_PRIMALITY_UNASSIGNED,514,9595,9595,NO_RECORDED_FACTOR_PRP_OR_LL_RESULT_AND_NO_ACTIVE_GIMPS_ASSIGNMENT,2026-08-06T12:58:23+00:00,UNALLOCATED,,,,,
SLCMP47-1094,1094,2206,154120801,2^154120801-1,STRUCTURAL_SCREEN_EXHAUSTED_PRIMALITY_UNASSIGNED,FIRST_SINGULARITY_SHELL_EXHAUSTED_PRIMALITY_UNASSIGNED,513,9595,9595,NO_RECORDED_FACTOR_PRP_OR_LL_RESULT_AND_NO_ACTIVE_GIMPS_ASSIGNMENT,2026-08-06T12:58:23+00:00,UNALLOCATED,,,,,
SLCMP47-1095,1095,2208,154120961,2^154120961-1,STRUCTURAL_SCREEN_EXHAUSTED_PRIMALITY_UNASSIGNED,FIRST_SINGULARITY_SHELL_EXHAUSTED_PRIMALITY_UNASSIGNED,513,9595,9595,NO_RECORDED_FACTOR_PRP_OR_LL_RESULT_AND_NO_ACTIVE_GIMPS_ASSIGNMENT,2026-08-06T12:58:23+00:00,UNALLOCATED,,,,,
SLCMP47-1096,1096,2209,154121017,2^154121017-1,STRUCTURAL_SCREEN_EXHAUSTED_PRIMALITY_UNASSIGNED,FIRST_SINGULARITY_SHELL_EXHAUSTED_PRIMALITY_UNASSIGNED,513,9595,9595,NO_RECORDED_FACTOR_PRP_OR_LL_RESULT_AND_NO_ACTIVE_GIMPS_ASSIGNMENT,2026-08-06T12:58:23+00:00,UNALLOCATED,,,,,
SLCMP47-1097,1097,2210,154121111,2^154121111-1,STRUCTURAL_SCREEN_EXHAUSTED_PRIMALITY_UNASSIGNED,FIRST_SINGULARITY_SHELL_EXHAUSTED_PRIMALITY_UNASSIGNED,514,9595,9595,NO_RECORDED_FACTOR_PRP_OR_LL_RESULT_AND_NO_ACTIVE_GIMPS_ASSIGNMENT,2026-08-06T12:58:23+00:00,UNALLOCATED,,,,,
SLCMP47-1098,1098,2211,154121161,2^154121161-1,STRUCTURAL_SCREEN_EXHAUSTED_PRIMALITY_UNASSIGNED,FIRST_SINGULARITY_SHELL_EXHAUSTED_PRIMALITY_UNASSIGNED,513,9595,9595,NO_RECORDED_FACTOR_PRP_OR_LL_RESULT_AND_NO_ACTIVE_GIMPS_ASSIGNMENT,2026-08-06T12:58:23+00:00,UNALLOCATED,,,,,
SLCMP47-1099,1099,2212,154121257,2^154121257-1,STRUCTURAL_SCREEN_EXHAUSTED_PRIMALITY_UNASSIGNED,FIRST_SINGULARITY_SHELL_EXHAUSTED_PRIMALITY_UNASSIGNED,513,9595,9595,NO_RECORDED_FACTOR_PRP_OR_LL_RESULT_AND_NO_ACTIVE_GIMPS_ASSIGNMENT,2026-08-06T12:58:23+00:00,UNALLOCATED,,,,,
SLCMP47-1100,1100,2213,154121329,2^154121329-1,STRUCTURAL_SCREEN_EXHAUSTED_PRIMALITY_UNASSIGNED,FIRST_SINGULARITY_SHELL_EXHAUSTED_PRIMALITY_UNASSIGNED,513,9595,9595,NO_RECORDED_FACTOR_PRP_OR_LL_RESULT_AND_NO_ACTIVE_GIMPS_ASSIGNMENT,2026-08-06T12:58:23+00:00,UNALLOCATED,,,,,
SLCMP47-1101,1101,2214,154121477,2^154121477-1,STRUCTURAL_SCREEN_EXHAUSTED_PRIMALITY_UNASSIGNED,FIRST_SINGULARITY_SHELL_EXHAUSTED_PRIMALITY_UNASSIGNED,513,9595,9595,NO_RECORDED_FACTOR_PRP_OR_LL_RESULT_AND_NO_ACTIVE_GIMPS_ASSIGNMENT,2026-08-06T12:58:23+00:00,UNALLOCATED,,,,,
SLCMP47-1102,1102,2215,154121579,2^154121579-1,STRUCTURAL_SCREEN_EXHAUSTED_PRIMALITY_UNASSIGNED,FIRST_SINGULARITY_SHELL_EXHAUSTED_PRIMALITY_UNASSIGNED,514,9595,9595,NO_RECORDED_FACTOR_PRP_OR_LL_RESULT_AND_NO_ACTIVE_GIMPS_ASSIGNMENT,2026-08-06T12:58:23+00:00,UNALLOCATED,,,,,
SLCMP47-1103,1103,2216,154121593,2^154121593-1,STRUCTURAL_SCREEN_EXHAUSTED_PRIMALITY_UNASSIGNED,FIRST_SINGULARITY_SHELL_EXHAUSTED_PRIMALITY_UNASSIGNED,513,9595,9595,NO_RECORDED_FACTOR_PRP_OR_LL_RESULT_AND_NO_ACTIVE_GIMPS_ASSIGNMENT,2026-08-06T12:58:23+00:00,UNALLOCATED,,,,,
SLCMP47-1104,1104,2217,154121683,2^154121683-1,STRUCTURAL_SCREEN_EXHAUSTED_PRIMALITY_UNASSIGNED,FIRST_SINGULARITY_SHELL_EXHAUSTED_PRIMALITY_UNASSIGNED,514,9595,9595,NO_RECORDED_FACTOR_PRP_OR_LL_RESULT_AND_NO_ACTIVE_GIMPS_ASSIGNMENT,2026-08-06T12:58:23+00:00,UNALLOCATED,,,,,
SLCMP47-1105,1105,2218,154121701,2^154121701-1,STRUCTURAL_SCREEN_EXHAUSTED_PRIMALITY_UNASSIGNED,FIRST_SINGULARITY_SHELL_EXHAUSTED_PRIMALITY_UNASSIGNED,513,9595,9595,NO_RECORDED_FACTOR_PRP_OR_LL_RESULT_AND_NO_ACTIVE_GIMPS_ASSIGNMENT,2026-08-06T12:58:23+00:00,UNALLOCATED,,,,,
SLCMP47-1106,1106,2219,154121771,2^154121771-1,STRUCTURAL_SCREEN_EXHAUSTED_PRIMALITY_UNASSIGNED,FIRST_SINGULARITY_SHELL_EXHAUSTED_PRIMALITY_UNASSIGNED,514,9595,9595,NO_RECORDED_FACTOR_PRP_OR_LL_RESULT_AND_NO_ACTIVE_GIMPS_ASSIGNMENT,2026-08-06T12:58:23+00:00,UNALLOCATED,,,,,
SLCMP47-1107,1107,2220,154121777,2^154121777-1,STRUCTURAL_SCREEN_EXHAUSTED_PRIMALITY_UNASSIGNED,FIRST_SINGULARITY_SHELL_EXHAUSTED_PRIMALITY_UNASSIGNED,513,9595,9595,NO_RECORDED_FACTOR_PRP_OR_LL_RESULT_AND_NO_ACTIVE_GIMPS_ASSIGNMENT,2026-08-06T12:58:23+00:00,UNALLOCATED,,,,,
SLCMP47-1108,1108,2221,154122041,2^154122041-1,STRUCTURAL_SCREEN_EXHAUSTED_PRIMALITY_UNASSIGNED,FIRST_SINGULARITY_SHELL_EXHAUSTED_PRIMALITY_UNASSIGNED,513,9595,9595,NO_RECORDED_FACTOR_PRP_OR_LL_RESULT_AND_NO_ACTIVE_GIMPS_ASSIGNMENT,2026-08-06T12:58:23+00:00,UNALLOCATED,,,,,
SLCMP47-1109,1109,2222,154122107,2^154122107-1,STRUCTURAL_SCREEN_EXHAUSTED_PRIMALITY_UNASSIGNED,FIRST_SINGULARITY_SHELL_EXHAUSTED_PRIMALITY_UNASSIGNED,514,9595,9595,NO_RECORDED_FACTOR_PRP_OR_LL_RESULT_AND_NO_ACTIVE_GIMPS_ASSIGNMENT,2026-08-06T12:58:23+00:00,UNALLOCATED,,,,,
SLCMP47-1110,1110,2223,154122197,2^154122197-1,STRUCTURAL_SCREEN_EXHAUSTED_PRIMALITY_UNASSIGNED,FIRST_SINGULARITY_SHELL_EXHAUSTED_PRIMALITY_UNASSIGNED,513,9595,9595,NO_RECORDED_FACTOR_PRP_OR_LL_RESULT_AND_NO_ACTIVE_GIMPS_ASSIGNMENT,2026-08-06T12:58:23+00:00,UNALLOCATED,,,,,
SLCMP47-1111,1111,2224,154122203,2^154122203-1,STRUCTURAL_SCREEN_EXHAUSTED_PRIMALITY_UNASSIGNED,FIRST_SINGULARITY_SHELL_EXHAUSTED_PRIMALITY_UNASSIGNED,514,9595,9595,NO_RECORDED_FACTOR_PRP_OR_LL_RESULT_AND_NO_ACTIVE_GIMPS_ASSIGNMENT,2026-08-06T12:58:23+00:00,UNALLOCATED,,,,,
SLCMP47-1112,1112,2225,154122223,2^154122223-1,STRUCTURAL_SCREEN_EXHAUSTED_PRIMALITY_UNASSIGNED,FIRST_SINGULARITY_SHELL_EXHAUSTED_PRIMALITY_UNASSIGNED,514,9595,9595,NO_RECORDED_FACTOR_PRP_OR_LL_RESULT_AND_NO_ACTIVE_GIMPS_ASSIGNMENT,2026-08-06T12:58:23+00:00,UNALLOCATED,,,,,
SLCMP47-1113,1113,2226,154122313,2^154122313-1,STRUCTURAL_SCREEN_EXHAUSTED_PRIMALITY_UNASSIGNED,FIRST_SINGULARITY_SHELL_EXHAUSTED_PRIMALITY_UNASSIGNED,513,9595,9595,NO_RECORDED_FACTOR_PRP_OR_LL_RESULT_AND_NO_ACTIVE_GIMPS_ASSIGNMENT,2026-08-06T12:58:23+00:00,UNALLOCATED,,,,,
SLCMP47-1114,1114,2227,154122317,2^154122317-1,STRUCTURAL_SCREEN_EXHAUSTED_PRIMALITY_UNASSIGNED,FIRST_SINGULARITY_SHELL_EXHAUSTED_PRIMALITY_UNASSIGNED,513,9595,9595,NO_RECORDED_FACTOR_PRP_OR_LL_RESULT_AND_NO_ACTIVE_GIMPS_ASSIGNMENT,2026-08-06T12:58:23+00:00,UNALLOCATED,,,,,
SLCMP47-1115,1115,2228,154122341,2^154122341-1,STRUCTURAL_SCREEN_EXHAUSTED_PRIMALITY_UNASSIGNED,FIRST_SINGULARITY_SHELL_EXHAUSTED_PRIMALITY_UNASSIGNED,513,9595,9595,NO_RECORDED_FACTOR_PRP_OR_LL_RESULT_AND_NO_ACTIVE_GIMPS_ASSIGNMENT,2026-08-06T12:58:23+00:00,UNALLOCATED,,,,,
SLCMP47-1116,1116,2229,154122343,2^154122343-1,STRUCTURAL_SCREEN_EXHAUSTED_PRIMALITY_UNASSIGNED,FIRST_SINGULARITY_SHELL_EXHAUSTED_PRIMALITY_UNASSIGNED,514,9595,9595,NO_RECORDED_FACTOR_PRP_OR_LL_RESULT_AND_NO_ACTIVE_GIMPS_ASSIGNMENT,2026-08-06T12:58:23+00:00,UNALLOCATED,,,,,
SLCMP47-1117,1117,2230,154122373,2^154122373-1,STRUCTURAL_SCREEN_EXHAUSTED_PRIMALITY_UNASSIGNED,FIRST_SINGULARITY_SHELL_EXHAUSTED_PRIMALITY_UNASSIGNED,513,9595,9595,NO_RECORDED_FACTOR_PRP_OR_LL_RESULT_AND_NO_ACTIVE_GIMPS_ASSIGNMENT,2026-08-06T12:58:23+00:00,UNALLOCATED,,,,,
SLCMP47-1118,1118,2231,154122511,2^154122511-1,STRUCTURAL_SCREEN_EXHAUSTED_PRIMALITY_UNASSIGNED,FIRST_SINGULARITY_SHELL_EXHAUSTED_PRIMALITY_UNASSIGNED,514,9595,9595,NO_RECORDED_FACTOR_PRP_OR_LL_RESULT_AND_NO_ACTIVE_GIMPS_ASSIGNMENT,2026-08-06T12:58:23+00:00,UNALLOCATED,,,,,
SLCMP47-1119,1119,2232,154122533,2^154122533-1,STRUCTURAL_SCREEN_EXHAUSTED_PRIMALITY_UNASSIGNED,FIRST_SINGULARITY_SHELL_EXHAUSTED_PRIMALITY_UNASSIGNED,513,9595,9595,NO_RECORDED_FACTOR_PRP_OR_LL_RESULT_AND_NO_ACTIVE_GIMPS_ASSIGNMENT,2026-08-06T12:58:23+00:00,UNALLOCATED,,,,,
SLCMP47-1120,1120,2233,154122593,2^154122593-1,STRUCTURAL_SCREEN_EXHAUSTED_PRIMALITY_UNASSIGNED,FIRST_SINGULARITY_SHELL_EXHAUSTED_PRIMALITY_UNASSIGNED,513,9595,9595,NO_RECORDED_FACTOR_PRP_OR_LL_RESULT_AND_NO_ACTIVE_GIMPS_ASSIGNMENT,2026-08-06T12:58:23+00:00,UNALLOCATED,,,,,
SLCMP47-1121,1121,2234,154122613,2^154122613-1,STRUCTURAL_SCREEN_EXHAUSTED_PRIMALITY_UNASSIGNED,FIRST_SINGULARITY_SHELL_EXHAUSTED_PRIMALITY_UNASSIGNED,513,9595,9595,NO_RECORDED_FACTOR_PRP_OR_LL_RESULT_AND_NO_ACTIVE_GIMPS_ASSIGNMENT,2026-08-06T12:58:23+00:00,UNALLOCATED,,,,,
SLCMP47-1122,1122,2235,154122653,2^154122653-1,STRUCTURAL_SCREEN_EXHAUSTED_PRIMALITY_UNASSIGNED,FIRST_SINGULARITY_SHELL_EXHAUSTED_PRIMALITY_UNASSIGNED,513,9595,9595,NO_RECORDED_FACTOR_PRP_OR_LL_RESULT_AND_NO_ACTIVE_GIMPS_ASSIGNMENT,2026-08-06T12:58:23+00:00,UNALLOCATED,,,,,
SLCMP47-1123,1123,2236,154122877,2^154122877-1,STRUCTURAL_SCREEN_EXHAUSTED_PRIMALITY_UNASSIGNED,FIRST_SINGULARITY_SHELL_EXHAUSTED_PRIMALITY_UNASSIGNED,513,9595,9595,NO_RECORDED_FACTOR_PRP_OR_LL_RESULT_AND_NO_ACTIVE_GIMPS_ASSIGNMENT,2026-08-06T12:58:23+00:00,UNALLOCATED,,,,,
SLCMP47-1124,1124,2237,154122973,2^154122973-1,STRUCTURAL_SCREEN_EXHAUSTED_PRIMALITY_UNASSIGNED,FIRST_SINGULARITY_SHELL_EXHAUSTED_PRIMALITY_UNASSIGNED,513,9595,9595,NO_RECORDED_FACTOR_PRP_OR_LL_RESULT_AND_NO_ACTIVE_GIMPS_ASSIGNMENT,2026-08-06T12:58:23+00:00,UNALLOCATED,,,,,
SLCMP47-1125,1125,2238,154123001,2^154123001-1,STRUCTURAL_SCREEN_EXHAUSTED_PRIMALITY_UNASSIGNED,FIRST_SINGULARITY_SHELL_EXHAUSTED_PRIMALITY_UNASSIGNED,513,9595,9595,NO_RECORDED_FACTOR_PRP_OR_LL_RESULT_AND_NO_ACTIVE_GIMPS_ASSIGNMENT,2026-08-06T12:58:23+00:00,UNALLOCATED,,,,,
SLCMP47-1126,1126,2239,154123049,2^154123049-1,STRUCTURAL_SCREEN_EXHAUSTED_PRIMALITY_UNASSIGNED,FIRST_SINGULARITY_SHELL_EXHAUSTED_PRIMALITY_UNASSIGNED,513,9595,9595,NO_RECORDED_FACTOR_PRP_OR_LL_RESULT_AND_NO_ACTIVE_GIMPS_ASSIGNMENT,2026-08-06T12:58:23+00:00,UNALLOCATED,,,,,
SLCMP47-1127,1127,2240,154123111,2^154123111-1,STRUCTURAL_SCREEN_EXHAUSTED_PRIMALITY_UNASSIGNED,FIRST_SINGULARITY_SHELL_EXHAUSTED_PRIMALITY_UNASSIGNED,514,9595,9595,NO_RECORDED_FACTOR_PRP_OR_LL_RESULT_AND_NO_ACTIVE_GIMPS_ASSIGNMENT,2026-08-06T12:58:23+00:00,UNALLOCATED,,,,,
SLCMP47-1128,1128,2241,154123261,2^154123261-1,STRUCTURAL_SCREEN_EXHAUSTED_PRIMALITY_UNASSIGNED,FIRST_SINGULARITY_SHELL_EXHAUSTED_PRIMALITY_UNASSIGNED,513,9595,9595,NO_RECORDED_FACTOR_PRP_OR_LL_RESULT_AND_NO_ACTIVE_GIMPS_ASSIGNMENT,2026-08-06T12:58:23+00:00,UNALLOCATED,,,,,
SLCMP47-1129,1129,2242,154123283,2^154123283-1,STRUCTURAL_SCREEN_EXHAUSTED_PRIMALITY_UNASSIGNED,FIRST_SINGULARITY_SHELL_EXHAUSTED_PRIMALITY_UNASSIGNED,514,9595,9595,NO_RECORDED_FACTOR_PRP_OR_LL_RESULT_AND_NO_ACTIVE_GIMPS_ASSIGNMENT,2026-08-06T12:58:23+00:00,UNALLOCATED,,,,,
SLCMP47-1130,1130,2243,154123301,2^154123301-1,STRUCTURAL_SCREEN_EXHAUSTED_PRIMALITY_UNASSIGNED,FIRST_SINGULARITY_SHELL_EXHAUSTED_PRIMALITY_UNASSIGNED,513,9595,9595,NO_RECORDED_FACTOR_PRP_OR_LL_RESULT_AND_NO_ACTIVE_GIMPS_ASSIGNMENT,2026-08-06T12:58:23+00:00,UNALLOCATED,,,,,
SLCMP47-1131,1131,2244,154123357,2^154123357-1,STRUCTURAL_SCREEN_EXHAUSTED_PRIMALITY_UNASSIGNED,FIRST_SINGULARITY_SHELL_EXHAUSTED_PRIMALITY_UNASSIGNED,513,9595,9595,NO_RECORDED_FACTOR_PRP_OR_LL_RESULT_AND_NO_ACTIVE_GIMPS_ASSIGNMENT,2026-08-06T12:58:23+00:00,UNALLOCATED,,,,,
SLCMP47-1132,1132,2245,154123609,2^154123609-1,STRUCTURAL_SCREEN_EXHAUSTED_PRIMALITY_UNASSIGNED,FIRST_SINGULARITY_SHELL_EXHAUSTED_PRIMALITY_UNASSIGNED,513,9595,9595,NO_RECORDED_FACTOR_PRP_OR_LL_RESULT_AND_NO_ACTIVE_GIMPS_ASSIGNMENT,2026-08-06T12:58:23+00:00,UNALLOCATED,,,,,
SLCMP47-1133,1133,2246,154123679,2^154123679-1,STRUCTURAL_SCREEN_EXHAUSTED_PRIMALITY_UNASSIGNED,FIRST_SINGULARITY_SHELL_EXHAUSTED_PRIMALITY_UNASSIGNED,514,9595,9595,NO_RECORDED_FACTOR_PRP_OR_LL_RESULT_AND_NO_ACTIVE_GIMPS_ASSIGNMENT,2026-08-06T12:58:23+00:00,UNALLOCATED,,,,,
SLCMP47-1134,1134,2247,154123793,2^154123793-1,STRUCTURAL_SCREEN_EXHAUSTED_PRIMALITY_UNASSIGNED,FIRST_SINGULARITY_SHELL_EXHAUSTED_PRIMALITY_UNASSIGNED,513,9595,9595,NO_RECORDED_FACTOR_PRP_OR_LL_RESULT_AND_NO_ACTIVE_GIMPS_ASSIGNMENT,2026-08-06T12:58:23+00:00,UNALLOCATED,,,,,
SLCMP47-1135,1135,2248,154123927,2^154123927-1,STRUCTURAL_SCREEN_EXHAUSTED_PRIMALITY_UNASSIGNED,FIRST_SINGULARITY_SHELL_EXHAUSTED_PRIMALITY_UNASSIGNED,514,9595,9595,NO_RECORDED_FACTOR_PRP_OR_LL_RESULT_AND_NO_ACTIVE_GIMPS_ASSIGNMENT,2026-08-06T12:58:23+00:00,UNALLOCATED,,,,,
SLCMP47-1136,1136,2249,154123939,2^154123939-1,STRUCTURAL_SCREEN_EXHAUSTED_PRIMALITY_UNASSIGNED,FIRST_SINGULARITY_SHELL_EXHAUSTED_PRIMALITY_UNASSIGNED,514,9595,9595,NO_RECORDED_FACTOR_PRP_OR_LL_RESULT_AND_NO_ACTIVE_GIMPS_ASSIGNMENT,2026-08-06T12:58:23+00:00,UNALLOCATED,,,,,
SLCMP47-1137,1137,2250,154124011,2^154124011-1,STRUCTURAL_SCREEN_EXHAUSTED_PRIMALITY_UNASSIGNED,FIRST_SINGULARITY_SHELL_EXHAUSTED_PRIMALITY_UNASSIGNED,514,9595,9595,NO_RECORDED_FACTOR_PRP_OR_LL_RESULT_AND_NO_ACTIVE_GIMPS_ASSIGNMENT,2026-08-06T12:58:23+00:00,UNALLOCATED,,,,,
SLCMP47-1138,1138,2251,154124119,2^154124119-1,STRUCTURAL_SCREEN_EXHAUSTED_PRIMALITY_UNASSIGNED,FIRST_SINGULARITY_SHELL_EXHAUSTED_PRIMALITY_UNASSIGNED,514,9595,9595,NO_RECORDED_FACTOR_PRP_OR_LL_RESULT_AND_NO_ACTIVE_GIMPS_ASSIGNMENT,2026-08-06T12:58:23+00:00,UNALLOCATED,,,,,
SLCMP47-1139,1139,2252,154124137,2^154124137-1,STRUCTURAL_SCREEN_EXHAUSTED_PRIMALITY_UNASSIGNED,FIRST_SINGULARITY_SHELL_EXHAUSTED_PRIMALITY_UNASSIGNED,513,9595,9595,NO_RECORDED_FACTOR_PRP_OR_LL_RESULT_AND_NO_ACTIVE_GIMPS_ASSIGNMENT,2026-08-06T12:58:23+00:00,UNALLOCATED,,,,,
SLCMP47-1140,1140,2253,154124171,2^154124171-1,STRUCTURAL_SCREEN_EXHAUSTED_PRIMALITY_UNASSIGNED,FIRST_SINGULARITY_SHELL_EXHAUSTED_PRIMALITY_UNASSIGNED,514,9595,9595,NO_RECORDED_FACTOR_PRP_OR_LL_RESULT_AND_NO_ACTIVE_GIMPS_ASSIGNMENT,2026-08-06T12:58:23+00:00,UNALLOCATED,,,,,
SLCMP47-1141,1141,2254,154124209,2^154124209-1,STRUCTURAL_SCREEN_EXHAUSTED_PRIMALITY_UNASSIGNED,FIRST_SINGULARITY_SHELL_EXHAUSTED_PRIMALITY_UNASSIGNED,513,9595,9595,NO_RECORDED_FACTOR_PRP_OR_LL_RESULT_AND_NO_ACTIVE_GIMPS_ASSIGNMENT,2026-08-06T12:58:23+00:00,UNALLOCATED,,,,,
SLCMP47-1142,1142,2255,154124287,2^154124287-1,STRUCTURAL_SCREEN_EXHAUSTED_PRIMALITY_UNASSIGNED,FIRST_SINGULARITY_SHELL_EXHAUSTED_PRIMALITY_UNASSIGNED,514,9595,9595,NO_RECORDED_FACTOR_PRP_OR_LL_RESULT_AND_NO_ACTIVE_GIMPS_ASSIGNMENT,2026-08-06T12:58:23+00:00,UNALLOCATED,,,,,
SLCMP47-1143,1143,2256,154124309,2^154124309-1,STRUCTURAL_SCREEN_EXHAUSTED_PRIMALITY_UNASSIGNED,FIRST_SINGULARITY_SHELL_EXHAUSTED_PRIMALITY_UNASSIGNED,513,9595,9595,NO_RECORDED_FACTOR_PRP_OR_LL_RESULT_AND_NO_ACTIVE_GIMPS_ASSIGNMENT,2026-08-06T12:58:23+00:00,UNALLOCATED,,,,,
SLCMP47-1144,1144,2257,154124413,2^154124413-1,STRUCTURAL_SCREEN_EXHAUSTED_PRIMALITY_UNASSIGNED,FIRST_SINGULARITY_SHELL_EXHAUSTED_PRIMALITY_UNASSIGNED,513,9595,9595,NO_RECORDED_FACTOR_PRP_OR_LL_RESULT_AND_NO_ACTIVE_GIMPS_ASSIGNMENT,2026-08-06T12:58:23+00:00,UNALLOCATED,,,,,
SLCMP47-1145,1145,2258,154124419,2^154124419-1,STRUCTURAL_SCREEN_EXHAUSTED_PRIMALITY_UNASSIGNED,FIRST_SINGULARITY_SHELL_EXHAUSTED_PRIMALITY_UNASSIGNED,514,9595,9595,NO_RECORDED_FACTOR_PRP_OR_LL_RESULT_AND_NO_ACTIVE_GIMPS_ASSIGNMENT,2026-08-06T12:58:23+00:00,UNALLOCATED,,,,,
SLCMP47-1146,1146,2259,154124437,2^154124437-1,STRUCTURAL_SCREEN_EXHAUSTED_PRIMALITY_UNASSIGNED,FIRST_SINGULARITY_SHELL_EXHAUSTED_PRIMALITY_UNASSIGNED,513,9595,9595,NO_RECORDED_FACTOR_PRP_OR_LL_RESULT_AND_NO_ACTIVE_GIMPS_ASSIGNMENT,2026-08-06T12:58:23+00:00,UNALLOCATED,,,,,
SLCMP47-1147,1147,2260,154124483,2^154124483-1,STRUCTURAL_SCREEN_EXHAUSTED_PRIMALITY_UNASSIGNED,FIRST_SINGULARITY_SHELL_EXHAUSTED_PRIMALITY_UNASSIGNED,514,9595,9595,NO_RECORDED_FACTOR_PRP_OR_LL_RESULT_AND_NO_ACTIVE_GIMPS_ASSIGNMENT,2026-08-06T12:58:23+00:00,UNALLOCATED,,,,,
SLCMP47-1148,1148,2261,154124521,2^154124521-1,STRUCTURAL_SCREEN_EXHAUSTED_PRIMALITY_UNASSIGNED,FIRST_SINGULARITY_SHELL_EXHAUSTED_PRIMALITY_UNASSIGNED,513,9595,9595,NO_RECORDED_FACTOR_PRP_OR_LL_RESULT_AND_NO_ACTIVE_GIMPS_ASSIGNMENT,2026-08-06T12:58:23+00:00,UNALLOCATED,,,,,
SLCMP47-1149,1149,2262,154124527,2^154124527-1,STRUCTURAL_SCREEN_EXHAUSTED_PRIMALITY_UNASSIGNED,FIRST_SINGULARITY_SHELL_EXHAUSTED_PRIMALITY_UNASSIGNED,514,9595,9595,NO_RECORDED_FACTOR_PRP_OR_LL_RESULT_AND_NO_ACTIVE_GIMPS_ASSIGNMENT,2026-08-06T12:58:23+00:00,UNALLOCATED,,,,,
SLCMP47-1150,1150,2263,154124563,2^154124563-1,STRUCTURAL_SCREEN_EXHAUSTED_PRIMALITY_UNASSIGNED,FIRST_SINGULARITY_SHELL_EXHAUSTED_PRIMALITY_UNASSIGNED,514,9595,9595,NO_RECORDED_FACTOR_PRP_OR_LL_RESULT_AND_NO_ACTIVE_GIMPS_ASSIGNMENT,2026-08-06T12:58:23+00:00,UNALLOCATED,,,,,
SLCMP47-1151,1151,2264,154124627,2^154124627-1,STRUCTURAL_SCREEN_EXHAUSTED_PRIMALITY_UNASSIGNED,FIRST_SINGULARITY_SHELL_EXHAUSTED_PRIMALITY_UNASSIGNED,514,9595,9595,NO_RECORDED_FACTOR_PRP_OR_LL_RESULT_AND_NO_ACTIVE_GIMPS_ASSIGNMENT,2026-08-06T12:58:23+00:00,UNALLOCATED,,,,,
SLCMP47-1152,1152,2265,154124629,2^154124629-1,STRUCTURAL_SCREEN_EXHAUSTED_PRIMALITY_UNASSIGNED,FIRST_SINGULARITY_SHELL_EXHAUSTED_PRIMALITY_UNASSIGNED,513,9595,9595,NO_RECORDED_FACTOR_PRP_OR_LL_RESULT_AND_NO_ACTIVE_GIMPS_ASSIGNMENT,2026-08-06T12:58:23+00:00,UNALLOCATED,,,,,
SLCMP47-1153,1153,2266,154124767,2^154124767-1,STRUCTURAL_SCREEN_EXHAUSTED_PRIMALITY_UNASSIGNED,FIRST_SINGULARITY_SHELL_EXHAUSTED_PRIMALITY_UNASSIGNED,514,9595,9595,NO_RECORDED_FACTOR_PRP_OR_LL_RESULT_AND_NO_ACTIVE_GIMPS_ASSIGNMENT,2026-08-06T12:58:23+00:00,UNALLOCATED,,,,,
SLCMP47-1154,1154,2267,154124791,2^154124791-1,STRUCTURAL_SCREEN_EXHAUSTED_PRIMALITY_UNASSIGNED,FIRST_SINGULARITY_SHELL_EXHAUSTED_PRIMALITY_UNASSIGNED,514,9595,9595,NO_RECORDED_FACTOR_PRP_OR_LL_RESULT_AND_NO_ACTIVE_GIMPS_ASSIGNMENT,2026-08-06T12:58:23+00:00,UNALLOCATED,,,,,
SLCMP47-1155,1155,2268,154124809,2^154124809-1,STRUCTURAL_SCREEN_EXHAUSTED_PRIMALITY_UNASSIGNED,FIRST_SINGULARITY_SHELL_EXHAUSTED_PRIMALITY_UNASSIGNED,513,9595,9595,NO_RECORDED_FACTOR_PRP_OR_LL_RESULT_AND_NO_ACTIVE_GIMPS_ASSIGNMENT,2026-08-06T12:58:23+00:00,UNALLOCATED,,,,,
SLCMP47-1156,1156,2269,154124921,2^154124921-1,STRUCTURAL_SCREEN_EXHAUSTED_PRIMALITY_UNASSIGNED,FIRST_SINGULARITY_SHELL_EXHAUSTED_PRIMALITY_UNASSIGNED,513,9595,9595,NO_RECORDED_FACTOR_PRP_OR_LL_RESULT_AND_NO_ACTIVE_GIMPS_ASSIGNMENT,2026-08-06T12:58:23+00:00,UNALLOCATED,,,,,
SLCMP47-1157,1157,2270,154124947,2^154124947-1,STRUCTURAL_SCREEN_EXHAUSTED_PRIMALITY_UNASSIGNED,FIRST_SINGULARITY_SHELL_EXHAUSTED_PRIMALITY_UNASSIGNED,514,9595,9595,NO_RECORDED_FACTOR_PRP_OR_LL_RESULT_AND_NO_ACTIVE_GIMPS_ASSIGNMENT,2026-08-06T12:58:23+00:00,UNALLOCATED,,,,,
SLCMP47-1158,1158,2271,154125067,2^154125067-1,STRUCTURAL_SCREEN_EXHAUSTED_PRIMALITY_UNASSIGNED,FIRST_SINGULARITY_SHELL_EXHAUSTED_PRIMALITY_UNASSIGNED,514,9595,9595,NO_RECORDED_FACTOR_PRP_OR_LL_RESULT_AND_NO_ACTIVE_GIMPS_ASSIGNMENT,2026-08-06T12:58:23+00:00,UNALLOCATED,,,,,
SLCMP47-1159,1159,2272,154125071,2^154125071-1,STRUCTURAL_SCREEN_EXHAUSTED_PRIMALITY_UNASSIGNED,FIRST_SINGULARITY_SHELL_EXHAUSTED_PRIMALITY_UNASSIGNED,514,9595,9595,NO_RECORDED_FACTOR_PRP_OR_LL_RESULT_AND_NO_ACTIVE_GIMPS_ASSIGNMENT,2026-08-06T12:58:23+00:00,UNALLOCATED,,,,,
SLCMP47-1160,1160,2273,154125121,2^154125121-1,STRUCTURAL_SCREEN_EXHAUSTED_PRIMALITY_UNASSIGNED,FIRST_SINGULARITY_SHELL_EXHAUSTED_PRIMALITY_UNASSIGNED,513,9595,9595,NO_RECORDED_FACTOR_PRP_OR_LL_RESULT_AND_NO_ACTIVE_GIMPS_ASSIGNMENT,2026-08-06T12:58:23+00:00,UNALLOCATED,,,,,
SLCMP47-1161,1161,2274,154125151,2^154125151-1,STRUCTURAL_SCREEN_EXHAUSTED_PRIMALITY_UNASSIGNED,FIRST_SINGULARITY_SHELL_EXHAUSTED_PRIMALITY_UNASSIGNED,514,9595,9595,NO_RECORDED_FACTOR_PRP_OR_LL_RESULT_AND_NO_ACTIVE_GIMPS_ASSIGNMENT,2026-08-06T12:58:23+00:00,UNALLOCATED,,,,,
SLCMP47-1162,1162,2275,154125241,2^154125241-1,STRUCTURAL_SCREEN_EXHAUSTED_PRIMALITY_UNASSIGNED,FIRST_SINGULARITY_SHELL_EXHAUSTED_PRIMALITY_UNASSIGNED,513,9595,9595,NO_RECORDED_FACTOR_PRP_OR_LL_RESULT_AND_NO_ACTIVE_GIMPS_ASSIGNMENT,2026-08-06T12:58:23+00:00,UNALLOCATED,,,,,
SLCMP47-1163,1163,2276,154125271,2^154125271-1,STRUCTURAL_SCREEN_EXHAUSTED_PRIMALITY_UNASSIGNED,FIRST_SINGULARITY_SHELL_EXHAUSTED_PRIMALITY_UNASSIGNED,514,9595,9595,NO_RECORDED_FACTOR_PRP_OR_LL_RESULT_AND_NO_ACTIVE_GIMPS_ASSIGNMENT,2026-08-06T12:58:23+00:00,UNALLOCATED,,,,,
SLCMP47-1164,1164,2277,154125289,2^154125289-1,STRUCTURAL_SCREEN_EXHAUSTED_PRIMALITY_UNASSIGNED,FIRST_SINGULARITY_SHELL_EXHAUSTED_PRIMALITY_UNASSIGNED,513,9595,9595,NO_RECORDED_FACTOR_PRP_OR_LL_RESULT_AND_NO_ACTIVE_GIMPS_ASSIGNMENT,2026-08-06T12:58:23+00:00,UNALLOCATED,,,,,
SLCMP47-1165,1165,2278,154125329,2^154125329-1,STRUCTURAL_SCREEN_EXHAUSTED_PRIMALITY_UNASSIGNED,FIRST_SINGULARITY_SHELL_EXHAUSTED_PRIMALITY_UNASSIGNED,513,9595,9595,NO_RECORDED_FACTOR_PRP_OR_LL_RESULT_AND_NO_ACTIVE_GIMPS_ASSIGNMENT,2026-08-06T12:58:23+00:00,UNALLOCATED,,,,,
SLCMP47-1166,1166,2279,154125341,2^154125341-1,STRUCTURAL_SCREEN_EXHAUSTED_PRIMALITY_UNASSIGNED,FIRST_SINGULARITY_SHELL_EXHAUSTED_PRIMALITY_UNASSIGNED,513,9595,9595,NO_RECORDED_FACTOR_PRP_OR_LL_RESULT_AND_NO_ACTIVE_GIMPS_ASSIGNMENT,2026-08-06T12:58:23+00:00,UNALLOCATED,,,,,
SLCMP47-1167,1167,2280,154125403,2^154125403-1,STRUCTURAL_SCREEN_EXHAUSTED_PRIMALITY_UNASSIGNED,FIRST_SINGULARITY_SHELL_EXHAUSTED_PRIMALITY_UNASSIGNED,514,9595,9595,NO_RECORDED_FACTOR_PRP_OR_LL_RESULT_AND_NO_ACTIVE_GIMPS_ASSIGNMENT,2026-08-06T12:58:23+00:00,UNALLOCATED,,,,,
SLCMP47-1168,1168,2281,154125443,2^154125443-1,STRUCTURAL_SCREEN_EXHAUSTED_PRIMALITY_UNASSIGNED,FIRST_SINGULARITY_SHELL_EXHAUSTED_PRIMALITY_UNASSIGNED,514,9595,9595,NO_RECORDED_FACTOR_PRP_OR_LL_RESULT_AND_NO_ACTIVE_GIMPS_ASSIGNMENT,2026-08-06T12:58:23+00:00,UNALLOCATED,,,,,
SLCMP47-1169,1169,2282,154125457,2^154125457-1,STRUCTURAL_SCREEN_EXHAUSTED_PRIMALITY_UNASSIGNED,FIRST_SINGULARITY_SHELL_EXHAUSTED_PRIMALITY_UNASSIGNED,513,9595,9595,NO_RECORDED_FACTOR_PRP_OR_LL_RESULT_AND_NO_ACTIVE_GIMPS_ASSIGNMENT,2026-08-06T12:58:23+00:00,UNALLOCATED,,,,,
SLCMP47-1170,1170,2283,154125637,2^154125637-1,STRUCTURAL_SCREEN_EXHAUSTED_PRIMALITY_UNASSIGNED,FIRST_SINGULARITY_SHELL_EXHAUSTED_PRIMALITY_UNASSIGNED,513,9595,9595,NO_RECORDED_FACTOR_PRP_OR_LL_RESULT_AND_NO_ACTIVE_GIMPS_ASSIGNMENT,2026-08-06T12:58:23+00:00,UNALLOCATED,,,,,
SLCMP47-1171,1171,2284,154125871,2^154125871-1,STRUCTURAL_SCREEN_EXHAUSTED_PRIMALITY_UNASSIGNED,FIRST_SINGULARITY_SHELL_EXHAUSTED_PRIMALITY_UNASSIGNED,514,9595,9595,NO_RECORDED_FACTOR_PRP_OR_LL_RESULT_AND_NO_ACTIVE_GIMPS_ASSIGNMENT,2026-08-06T12:58:23+00:00,UNALLOCATED,,,,,
SLCMP47-1172,1172,2285,154125913,2^154125913-1,STRUCTURAL_SCREEN_EXHAUSTED_PRIMALITY_UNASSIGNED,FIRST_SINGULARITY_SHELL_EXHAUSTED_PRIMALITY_UNASSIGNED,513,9595,9595,NO_RECORDED_FACTOR_PRP_OR_LL_RESULT_AND_NO_ACTIVE_GIMPS_ASSIGNMENT,2026-08-06T12:58:23+00:00,UNALLOCATED,,,,,
SLCMP47-1173,1173,2286,154125991,2^154125991-1,STRUCTURAL_SCREEN_EXHAUSTED_PRIMALITY_UNASSIGNED,FIRST_SINGULARITY_SHELL_EXHAUSTED_PRIMALITY_UNASSIGNED,514,9595,9595,NO_RECORDED_FACTOR_PRP_OR_LL_RESULT_AND_NO_ACTIVE_GIMPS_ASSIGNMENT,2026-08-06T12:58:23+00:00,UNALLOCATED,,,,,
SLCMP47-1174,1174,2287,154126051,2^154126051-1,STRUCTURAL_SCREEN_EXHAUSTED_PRIMALITY_UNASSIGNED,FIRST_SINGULARITY_SHELL_EXHAUSTED_PRIMALITY_UNASSIGNED,514,9595,9595,NO_RECORDED_FACTOR_PRP_OR_LL_RESULT_AND_NO_ACTIVE_GIMPS_ASSIGNMENT,2026-08-06T12:58:23+00:00,UNALLOCATED,,,,,
SLCMP47-1175,1175,2288,154126073,2^154126073-1,STRUCTURAL_SCREEN_EXHAUSTED_PRIMALITY_UNASSIGNED,FIRST_SINGULARITY_SHELL_EXHAUSTED_PRIMALITY_UNASSIGNED,513,9595,9595,NO_RECORDED_FACTOR_PRP_OR_LL_RESULT_AND_NO_ACTIVE_GIMPS_ASSIGNMENT,2026-08-06T12:58:23+00:00,UNALLOCATED,,,,,
SLCMP47-1176,1176,2289,154126087,2^154126087-1,STRUCTURAL_SCREEN_EXHAUSTED_PRIMALITY_UNASSIGNED,FIRST_SINGULARITY_SHELL_EXHAUSTED_PRIMALITY_UNASSIGNED,514,9595,9595,NO_RECORDED_FACTOR_PRP_OR_LL_RESULT_AND_NO_ACTIVE_GIMPS_ASSIGNMENT,2026-08-06T12:58:23+00:00,UNALLOCATED,,,,,
SLCMP47-1177,1177,2290,154126099,2^154126099-1,STRUCTURAL_SCREEN_EXHAUSTED_PRIMALITY_UNASSIGNED,FIRST_SINGULARITY_SHELL_EXHAUSTED_PRIMALITY_UNASSIGNED,514,9595,9595,NO_RECORDED_FACTOR_PRP_OR_LL_RESULT_AND_NO_ACTIVE_GIMPS_ASSIGNMENT,2026-08-06T12:58:23+00:00,UNALLOCATED,,,,,
SLCMP47-1178,1178,2291,154126171,2^154126171-1,STRUCTURAL_SCREEN_EXHAUSTED_PRIMALITY_UNASSIGNED,FIRST_SINGULARITY_SHELL_EXHAUSTED_PRIMALITY_UNASSIGNED,514,9595,9595,NO_RECORDED_FACTOR_PRP_OR_LL_RESULT_AND_NO_ACTIVE_GIMPS_ASSIGNMENT,2026-08-06T12:58:23+00:00,UNALLOCATED,,,,,
SLCMP47-1179,1179,2292,154126187,2^154126187-1,STRUCTURAL_SCREEN_EXHAUSTED_PRIMALITY_UNASSIGNED,FIRST_SINGULARITY_SHELL_EXHAUSTED_PRIMALITY_UNASSIGNED,514,9595,9595,NO_RECORDED_FACTOR_PRP_OR_LL_RESULT_AND_NO_ACTIVE_GIMPS_ASSIGNMENT,2026-08-06T12:58:23+00:00,UNALLOCATED,,,,,
SLCMP47-1180,1180,2293,154126493,2^154126493-1,STRUCTURAL_SCREEN_EXHAUSTED_PRIMALITY_UNASSIGNED,FIRST_SINGULARITY_SHELL_EXHAUSTED_PRIMALITY_UNASSIGNED,513,9595,9595,NO_RECORDED_FACTOR_PRP_OR_LL_RESULT_AND_NO_ACTIVE_GIMPS_ASSIGNMENT,2026-08-06T12:58:23+00:00,UNALLOCATED,,,,,
SLCMP47-1181,1181,2294,154126603,2^154126603-1,STRUCTURAL_SCREEN_EXHAUSTED_PRIMALITY_UNASSIGNED,FIRST_SINGULARITY_SHELL_EXHAUSTED_PRIMALITY_UNASSIGNED,514,9595,9595,NO_RECORDED_FACTOR_PRP_OR_LL_RESULT_AND_NO_ACTIVE_GIMPS_ASSIGNMENT,2026-08-06T12:58:23+00:00,UNALLOCATED,,,,,
SLCMP47-1182,1182,2295,154126741,2^154126741-1,STRUCTURAL_SCREEN_EXHAUSTED_PRIMALITY_UNASSIGNED,FIRST_SINGULARITY_SHELL_EXHAUSTED_PRIMALITY_UNASSIGNED,513,9595,9595,NO_RECORDED_FACTOR_PRP_OR_LL_RESULT_AND_NO_ACTIVE_GIMPS_ASSIGNMENT,2026-08-06T12:58:23+00:00,UNALLOCATED,,,,,
SLCMP47-1183,1183,2296,154126747,2^154126747-1,STRUCTURAL_SCREEN_EXHAUSTED_PRIMALITY_UNASSIGNED,FIRST_SINGULARITY_SHELL_EXHAUSTED_PRIMALITY_UNASSIGNED,514,9595,9595,NO_RECORDED_FACTOR_PRP_OR_LL_RESULT_AND_NO_ACTIVE_GIMPS_ASSIGNMENT,2026-08-06T12:58:23+00:00,UNALLOCATED,,,,,
SLCMP47-1184,1184,2297,154126787,2^154126787-1,STRUCTURAL_SCREEN_EXHAUSTED_PRIMALITY_UNASSIGNED,FIRST_SINGULARITY_SHELL_EXHAUSTED_PRIMALITY_UNASSIGNED,514,9595,9595,NO_RECORDED_FACTOR_PRP_OR_LL_RESULT_AND_NO_ACTIVE_GIMPS_ASSIGNMENT,2026-08-06T12:58:23+00:00,UNALLOCATED,,,,,
SLCMP47-1185,1185,2298,154126789,2^154126789-1,STRUCTURAL_SCREEN_EXHAUSTED_PRIMALITY_UNASSIGNED,FIRST_SINGULARITY_SHELL_EXHAUSTED_PRIMALITY_UNASSIGNED,513,9595,9595,NO_RECORDED_FACTOR_PRP_OR_LL_RESULT_AND_NO_ACTIVE_GIMPS_ASSIGNMENT,2026-08-06T12:58:23+00:00,UNALLOCATED,,,,,
SLCMP47-1186,1186,2299,154126853,2^154126853-1,STRUCTURAL_SCREEN_EXHAUSTED_PRIMALITY_UNASSIGNED,FIRST_SINGULARITY_SHELL_EXHAUSTED_PRIMALITY_UNASSIGNED,513,9595,9595,NO_RECORDED_FACTOR_PRP_OR_LL_RESULT_AND_NO_ACTIVE_GIMPS_ASSIGNMENT,2026-08-06T12:58:23+00:00,UNALLOCATED,,,,,
SLCMP47-1187,1187,2300,154126873,2^154126873-1,STRUCTURAL_SCREEN_EXHAUSTED_PRIMALITY_UNASSIGNED,FIRST_SINGULARITY_SHELL_EXHAUSTED_PRIMALITY_UNASSIGNED,513,9595,9595,NO_RECORDED_FACTOR_PRP_OR_LL_RESULT_AND_NO_ACTIVE_GIMPS_ASSIGNMENT,2026-08-06T12:58:23+00:00,UNALLOCATED,,,,,
SLCMP47-1188,1188,2301,154126919,2^154126919-1,STRUCTURAL_SCREEN_EXHAUSTED_PRIMALITY_UNASSIGNED,FIRST_SINGULARITY_SHELL_EXHAUSTED_PRIMALITY_UNASSIGNED,514,9595,9595,NO_RECORDED_FACTOR_PRP_OR_LL_RESULT_AND_NO_ACTIVE_GIMPS_ASSIGNMENT,2026-08-06T12:58:23+00:00,UNALLOCATED,,,,,
SLCMP47-1189,1189,2302,154127023,2^154127023-1,STRUCTURAL_SCREEN_EXHAUSTED_PRIMALITY_UNASSIGNED,FIRST_SINGULARITY_SHELL_EXHAUSTED_PRIMALITY_UNASSIGNED,514,9595,9595,NO_RECORDED_FACTOR_PRP_OR_LL_RESULT_AND_NO_ACTIVE_GIMPS_ASSIGNMENT,2026-08-06T12:58:23+00:00,UNALLOCATED,,,,,
SLCMP47-1190,1190,2303,154127081,2^154127081-1,STRUCTURAL_SCREEN_EXHAUSTED_PRIMALITY_UNASSIGNED,FIRST_SINGULARITY_SHELL_EXHAUSTED_PRIMALITY_UNASSIGNED,513,9595,9595,NO_RECORDED_FACTOR_PRP_OR_LL_RESULT_AND_NO_ACTIVE_GIMPS_ASSIGNMENT,2026-08-06T12:58:23+00:00,UNALLOCATED,,,,,
SLCMP47-1191,1191,2304,154127131,2^154127131-1,STRUCTURAL_SCREEN_EXHAUSTED_PRIMALITY_UNASSIGNED,FIRST_SINGULARITY_SHELL_EXHAUSTED_PRIMALITY_UNASSIGNED,514,9595,9595,NO_RECORDED_FACTOR_PRP_OR_LL_RESULT_AND_NO_ACTIVE_GIMPS_ASSIGNMENT,2026-08-06T12:58:23+00:00,UNALLOCATED,,,,,
SLCMP47-1192,1192,2305,154127161,2^154127161-1,STRUCTURAL_SCREEN_EXHAUSTED_PRIMALITY_UNASSIGNED,FIRST_SINGULARITY_SHELL_EXHAUSTED_PRIMALITY_UNASSIGNED,513,9595,9595,NO_RECORDED_FACTOR_PRP_OR_LL_RESULT_AND_NO_ACTIVE_GIMPS_ASSIGNMENT,2026-08-06T12:58:23+00:00,UNALLOCATED,,,,,
SLCMP47-1193,1193,2306,154127167,2^154127167-1,STRUCTURAL_SCREEN_EXHAUSTED_PRIMALITY_UNASSIGNED,FIRST_SINGULARITY_SHELL_EXHAUSTED_PRIMALITY_UNASSIGNED,514,9595,9595,NO_RECORDED_FACTOR_PRP_OR_LL_RESULT_AND_NO_ACTIVE_GIMPS_ASSIGNMENT,2026-08-06T12:58:23+00:00,UNALLOCATED,,,,,
SLCMP47-1194,1194,2307,154127261,2^154127261-1,STRUCTURAL_SCREEN_EXHAUSTED_PRIMALITY_UNASSIGNED,FIRST_SINGULARITY_SHELL_EXHAUSTED_PRIMALITY_UNASSIGNED,513,9595,9595,NO_RECORDED_FACTOR_PRP_OR_LL_RESULT_AND_NO_ACTIVE_GIMPS_ASSIGNMENT,2026-08-06T12:58:23+00:00,UNALLOCATED,,,,,
SLCMP47-1195,1195,2308,154127273,2^154127273-1,STRUCTURAL_SCREEN_EXHAUSTED_PRIMALITY_UNASSIGNED,FIRST_SINGULARITY_SHELL_EXHAUSTED_PRIMALITY_UNASSIGNED,513,9595,9595,NO_RECORDED_FACTOR_PRP_OR_LL_RESULT_AND_NO_ACTIVE_GIMPS_ASSIGNMENT,2026-08-06T12:58:23+00:00,UNALLOCATED,,,,,
SLCMP47-1196,1196,2309,154127447,2^154127447-1,STRUCTURAL_SCREEN_EXHAUSTED_PRIMALITY_UNASSIGNED,FIRST_SINGULARITY_SHELL_EXHAUSTED_PRIMALITY_UNASSIGNED,514,9595,9595,NO_RECORDED_FACTOR_PRP_OR_LL_RESULT_AND_NO_ACTIVE_GIMPS_ASSIGNMENT,2026-08-06T12:58:23+00:00,UNALLOCATED,,,,,
SLCMP47-1197,1197,2310,154127521,2^154127521-1,STRUCTURAL_SCREEN_EXHAUSTED_PRIMALITY_UNASSIGNED,FIRST_SINGULARITY_SHELL_EXHAUSTED_PRIMALITY_UNASSIGNED,513,9595,9595,NO_RECORDED_FACTOR_PRP_OR_LL_RESULT_AND_NO_ACTIVE_GIMPS_ASSIGNMENT,2026-08-06T12:58:23+00:00,UNALLOCATED,,,,,
SLCMP47-1198,1198,2311,154127527,2^154127527-1,STRUCTURAL_SCREEN_EXHAUSTED_PRIMALITY_UNASSIGNED,FIRST_SINGULARITY_SHELL_EXHAUSTED_PRIMALITY_UNASSIGNED,514,9595,9595,NO_RECORDED_FACTOR_PRP_OR_LL_RESULT_AND_NO_ACTIVE_GIMPS_ASSIGNMENT,2026-08-06T12:58:23+00:00,UNALLOCATED,,,,,
SLCMP47-1199,1199,2312,154127573,2^154127573-1,STRUCTURAL_SCREEN_EXHAUSTED_PRIMALITY_UNASSIGNED,FIRST_SINGULARITY_SHELL_EXHAUSTED_PRIMALITY_UNASSIGNED,513,9595,9595,NO_RECORDED_FACTOR_PRP_OR_LL_RESULT_AND_NO_ACTIVE_GIMPS_ASSIGNMENT,2026-08-06T12:58:23+00:00,UNALLOCATED,,,,,
SLCMP47-1200,1200,2313,154127587,2^154127587-1,STRUCTURAL_SCREEN_EXHAUSTED_PRIMALITY_UNASSIGNED,FIRST_SINGULARITY_SHELL_EXHAUSTED_PRIMALITY_UNASSIGNED,514,9595,9595,NO_RECORDED_FACTOR_PRP_OR_LL_RESULT_AND_NO_ACTIVE_GIMPS_ASSIGNMENT,2026-08-06T12:58:23+00:00,UNALLOCATED,,,,,
SLCMP47-1201,1201,2314,154127599,2^154127599-1,STRUCTURAL_SCREEN_EXHAUSTED_PRIMALITY_UNASSIGNED,FIRST_SINGULARITY_SHELL_EXHAUSTED_PRIMALITY_UNASSIGNED,514,9595,9595,NO_RECORDED_FACTOR_PRP_OR_LL_RESULT_AND_NO_ACTIVE_GIMPS_ASSIGNMENT,2026-08-06T12:58:23+00:00,UNALLOCATED,,,,,
SLCMP47-1202,1202,2315,154127759,2^154127759-1,STRUCTURAL_SCREEN_EXHAUSTED_PRIMALITY_UNASSIGNED,FIRST_SINGULARITY_SHELL_EXHAUSTED_PRIMALITY_UNASSIGNED,514,9595,9595,NO_RECORDED_FACTOR_PRP_OR_LL_RESULT_AND_NO_ACTIVE_GIMPS_ASSIGNMENT,2026-08-06T12:58:23+00:00,UNALLOCATED,,,,,
SLCMP47-1203,1203,2316,154127767,2^154127767-1,STRUCTURAL_SCREEN_EXHAUSTED_PRIMALITY_UNASSIGNED,FIRST_SINGULARITY_SHELL_EXHAUSTED_PRIMALITY_UNASSIGNED,514,9595,9595,NO_RECORDED_FACTOR_PRP_OR_LL_RESULT_AND_NO_ACTIVE_GIMPS_ASSIGNMENT,2026-08-06T12:58:23+00:00,UNALLOCATED,,,,,
SLCMP47-1204,1204,2317,154127803,2^154127803-1,STRUCTURAL_SCREEN_EXHAUSTED_PRIMALITY_UNASSIGNED,FIRST_SINGULARITY_SHELL_EXHAUSTED_PRIMALITY_UNASSIGNED,514,9595,9595,NO_RECORDED_FACTOR_PRP_OR_LL_RESULT_AND_NO_ACTIVE_GIMPS_ASSIGNMENT,2026-08-06T12:58:23+00:00,UNALLOCATED,,,,,
SLCMP47-1205,1205,2318,154127923,2^154127923-1,STRUCTURAL_SCREEN_EXHAUSTED_PRIMALITY_UNASSIGNED,FIRST_SINGULARITY_SHELL_EXHAUSTED_PRIMALITY_UNASSIGNED,514,9595,9595,NO_RECORDED_FACTOR_PRP_OR_LL_RESULT_AND_NO_ACTIVE_GIMPS_ASSIGNMENT,2026-08-06T12:58:23+00:00,UNALLOCATED,,,,,
SLCMP47-1206,1206,2319,154128047,2^154128047-1,STRUCTURAL_SCREEN_EXHAUSTED_PRIMALITY_UNASSIGNED,FIRST_SINGULARITY_SHELL_EXHAUSTED_PRIMALITY_UNASSIGNED,514,9595,9595,NO_RECORDED_FACTOR_PRP_OR_LL_RESULT_AND_NO_ACTIVE_GIMPS_ASSIGNMENT,2026-08-06T12:58:23+00:00,UNALLOCATED,,,,,
SLCMP47-1207,1207,2320,154128049,2^154128049-1,STRUCTURAL_SCREEN_EXHAUSTED_PRIMALITY_UNASSIGNED,FIRST_SINGULARITY_SHELL_EXHAUSTED_PRIMALITY_UNASSIGNED,513,9595,9595,NO_RECORDED_FACTOR_PRP_OR_LL_RESULT_AND_NO_ACTIVE_GIMPS_ASSIGNMENT,2026-08-06T12:58:23+00:00,UNALLOCATED,,,,,
SLCMP47-1208,1208,2321,154128077,2^154128077-1,STRUCTURAL_SCREEN_EXHAUSTED_PRIMALITY_UNASSIGNED,FIRST_SINGULARITY_SHELL_EXHAUSTED_PRIMALITY_UNASSIGNED,513,9595,9595,NO_RECORDED_FACTOR_PRP_OR_LL_RESULT_AND_NO_ACTIVE_GIMPS_ASSIGNMENT,2026-08-06T12:58:23+00:00,UNALLOCATED,,,,,
SLCMP47-1209,1209,2322,154128113,2^154128113-1,STRUCTURAL_SCREEN_EXHAUSTED_PRIMALITY_UNASSIGNED,FIRST_SINGULARITY_SHELL_EXHAUSTED_PRIMALITY_UNASSIGNED,513,9595,9595,NO_RECORDED_FACTOR_PRP_OR_LL_RESULT_AND_NO_ACTIVE_GIMPS_ASSIGNMENT,2026-08-06T12:58:23+00:00,UNALLOCATED,,,,,
SLCMP47-1210,1210,2323,154128167,2^154128167-1,STRUCTURAL_SCREEN_EXHAUSTED_PRIMALITY_UNASSIGNED,FIRST_SINGULARITY_SHELL_EXHAUSTED_PRIMALITY_UNASSIGNED,514,9595,9595,NO_RECORDED_FACTOR_PRP_OR_LL_RESULT_AND_NO_ACTIVE_GIMPS_ASSIGNMENT,2026-08-06T12:58:23+00:00,UNALLOCATED,,,,,
SLCMP47-1211,1211,2324,154128173,2^154128173-1,STRUCTURAL_SCREEN_EXHAUSTED_PRIMALITY_UNASSIGNED,FIRST_SINGULARITY_SHELL_EXHAUSTED_PRIMALITY_UNASSIGNED,513,9595,9595,NO_RECORDED_FACTOR_PRP_OR_LL_RESULT_AND_NO_ACTIVE_GIMPS_ASSIGNMENT,2026-08-06T12:58:23+00:00,UNALLOCATED,,,,,
SLCMP47-1212,1212,2325,154128217,2^154128217-1,STRUCTURAL_SCREEN_EXHAUSTED_PRIMALITY_UNASSIGNED,FIRST_SINGULARITY_SHELL_EXHAUSTED_PRIMALITY_UNASSIGNED,513,9595,9595,NO_RECORDED_FACTOR_PRP_OR_LL_RESULT_AND_NO_ACTIVE_GIMPS_ASSIGNMENT,2026-08-06T12:58:23+00:00,UNALLOCATED,,,,,
SLCMP47-1213,1213,2326,154128229,2^154128229-1,STRUCTURAL_SCREEN_EXHAUSTED_PRIMALITY_UNASSIGNED,FIRST_SINGULARITY_SHELL_EXHAUSTED_PRIMALITY_UNASSIGNED,513,9595,9595,NO_RECORDED_FACTOR_PRP_OR_LL_RESULT_AND_NO_ACTIVE_GIMPS_ASSIGNMENT,2026-08-06T12:58:23+00:00,UNALLOCATED,,,,,
SLCMP47-1214,1214,2327,154128259,2^154128259-1,STRUCTURAL_SCREEN_EXHAUSTED_PRIMALITY_UNASSIGNED,FIRST_SINGULARITY_SHELL_EXHAUSTED_PRIMALITY_UNASSIGNED,514,9595,9595,NO_RECORDED_FACTOR_PRP_OR_LL_RESULT_AND_NO_ACTIVE_GIMPS_ASSIGNMENT,2026-08-06T12:58:23+00:00,UNALLOCATED,,,,,
SLCMP47-1215,1215,2328,154128263,2^154128263-1,STRUCTURAL_SCREEN_EXHAUSTED_PRIMALITY_UNASSIGNED,FIRST_SINGULARITY_SHELL_EXHAUSTED_PRIMALITY_UNASSIGNED,514,9595,9595,NO_RECORDED_FACTOR_PRP_OR_LL_RESULT_AND_NO_ACTIVE_GIMPS_ASSIGNMENT,2026-08-06T12:58:23+00:00,UNALLOCATED,,,,,
SLCMP47-1216,1216,2329,154128349,2^154128349-1,STRUCTURAL_SCREEN_EXHAUSTED_PRIMALITY_UNASSIGNED,FIRST_SINGULARITY_SHELL_EXHAUSTED_PRIMALITY_UNASSIGNED,513,9595,9595,NO_RECORDED_FACTOR_PRP_OR_LL_RESULT_AND_NO_ACTIVE_GIMPS_ASSIGNMENT,2026-08-06T12:58:23+00:00,UNALLOCATED,,,,,
SLCMP47-1217,1217,2330,154128407,2^154128407-1,STRUCTURAL_SCREEN_EXHAUSTED_PRIMALITY_UNASSIGNED,FIRST_SINGULARITY_SHELL_EXHAUSTED_PRIMALITY_UNASSIGNED,514,9595,9595,NO_RECORDED_FACTOR_PRP_OR_LL_RESULT_AND_NO_ACTIVE_GIMPS_ASSIGNMENT,2026-08-06T12:58:23+00:00,UNALLOCATED,,,,,
SLCMP47-1218,1218,2331,154128439,2^154128439-1,STRUCTURAL_SCREEN_EXHAUSTED_PRIMALITY_UNASSIGNED,FIRST_SINGULARITY_SHELL_EXHAUSTED_PRIMALITY_UNASSIGNED,514,9595,9595,NO_RECORDED_FACTOR_PRP_OR_LL_RESULT_AND_NO_ACTIVE_GIMPS_ASSIGNMENT,2026-08-06T12:58:23+00:00,UNALLOCATED,,,,,
SLCMP47-1219,1219,2332,154128467,2^154128467-1,STRUCTURAL_SCREEN_EXHAUSTED_PRIMALITY_UNASSIGNED,FIRST_SINGULARITY_SHELL_EXHAUSTED_PRIMALITY_UNASSIGNED,514,9595,9595,NO_RECORDED_FACTOR_PRP_OR_LL_RESULT_AND_NO_ACTIVE_GIMPS_ASSIGNMENT,2026-08-06T12:58:23+00:00,UNALLOCATED,,,,,
SLCMP47-1220,1220,2333,154128523,2^154128523-1,STRUCTURAL_SCREEN_EXHAUSTED_PRIMALITY_UNASSIGNED,FIRST_SINGULARITY_SHELL_EXHAUSTED_PRIMALITY_UNASSIGNED,514,9595,9595,NO_RECORDED_FACTOR_PRP_OR_LL_RESULT_AND_NO_ACTIVE_GIMPS_ASSIGNMENT,2026-08-06T12:58:23+00:00,UNALLOCATED,,,,,
SLCMP47-1221,1221,2334,154128529,2^154128529-1,STRUCTURAL_SCREEN_EXHAUSTED_PRIMALITY_UNASSIGNED,FIRST_SINGULARITY_SHELL_EXHAUSTED_PRIMALITY_UNASSIGNED,513,9595,9595,NO_RECORDED_FACTOR_PRP_OR_LL_RESULT_AND_NO_ACTIVE_GIMPS_ASSIGNMENT,2026-08-06T12:58:23+00:00,UNALLOCATED,,,,,
SLCMP47-1222,1222,2335,154128539,2^154128539-1,STRUCTURAL_SCREEN_EXHAUSTED_PRIMALITY_UNASSIGNED,FIRST_SINGULARITY_SHELL_EXHAUSTED_PRIMALITY_UNASSIGNED,514,9595,9595,NO_RECORDED_FACTOR_PRP_OR_LL_RESULT_AND_NO_ACTIVE_GIMPS_ASSIGNMENT,2026-08-06T12:58:23+00:00,UNALLOCATED,,,,,
SLCMP47-1223,1223,2336,154128629,2^154128629-1,STRUCTURAL_SCREEN_EXHAUSTED_PRIMALITY_UNASSIGNED,FIRST_SINGULARITY_SHELL_EXHAUSTED_PRIMALITY_UNASSIGNED,513,9595,9595,NO_RECORDED_FACTOR_PRP_OR_LL_RESULT_AND_NO_ACTIVE_GIMPS_ASSIGNMENT,2026-08-06T12:58:23+00:00,UNALLOCATED,,,,,
SLCMP47-1224,1224,2337,154128659,2^154128659-1,STRUCTURAL_SCREEN_EXHAUSTED_PRIMALITY_UNASSIGNED,FIRST_SINGULARITY_SHELL_EXHAUSTED_PRIMALITY_UNASSIGNED,514,9595,9595,NO_RECORDED_FACTOR_PRP_OR_LL_RESULT_AND_NO_ACTIVE_GIMPS_ASSIGNMENT,2026-08-06T12:58:23+00:00,UNALLOCATED,,,,,
SLCMP47-1225,1225,2338,154128673,2^154128673-1,STRUCTURAL_SCREEN_EXHAUSTED_PRIMALITY_UNASSIGNED,FIRST_SINGULARITY_SHELL_EXHAUSTED_PRIMALITY_UNASSIGNED,513,9595,9595,NO_RECORDED_FACTOR_PRP_OR_LL_RESULT_AND_NO_ACTIVE_GIMPS_ASSIGNMENT,2026-08-06T12:58:23+00:00,UNALLOCATED,,,,,
SLCMP47-1226,1226,2339,154128677,2^154128677-1,STRUCTURAL_SCREEN_EXHAUSTED_PRIMALITY_UNASSIGNED,FIRST_SINGULARITY_SHELL_EXHAUSTED_PRIMALITY_UNASSIGNED,513,9595,9595,NO_RECORDED_FACTOR_PRP_OR_LL_RESULT_AND_NO_ACTIVE_GIMPS_ASSIGNMENT,2026-08-06T12:58:23+00:00,UNALLOCATED,,,,,
SLCMP47-1227,1227,2340,154129039,2^154129039-1,STRUCTURAL_SCREEN_EXHAUSTED_PRIMALITY_UNASSIGNED,FIRST_SINGULARITY_SHELL_EXHAUSTED_PRIMALITY_UNASSIGNED,514,9595,9595,NO_RECORDED_FACTOR_PRP_OR_LL_RESULT_AND_NO_ACTIVE_GIMPS_ASSIGNMENT,2026-08-06T12:58:23+00:00,UNALLOCATED,,,,,
SLCMP47-1228,1228,2341,154129109,2^154129109-1,STRUCTURAL_SCREEN_EXHAUSTED_PRIMALITY_UNASSIGNED,FIRST_SINGULARITY_SHELL_EXHAUSTED_PRIMALITY_UNASSIGNED,513,9595,9595,NO_RECORDED_FACTOR_PRP_OR_LL_RESULT_AND_NO_ACTIVE_GIMPS_ASSIGNMENT,2026-08-06T12:58:23+00:00,UNALLOCATED,,,,,
SLCMP47-1229,1229,2342,154129201,2^154129201-1,STRUCTURAL_SCREEN_EXHAUSTED_PRIMALITY_UNASSIGNED,FIRST_SINGULARITY_SHELL_EXHAUSTED_PRIMALITY_UNASSIGNED,513,9595,9595,NO_RECORDED_FACTOR_PRP_OR_LL_RESULT_AND_NO_ACTIVE_GIMPS_ASSIGNMENT,2026-08-06T12:58:23+00:00,UNALLOCATED,,,,,
SLCMP47-1230,1230,2343,154129253,2^154129253-1,STRUCTURAL_SCREEN_EXHAUSTED_PRIMALITY_UNASSIGNED,FIRST_SINGULARITY_SHELL_EXHAUSTED_PRIMALITY_UNASSIGNED,513,9595,9595,NO_RECORDED_FACTOR_PRP_OR_LL_RESULT_AND_NO_ACTIVE_GIMPS_ASSIGNMENT,2026-08-06T12:58:23+00:00,UNALLOCATED,,,,,
SLCMP47-1231,1231,2344,154129321,2^154129321-1,STRUCTURAL_SCREEN_EXHAUSTED_PRIMALITY_UNASSIGNED,FIRST_SINGULARITY_SHELL_EXHAUSTED_PRIMALITY_UNASSIGNED,513,9595,9595,NO_RECORDED_FACTOR_PRP_OR_LL_RESULT_AND_NO_ACTIVE_GIMPS_ASSIGNMENT,2026-08-06T12:58:23+00:00,UNALLOCATED,,,,,
SLCMP47-1232,1232,2345,154129397,2^154129397-1,STRUCTURAL_SCREEN_EXHAUSTED_PRIMALITY_UNASSIGNED,FIRST_SINGULARITY_SHELL_EXHAUSTED_PRIMALITY_UNASSIGNED,513,9595,9595,NO_RECORDED_FACTOR_PRP_OR_LL_RESULT_AND_NO_ACTIVE_GIMPS_ASSIGNMENT,2026-08-06T12:58:23+00:00,UNALLOCATED,,,,,
SLCMP47-1233,1233,2346,154129421,2^154129421-1,STRUCTURAL_SCREEN_EXHAUSTED_PRIMALITY_UNASSIGNED,FIRST_SINGULARITY_SHELL_EXHAUSTED_PRIMALITY_UNASSIGNED,513,9595,9595,NO_RECORDED_FACTOR_PRP_OR_LL_RESULT_AND_NO_ACTIVE_GIMPS_ASSIGNMENT,2026-08-06T12:58:23+00:00,UNALLOCATED,,,,,
SLCMP47-1234,1234,2347,154129621,2^154129621-1,STRUCTURAL_SCREEN_EXHAUSTED_PRIMALITY_UNASSIGNED,FIRST_SINGULARITY_SHELL_EXHAUSTED_PRIMALITY_UNASSIGNED,513,9595,9595,NO_RECORDED_FACTOR_PRP_OR_LL_RESULT_AND_NO_ACTIVE_GIMPS_ASSIGNMENT,2026-08-06T12:58:23+00:00,UNALLOCATED,,,,,
SLCMP47-1235,1235,2348,154129649,2^154129649-1,STRUCTURAL_SCREEN_EXHAUSTED_PRIMALITY_UNASSIGNED,FIRST_SINGULARITY_SHELL_EXHAUSTED_PRIMALITY_UNASSIGNED,513,9595,9595,NO_RECORDED_FACTOR_PRP_OR_LL_RESULT_AND_NO_ACTIVE_GIMPS_ASSIGNMENT,2026-08-06T12:58:23+00:00,UNALLOCATED,,,,,
SLCMP47-1236,1236,2349,154129709,2^154129709-1,STRUCTURAL_SCREEN_EXHAUSTED_PRIMALITY_UNASSIGNED,FIRST_SINGULARITY_SHELL_EXHAUSTED_PRIMALITY_UNASSIGNED,513,9595,9595,NO_RECORDED_FACTOR_PRP_OR_LL_RESULT_AND_NO_ACTIVE_GIMPS_ASSIGNMENT,2026-08-06T12:58:23+00:00,UNALLOCATED,,,,,
SLCMP47-1237,1237,2350,154129741,2^154129741-1,STRUCTURAL_SCREEN_EXHAUSTED_PRIMALITY_UNASSIGNED,FIRST_SINGULARITY_SHELL_EXHAUSTED_PRIMALITY_UNASSIGNED,513,9595,9595,NO_RECORDED_FACTOR_PRP_OR_LL_RESULT_AND_NO_ACTIVE_GIMPS_ASSIGNMENT,2026-08-06T12:58:23+00:00,UNALLOCATED,,,,,
SLCMP47-1238,1238,2351,154129793,2^154129793-1,STRUCTURAL_SCREEN_EXHAUSTED_PRIMALITY_UNASSIGNED,FIRST_SINGULARITY_SHELL_EXHAUSTED_PRIMALITY_UNASSIGNED,513,9595,9595,NO_RECORDED_FACTOR_PRP_OR_LL_RESULT_AND_NO_ACTIVE_GIMPS_ASSIGNMENT,2026-08-06T12:58:23+00:00,UNALLOCATED,,,,,
SLCMP47-1239,1239,2352,154129841,2^154129841-1,STRUCTURAL_SCREEN_EXHAUSTED_PRIMALITY_UNASSIGNED,FIRST_SINGULARITY_SHELL_EXHAUSTED_PRIMALITY_UNASSIGNED,513,9595,9595,NO_RECORDED_FACTOR_PRP_OR_LL_RESULT_AND_NO_ACTIVE_GIMPS_ASSIGNMENT,2026-08-06T12:58:23+00:00,UNALLOCATED,,,,,
SLCMP47-1240,1240,2354,154129879,2^154129879-1,STRUCTURAL_SCREEN_EXHAUSTED_PRIMALITY_UNASSIGNED,FIRST_SINGULARITY_SHELL_EXHAUSTED_PRIMALITY_UNASSIGNED,514,9595,9595,NO_RECORDED_FACTOR_PRP_OR_LL_RESULT_AND_NO_ACTIVE_GIMPS_ASSIGNMENT,2026-08-06T12:58:23+00:00,UNALLOCATED,,,,,
SLCMP47-1241,1241,2355,154129891,2^154129891-1,STRUCTURAL_SCREEN_EXHAUSTED_PRIMALITY_UNASSIGNED,FIRST_SINGULARITY_SHELL_EXHAUSTED_PRIMALITY_UNASSIGNED,514,9595,9595,NO_RECORDED_FACTOR_PRP_OR_LL_RESULT_AND_NO_ACTIVE_GIMPS_ASSIGNMENT,2026-08-06T12:58:23+00:00,UNALLOCATED,,,,,
SLCMP47-1242,1242,2356,154129907,2^154129907-1,STRUCTURAL_SCREEN_EXHAUSTED_PRIMALITY_UNASSIGNED,FIRST_SINGULARITY_SHELL_EXHAUSTED_PRIMALITY_UNASSIGNED,514,9595,9595,NO_RECORDED_FACTOR_PRP_OR_LL_RESULT_AND_NO_ACTIVE_GIMPS_ASSIGNMENT,2026-08-06T12:58:23+00:00,UNALLOCATED,,,,,
SLCMP47-1243,1243,2358,154129991,2^154129991-1,STRUCTURAL_SCREEN_EXHAUSTED_PRIMALITY_UNASSIGNED,FIRST_SINGULARITY_SHELL_EXHAUSTED_PRIMALITY_UNASSIGNED,514,9595,9595,NO_RECORDED_FACTOR_PRP_OR_LL_RESULT_AND_NO_ACTIVE_GIMPS_ASSIGNMENT,2026-08-06T12:58:23+00:00,UNALLOCATED,,,,,
SLCMP47-1244,1244,2359,154130021,2^154130021-1,STRUCTURAL_SCREEN_EXHAUSTED_PRIMALITY_UNASSIGNED,FIRST_SINGULARITY_SHELL_EXHAUSTED_PRIMALITY_UNASSIGNED,513,9595,9595,NO_RECORDED_FACTOR_PRP_OR_LL_RESULT_AND_NO_ACTIVE_GIMPS_ASSIGNMENT,2026-08-06T12:58:23+00:00,UNALLOCATED,,,,,
SLCMP47-1245,1245,2360,154130117,2^154130117-1,STRUCTURAL_SCREEN_EXHAUSTED_PRIMALITY_UNASSIGNED,FIRST_SINGULARITY_SHELL_EXHAUSTED_PRIMALITY_UNASSIGNED,513,9595,9595,NO_RECORDED_FACTOR_PRP_OR_LL_RESULT_AND_NO_ACTIVE_GIMPS_ASSIGNMENT,2026-08-06T12:58:23+00:00,UNALLOCATED,,,,,
SLCMP47-1246,1246,2361,154130209,2^154130209-1,STRUCTURAL_SCREEN_EXHAUSTED_PRIMALITY_UNASSIGNED,FIRST_SINGULARITY_SHELL_EXHAUSTED_PRIMALITY_UNASSIGNED,513,9595,9595,NO_RECORDED_FACTOR_PRP_OR_LL_RESULT_AND_NO_ACTIVE_GIMPS_ASSIGNMENT,2026-08-06T12:58:23+00:00,UNALLOCATED,,,,,
SLCMP47-1247,1247,2362,154130227,2^154130227-1,STRUCTURAL_SCREEN_EXHAUSTED_PRIMALITY_UNASSIGNED,FIRST_SINGULARITY_SHELL_EXHAUSTED_PRIMALITY_UNASSIGNED,514,9595,9595,NO_RECORDED_FACTOR_PRP_OR_LL_RESULT_AND_NO_ACTIVE_GIMPS_ASSIGNMENT,2026-08-06T12:58:23+00:00,UNALLOCATED,,,,,
SLCMP47-1248,1248,2363,154130309,2^154130309-1,STRUCTURAL_SCREEN_EXHAUSTED_PRIMALITY_UNASSIGNED,FIRST_SINGULARITY_SHELL_EXHAUSTED_PRIMALITY_UNASSIGNED,513,9595,9595,NO_RECORDED_FACTOR_PRP_OR_LL_RESULT_AND_NO_ACTIVE_GIMPS_ASSIGNMENT,2026-08-06T12:58:23+00:00,UNALLOCATED,,,,,
SLCMP47-1249,1249,2364,154130311,2^154130311-1,STRUCTURAL_SCREEN_EXHAUSTED_PRIMALITY_UNASSIGNED,FIRST_SINGULARITY_SHELL_EXHAUSTED_PRIMALITY_UNASSIGNED,514,9595,9595,NO_RECORDED_FACTOR_PRP_OR_LL_RESULT_AND_NO_ACTIVE_GIMPS_ASSIGNMENT,2026-08-06T12:58:23+00:00,UNALLOCATED,,,,,
SLCMP47-1250,1250,2365,154130323,2^154130323-1,STRUCTURAL_SCREEN_EXHAUSTED_PRIMALITY_UNASSIGNED,FIRST_SINGULARITY_SHELL_EXHAUSTED_PRIMALITY_UNASSIGNED,514,9595,9595,NO_RECORDED_FACTOR_PRP_OR_LL_RESULT_AND_NO_ACTIVE_GIMPS_ASSIGNMENT,2026-08-06T12:58:23+00:00,UNALLOCATED,,,,,
SLCMP47-1251,1251,2366,154130549,2^154130549-1,STRUCTURAL_SCREEN_EXHAUSTED_PRIMALITY_UNASSIGNED,FIRST_SINGULARITY_SHELL_EXHAUSTED_PRIMALITY_UNASSIGNED,513,9595,9595,NO_RECORDED_FACTOR_PRP_OR_LL_RESULT_AND_NO_ACTIVE_GIMPS_ASSIGNMENT,2026-08-06T12:58:23+00:00,UNALLOCATED,,,,,
SLCMP47-1252,1252,2367,154130569,2^154130569-1,STRUCTURAL_SCREEN_EXHAUSTED_PRIMALITY_UNASSIGNED,FIRST_SINGULARITY_SHELL_EXHAUSTED_PRIMALITY_UNASSIGNED,513,9595,9595,NO_RECORDED_FACTOR_PRP_OR_LL_RESULT_AND_NO_ACTIVE_GIMPS_ASSIGNMENT,2026-08-06T12:58:23+00:00,UNALLOCATED,,,,,
SLCMP47-1253,1253,2368,154130609,2^154130609-1,STRUCTURAL_SCREEN_EXHAUSTED_PRIMALITY_UNASSIGNED,FIRST_SINGULARITY_SHELL_EXHAUSTED_PRIMALITY_UNASSIGNED,513,9595,9595,NO_RECORDED_FACTOR_PRP_OR_LL_RESULT_AND_NO_ACTIVE_GIMPS_ASSIGNMENT,2026-08-06T12:58:23+00:00,UNALLOCATED,,,,,
SLCMP47-1254,1254,2369,154130677,2^154130677-1,STRUCTURAL_SCREEN_EXHAUSTED_PRIMALITY_UNASSIGNED,FIRST_SINGULARITY_SHELL_EXHAUSTED_PRIMALITY_UNASSIGNED,513,9595,9595,NO_RECORDED_FACTOR_PRP_OR_LL_RESULT_AND_NO_ACTIVE_GIMPS_ASSIGNMENT,2026-08-06T12:58:23+00:00,UNALLOCATED,,,,,
SLCMP47-1255,1255,2370,154130693,2^154130693-1,STRUCTURAL_SCREEN_EXHAUSTED_PRIMALITY_UNASSIGNED,FIRST_SINGULARITY_SHELL_EXHAUSTED_PRIMALITY_UNASSIGNED,513,9595,9595,NO_RECORDED_FACTOR_PRP_OR_LL_RESULT_AND_NO_ACTIVE_GIMPS_ASSIGNMENT,2026-08-06T12:58:23+00:00,UNALLOCATED,,,,,
SLCMP47-1256,1256,2371,154130761,2^154130761-1,STRUCTURAL_SCREEN_EXHAUSTED_PRIMALITY_UNASSIGNED,FIRST_SINGULARITY_SHELL_EXHAUSTED_PRIMALITY_UNASSIGNED,513,9595,9595,NO_RECORDED_FACTOR_PRP_OR_LL_RESULT_AND_NO_ACTIVE_GIMPS_ASSIGNMENT,2026-08-06T12:58:23+00:00,UNALLOCATED,,,,,
SLCMP47-1257,1257,2372,154130777,2^154130777-1,STRUCTURAL_SCREEN_EXHAUSTED_PRIMALITY_UNASSIGNED,FIRST_SINGULARITY_SHELL_EXHAUSTED_PRIMALITY_UNASSIGNED,513,9595,9595,NO_RECORDED_FACTOR_PRP_OR_LL_RESULT_AND_NO_ACTIVE_GIMPS_ASSIGNMENT,2026-08-06T12:58:23+00:00,UNALLOCATED,,,,,
SLCMP47-1258,1258,2373,154130783,2^154130783-1,STRUCTURAL_SCREEN_EXHAUSTED_PRIMALITY_UNASSIGNED,FIRST_SINGULARITY_SHELL_EXHAUSTED_PRIMALITY_UNASSIGNED,514,9595,9595,NO_RECORDED_FACTOR_PRP_OR_LL_RESULT_AND_NO_ACTIVE_GIMPS_ASSIGNMENT,2026-08-06T12:58:23+00:00,UNALLOCATED,,,,,
SLCMP47-1259,1259,2374,154130819,2^154130819-1,STRUCTURAL_SCREEN_EXHAUSTED_PRIMALITY_UNASSIGNED,FIRST_SINGULARITY_SHELL_EXHAUSTED_PRIMALITY_UNASSIGNED,514,9595,9595,NO_RECORDED_FACTOR_PRP_OR_LL_RESULT_AND_NO_ACTIVE_GIMPS_ASSIGNMENT,2026-08-06T12:58:23+00:00,UNALLOCATED,,,,,
SLCMP47-1260,1260,2375,154130839,2^154130839-1,STRUCTURAL_SCREEN_EXHAUSTED_PRIMALITY_UNASSIGNED,FIRST_SINGULARITY_SHELL_EXHAUSTED_PRIMALITY_UNASSIGNED,514,9595,9595,NO_RECORDED_FACTOR_PRP_OR_LL_RESULT_AND_NO_ACTIVE_GIMPS_ASSIGNMENT,2026-08-06T12:58:23+00:00,UNALLOCATED,,,,,
SLCMP47-1261,1261,2376,154130897,2^154130897-1,STRUCTURAL_SCREEN_EXHAUSTED_PRIMALITY_UNASSIGNED,FIRST_SINGULARITY_SHELL_EXHAUSTED_PRIMALITY_UNASSIGNED,513,9595,9595,NO_RECORDED_FACTOR_PRP_OR_LL_RESULT_AND_NO_ACTIVE_GIMPS_ASSIGNMENT,2026-08-06T12:58:23+00:00,UNALLOCATED,,,,,
SLCMP47-1262,1262,2377,154130923,2^154130923-1,STRUCTURAL_SCREEN_EXHAUSTED_PRIMALITY_UNASSIGNED,FIRST_SINGULARITY_SHELL_EXHAUSTED_PRIMALITY_UNASSIGNED,514,9595,9595,NO_RECORDED_FACTOR_PRP_OR_LL_RESULT_AND_NO_ACTIVE_GIMPS_ASSIGNMENT,2026-08-06T12:58:23+00:00,UNALLOCATED,,,,,
SLCMP47-1263,1263,2378,154130953,2^154130953-1,STRUCTURAL_SCREEN_EXHAUSTED_PRIMALITY_UNASSIGNED,FIRST_SINGULARITY_SHELL_EXHAUSTED_PRIMALITY_UNASSIGNED,513,9595,9595,NO_RECORDED_FACTOR_PRP_OR_LL_RESULT_AND_NO_ACTIVE_GIMPS_ASSIGNMENT,2026-08-06T12:58:23+00:00,UNALLOCATED,,,,,
SLCMP47-1264,1264,2379,154131023,2^154131023-1,STRUCTURAL_SCREEN_EXHAUSTED_PRIMALITY_UNASSIGNED,FIRST_SINGULARITY_SHELL_EXHAUSTED_PRIMALITY_UNASSIGNED,514,9595,9595,NO_RECORDED_FACTOR_PRP_OR_LL_RESULT_AND_NO_ACTIVE_GIMPS_ASSIGNMENT,2026-08-06T12:58:23+00:00,UNALLOCATED,,,,,
SLCMP47-1265,1265,2380,154131037,2^154131037-1,STRUCTURAL_SCREEN_EXHAUSTED_PRIMALITY_UNASSIGNED,FIRST_SINGULARITY_SHELL_EXHAUSTED_PRIMALITY_UNASSIGNED,513,9595,9595,NO_RECORDED_FACTOR_PRP_OR_LL_RESULT_AND_NO_ACTIVE_GIMPS_ASSIGNMENT,2026-08-06T12:58:23+00:00,UNALLOCATED,,,,,
SLCMP47-1266,1266,2381,154131071,2^154131071-1,STRUCTURAL_SCREEN_EXHAUSTED_PRIMALITY_UNASSIGNED,FIRST_SINGULARITY_SHELL_EXHAUSTED_PRIMALITY_UNASSIGNED,514,9595,9595,NO_RECORDED_FACTOR_PRP_OR_LL_RESULT_AND_NO_ACTIVE_GIMPS_ASSIGNMENT,2026-08-06T12:58:23+00:00,UNALLOCATED,,,,,
SLCMP47-1267,1267,2382,154131091,2^154131091-1,STRUCTURAL_SCREEN_EXHAUSTED_PRIMALITY_UNASSIGNED,FIRST_SINGULARITY_SHELL_EXHAUSTED_PRIMALITY_UNASSIGNED,514,9595,9595,NO_RECORDED_FACTOR_PRP_OR_LL_RESULT_AND_NO_ACTIVE_GIMPS_ASSIGNMENT,2026-08-06T12:58:23+00:00,UNALLOCATED,,,,,
SLCMP47-1268,1268,2383,154131193,2^154131193-1,STRUCTURAL_SCREEN_EXHAUSTED_PRIMALITY_UNASSIGNED,FIRST_SINGULARITY_SHELL_EXHAUSTED_PRIMALITY_UNASSIGNED,513,9595,9595,NO_RECORDED_FACTOR_PRP_OR_LL_RESULT_AND_NO_ACTIVE_GIMPS_ASSIGNMENT,2026-08-06T12:58:23+00:00,UNALLOCATED,,,,,
SLCMP47-1269,1269,2384,154131269,2^154131269-1,STRUCTURAL_SCREEN_EXHAUSTED_PRIMALITY_UNASSIGNED,FIRST_SINGULARITY_SHELL_EXHAUSTED_PRIMALITY_UNASSIGNED,513,9595,9595,NO_RECORDED_FACTOR_PRP_OR_LL_RESULT_AND_NO_ACTIVE_GIMPS_ASSIGNMENT,2026-08-06T12:58:23+00:00,UNALLOCATED,,,,,
SLCMP47-1270,1270,2385,154131293,2^154131293-1,STRUCTURAL_SCREEN_EXHAUSTED_PRIMALITY_UNASSIGNED,FIRST_SINGULARITY_SHELL_EXHAUSTED_PRIMALITY_UNASSIGNED,513,9595,9595,NO_RECORDED_FACTOR_PRP_OR_LL_RESULT_AND_NO_ACTIVE_GIMPS_ASSIGNMENT,2026-08-06T12:58:23+00:00,UNALLOCATED,,,,,
SLCMP47-1271,1271,2386,154131337,2^154131337-1,STRUCTURAL_SCREEN_EXHAUSTED_PRIMALITY_UNASSIGNED,FIRST_SINGULARITY_SHELL_EXHAUSTED_PRIMALITY_UNASSIGNED,513,9595,9595,NO_RECORDED_FACTOR_PRP_OR_LL_RESULT_AND_NO_ACTIVE_GIMPS_ASSIGNMENT,2026-08-06T12:58:23+00:00,UNALLOCATED,,,,,
SLCMP47-1272,1272,2387,154131389,2^154131389-1,STRUCTURAL_SCREEN_EXHAUSTED_PRIMALITY_UNASSIGNED,FIRST_SINGULARITY_SHELL_EXHAUSTED_PRIMALITY_UNASSIGNED,513,9595,9595,NO_RECORDED_FACTOR_PRP_OR_LL_RESULT_AND_NO_ACTIVE_GIMPS_ASSIGNMENT,2026-08-06T12:58:23+00:00,UNALLOCATED,,,,,
SLCMP47-1273,1273,2388,154131457,2^154131457-1,STRUCTURAL_SCREEN_EXHAUSTED_PRIMALITY_UNASSIGNED,FIRST_SINGULARITY_SHELL_EXHAUSTED_PRIMALITY_UNASSIGNED,513,9595,9595,NO_RECORDED_FACTOR_PRP_OR_LL_RESULT_AND_NO_ACTIVE_GIMPS_ASSIGNMENT,2026-08-06T12:58:23+00:00,UNALLOCATED,,,,,
SLCMP47-1274,1274,2389,154131463,2^154131463-1,STRUCTURAL_SCREEN_EXHAUSTED_PRIMALITY_UNASSIGNED,FIRST_SINGULARITY_SHELL_EXHAUSTED_PRIMALITY_UNASSIGNED,514,9595,9595,NO_RECORDED_FACTOR_PRP_OR_LL_RESULT_AND_NO_ACTIVE_GIMPS_ASSIGNMENT,2026-08-06T12:58:23+00:00,UNALLOCATED,,,,,
SLCMP47-1275,1275,2390,154131611,2^154131611-1,STRUCTURAL_SCREEN_EXHAUSTED_PRIMALITY_UNASSIGNED,FIRST_SINGULARITY_SHELL_EXHAUSTED_PRIMALITY_UNASSIGNED,514,9595,9595,NO_RECORDED_FACTOR_PRP_OR_LL_RESULT_AND_NO_ACTIVE_GIMPS_ASSIGNMENT,2026-08-06T12:58:23+00:00,UNALLOCATED,,,,,
SLCMP47-1276,1276,2391,154131799,2^154131799-1,STRUCTURAL_SCREEN_EXHAUSTED_PRIMALITY_UNASSIGNED,FIRST_SINGULARITY_SHELL_EXHAUSTED_PRIMALITY_UNASSIGNED,514,9595,9595,NO_RECORDED_FACTOR_PRP_OR_LL_RESULT_AND_NO_ACTIVE_GIMPS_ASSIGNMENT,2026-08-06T12:58:23+00:00,UNALLOCATED,,,,,
SLCMP47-1277,1277,2392,154131827,2^154131827-1,STRUCTURAL_SCREEN_EXHAUSTED_PRIMALITY_UNASSIGNED,FIRST_SINGULARITY_SHELL_EXHAUSTED_PRIMALITY_UNASSIGNED,514,9595,9595,NO_RECORDED_FACTOR_PRP_OR_LL_RESULT_AND_NO_ACTIVE_GIMPS_ASSIGNMENT,2026-08-06T12:58:23+00:00,UNALLOCATED,,,,,
SLCMP47-1278,1278,2393,154131863,2^154131863-1,STRUCTURAL_SCREEN_EXHAUSTED_PRIMALITY_UNASSIGNED,FIRST_SINGULARITY_SHELL_EXHAUSTED_PRIMALITY_UNASSIGNED,514,9595,9595,NO_RECORDED_FACTOR_PRP_OR_LL_RESULT_AND_NO_ACTIVE_GIMPS_ASSIGNMENT,2026-08-06T12:58:23+00:00,UNALLOCATED,,,,,
SLCMP47-1279,1279,2394,154131869,2^154131869-1,STRUCTURAL_SCREEN_EXHAUSTED_PRIMALITY_UNASSIGNED,FIRST_SINGULARITY_SHELL_EXHAUSTED_PRIMALITY_UNASSIGNED,513,9595,9595,NO_RECORDED_FACTOR_PRP_OR_LL_RESULT_AND_NO_ACTIVE_GIMPS_ASSIGNMENT,2026-08-06T12:58:23+00:00,UNALLOCATED,,,,,
SLCMP47-1280,1280,2395,154131917,2^154131917-1,STRUCTURAL_SCREEN_EXHAUSTED_PRIMALITY_UNASSIGNED,FIRST_SINGULARITY_SHELL_EXHAUSTED_PRIMALITY_UNASSIGNED,513,9595,9595,NO_RECORDED_FACTOR_PRP_OR_LL_RESULT_AND_NO_ACTIVE_GIMPS_ASSIGNMENT,2026-08-06T12:58:23+00:00,UNALLOCATED,,,,,
SLCMP47-1281,1281,2396,154132049,2^154132049-1,STRUCTURAL_SCREEN_EXHAUSTED_PRIMALITY_UNASSIGNED,FIRST_SINGULARITY_SHELL_EXHAUSTED_PRIMALITY_UNASSIGNED,513,9595,9595,NO_RECORDED_FACTOR_PRP_OR_LL_RESULT_AND_NO_ACTIVE_GIMPS_ASSIGNMENT,2026-08-06T12:58:23+00:00,UNALLOCATED,,,,,
SLCMP47-1282,1282,2397,154132051,2^154132051-1,STRUCTURAL_SCREEN_EXHAUSTED_PRIMALITY_UNASSIGNED,FIRST_SINGULARITY_SHELL_EXHAUSTED_PRIMALITY_UNASSIGNED,514,9595,9595,NO_RECORDED_FACTOR_PRP_OR_LL_RESULT_AND_NO_ACTIVE_GIMPS_ASSIGNMENT,2026-08-06T12:58:23+00:00,UNALLOCATED,,,,,
SLCMP47-1283,1283,2398,154132151,2^154132151-1,STRUCTURAL_SCREEN_EXHAUSTED_PRIMALITY_UNASSIGNED,FIRST_SINGULARITY_SHELL_EXHAUSTED_PRIMALITY_UNASSIGNED,514,9595,9595,NO_RECORDED_FACTOR_PRP_OR_LL_RESULT_AND_NO_ACTIVE_GIMPS_ASSIGNMENT,2026-08-06T12:58:23+00:00,UNALLOCATED,,,,,
SLCMP47-1284,1284,2399,154132201,2^154132201-1,STRUCTURAL_SCREEN_EXHAUSTED_PRIMALITY_UNASSIGNED,FIRST_SINGULARITY_SHELL_EXHAUSTED_PRIMALITY_UNASSIGNED,513,9595,9595,NO_RECORDED_FACTOR_PRP_OR_LL_RESULT_AND_NO_ACTIVE_GIMPS_ASSIGNMENT,2026-08-06T12:58:23+00:00,UNALLOCATED,,,,,
SLCMP47-1285,1285,2400,154132241,2^154132241-1,STRUCTURAL_SCREEN_EXHAUSTED_PRIMALITY_UNASSIGNED,FIRST_SINGULARITY_SHELL_EXHAUSTED_PRIMALITY_UNASSIGNED,513,9595,9595,NO_RECORDED_FACTOR_PRP_OR_LL_RESULT_AND_NO_ACTIVE_GIMPS_ASSIGNMENT,2026-08-06T12:58:23+00:00,UNALLOCATED,,,,,
SLCMP47-1286,1286,2401,154132331,2^154132331-1,STRUCTURAL_SCREEN_EXHAUSTED_PRIMALITY_UNASSIGNED,FIRST_SINGULARITY_SHELL_EXHAUSTED_PRIMALITY_UNASSIGNED,514,9595,9595,NO_RECORDED_FACTOR_PRP_OR_LL_RESULT_AND_NO_ACTIVE_GIMPS_ASSIGNMENT,2026-08-06T12:58:23+00:00,UNALLOCATED,,,,,
SLCMP47-1287,1287,2402,154132333,2^154132333-1,STRUCTURAL_SCREEN_EXHAUSTED_PRIMALITY_UNASSIGNED,FIRST_SINGULARITY_SHELL_EXHAUSTED_PRIMALITY_UNASSIGNED,513,9595,9595,NO_RECORDED_FACTOR_PRP_OR_LL_RESULT_AND_NO_ACTIVE_GIMPS_ASSIGNMENT,2026-08-06T12:58:23+00:00,UNALLOCATED,,,,,
SLCMP47-1288,1288,2403,154132337,2^154132337-1,STRUCTURAL_SCREEN_EXHAUSTED_PRIMALITY_UNASSIGNED,FIRST_SINGULARITY_SHELL_EXHAUSTED_PRIMALITY_UNASSIGNED,513,9595,9595,NO_RECORDED_FACTOR_PRP_OR_LL_RESULT_AND_NO_ACTIVE_GIMPS_ASSIGNMENT,2026-08-06T12:58:23+00:00,UNALLOCATED,,,,,
SLCMP47-1289,1289,2404,154132369,2^154132369-1,STRUCTURAL_SCREEN_EXHAUSTED_PRIMALITY_UNASSIGNED,FIRST_SINGULARITY_SHELL_EXHAUSTED_PRIMALITY_UNASSIGNED,513,9595,9595,NO_RECORDED_FACTOR_PRP_OR_LL_RESULT_AND_NO_ACTIVE_GIMPS_ASSIGNMENT,2026-08-06T12:58:23+00:00,UNALLOCATED,,,,,
SLCMP47-1290,1290,2405,154132379,2^154132379-1,STRUCTURAL_SCREEN_EXHAUSTED_PRIMALITY_UNASSIGNED,FIRST_SINGULARITY_SHELL_EXHAUSTED_PRIMALITY_UNASSIGNED,514,9595,9595,NO_RECORDED_FACTOR_PRP_OR_LL_RESULT_AND_NO_ACTIVE_GIMPS_ASSIGNMENT,2026-08-06T12:58:23+00:00,UNALLOCATED,,,,,
SLCMP47-1291,1291,2406,154132441,2^154132441-1,STRUCTURAL_SCREEN_EXHAUSTED_PRIMALITY_UNASSIGNED,FIRST_SINGULARITY_SHELL_EXHAUSTED_PRIMALITY_UNASSIGNED,513,9595,9595,NO_RECORDED_FACTOR_PRP_OR_LL_RESULT_AND_NO_ACTIVE_GIMPS_ASSIGNMENT,2026-08-06T12:58:23+00:00,UNALLOCATED,,,,,
SLCMP47-1292,1292,2407,154132457,2^154132457-1,STRUCTURAL_SCREEN_EXHAUSTED_PRIMALITY_UNASSIGNED,FIRST_SINGULARITY_SHELL_EXHAUSTED_PRIMALITY_UNASSIGNED,513,9595,9595,NO_RECORDED_FACTOR_PRP_OR_LL_RESULT_AND_NO_ACTIVE_GIMPS_ASSIGNMENT,2026-08-06T12:58:23+00:00,UNALLOCATED,,,,,
SLCMP47-1293,1293,2408,154132463,2^154132463-1,STRUCTURAL_SCREEN_EXHAUSTED_PRIMALITY_UNASSIGNED,FIRST_SINGULARITY_SHELL_EXHAUSTED_PRIMALITY_UNASSIGNED,514,9595,9595,NO_RECORDED_FACTOR_PRP_OR_LL_RESULT_AND_NO_ACTIVE_GIMPS_ASSIGNMENT,2026-08-06T12:58:23+00:00,UNALLOCATED,,,,,
SLCMP47-1294,1294,2409,154132567,2^154132567-1,STRUCTURAL_SCREEN_EXHAUSTED_PRIMALITY_UNASSIGNED,FIRST_SINGULARITY_SHELL_EXHAUSTED_PRIMALITY_UNASSIGNED,514,9595,9595,NO_RECORDED_FACTOR_PRP_OR_LL_RESULT_AND_NO_ACTIVE_GIMPS_ASSIGNMENT,2026-08-06T12:58:23+00:00,UNALLOCATED,,,,,
SLCMP47-1295,1295,2410,154132609,2^154132609-1,STRUCTURAL_SCREEN_EXHAUSTED_PRIMALITY_UNASSIGNED,FIRST_SINGULARITY_SHELL_EXHAUSTED_PRIMALITY_UNASSIGNED,513,9595,9595,NO_RECORDED_FACTOR_PRP_OR_LL_RESULT_AND_NO_ACTIVE_GIMPS_ASSIGNMENT,2026-08-06T12:58:23+00:00,UNALLOCATED,,,,,
SLCMP47-1296,1296,2411,154132631,2^154132631-1,STRUCTURAL_SCREEN_EXHAUSTED_PRIMALITY_UNASSIGNED,FIRST_SINGULARITY_SHELL_EXHAUSTED_PRIMALITY_UNASSIGNED,514,9595,9595,NO_RECORDED_FACTOR_PRP_OR_LL_RESULT_AND_NO_ACTIVE_GIMPS_ASSIGNMENT,2026-08-06T12:58:23+00:00,UNALLOCATED,,,,,
SLCMP47-1297,1297,2412,154132681,2^154132681-1,STRUCTURAL_SCREEN_EXHAUSTED_PRIMALITY_UNASSIGNED,FIRST_SINGULARITY_SHELL_EXHAUSTED_PRIMALITY_UNASSIGNED,513,9595,9595,NO_RECORDED_FACTOR_PRP_OR_LL_RESULT_AND_NO_ACTIVE_GIMPS_ASSIGNMENT,2026-08-06T12:58:23+00:00,UNALLOCATED,,,,,
SLCMP47-1298,1298,2413,154132753,2^154132753-1,STRUCTURAL_SCREEN_EXHAUSTED_PRIMALITY_UNASSIGNED,FIRST_SINGULARITY_SHELL_EXHAUSTED_PRIMALITY_UNASSIGNED,513,9595,9595,NO_RECORDED_FACTOR_PRP_OR_LL_RESULT_AND_NO_ACTIVE_GIMPS_ASSIGNMENT,2026-08-06T12:58:23+00:00,UNALLOCATED,,,,,
SLCMP47-1299,1299,2414,154132789,2^154132789-1,STRUCTURAL_SCREEN_EXHAUSTED_PRIMALITY_UNASSIGNED,FIRST_SINGULARITY_SHELL_EXHAUSTED_PRIMALITY_UNASSIGNED,513,9595,9595,NO_RECORDED_FACTOR_PRP_OR_LL_RESULT_AND_NO_ACTIVE_GIMPS_ASSIGNMENT,2026-08-06T12:58:23+00:00,UNALLOCATED,,,,,
SLCMP47-1300,1300,2415,154132933,2^154132933-1,STRUCTURAL_SCREEN_EXHAUSTED_PRIMALITY_UNASSIGNED,FIRST_SINGULARITY_SHELL_EXHAUSTED_PRIMALITY_UNASSIGNED,513,9595,9595,NO_RECORDED_FACTOR_PRP_OR_LL_RESULT_AND_NO_ACTIVE_GIMPS_ASSIGNMENT,2026-08-06T12:58:23+00:00,UNALLOCATED,,,,,
SLCMP47-1301,1301,2416,154132967,2^154132967-1,STRUCTURAL_SCREEN_EXHAUSTED_PRIMALITY_UNASSIGNED,FIRST_SINGULARITY_SHELL_EXHAUSTED_PRIMALITY_UNASSIGNED,514,9595,9595,NO_RECORDED_FACTOR_PRP_OR_LL_RESULT_AND_NO_ACTIVE_GIMPS_ASSIGNMENT,2026-08-06T12:58:23+00:00,UNALLOCATED,,,,,
SLCMP47-1302,1302,2417,154133047,2^154133047-1,STRUCTURAL_SCREEN_EXHAUSTED_PRIMALITY_UNASSIGNED,FIRST_SINGULARITY_SHELL_EXHAUSTED_PRIMALITY_UNASSIGNED,514,9595,9595,NO_RECORDED_FACTOR_PRP_OR_LL_RESULT_AND_NO_ACTIVE_GIMPS_ASSIGNMENT,2026-08-06T12:58:23+00:00,UNALLOCATED,,,,,
SLCMP47-1303,1303,2418,154133071,2^154133071-1,STRUCTURAL_SCREEN_EXHAUSTED_PRIMALITY_UNASSIGNED,FIRST_SINGULARITY_SHELL_EXHAUSTED_PRIMALITY_UNASSIGNED,514,9595,9595,NO_RECORDED_FACTOR_PRP_OR_LL_RESULT_AND_NO_ACTIVE_GIMPS_ASSIGNMENT,2026-08-06T12:58:23+00:00,UNALLOCATED,,,,,
SLCMP47-1304,1304,2419,154133123,2^154133123-1,STRUCTURAL_SCREEN_EXHAUSTED_PRIMALITY_UNASSIGNED,FIRST_SINGULARITY_SHELL_EXHAUSTED_PRIMALITY_UNASSIGNED,514,9595,9595,NO_RECORDED_FACTOR_PRP_OR_LL_RESULT_AND_NO_ACTIVE_GIMPS_ASSIGNMENT,2026-08-06T12:58:23+00:00,UNALLOCATED,,,,,
SLCMP47-1305,1305,2420,154133191,2^154133191-1,STRUCTURAL_SCREEN_EXHAUSTED_PRIMALITY_UNASSIGNED,FIRST_SINGULARITY_SHELL_EXHAUSTED_PRIMALITY_UNASSIGNED,514,9595,9595,NO_RECORDED_FACTOR_PRP_OR_LL_RESULT_AND_NO_ACTIVE_GIMPS_ASSIGNMENT,2026-08-06T12:58:23+00:00,UNALLOCATED,,,,,
SLCMP47-1306,1306,2421,154133201,2^154133201-1,STRUCTURAL_SCREEN_EXHAUSTED_PRIMALITY_UNASSIGNED,FIRST_SINGULARITY_SHELL_EXHAUSTED_PRIMALITY_UNASSIGNED,513,9595,9595,NO_RECORDED_FACTOR_PRP_OR_LL_RESULT_AND_NO_ACTIVE_GIMPS_ASSIGNMENT,2026-08-06T12:58:23+00:00,UNALLOCATED,,,,,
SLCMP47-1307,1307,2422,154133219,2^154133219-1,STRUCTURAL_SCREEN_EXHAUSTED_PRIMALITY_UNASSIGNED,FIRST_SINGULARITY_SHELL_EXHAUSTED_PRIMALITY_UNASSIGNED,514,9595,9595,NO_RECORDED_FACTOR_PRP_OR_LL_RESULT_AND_NO_ACTIVE_GIMPS_ASSIGNMENT,2026-08-06T12:58:23+00:00,UNALLOCATED,,,,,
SLCMP47-1308,1308,2423,154133279,2^154133279-1,STRUCTURAL_SCREEN_EXHAUSTED_PRIMALITY_UNASSIGNED,FIRST_SINGULARITY_SHELL_EXHAUSTED_PRIMALITY_UNASSIGNED,514,9595,9595,NO_RECORDED_FACTOR_PRP_OR_LL_RESULT_AND_NO_ACTIVE_GIMPS_ASSIGNMENT,2026-08-06T12:58:23+00:00,UNALLOCATED,,,,,
SLCMP47-1309,1309,2424,154133321,2^154133321-1,STRUCTURAL_SCREEN_EXHAUSTED_PRIMALITY_UNASSIGNED,FIRST_SINGULARITY_SHELL_EXHAUSTED_PRIMALITY_UNASSIGNED,513,9595,9595,NO_RECORDED_FACTOR_PRP_OR_LL_RESULT_AND_NO_ACTIVE_GIMPS_ASSIGNMENT,2026-08-06T12:58:23+00:00,UNALLOCATED,,,,,
SLCMP47-1310,1310,2425,154133323,2^154133323-1,STRUCTURAL_SCREEN_EXHAUSTED_PRIMALITY_UNASSIGNED,FIRST_SINGULARITY_SHELL_EXHAUSTED_PRIMALITY_UNASSIGNED,514,9595,9595,NO_RECORDED_FACTOR_PRP_OR_LL_RESULT_AND_NO_ACTIVE_GIMPS_ASSIGNMENT,2026-08-06T12:58:23+00:00,UNALLOCATED,,,,,
SLCMP47-1311,1311,2426,154133431,2^154133431-1,STRUCTURAL_SCREEN_EXHAUSTED_PRIMALITY_UNASSIGNED,FIRST_SINGULARITY_SHELL_EXHAUSTED_PRIMALITY_UNASSIGNED,514,9595,9595,NO_RECORDED_FACTOR_PRP_OR_LL_RESULT_AND_NO_ACTIVE_GIMPS_ASSIGNMENT,2026-08-06T12:58:23+00:00,UNALLOCATED,,,,,
SLCMP47-1312,1312,2427,154133477,2^154133477-1,STRUCTURAL_SCREEN_EXHAUSTED_PRIMALITY_UNASSIGNED,FIRST_SINGULARITY_SHELL_EXHAUSTED_PRIMALITY_UNASSIGNED,513,9595,9595,NO_RECORDED_FACTOR_PRP_OR_LL_RESULT_AND_NO_ACTIVE_GIMPS_ASSIGNMENT,2026-08-06T12:58:23+00:00,UNALLOCATED,,,,,
SLCMP47-1313,1313,2428,154133479,2^154133479-1,STRUCTURAL_SCREEN_EXHAUSTED_PRIMALITY_UNASSIGNED,FIRST_SINGULARITY_SHELL_EXHAUSTED_PRIMALITY_UNASSIGNED,514,9595,9595,NO_RECORDED_FACTOR_PRP_OR_LL_RESULT_AND_NO_ACTIVE_GIMPS_ASSIGNMENT,2026-08-06T12:58:23+00:00,UNALLOCATED,,,,,
SLCMP47-1314,1314,2429,154133501,2^154133501-1,STRUCTURAL_SCREEN_EXHAUSTED_PRIMALITY_UNASSIGNED,FIRST_SINGULARITY_SHELL_EXHAUSTED_PRIMALITY_UNASSIGNED,513,9595,9595,NO_RECORDED_FACTOR_PRP_OR_LL_RESULT_AND_NO_ACTIVE_GIMPS_ASSIGNMENT,2026-08-06T12:58:23+00:00,UNALLOCATED,,,,,
SLCMP47-1315,1315,2430,154133537,2^154133537-1,STRUCTURAL_SCREEN_EXHAUSTED_PRIMALITY_UNASSIGNED,FIRST_SINGULARITY_SHELL_EXHAUSTED_PRIMALITY_UNASSIGNED,513,9595,9595,NO_RECORDED_FACTOR_PRP_OR_LL_RESULT_AND_NO_ACTIVE_GIMPS_ASSIGNMENT,2026-08-06T12:58:23+00:00,UNALLOCATED,,,,,
SLCMP47-1316,1316,2431,154133563,2^154133563-1,STRUCTURAL_SCREEN_EXHAUSTED_PRIMALITY_UNASSIGNED,FIRST_SINGULARITY_SHELL_EXHAUSTED_PRIMALITY_UNASSIGNED,514,9595,9595,NO_RECORDED_FACTOR_PRP_OR_LL_RESULT_AND_NO_ACTIVE_GIMPS_ASSIGNMENT,2026-08-06T12:58:23+00:00,UNALLOCATED,,,,,
SLCMP47-1317,1317,2432,154133731,2^154133731-1,STRUCTURAL_SCREEN_EXHAUSTED_PRIMALITY_UNASSIGNED,FIRST_SINGULARITY_SHELL_EXHAUSTED_PRIMALITY_UNASSIGNED,514,9595,9595,NO_RECORDED_FACTOR_PRP_OR_LL_RESULT_AND_NO_ACTIVE_GIMPS_ASSIGNMENT,2026-08-06T12:58:23+00:00,UNALLOCATED,,,,,
SLCMP47-1318,1318,2433,154133797,2^154133797-1,STRUCTURAL_SCREEN_EXHAUSTED_PRIMALITY_UNASSIGNED,FIRST_SINGULARITY_SHELL_EXHAUSTED_PRIMALITY_UNASSIGNED,513,9595,9595,NO_RECORDED_FACTOR_PRP_OR_LL_RESULT_AND_NO_ACTIVE_GIMPS_ASSIGNMENT,2026-08-06T12:58:23+00:00,UNALLOCATED,,,,,
SLCMP47-1319,1319,2434,154133807,2^154133807-1,STRUCTURAL_SCREEN_EXHAUSTED_PRIMALITY_UNASSIGNED,FIRST_SINGULARITY_SHELL_EXHAUSTED_PRIMALITY_UNASSIGNED,514,9595,9595,NO_RECORDED_FACTOR_PRP_OR_LL_RESULT_AND_NO_ACTIVE_GIMPS_ASSIGNMENT,2026-08-06T12:58:23+00:00,UNALLOCATED,,,,,
SLCMP47-1320,1320,2435,154133813,2^154133813-1,STRUCTURAL_SCREEN_EXHAUSTED_PRIMALITY_UNASSIGNED,FIRST_SINGULARITY_SHELL_EXHAUSTED_PRIMALITY_UNASSIGNED,513,9595,9595,NO_RECORDED_FACTOR_PRP_OR_LL_RESULT_AND_NO_ACTIVE_GIMPS_ASSIGNMENT,2026-08-06T12:58:23+00:00,UNALLOCATED,,,,,
SLCMP47-1321,1321,2436,154133851,2^154133851-1,STRUCTURAL_SCREEN_EXHAUSTED_PRIMALITY_UNASSIGNED,FIRST_SINGULARITY_SHELL_EXHAUSTED_PRIMALITY_UNASSIGNED,514,9595,9595,NO_RECORDED_FACTOR_PRP_OR_LL_RESULT_AND_NO_ACTIVE_GIMPS_ASSIGNMENT,2026-08-06T12:58:23+00:00,UNALLOCATED,,,,,
SLCMP47-1322,1322,2437,154133867,2^154133867-1,STRUCTURAL_SCREEN_EXHAUSTED_PRIMALITY_UNASSIGNED,FIRST_SINGULARITY_SHELL_EXHAUSTED_PRIMALITY_UNASSIGNED,514,9595,9595,NO_RECORDED_FACTOR_PRP_OR_LL_RESULT_AND_NO_ACTIVE_GIMPS_ASSIGNMENT,2026-08-06T12:58:23+00:00,UNALLOCATED,,,,,
SLCMP47-1323,1323,2438,154133933,2^154133933-1,STRUCTURAL_SCREEN_EXHAUSTED_PRIMALITY_UNASSIGNED,FIRST_SINGULARITY_SHELL_EXHAUSTED_PRIMALITY_UNASSIGNED,513,9595,9595,NO_RECORDED_FACTOR_PRP_OR_LL_RESULT_AND_NO_ACTIVE_GIMPS_ASSIGNMENT,2026-08-06T12:58:23+00:00,UNALLOCATED,,,,,
SLCMP47-1324,1324,2439,154133983,2^154133983-1,STRUCTURAL_SCREEN_EXHAUSTED_PRIMALITY_UNASSIGNED,FIRST_SINGULARITY_SHELL_EXHAUSTED_PRIMALITY_UNASSIGNED,514,9595,9595,NO_RECORDED_FACTOR_PRP_OR_LL_RESULT_AND_NO_ACTIVE_GIMPS_ASSIGNMENT,2026-08-06T12:58:23+00:00,UNALLOCATED,,,,,
SLCMP47-1325,1325,2440,154134107,2^154134107-1,STRUCTURAL_SCREEN_EXHAUSTED_PRIMALITY_UNASSIGNED,FIRST_SINGULARITY_SHELL_EXHAUSTED_PRIMALITY_UNASSIGNED,514,9595,9595,NO_RECORDED_FACTOR_PRP_OR_LL_RESULT_AND_NO_ACTIVE_GIMPS_ASSIGNMENT,2026-08-06T12:58:23+00:00,UNALLOCATED,,,,,
SLCMP47-1326,1326,2441,154134151,2^154134151-1,STRUCTURAL_SCREEN_EXHAUSTED_PRIMALITY_UNASSIGNED,FIRST_SINGULARITY_SHELL_EXHAUSTED_PRIMALITY_UNASSIGNED,514,9595,9595,NO_RECORDED_FACTOR_PRP_OR_LL_RESULT_AND_NO_ACTIVE_GIMPS_ASSIGNMENT,2026-08-06T12:58:23+00:00,UNALLOCATED,,,,,
SLCMP47-1327,1327,2442,154134161,2^154134161-1,STRUCTURAL_SCREEN_EXHAUSTED_PRIMALITY_UNASSIGNED,FIRST_SINGULARITY_SHELL_EXHAUSTED_PRIMALITY_UNASSIGNED,513,9595,9595,NO_RECORDED_FACTOR_PRP_OR_LL_RESULT_AND_NO_ACTIVE_GIMPS_ASSIGNMENT,2026-08-06T12:58:23+00:00,UNALLOCATED,,,,,
SLCMP47-1328,1328,2443,154134287,2^154134287-1,STRUCTURAL_SCREEN_EXHAUSTED_PRIMALITY_UNASSIGNED,FIRST_SINGULARITY_SHELL_EXHAUSTED_PRIMALITY_UNASSIGNED,514,9595,9595,NO_RECORDED_FACTOR_PRP_OR_LL_RESULT_AND_NO_ACTIVE_GIMPS_ASSIGNMENT,2026-08-06T12:58:23+00:00,UNALLOCATED,,,,,
SLCMP47-1329,1329,2444,154134419,2^154134419-1,STRUCTURAL_SCREEN_EXHAUSTED_PRIMALITY_UNASSIGNED,FIRST_SINGULARITY_SHELL_EXHAUSTED_PRIMALITY_UNASSIGNED,514,9595,9595,NO_RECORDED_FACTOR_PRP_OR_LL_RESULT_AND_NO_ACTIVE_GIMPS_ASSIGNMENT,2026-08-06T12:58:23+00:00,UNALLOCATED,,,,,
SLCMP47-1330,1330,2445,154134437,2^154134437-1,STRUCTURAL_SCREEN_EXHAUSTED_PRIMALITY_UNASSIGNED,FIRST_SINGULARITY_SHELL_EXHAUSTED_PRIMALITY_UNASSIGNED,513,9595,9595,NO_RECORDED_FACTOR_PRP_OR_LL_RESULT_AND_NO_ACTIVE_GIMPS_ASSIGNMENT,2026-08-06T12:58:23+00:00,UNALLOCATED,,,,,
SLCMP47-1331,1331,2446,154134553,2^154134553-1,STRUCTURAL_SCREEN_EXHAUSTED_PRIMALITY_UNASSIGNED,FIRST_SINGULARITY_SHELL_EXHAUSTED_PRIMALITY_UNASSIGNED,513,9595,9595,NO_RECORDED_FACTOR_PRP_OR_LL_RESULT_AND_NO_ACTIVE_GIMPS_ASSIGNMENT,2026-08-06T12:58:23+00:00,UNALLOCATED,,,,,
SLCMP47-1332,1332,2447,154134557,2^154134557-1,STRUCTURAL_SCREEN_EXHAUSTED_PRIMALITY_UNASSIGNED,FIRST_SINGULARITY_SHELL_EXHAUSTED_PRIMALITY_UNASSIGNED,513,9595,9595,NO_RECORDED_FACTOR_PRP_OR_LL_RESULT_AND_NO_ACTIVE_GIMPS_ASSIGNMENT,2026-08-06T12:58:23+00:00,UNALLOCATED,,,,,
SLCMP47-1333,1333,2448,154134601,2^154134601-1,STRUCTURAL_SCREEN_EXHAUSTED_PRIMALITY_UNASSIGNED,FIRST_SINGULARITY_SHELL_EXHAUSTED_PRIMALITY_UNASSIGNED,513,9595,9595,NO_RECORDED_FACTOR_PRP_OR_LL_RESULT_AND_NO_ACTIVE_GIMPS_ASSIGNMENT,2026-08-06T12:58:23+00:00,UNALLOCATED,,,,,
SLCMP47-1334,1334,2449,154134769,2^154134769-1,STRUCTURAL_SCREEN_EXHAUSTED_PRIMALITY_UNASSIGNED,FIRST_SINGULARITY_SHELL_EXHAUSTED_PRIMALITY_UNASSIGNED,513,9595,9595,NO_RECORDED_FACTOR_PRP_OR_LL_RESULT_AND_NO_ACTIVE_GIMPS_ASSIGNMENT,2026-08-06T12:58:23+00:00,UNALLOCATED,,,,,
SLCMP47-1335,1335,2450,154134781,2^154134781-1,STRUCTURAL_SCREEN_EXHAUSTED_PRIMALITY_UNASSIGNED,FIRST_SINGULARITY_SHELL_EXHAUSTED_PRIMALITY_UNASSIGNED,513,9595,9595,NO_RECORDED_FACTOR_PRP_OR_LL_RESULT_AND_NO_ACTIVE_GIMPS_ASSIGNMENT,2026-08-06T12:58:23+00:00,UNALLOCATED,,,,,
SLCMP47-1336,1336,2451,154134811,2^154134811-1,STRUCTURAL_SCREEN_EXHAUSTED_PRIMALITY_UNASSIGNED,FIRST_SINGULARITY_SHELL_EXHAUSTED_PRIMALITY_UNASSIGNED,514,9595,9595,NO_RECORDED_FACTOR_PRP_OR_LL_RESULT_AND_NO_ACTIVE_GIMPS_ASSIGNMENT,2026-08-06T12:58:23+00:00,UNALLOCATED,,,,,
SLCMP47-1337,1337,2452,154134847,2^154134847-1,STRUCTURAL_SCREEN_EXHAUSTED_PRIMALITY_UNASSIGNED,FIRST_SINGULARITY_SHELL_EXHAUSTED_PRIMALITY_UNASSIGNED,514,9595,9595,NO_RECORDED_FACTOR_PRP_OR_LL_RESULT_AND_NO_ACTIVE_GIMPS_ASSIGNMENT,2026-08-06T12:58:23+00:00,UNALLOCATED,,,,,
SLCMP47-1338,1338,2453,154134857,2^154134857-1,STRUCTURAL_SCREEN_EXHAUSTED_PRIMALITY_UNASSIGNED,FIRST_SINGULARITY_SHELL_EXHAUSTED_PRIMALITY_UNASSIGNED,513,9595,9595,NO_RECORDED_FACTOR_PRP_OR_LL_RESULT_AND_NO_ACTIVE_GIMPS_ASSIGNMENT,2026-08-06T12:58:23+00:00,UNALLOCATED,,,,,
SLCMP47-1339,1339,2454,154134863,2^154134863-1,STRUCTURAL_SCREEN_EXHAUSTED_PRIMALITY_UNASSIGNED,FIRST_SINGULARITY_SHELL_EXHAUSTED_PRIMALITY_UNASSIGNED,514,9595,9595,NO_RECORDED_FACTOR_PRP_OR_LL_RESULT_AND_NO_ACTIVE_GIMPS_ASSIGNMENT,2026-08-06T12:58:23+00:00,UNALLOCATED,,,,,
SLCMP47-1340,1340,2455,154134881,2^154134881-1,STRUCTURAL_SCREEN_EXHAUSTED_PRIMALITY_UNASSIGNED,FIRST_SINGULARITY_SHELL_EXHAUSTED_PRIMALITY_UNASSIGNED,513,9595,9595,NO_RECORDED_FACTOR_PRP_OR_LL_RESULT_AND_NO_ACTIVE_GIMPS_ASSIGNMENT,2026-08-06T12:58:23+00:00,UNALLOCATED,,,,,
SLCMP47-1341,1341,2456,154134887,2^154134887-1,STRUCTURAL_SCREEN_EXHAUSTED_PRIMALITY_UNASSIGNED,FIRST_SINGULARITY_SHELL_EXHAUSTED_PRIMALITY_UNASSIGNED,514,9595,9595,NO_RECORDED_FACTOR_PRP_OR_LL_RESULT_AND_NO_ACTIVE_GIMPS_ASSIGNMENT,2026-08-06T12:58:23+00:00,UNALLOCATED,,,,,
SLCMP47-1342,1342,2457,154134941,2^154134941-1,STRUCTURAL_SCREEN_EXHAUSTED_PRIMALITY_UNASSIGNED,FIRST_SINGULARITY_SHELL_EXHAUSTED_PRIMALITY_UNASSIGNED,513,9595,9595,NO_RECORDED_FACTOR_PRP_OR_LL_RESULT_AND_NO_ACTIVE_GIMPS_ASSIGNMENT,2026-08-06T12:58:23+00:00,UNALLOCATED,,,,,
SLCMP47-1343,1343,2458,154134977,2^154134977-1,STRUCTURAL_SCREEN_EXHAUSTED_PRIMALITY_UNASSIGNED,FIRST_SINGULARITY_SHELL_EXHAUSTED_PRIMALITY_UNASSIGNED,513,9595,9595,NO_RECORDED_FACTOR_PRP_OR_LL_RESULT_AND_NO_ACTIVE_GIMPS_ASSIGNMENT,2026-08-06T12:58:23+00:00,UNALLOCATED,,,,,
SLCMP47-1344,1344,2459,154134991,2^154134991-1,STRUCTURAL_SCREEN_EXHAUSTED_PRIMALITY_UNASSIGNED,FIRST_SINGULARITY_SHELL_EXHAUSTED_PRIMALITY_UNASSIGNED,514,9595,9595,NO_RECORDED_FACTOR_PRP_OR_LL_RESULT_AND_NO_ACTIVE_GIMPS_ASSIGNMENT,2026-08-06T12:58:23+00:00,UNALLOCATED,,,,,
SLCMP47-1345,1345,2460,154135027,2^154135027-1,STRUCTURAL_SCREEN_EXHAUSTED_PRIMALITY_UNASSIGNED,FIRST_SINGULARITY_SHELL_EXHAUSTED_PRIMALITY_UNASSIGNED,514,9595,9595,NO_RECORDED_FACTOR_PRP_OR_LL_RESULT_AND_NO_ACTIVE_GIMPS_ASSIGNMENT,2026-08-06T12:58:23+00:00,UNALLOCATED,,,,,
SLCMP47-1346,1346,2461,154135099,2^154135099-1,STRUCTURAL_SCREEN_EXHAUSTED_PRIMALITY_UNASSIGNED,FIRST_SINGULARITY_SHELL_EXHAUSTED_PRIMALITY_UNASSIGNED,514,9595,9595,NO_RECORDED_FACTOR_PRP_OR_LL_RESULT_AND_NO_ACTIVE_GIMPS_ASSIGNMENT,2026-08-06T12:58:23+00:00,UNALLOCATED,,,,,
SLCMP47-1347,1347,2462,154135123,2^154135123-1,STRUCTURAL_SCREEN_EXHAUSTED_PRIMALITY_UNASSIGNED,FIRST_SINGULARITY_SHELL_EXHAUSTED_PRIMALITY_UNASSIGNED,514,9595,9595,NO_RECORDED_FACTOR_PRP_OR_LL_RESULT_AND_NO_ACTIVE_GIMPS_ASSIGNMENT,2026-08-06T12:58:23+00:00,UNALLOCATED,,,,,
SLCMP47-1348,1348,2463,154135159,2^154135159-1,STRUCTURAL_SCREEN_EXHAUSTED_PRIMALITY_UNASSIGNED,FIRST_SINGULARITY_SHELL_EXHAUSTED_PRIMALITY_UNASSIGNED,514,9595,9595,NO_RECORDED_FACTOR_PRP_OR_LL_RESULT_AND_NO_ACTIVE_GIMPS_ASSIGNMENT,2026-08-06T12:58:23+00:00,UNALLOCATED,,,,,
SLCMP47-1349,1349,2464,154135237,2^154135237-1,STRUCTURAL_SCREEN_EXHAUSTED_PRIMALITY_UNASSIGNED,FIRST_SINGULARITY_SHELL_EXHAUSTED_PRIMALITY_UNASSIGNED,513,9595,9595,NO_RECORDED_FACTOR_PRP_OR_LL_RESULT_AND_NO_ACTIVE_GIMPS_ASSIGNMENT,2026-08-06T12:58:23+00:00,UNALLOCATED,,,,,
SLCMP47-1350,1350,2465,154135253,2^154135253-1,STRUCTURAL_SCREEN_EXHAUSTED_PRIMALITY_UNASSIGNED,FIRST_SINGULARITY_SHELL_EXHAUSTED_PRIMALITY_UNASSIGNED,513,9595,9595,NO_RECORDED_FACTOR_PRP_OR_LL_RESULT_AND_NO_ACTIVE_GIMPS_ASSIGNMENT,2026-08-06T12:58:23+00:00,UNALLOCATED,,,,,
SLCMP47-1351,1351,2466,154135271,2^154135271-1,STRUCTURAL_SCREEN_EXHAUSTED_PRIMALITY_UNASSIGNED,FIRST_SINGULARITY_SHELL_EXHAUSTED_PRIMALITY_UNASSIGNED,514,9595,9595,NO_RECORDED_FACTOR_PRP_OR_LL_RESULT_AND_NO_ACTIVE_GIMPS_ASSIGNMENT,2026-08-06T12:58:23+00:00,UNALLOCATED,,,,,
SLCMP47-1352,1352,2467,154135283,2^154135283-1,STRUCTURAL_SCREEN_EXHAUSTED_PRIMALITY_UNASSIGNED,FIRST_SINGULARITY_SHELL_EXHAUSTED_PRIMALITY_UNASSIGNED,514,9595,9595,NO_RECORDED_FACTOR_PRP_OR_LL_RESULT_AND_NO_ACTIVE_GIMPS_ASSIGNMENT,2026-08-06T12:58:23+00:00,UNALLOCATED,,,,,
SLCMP47-1353,1353,2468,154135291,2^154135291-1,STRUCTURAL_SCREEN_EXHAUSTED_PRIMALITY_UNASSIGNED,FIRST_SINGULARITY_SHELL_EXHAUSTED_PRIMALITY_UNASSIGNED,514,9595,9595,NO_RECORDED_FACTOR_PRP_OR_LL_RESULT_AND_NO_ACTIVE_GIMPS_ASSIGNMENT,2026-08-06T12:58:23+00:00,UNALLOCATED,,,,,
SLCMP47-1354,1354,2469,154135321,2^154135321-1,STRUCTURAL_SCREEN_EXHAUSTED_PRIMALITY_UNASSIGNED,FIRST_SINGULARITY_SHELL_EXHAUSTED_PRIMALITY_UNASSIGNED,513,9595,9595,NO_RECORDED_FACTOR_PRP_OR_LL_RESULT_AND_NO_ACTIVE_GIMPS_ASSIGNMENT,2026-08-06T12:58:23+00:00,UNALLOCATED,,,,,
SLCMP47-1355,1355,2470,154135453,2^154135453-1,STRUCTURAL_SCREEN_EXHAUSTED_PRIMALITY_UNASSIGNED,FIRST_SINGULARITY_SHELL_EXHAUSTED_PRIMALITY_UNASSIGNED,513,9595,9595,NO_RECORDED_FACTOR_PRP_OR_LL_RESULT_AND_NO_ACTIVE_GIMPS_ASSIGNMENT,2026-08-06T12:58:23+00:00,UNALLOCATED,,,,,
SLCMP47-1356,1356,2471,154135603,2^154135603-1,STRUCTURAL_SCREEN_EXHAUSTED_PRIMALITY_UNASSIGNED,FIRST_SINGULARITY_SHELL_EXHAUSTED_PRIMALITY_UNASSIGNED,514,9595,9595,NO_RECORDED_FACTOR_PRP_OR_LL_RESULT_AND_NO_ACTIVE_GIMPS_ASSIGNMENT,2026-08-06T12:58:23+00:00,UNALLOCATED,,,,,
SLCMP47-1357,1357,2472,154135661,2^154135661-1,STRUCTURAL_SCREEN_EXHAUSTED_PRIMALITY_UNASSIGNED,FIRST_SINGULARITY_SHELL_EXHAUSTED_PRIMALITY_UNASSIGNED,513,9595,9595,NO_RECORDED_FACTOR_PRP_OR_LL_RESULT_AND_NO_ACTIVE_GIMPS_ASSIGNMENT,2026-08-06T12:58:23+00:00,UNALLOCATED,,,,,
SLCMP47-1358,1358,2473,154135717,2^154135717-1,STRUCTURAL_SCREEN_EXHAUSTED_PRIMALITY_UNASSIGNED,FIRST_SINGULARITY_SHELL_EXHAUSTED_PRIMALITY_UNASSIGNED,513,9595,9595,NO_RECORDED_FACTOR_PRP_OR_LL_RESULT_AND_NO_ACTIVE_GIMPS_ASSIGNMENT,2026-08-06T12:58:23+00:00,UNALLOCATED,,,,,
SLCMP47-1359,1359,2474,154135721,2^154135721-1,STRUCTURAL_SCREEN_EXHAUSTED_PRIMALITY_UNASSIGNED,FIRST_SINGULARITY_SHELL_EXHAUSTED_PRIMALITY_UNASSIGNED,513,9595,9595,NO_RECORDED_FACTOR_PRP_OR_LL_RESULT_AND_NO_ACTIVE_GIMPS_ASSIGNMENT,2026-08-06T12:58:23+00:00,UNALLOCATED,,,,,
SLCMP47-1360,1360,2475,154135831,2^154135831-1,STRUCTURAL_SCREEN_EXHAUSTED_PRIMALITY_UNASSIGNED,FIRST_SINGULARITY_SHELL_EXHAUSTED_PRIMALITY_UNASSIGNED,514,9595,9595,NO_RECORDED_FACTOR_PRP_OR_LL_RESULT_AND_NO_ACTIVE_GIMPS_ASSIGNMENT,2026-08-06T12:58:23+00:00,UNALLOCATED,,,,,
SLCMP47-1361,1361,2476,154135921,2^154135921-1,STRUCTURAL_SCREEN_EXHAUSTED_PRIMALITY_UNASSIGNED,FIRST_SINGULARITY_SHELL_EXHAUSTED_PRIMALITY_UNASSIGNED,513,9595,9595,NO_RECORDED_FACTOR_PRP_OR_LL_RESULT_AND_NO_ACTIVE_GIMPS_ASSIGNMENT,2026-08-06T12:58:23+00:00,UNALLOCATED,,,,,
SLCMP47-1362,1362,2477,154135939,2^154135939-1,STRUCTURAL_SCREEN_EXHAUSTED_PRIMALITY_UNASSIGNED,FIRST_SINGULARITY_SHELL_EXHAUSTED_PRIMALITY_UNASSIGNED,514,9595,9595,NO_RECORDED_FACTOR_PRP_OR_LL_RESULT_AND_NO_ACTIVE_GIMPS_ASSIGNMENT,2026-08-06T12:58:23+00:00,UNALLOCATED,,,,,
SLCMP47-1363,1363,2478,154136009,2^154136009-1,STRUCTURAL_SCREEN_EXHAUSTED_PRIMALITY_UNASSIGNED,FIRST_SINGULARITY_SHELL_EXHAUSTED_PRIMALITY_UNASSIGNED,513,9595,9595,NO_RECORDED_FACTOR_PRP_OR_LL_RESULT_AND_NO_ACTIVE_GIMPS_ASSIGNMENT,2026-08-06T12:58:23+00:00,UNALLOCATED,,,,,
SLCMP47-1364,1364,2479,154136057,2^154136057-1,STRUCTURAL_SCREEN_EXHAUSTED_PRIMALITY_UNASSIGNED,FIRST_SINGULARITY_SHELL_EXHAUSTED_PRIMALITY_UNASSIGNED,513,9595,9595,NO_RECORDED_FACTOR_PRP_OR_LL_RESULT_AND_NO_ACTIVE_GIMPS_ASSIGNMENT,2026-08-06T12:58:23+00:00,UNALLOCATED,,,,,
SLCMP47-1365,1365,2480,154136089,2^154136089-1,STRUCTURAL_SCREEN_EXHAUSTED_PRIMALITY_UNASSIGNED,FIRST_SINGULARITY_SHELL_EXHAUSTED_PRIMALITY_UNASSIGNED,513,9595,9595,NO_RECORDED_FACTOR_PRP_OR_LL_RESULT_AND_NO_ACTIVE_GIMPS_ASSIGNMENT,2026-08-06T12:58:23+00:00,UNALLOCATED,,,,,
SLCMP47-1366,1366,2481,154136111,2^154136111-1,STRUCTURAL_SCREEN_EXHAUSTED_PRIMALITY_UNASSIGNED,FIRST_SINGULARITY_SHELL_EXHAUSTED_PRIMALITY_UNASSIGNED,514,9595,9595,NO_RECORDED_FACTOR_PRP_OR_LL_RESULT_AND_NO_ACTIVE_GIMPS_ASSIGNMENT,2026-08-06T12:58:23+00:00,UNALLOCATED,,,,,
SLCMP47-1367,1367,2482,154136183,2^154136183-1,STRUCTURAL_SCREEN_EXHAUSTED_PRIMALITY_UNASSIGNED,FIRST_SINGULARITY_SHELL_EXHAUSTED_PRIMALITY_UNASSIGNED,514,9595,9595,NO_RECORDED_FACTOR_PRP_OR_LL_RESULT_AND_NO_ACTIVE_GIMPS_ASSIGNMENT,2026-08-06T12:58:23+00:00,UNALLOCATED,,,,,
SLCMP47-1368,1368,2483,154136207,2^154136207-1,STRUCTURAL_SCREEN_EXHAUSTED_PRIMALITY_UNASSIGNED,FIRST_SINGULARITY_SHELL_EXHAUSTED_PRIMALITY_UNASSIGNED,514,9595,9595,NO_RECORDED_FACTOR_PRP_OR_LL_RESULT_AND_NO_ACTIVE_GIMPS_ASSIGNMENT,2026-08-06T12:58:23+00:00,UNALLOCATED,,,,,
SLCMP47-1369,1369,2484,154136237,2^154136237-1,STRUCTURAL_SCREEN_EXHAUSTED_PRIMALITY_UNASSIGNED,FIRST_SINGULARITY_SHELL_EXHAUSTED_PRIMALITY_UNASSIGNED,513,9595,9595,NO_RECORDED_FACTOR_PRP_OR_LL_RESULT_AND_NO_ACTIVE_GIMPS_ASSIGNMENT,2026-08-06T12:58:23+00:00,UNALLOCATED,,,,,
SLCMP47-1370,1370,2485,154136393,2^154136393-1,STRUCTURAL_SCREEN_EXHAUSTED_PRIMALITY_UNASSIGNED,FIRST_SINGULARITY_SHELL_EXHAUSTED_PRIMALITY_UNASSIGNED,513,9595,9595,NO_RECORDED_FACTOR_PRP_OR_LL_RESULT_AND_NO_ACTIVE_GIMPS_ASSIGNMENT,2026-08-06T12:58:23+00:00,UNALLOCATED,,,,,
SLCMP47-1371,1371,2486,154136401,2^154136401-1,STRUCTURAL_SCREEN_EXHAUSTED_PRIMALITY_UNASSIGNED,FIRST_SINGULARITY_SHELL_EXHAUSTED_PRIMALITY_UNASSIGNED,513,9595,9595,NO_RECORDED_FACTOR_PRP_OR_LL_RESULT_AND_NO_ACTIVE_GIMPS_ASSIGNMENT,2026-08-06T12:58:23+00:00,UNALLOCATED,,,,,
SLCMP47-1372,1372,2487,154136509,2^154136509-1,STRUCTURAL_SCREEN_EXHAUSTED_PRIMALITY_UNASSIGNED,FIRST_SINGULARITY_SHELL_EXHAUSTED_PRIMALITY_UNASSIGNED,513,9595,9595,NO_RECORDED_FACTOR_PRP_OR_LL_RESULT_AND_NO_ACTIVE_GIMPS_ASSIGNMENT,2026-08-06T12:58:23+00:00,UNALLOCATED,,,,,
SLCMP47-1373,1373,2488,154136539,2^154136539-1,STRUCTURAL_SCREEN_EXHAUSTED_PRIMALITY_UNASSIGNED,FIRST_SINGULARITY_SHELL_EXHAUSTED_PRIMALITY_UNASSIGNED,514,9595,9595,NO_RECORDED_FACTOR_PRP_OR_LL_RESULT_AND_NO_ACTIVE_GIMPS_ASSIGNMENT,2026-08-06T12:58:23+00:00,UNALLOCATED,,,,,
SLCMP47-1374,1374,2489,154136629,2^154136629-1,STRUCTURAL_SCREEN_EXHAUSTED_PRIMALITY_UNASSIGNED,FIRST_SINGULARITY_SHELL_EXHAUSTED_PRIMALITY_UNASSIGNED,513,9595,9595,NO_RECORDED_FACTOR_PRP_OR_LL_RESULT_AND_NO_ACTIVE_GIMPS_ASSIGNMENT,2026-08-06T12:58:23+00:00,UNALLOCATED,,,,,
SLCMP47-1375,1375,2490,154136687,2^154136687-1,STRUCTURAL_SCREEN_EXHAUSTED_PRIMALITY_UNASSIGNED,FIRST_SINGULARITY_SHELL_EXHAUSTED_PRIMALITY_UNASSIGNED,514,9595,9595,NO_RECORDED_FACTOR_PRP_OR_LL_RESULT_AND_NO_ACTIVE_GIMPS_ASSIGNMENT,2026-08-06T12:58:23+00:00,UNALLOCATED,,,,,
SLCMP47-1376,1376,2491,154136707,2^154136707-1,STRUCTURAL_SCREEN_EXHAUSTED_PRIMALITY_UNASSIGNED,FIRST_SINGULARITY_SHELL_EXHAUSTED_PRIMALITY_UNASSIGNED,514,9595,9595,NO_RECORDED_FACTOR_PRP_OR_LL_RESULT_AND_NO_ACTIVE_GIMPS_ASSIGNMENT,2026-08-06T12:58:23+00:00,UNALLOCATED,,,,,
SLCMP47-1377,1377,2492,154136747,2^154136747-1,STRUCTURAL_SCREEN_EXHAUSTED_PRIMALITY_UNASSIGNED,FIRST_SINGULARITY_SHELL_EXHAUSTED_PRIMALITY_UNASSIGNED,514,9595,9595,NO_RECORDED_FACTOR_PRP_OR_LL_RESULT_AND_NO_ACTIVE_GIMPS_ASSIGNMENT,2026-08-06T12:58:23+00:00,UNALLOCATED,,,,,
SLCMP47-1378,1378,2493,154136819,2^154136819-1,STRUCTURAL_SCREEN_EXHAUSTED_PRIMALITY_UNASSIGNED,FIRST_SINGULARITY_SHELL_EXHAUSTED_PRIMALITY_UNASSIGNED,514,9595,9595,NO_RECORDED_FACTOR_PRP_OR_LL_RESULT_AND_NO_ACTIVE_GIMPS_ASSIGNMENT,2026-08-06T12:58:23+00:00,UNALLOCATED,,,,,
SLCMP47-1379,1379,2494,154136837,2^154136837-1,STRUCTURAL_SCREEN_EXHAUSTED_PRIMALITY_UNASSIGNED,FIRST_SINGULARITY_SHELL_EXHAUSTED_PRIMALITY_UNASSIGNED,513,9595,9595,NO_RECORDED_FACTOR_PRP_OR_LL_RESULT_AND_NO_ACTIVE_GIMPS_ASSIGNMENT,2026-08-06T12:58:23+00:00,UNALLOCATED,,,,,
SLCMP47-1380,1380,2495,154136881,2^154136881-1,STRUCTURAL_SCREEN_EXHAUSTED_PRIMALITY_UNASSIGNED,FIRST_SINGULARITY_SHELL_EXHAUSTED_PRIMALITY_UNASSIGNED,513,9595,9595,NO_RECORDED_FACTOR_PRP_OR_LL_RESULT_AND_NO_ACTIVE_GIMPS_ASSIGNMENT,2026-08-06T12:58:23+00:00,UNALLOCATED,,,,,
SLCMP47-1381,1381,2496,154136891,2^154136891-1,STRUCTURAL_SCREEN_EXHAUSTED_PRIMALITY_UNASSIGNED,FIRST_SINGULARITY_SHELL_EXHAUSTED_PRIMALITY_UNASSIGNED,514,9595,9595,NO_RECORDED_FACTOR_PRP_OR_LL_RESULT_AND_NO_ACTIVE_GIMPS_ASSIGNMENT,2026-08-06T12:58:23+00:00,UNALLOCATED,,,,,
SLCMP47-1382,1382,2497,154136989,2^154136989-1,STRUCTURAL_SCREEN_EXHAUSTED_PRIMALITY_UNASSIGNED,FIRST_SINGULARITY_SHELL_EXHAUSTED_PRIMALITY_UNASSIGNED,513,9595,9595,NO_RECORDED_FACTOR_PRP_OR_LL_RESULT_AND_NO_ACTIVE_GIMPS_ASSIGNMENT,2026-08-06T12:58:23+00:00,UNALLOCATED,,,,,
SLCMP47-1383,1383,2499,154137119,2^154137119-1,STRUCTURAL_SCREEN_EXHAUSTED_PRIMALITY_UNASSIGNED,FIRST_SINGULARITY_SHELL_EXHAUSTED_PRIMALITY_UNASSIGNED,514,9595,9595,NO_RECORDED_FACTOR_PRP_OR_LL_RESULT_AND_NO_ACTIVE_GIMPS_ASSIGNMENT,2026-08-06T12:58:23+00:00,UNALLOCATED,,,,,
SLCMP47-1384,1384,2500,154137161,2^154137161-1,STRUCTURAL_SCREEN_EXHAUSTED_PRIMALITY_UNASSIGNED,FIRST_SINGULARITY_SHELL_EXHAUSTED_PRIMALITY_UNASSIGNED,513,9595,9595,NO_RECORDED_FACTOR_PRP_OR_LL_RESULT_AND_NO_ACTIVE_GIMPS_ASSIGNMENT,2026-08-06T12:58:23+00:00,UNALLOCATED,,,,,
SLCMP47-1385,1385,2501,154137251,2^154137251-1,STRUCTURAL_SCREEN_EXHAUSTED_PRIMALITY_UNASSIGNED,FIRST_SINGULARITY_SHELL_EXHAUSTED_PRIMALITY_UNASSIGNED,514,9595,9595,NO_RECORDED_FACTOR_PRP_OR_LL_RESULT_AND_NO_ACTIVE_GIMPS_ASSIGNMENT,2026-08-06T12:58:23+00:00,UNALLOCATED,,,,,
SLCMP47-1386,1386,2502,154137257,2^154137257-1,STRUCTURAL_SCREEN_EXHAUSTED_PRIMALITY_UNASSIGNED,FIRST_SINGULARITY_SHELL_EXHAUSTED_PRIMALITY_UNASSIGNED,513,9595,9595,NO_RECORDED_FACTOR_PRP_OR_LL_RESULT_AND_NO_ACTIVE_GIMPS_ASSIGNMENT,2026-08-06T12:58:23+00:00,UNALLOCATED,,,,,
SLCMP47-1387,1387,2503,154137289,2^154137289-1,STRUCTURAL_SCREEN_EXHAUSTED_PRIMALITY_UNASSIGNED,FIRST_SINGULARITY_SHELL_EXHAUSTED_PRIMALITY_UNASSIGNED,513,9595,9595,NO_RECORDED_FACTOR_PRP_OR_LL_RESULT_AND_NO_ACTIVE_GIMPS_ASSIGNMENT,2026-08-06T12:58:23+00:00,UNALLOCATED,,,,,
SLCMP47-1388,1388,2504,154137293,2^154137293-1,STRUCTURAL_SCREEN_EXHAUSTED_PRIMALITY_UNASSIGNED,FIRST_SINGULARITY_SHELL_EXHAUSTED_PRIMALITY_UNASSIGNED,513,9595,9595,NO_RECORDED_FACTOR_PRP_OR_LL_RESULT_AND_NO_ACTIVE_GIMPS_ASSIGNMENT,2026-08-06T12:58:23+00:00,UNALLOCATED,,,,,
SLCMP47-1389,1389,2505,154137353,2^154137353-1,STRUCTURAL_SCREEN_EXHAUSTED_PRIMALITY_UNASSIGNED,FIRST_SINGULARITY_SHELL_EXHAUSTED_PRIMALITY_UNASSIGNED,513,9595,9595,NO_RECORDED_FACTOR_PRP_OR_LL_RESULT_AND_NO_ACTIVE_GIMPS_ASSIGNMENT,2026-08-06T12:58:23+00:00,UNALLOCATED,,,,,
SLCMP47-1390,1390,2506,154137463,2^154137463-1,STRUCTURAL_SCREEN_EXHAUSTED_PRIMALITY_UNASSIGNED,FIRST_SINGULARITY_SHELL_EXHAUSTED_PRIMALITY_UNASSIGNED,514,9595,9595,NO_RECORDED_FACTOR_PRP_OR_LL_RESULT_AND_NO_ACTIVE_GIMPS_ASSIGNMENT,2026-08-06T12:58:23+00:00,UNALLOCATED,,,,,
SLCMP47-1391,1391,2507,154137479,2^154137479-1,STRUCTURAL_SCREEN_EXHAUSTED_PRIMALITY_UNASSIGNED,FIRST_SINGULARITY_SHELL_EXHAUSTED_PRIMALITY_UNASSIGNED,514,9595,9595,NO_RECORDED_FACTOR_PRP_OR_LL_RESULT_AND_NO_ACTIVE_GIMPS_ASSIGNMENT,2026-08-06T12:58:23+00:00,UNALLOCATED,,,,,
SLCMP47-1392,1392,2508,154137619,2^154137619-1,STRUCTURAL_SCREEN_EXHAUSTED_PRIMALITY_UNASSIGNED,FIRST_SINGULARITY_SHELL_EXHAUSTED_PRIMALITY_UNASSIGNED,514,9595,9595,NO_RECORDED_FACTOR_PRP_OR_LL_RESULT_AND_NO_ACTIVE_GIMPS_ASSIGNMENT,2026-08-06T12:58:23+00:00,UNALLOCATED,,,,,
SLCMP47-1393,1393,2509,154137719,2^154137719-1,STRUCTURAL_SCREEN_EXHAUSTED_PRIMALITY_UNASSIGNED,FIRST_SINGULARITY_SHELL_EXHAUSTED_PRIMALITY_UNASSIGNED,514,9595,9595,NO_RECORDED_FACTOR_PRP_OR_LL_RESULT_AND_NO_ACTIVE_GIMPS_ASSIGNMENT,2026-08-06T12:58:23+00:00,UNALLOCATED,,,,,
SLCMP47-1394,1394,2510,154137877,2^154137877-1,STRUCTURAL_SCREEN_EXHAUSTED_PRIMALITY_UNASSIGNED,FIRST_SINGULARITY_SHELL_EXHAUSTED_PRIMALITY_UNASSIGNED,513,9595,9595,NO_RECORDED_FACTOR_PRP_OR_LL_RESULT_AND_NO_ACTIVE_GIMPS_ASSIGNMENT,2026-08-06T12:58:23+00:00,UNALLOCATED,,,,,
SLCMP47-1395,1395,2511,154137941,2^154137941-1,STRUCTURAL_SCREEN_EXHAUSTED_PRIMALITY_UNASSIGNED,FIRST_SINGULARITY_SHELL_EXHAUSTED_PRIMALITY_UNASSIGNED,513,9595,9595,NO_RECORDED_FACTOR_PRP_OR_LL_RESULT_AND_NO_ACTIVE_GIMPS_ASSIGNMENT,2026-08-06T12:58:23+00:00,UNALLOCATED,,,,,
SLCMP47-1396,1396,2512,154138021,2^154138021-1,STRUCTURAL_SCREEN_EXHAUSTED_PRIMALITY_UNASSIGNED,FIRST_SINGULARITY_SHELL_EXHAUSTED_PRIMALITY_UNASSIGNED,513,9595,9595,NO_RECORDED_FACTOR_PRP_OR_LL_RESULT_AND_NO_ACTIVE_GIMPS_ASSIGNMENT,2026-08-06T12:58:23+00:00,UNALLOCATED,,,,,
SLCMP47-1397,1397,2513,154138067,2^154138067-1,STRUCTURAL_SCREEN_EXHAUSTED_PRIMALITY_UNASSIGNED,FIRST_SINGULARITY_SHELL_EXHAUSTED_PRIMALITY_UNASSIGNED,514,9595,9595,NO_RECORDED_FACTOR_PRP_OR_LL_RESULT_AND_NO_ACTIVE_GIMPS_ASSIGNMENT,2026-08-06T12:58:23+00:00,UNALLOCATED,,,,,
SLCMP47-1398,1398,2514,154138079,2^154138079-1,STRUCTURAL_SCREEN_EXHAUSTED_PRIMALITY_UNASSIGNED,FIRST_SINGULARITY_SHELL_EXHAUSTED_PRIMALITY_UNASSIGNED,514,9595,9595,NO_RECORDED_FACTOR_PRP_OR_LL_RESULT_AND_NO_ACTIVE_GIMPS_ASSIGNMENT,2026-08-06T12:58:23+00:00,UNALLOCATED,,,,,
SLCMP47-1399,1399,2515,154138091,2^154138091-1,STRUCTURAL_SCREEN_EXHAUSTED_PRIMALITY_UNASSIGNED,FIRST_SINGULARITY_SHELL_EXHAUSTED_PRIMALITY_UNASSIGNED,514,9595,9595,NO_RECORDED_FACTOR_PRP_OR_LL_RESULT_AND_NO_ACTIVE_GIMPS_ASSIGNMENT,2026-08-06T12:58:23+00:00,UNALLOCATED,,,,,
SLCMP47-1400,1400,2516,154138093,2^154138093-1,STRUCTURAL_SCREEN_EXHAUSTED_PRIMALITY_UNASSIGNED,FIRST_SINGULARITY_SHELL_EXHAUSTED_PRIMALITY_UNASSIGNED,513,9595,9595,NO_RECORDED_FACTOR_PRP_OR_LL_RESULT_AND_NO_ACTIVE_GIMPS_ASSIGNMENT,2026-08-06T12:58:23+00:00,UNALLOCATED,,,,,
SLCMP47-1401,1401,2517,154138097,2^154138097-1,STRUCTURAL_SCREEN_EXHAUSTED_PRIMALITY_UNASSIGNED,FIRST_SINGULARITY_SHELL_EXHAUSTED_PRIMALITY_UNASSIGNED,513,9595,9595,NO_RECORDED_FACTOR_PRP_OR_LL_RESULT_AND_NO_ACTIVE_GIMPS_ASSIGNMENT,2026-08-06T12:58:23+00:00,UNALLOCATED,,,,,
SLCMP47-1402,1402,2518,154138199,2^154138199-1,STRUCTURAL_SCREEN_EXHAUSTED_PRIMALITY_UNASSIGNED,FIRST_SINGULARITY_SHELL_EXHAUSTED_PRIMALITY_UNASSIGNED,514,9595,9595,NO_RECORDED_FACTOR_PRP_OR_LL_RESULT_AND_NO_ACTIVE_GIMPS_ASSIGNMENT,2026-08-06T12:58:23+00:00,UNALLOCATED,,,,,
SLCMP47-1403,1403,2519,154138247,2^154138247-1,STRUCTURAL_SCREEN_EXHAUSTED_PRIMALITY_UNASSIGNED,FIRST_SINGULARITY_SHELL_EXHAUSTED_PRIMALITY_UNASSIGNED,514,9595,9595,NO_RECORDED_FACTOR_PRP_OR_LL_RESULT_AND_NO_ACTIVE_GIMPS_ASSIGNMENT,2026-08-06T12:58:23+00:00,UNALLOCATED,,,,,
SLCMP47-1404,1404,2520,154138321,2^154138321-1,STRUCTURAL_SCREEN_EXHAUSTED_PRIMALITY_UNASSIGNED,FIRST_SINGULARITY_SHELL_EXHAUSTED_PRIMALITY_UNASSIGNED,513,9595,9595,NO_RECORDED_FACTOR_PRP_OR_LL_RESULT_AND_NO_ACTIVE_GIMPS_ASSIGNMENT,2026-08-06T12:58:23+00:00,UNALLOCATED,,,,,
SLCMP47-1405,1405,2521,154138339,2^154138339-1,STRUCTURAL_SCREEN_EXHAUSTED_PRIMALITY_UNASSIGNED,FIRST_SINGULARITY_SHELL_EXHAUSTED_PRIMALITY_UNASSIGNED,514,9595,9595,NO_RECORDED_FACTOR_PRP_OR_LL_RESULT_AND_NO_ACTIVE_GIMPS_ASSIGNMENT,2026-08-06T12:58:23+00:00,UNALLOCATED,,,,,
SLCMP47-1406,1406,2522,154138381,2^154138381-1,STRUCTURAL_SCREEN_EXHAUSTED_PRIMALITY_UNASSIGNED,FIRST_SINGULARITY_SHELL_EXHAUSTED_PRIMALITY_UNASSIGNED,513,9595,9595,NO_RECORDED_FACTOR_PRP_OR_LL_RESULT_AND_NO_ACTIVE_GIMPS_ASSIGNMENT,2026-08-06T12:58:23+00:00,UNALLOCATED,,,,,
SLCMP47-1407,1407,2523,154138409,2^154138409-1,STRUCTURAL_SCREEN_EXHAUSTED_PRIMALITY_UNASSIGNED,FIRST_SINGULARITY_SHELL_EXHAUSTED_PRIMALITY_UNASSIGNED,513,9595,9595,NO_RECORDED_FACTOR_PRP_OR_LL_RESULT_AND_NO_ACTIVE_GIMPS_ASSIGNMENT,2026-08-06T12:58:23+00:00,UNALLOCATED,,,,,
SLCMP47-1408,1408,2524,154138447,2^154138447-1,STRUCTURAL_SCREEN_EXHAUSTED_PRIMALITY_UNASSIGNED,FIRST_SINGULARITY_SHELL_EXHAUSTED_PRIMALITY_UNASSIGNED,514,9595,9595,NO_RECORDED_FACTOR_PRP_OR_LL_RESULT_AND_NO_ACTIVE_GIMPS_ASSIGNMENT,2026-08-06T12:58:23+00:00,UNALLOCATED,,,,,
SLCMP47-1409,1409,2525,154138459,2^154138459-1,STRUCTURAL_SCREEN_EXHAUSTED_PRIMALITY_UNASSIGNED,FIRST_SINGULARITY_SHELL_EXHAUSTED_PRIMALITY_UNASSIGNED,514,9595,9595,NO_RECORDED_FACTOR_PRP_OR_LL_RESULT_AND_NO_ACTIVE_GIMPS_ASSIGNMENT,2026-08-06T12:58:23+00:00,UNALLOCATED,,,,,
SLCMP47-1410,1410,2526,154138489,2^154138489-1,STRUCTURAL_SCREEN_EXHAUSTED_PRIMALITY_UNASSIGNED,FIRST_SINGULARITY_SHELL_EXHAUSTED_PRIMALITY_UNASSIGNED,513,9595,9595,NO_RECORDED_FACTOR_PRP_OR_LL_RESULT_AND_NO_ACTIVE_GIMPS_ASSIGNMENT,2026-08-06T12:58:23+00:00,UNALLOCATED,,,,,
SLCMP47-1411,1411,2527,154138493,2^154138493-1,STRUCTURAL_SCREEN_EXHAUSTED_PRIMALITY_UNASSIGNED,FIRST_SINGULARITY_SHELL_EXHAUSTED_PRIMALITY_UNASSIGNED,513,9595,9595,NO_RECORDED_FACTOR_PRP_OR_LL_RESULT_AND_NO_ACTIVE_GIMPS_ASSIGNMENT,2026-08-06T12:58:23+00:00,UNALLOCATED,,,,,
SLCMP47-1412,1412,2528,154138549,2^154138549-1,STRUCTURAL_SCREEN_EXHAUSTED_PRIMALITY_UNASSIGNED,FIRST_SINGULARITY_SHELL_EXHAUSTED_PRIMALITY_UNASSIGNED,513,9595,9595,NO_RECORDED_FACTOR_PRP_OR_LL_RESULT_AND_NO_ACTIVE_GIMPS_ASSIGNMENT,2026-08-06T12:58:23+00:00,UNALLOCATED,,,,,
SLCMP47-1413,1413,2529,154138591,2^154138591-1,STRUCTURAL_SCREEN_EXHAUSTED_PRIMALITY_UNASSIGNED,FIRST_SINGULARITY_SHELL_EXHAUSTED_PRIMALITY_UNASSIGNED,514,9595,9595,NO_RECORDED_FACTOR_PRP_OR_LL_RESULT_AND_NO_ACTIVE_GIMPS_ASSIGNMENT,2026-08-06T12:58:23+00:00,UNALLOCATED,,,,,
SLCMP47-1414,1414,2530,154138637,2^154138637-1,STRUCTURAL_SCREEN_EXHAUSTED_PRIMALITY_UNASSIGNED,FIRST_SINGULARITY_SHELL_EXHAUSTED_PRIMALITY_UNASSIGNED,513,9595,9595,NO_RECORDED_FACTOR_PRP_OR_LL_RESULT_AND_NO_ACTIVE_GIMPS_ASSIGNMENT,2026-08-06T12:58:23+00:00,UNALLOCATED,,,,,
SLCMP47-1415,1415,2531,154138651,2^154138651-1,STRUCTURAL_SCREEN_EXHAUSTED_PRIMALITY_UNASSIGNED,FIRST_SINGULARITY_SHELL_EXHAUSTED_PRIMALITY_UNASSIGNED,514,9595,9595,NO_RECORDED_FACTOR_PRP_OR_LL_RESULT_AND_NO_ACTIVE_GIMPS_ASSIGNMENT,2026-08-06T12:58:23+00:00,UNALLOCATED,,,,,
SLCMP47-1416,1416,2532,154138679,2^154138679-1,STRUCTURAL_SCREEN_EXHAUSTED_PRIMALITY_UNASSIGNED,FIRST_SINGULARITY_SHELL_EXHAUSTED_PRIMALITY_UNASSIGNED,514,9595,9595,NO_RECORDED_FACTOR_PRP_OR_LL_RESULT_AND_NO_ACTIVE_GIMPS_ASSIGNMENT,2026-08-06T12:58:23+00:00,UNALLOCATED,,,,,
SLCMP47-1417,1417,2533,154138763,2^154138763-1,STRUCTURAL_SCREEN_EXHAUSTED_PRIMALITY_UNASSIGNED,FIRST_SINGULARITY_SHELL_EXHAUSTED_PRIMALITY_UNASSIGNED,514,9595,9595,NO_RECORDED_FACTOR_PRP_OR_LL_RESULT_AND_NO_ACTIVE_GIMPS_ASSIGNMENT,2026-08-06T12:58:23+00:00,UNALLOCATED,,,,,
SLCMP47-1418,1418,2534,154138771,2^154138771-1,STRUCTURAL_SCREEN_EXHAUSTED_PRIMALITY_UNASSIGNED,FIRST_SINGULARITY_SHELL_EXHAUSTED_PRIMALITY_UNASSIGNED,514,9595,9595,NO_RECORDED_FACTOR_PRP_OR_LL_RESULT_AND_NO_ACTIVE_GIMPS_ASSIGNMENT,2026-08-06T12:58:23+00:00,UNALLOCATED,,,,,
SLCMP47-1419,1419,2535,154138807,2^154138807-1,STRUCTURAL_SCREEN_EXHAUSTED_PRIMALITY_UNASSIGNED,FIRST_SINGULARITY_SHELL_EXHAUSTED_PRIMALITY_UNASSIGNED,514,9595,9595,NO_RECORDED_FACTOR_PRP_OR_LL_RESULT_AND_NO_ACTIVE_GIMPS_ASSIGNMENT,2026-08-06T12:58:23+00:00,UNALLOCATED,,,,,
SLCMP47-1420,1420,2536,154138937,2^154138937-1,STRUCTURAL_SCREEN_EXHAUSTED_PRIMALITY_UNASSIGNED,FIRST_SINGULARITY_SHELL_EXHAUSTED_PRIMALITY_UNASSIGNED,513,9595,9595,NO_RECORDED_FACTOR_PRP_OR_LL_RESULT_AND_NO_ACTIVE_GIMPS_ASSIGNMENT,2026-08-06T12:58:23+00:00,UNALLOCATED,,,,,
SLCMP47-1421,1421,2537,154139113,2^154139113-1,STRUCTURAL_SCREEN_EXHAUSTED_PRIMALITY_UNASSIGNED,FIRST_SINGULARITY_SHELL_EXHAUSTED_PRIMALITY_UNASSIGNED,513,9595,9595,NO_RECORDED_FACTOR_PRP_OR_LL_RESULT_AND_NO_ACTIVE_GIMPS_ASSIGNMENT,2026-08-06T12:58:23+00:00,UNALLOCATED,,,,,
SLCMP47-1422,1422,2538,154139197,2^154139197-1,STRUCTURAL_SCREEN_EXHAUSTED_PRIMALITY_UNASSIGNED,FIRST_SINGULARITY_SHELL_EXHAUSTED_PRIMALITY_UNASSIGNED,513,9595,9595,NO_RECORDED_FACTOR_PRP_OR_LL_RESULT_AND_NO_ACTIVE_GIMPS_ASSIGNMENT,2026-08-06T12:58:23+00:00,UNALLOCATED,,,,,
SLCMP47-1423,1423,2539,154139233,2^154139233-1,STRUCTURAL_SCREEN_EXHAUSTED_PRIMALITY_UNASSIGNED,FIRST_SINGULARITY_SHELL_EXHAUSTED_PRIMALITY_UNASSIGNED,513,9595,9595,NO_RECORDED_FACTOR_PRP_OR_LL_RESULT_AND_NO_ACTIVE_GIMPS_ASSIGNMENT,2026-08-06T12:58:23+00:00,UNALLOCATED,,,,,
SLCMP47-1424,1424,2540,154139291,2^154139291-1,STRUCTURAL_SCREEN_EXHAUSTED_PRIMALITY_UNASSIGNED,FIRST_SINGULARITY_SHELL_EXHAUSTED_PRIMALITY_UNASSIGNED,514,9595,9595,NO_RECORDED_FACTOR_PRP_OR_LL_RESULT_AND_NO_ACTIVE_GIMPS_ASSIGNMENT,2026-08-06T12:58:23+00:00,UNALLOCATED,,,,,
SLCMP47-1425,1425,2541,154139387,2^154139387-1,STRUCTURAL_SCREEN_EXHAUSTED_PRIMALITY_UNASSIGNED,FIRST_SINGULARITY_SHELL_EXHAUSTED_PRIMALITY_UNASSIGNED,514,9595,9595,NO_RECORDED_FACTOR_PRP_OR_LL_RESULT_AND_NO_ACTIVE_GIMPS_ASSIGNMENT,2026-08-06T12:58:23+00:00,UNALLOCATED,,,,,
SLCMP47-1426,1426,2542,154139417,2^154139417-1,STRUCTURAL_SCREEN_EXHAUSTED_PRIMALITY_UNASSIGNED,FIRST_SINGULARITY_SHELL_EXHAUSTED_PRIMALITY_UNASSIGNED,513,9595,9595,NO_RECORDED_FACTOR_PRP_OR_LL_RESULT_AND_NO_ACTIVE_GIMPS_ASSIGNMENT,2026-08-06T12:58:23+00:00,UNALLOCATED,,,,,
SLCMP47-1427,1427,2543,154139473,2^154139473-1,STRUCTURAL_SCREEN_EXHAUSTED_PRIMALITY_UNASSIGNED,FIRST_SINGULARITY_SHELL_EXHAUSTED_PRIMALITY_UNASSIGNED,513,9595,9595,NO_RECORDED_FACTOR_PRP_OR_LL_RESULT_AND_NO_ACTIVE_GIMPS_ASSIGNMENT,2026-08-06T12:58:23+00:00,UNALLOCATED,,,,,
SLCMP47-1428,1428,2544,154139569,2^154139569-1,STRUCTURAL_SCREEN_EXHAUSTED_PRIMALITY_UNASSIGNED,FIRST_SINGULARITY_SHELL_EXHAUSTED_PRIMALITY_UNASSIGNED,513,9595,9595,NO_RECORDED_FACTOR_PRP_OR_LL_RESULT_AND_NO_ACTIVE_GIMPS_ASSIGNMENT,2026-08-06T12:58:23+00:00,UNALLOCATED,,,,,
SLCMP47-1429,1429,2545,154139707,2^154139707-1,STRUCTURAL_SCREEN_EXHAUSTED_PRIMALITY_UNASSIGNED,FIRST_SINGULARITY_SHELL_EXHAUSTED_PRIMALITY_UNASSIGNED,514,9595,9595,NO_RECORDED_FACTOR_PRP_OR_LL_RESULT_AND_NO_ACTIVE_GIMPS_ASSIGNMENT,2026-08-06T12:58:23+00:00,UNALLOCATED,,,,,
SLCMP47-1430,1430,2546,154139803,2^154139803-1,STRUCTURAL_SCREEN_EXHAUSTED_PRIMALITY_UNASSIGNED,FIRST_SINGULARITY_SHELL_EXHAUSTED_PRIMALITY_UNASSIGNED,514,9595,9595,NO_RECORDED_FACTOR_PRP_OR_LL_RESULT_AND_NO_ACTIVE_GIMPS_ASSIGNMENT,2026-08-06T12:58:23+00:00,UNALLOCATED,,,,,
SLCMP47-1431,1431,2547,154139849,2^154139849-1,STRUCTURAL_SCREEN_EXHAUSTED_PRIMALITY_UNASSIGNED,FIRST_SINGULARITY_SHELL_EXHAUSTED_PRIMALITY_UNASSIGNED,513,9595,9595,NO_RECORDED_FACTOR_PRP_OR_LL_RESULT_AND_NO_ACTIVE_GIMPS_ASSIGNMENT,2026-08-06T12:58:23+00:00,UNALLOCATED,,,,,
SLCMP47-1432,1432,2548,154139957,2^154139957-1,STRUCTURAL_SCREEN_EXHAUSTED_PRIMALITY_UNASSIGNED,FIRST_SINGULARITY_SHELL_EXHAUSTED_PRIMALITY_UNASSIGNED,513,9595,9595,NO_RECORDED_FACTOR_PRP_OR_LL_RESULT_AND_NO_ACTIVE_GIMPS_ASSIGNMENT,2026-08-06T12:58:23+00:00,UNALLOCATED,,,,,
SLCMP47-1433,1433,2549,154139987,2^154139987-1,STRUCTURAL_SCREEN_EXHAUSTED_PRIMALITY_UNASSIGNED,FIRST_SINGULARITY_SHELL_EXHAUSTED_PRIMALITY_UNASSIGNED,514,9595,9595,NO_RECORDED_FACTOR_PRP_OR_LL_RESULT_AND_NO_ACTIVE_GIMPS_ASSIGNMENT,2026-08-06T12:58:23+00:00,UNALLOCATED,,,,,
SLCMP47-1434,1434,2550,154140031,2^154140031-1,STRUCTURAL_SCREEN_EXHAUSTED_PRIMALITY_UNASSIGNED,FIRST_SINGULARITY_SHELL_EXHAUSTED_PRIMALITY_UNASSIGNED,514,9595,9595,NO_RECORDED_FACTOR_PRP_OR_LL_RESULT_AND_NO_ACTIVE_GIMPS_ASSIGNMENT,2026-08-06T12:58:23+00:00,UNALLOCATED,,,,,
SLCMP47-1435,1435,2551,154140067,2^154140067-1,STRUCTURAL_SCREEN_EXHAUSTED_PRIMALITY_UNASSIGNED,FIRST_SINGULARITY_SHELL_EXHAUSTED_PRIMALITY_UNASSIGNED,514,9595,9595,NO_RECORDED_FACTOR_PRP_OR_LL_RESULT_AND_NO_ACTIVE_GIMPS_ASSIGNMENT,2026-08-06T12:58:23+00:00,UNALLOCATED,,,,,
SLCMP47-1436,1436,2552,154140127,2^154140127-1,STRUCTURAL_SCREEN_EXHAUSTED_PRIMALITY_UNASSIGNED,FIRST_SINGULARITY_SHELL_EXHAUSTED_PRIMALITY_UNASSIGNED,514,9595,9595,NO_RECORDED_FACTOR_PRP_OR_LL_RESULT_AND_NO_ACTIVE_GIMPS_ASSIGNMENT,2026-08-06T12:58:23+00:00,UNALLOCATED,,,,,
SLCMP47-1437,1437,2553,154140137,2^154140137-1,STRUCTURAL_SCREEN_EXHAUSTED_PRIMALITY_UNASSIGNED,FIRST_SINGULARITY_SHELL_EXHAUSTED_PRIMALITY_UNASSIGNED,513,9595,9595,NO_RECORDED_FACTOR_PRP_OR_LL_RESULT_AND_NO_ACTIVE_GIMPS_ASSIGNMENT,2026-08-06T12:58:23+00:00,UNALLOCATED,,,,,
SLCMP47-1438,1438,2554,154140169,2^154140169-1,STRUCTURAL_SCREEN_EXHAUSTED_PRIMALITY_UNASSIGNED,FIRST_SINGULARITY_SHELL_EXHAUSTED_PRIMALITY_UNASSIGNED,513,9595,9595,NO_RECORDED_FACTOR_PRP_OR_LL_RESULT_AND_NO_ACTIVE_GIMPS_ASSIGNMENT,2026-08-06T12:58:23+00:00,UNALLOCATED,,,,,
SLCMP47-1439,1439,2555,154140211,2^154140211-1,STRUCTURAL_SCREEN_EXHAUSTED_PRIMALITY_UNASSIGNED,FIRST_SINGULARITY_SHELL_EXHAUSTED_PRIMALITY_UNASSIGNED,514,9595,9595,NO_RECORDED_FACTOR_PRP_OR_LL_RESULT_AND_NO_ACTIVE_GIMPS_ASSIGNMENT,2026-08-06T12:58:23+00:00,UNALLOCATED,,,,,
SLCMP47-1440,1440,2556,154140223,2^154140223-1,STRUCTURAL_SCREEN_EXHAUSTED_PRIMALITY_UNASSIGNED,FIRST_SINGULARITY_SHELL_EXHAUSTED_PRIMALITY_UNASSIGNED,514,9595,9595,NO_RECORDED_FACTOR_PRP_OR_LL_RESULT_AND_NO_ACTIVE_GIMPS_ASSIGNMENT,2026-08-06T12:58:23+00:00,UNALLOCATED,,,,,
SLCMP47-1441,1441,2557,154140359,2^154140359-1,STRUCTURAL_SCREEN_EXHAUSTED_PRIMALITY_UNASSIGNED,FIRST_SINGULARITY_SHELL_EXHAUSTED_PRIMALITY_UNASSIGNED,514,9595,9595,NO_RECORDED_FACTOR_PRP_OR_LL_RESULT_AND_NO_ACTIVE_GIMPS_ASSIGNMENT,2026-08-06T12:58:23+00:00,UNALLOCATED,,,,,
SLCMP47-1442,1442,2558,154140397,2^154140397-1,STRUCTURAL_SCREEN_EXHAUSTED_PRIMALITY_UNASSIGNED,FIRST_SINGULARITY_SHELL_EXHAUSTED_PRIMALITY_UNASSIGNED,513,9595,9595,NO_RECORDED_FACTOR_PRP_OR_LL_RESULT_AND_NO_ACTIVE_GIMPS_ASSIGNMENT,2026-08-06T12:58:23+00:00,UNALLOCATED,,,,,
SLCMP47-1443,1443,2559,154140517,2^154140517-1,STRUCTURAL_SCREEN_EXHAUSTED_PRIMALITY_UNASSIGNED,FIRST_SINGULARITY_SHELL_EXHAUSTED_PRIMALITY_UNASSIGNED,513,9595,9595,NO_RECORDED_FACTOR_PRP_OR_LL_RESULT_AND_NO_ACTIVE_GIMPS_ASSIGNMENT,2026-08-06T12:58:23+00:00,UNALLOCATED,,,,,
SLCMP47-1444,1444,2560,154140617,2^154140617-1,STRUCTURAL_SCREEN_EXHAUSTED_PRIMALITY_UNASSIGNED,FIRST_SINGULARITY_SHELL_EXHAUSTED_PRIMALITY_UNASSIGNED,513,9595,9595,NO_RECORDED_FACTOR_PRP_OR_LL_RESULT_AND_NO_ACTIVE_GIMPS_ASSIGNMENT,2026-08-06T12:58:23+00:00,UNALLOCATED,,,,,
SLCMP47-1445,1445,2561,154140647,2^154140647-1,STRUCTURAL_SCREEN_EXHAUSTED_PRIMALITY_UNASSIGNED,FIRST_SINGULARITY_SHELL_EXHAUSTED_PRIMALITY_UNASSIGNED,514,9595,9595,NO_RECORDED_FACTOR_PRP_OR_LL_RESULT_AND_NO_ACTIVE_GIMPS_ASSIGNMENT,2026-08-06T12:58:23+00:00,UNALLOCATED,,,,,
SLCMP47-1446,1446,2562,154140691,2^154140691-1,STRUCTURAL_SCREEN_EXHAUSTED_PRIMALITY_UNASSIGNED,FIRST_SINGULARITY_SHELL_EXHAUSTED_PRIMALITY_UNASSIGNED,514,9595,9595,NO_RECORDED_FACTOR_PRP_OR_LL_RESULT_AND_NO_ACTIVE_GIMPS_ASSIGNMENT,2026-08-06T12:58:23+00:00,UNALLOCATED,,,,,
SLCMP47-1447,1447,2563,154140703,2^154140703-1,STRUCTURAL_SCREEN_EXHAUSTED_PRIMALITY_UNASSIGNED,FIRST_SINGULARITY_SHELL_EXHAUSTED_PRIMALITY_UNASSIGNED,514,9595,9595,NO_RECORDED_FACTOR_PRP_OR_LL_RESULT_AND_NO_ACTIVE_GIMPS_ASSIGNMENT,2026-08-06T12:58:23+00:00,UNALLOCATED,,,,,
SLCMP47-1448,1448,2564,154140781,2^154140781-1,STRUCTURAL_SCREEN_EXHAUSTED_PRIMALITY_UNASSIGNED,FIRST_SINGULARITY_SHELL_EXHAUSTED_PRIMALITY_UNASSIGNED,513,9595,9595,NO_RECORDED_FACTOR_PRP_OR_LL_RESULT_AND_NO_ACTIVE_GIMPS_ASSIGNMENT,2026-08-06T12:58:23+00:00,UNALLOCATED,,,,,
SLCMP47-1449,1449,2565,154140797,2^154140797-1,STRUCTURAL_SCREEN_EXHAUSTED_PRIMALITY_UNASSIGNED,FIRST_SINGULARITY_SHELL_EXHAUSTED_PRIMALITY_UNASSIGNED,513,9595,9595,NO_RECORDED_FACTOR_PRP_OR_LL_RESULT_AND_NO_ACTIVE_GIMPS_ASSIGNMENT,2026-08-06T12:58:23+00:00,UNALLOCATED,,,,,
SLCMP47-1450,1450,2566,154140821,2^154140821-1,STRUCTURAL_SCREEN_EXHAUSTED_PRIMALITY_UNASSIGNED,FIRST_SINGULARITY_SHELL_EXHAUSTED_PRIMALITY_UNASSIGNED,513,9595,9595,NO_RECORDED_FACTOR_PRP_OR_LL_RESULT_AND_NO_ACTIVE_GIMPS_ASSIGNMENT,2026-08-06T12:58:23+00:00,UNALLOCATED,,,,,
SLCMP47-1451,1451,2567,154140869,2^154140869-1,STRUCTURAL_SCREEN_EXHAUSTED_PRIMALITY_UNASSIGNED,FIRST_SINGULARITY_SHELL_EXHAUSTED_PRIMALITY_UNASSIGNED,513,9595,9595,NO_RECORDED_FACTOR_PRP_OR_LL_RESULT_AND_NO_ACTIVE_GIMPS_ASSIGNMENT,2026-08-06T12:58:23+00:00,UNALLOCATED,,,,,
SLCMP47-1452,1452,2568,154141007,2^154141007-1,STRUCTURAL_SCREEN_EXHAUSTED_PRIMALITY_UNASSIGNED,FIRST_SINGULARITY_SHELL_EXHAUSTED_PRIMALITY_UNASSIGNED,514,9595,9595,NO_RECORDED_FACTOR_PRP_OR_LL_RESULT_AND_NO_ACTIVE_GIMPS_ASSIGNMENT,2026-08-06T12:58:23+00:00,UNALLOCATED,,,,,
SLCMP47-1453,1453,2569,154141063,2^154141063-1,STRUCTURAL_SCREEN_EXHAUSTED_PRIMALITY_UNASSIGNED,FIRST_SINGULARITY_SHELL_EXHAUSTED_PRIMALITY_UNASSIGNED,514,9595,9595,NO_RECORDED_FACTOR_PRP_OR_LL_RESULT_AND_NO_ACTIVE_GIMPS_ASSIGNMENT,2026-08-06T12:58:23+00:00,UNALLOCATED,,,,,
SLCMP47-1454,1454,2570,154141189,2^154141189-1,STRUCTURAL_SCREEN_EXHAUSTED_PRIMALITY_UNASSIGNED,FIRST_SINGULARITY_SHELL_EXHAUSTED_PRIMALITY_UNASSIGNED,513,9595,9595,NO_RECORDED_FACTOR_PRP_OR_LL_RESULT_AND_NO_ACTIVE_GIMPS_ASSIGNMENT,2026-08-06T12:58:23+00:00,UNALLOCATED,,,,,
SLCMP47-1455,1455,2571,154141199,2^154141199-1,STRUCTURAL_SCREEN_EXHAUSTED_PRIMALITY_UNASSIGNED,FIRST_SINGULARITY_SHELL_EXHAUSTED_PRIMALITY_UNASSIGNED,514,9595,9595,NO_RECORDED_FACTOR_PRP_OR_LL_RESULT_AND_NO_ACTIVE_GIMPS_ASSIGNMENT,2026-08-06T12:58:23+00:00,UNALLOCATED,,,,,
SLCMP47-1456,1456,2572,154141201,2^154141201-1,STRUCTURAL_SCREEN_EXHAUSTED_PRIMALITY_UNASSIGNED,FIRST_SINGULARITY_SHELL_EXHAUSTED_PRIMALITY_UNASSIGNED,513,9595,9595,NO_RECORDED_FACTOR_PRP_OR_LL_RESULT_AND_NO_ACTIVE_GIMPS_ASSIGNMENT,2026-08-06T12:58:23+00:00,UNALLOCATED,,,,,
SLCMP47-1457,1457,2573,154141219,2^154141219-1,STRUCTURAL_SCREEN_EXHAUSTED_PRIMALITY_UNASSIGNED,FIRST_SINGULARITY_SHELL_EXHAUSTED_PRIMALITY_UNASSIGNED,514,9595,9595,NO_RECORDED_FACTOR_PRP_OR_LL_RESULT_AND_NO_ACTIVE_GIMPS_ASSIGNMENT,2026-08-06T12:58:23+00:00,UNALLOCATED,,,,,
SLCMP47-1458,1458,2574,154141279,2^154141279-1,STRUCTURAL_SCREEN_EXHAUSTED_PRIMALITY_UNASSIGNED,FIRST_SINGULARITY_SHELL_EXHAUSTED_PRIMALITY_UNASSIGNED,514,9595,9595,NO_RECORDED_FACTOR_PRP_OR_LL_RESULT_AND_NO_ACTIVE_GIMPS_ASSIGNMENT,2026-08-06T12:58:23+00:00,UNALLOCATED,,,,,
SLCMP47-1459,1459,2575,154141411,2^154141411-1,STRUCTURAL_SCREEN_EXHAUSTED_PRIMALITY_UNASSIGNED,FIRST_SINGULARITY_SHELL_EXHAUSTED_PRIMALITY_UNASSIGNED,514,9595,9595,NO_RECORDED_FACTOR_PRP_OR_LL_RESULT_AND_NO_ACTIVE_GIMPS_ASSIGNMENT,2026-08-06T12:58:23+00:00,UNALLOCATED,,,,,
SLCMP47-1460,1460,2576,154141417,2^154141417-1,STRUCTURAL_SCREEN_EXHAUSTED_PRIMALITY_UNASSIGNED,FIRST_SINGULARITY_SHELL_EXHAUSTED_PRIMALITY_UNASSIGNED,513,9595,9595,NO_RECORDED_FACTOR_PRP_OR_LL_RESULT_AND_NO_ACTIVE_GIMPS_ASSIGNMENT,2026-08-06T12:58:23+00:00,UNALLOCATED,,,,,
SLCMP47-1461,1461,2577,154141483,2^154141483-1,STRUCTURAL_SCREEN_EXHAUSTED_PRIMALITY_UNASSIGNED,FIRST_SINGULARITY_SHELL_EXHAUSTED_PRIMALITY_UNASSIGNED,514,9595,9595,NO_RECORDED_FACTOR_PRP_OR_LL_RESULT_AND_NO_ACTIVE_GIMPS_ASSIGNMENT,2026-08-06T12:58:23+00:00,UNALLOCATED,,,,,
SLCMP47-1462,1462,2578,154141613,2^154141613-1,STRUCTURAL_SCREEN_EXHAUSTED_PRIMALITY_UNASSIGNED,FIRST_SINGULARITY_SHELL_EXHAUSTED_PRIMALITY_UNASSIGNED,513,9595,9595,NO_RECORDED_FACTOR_PRP_OR_LL_RESULT_AND_NO_ACTIVE_GIMPS_ASSIGNMENT,2026-08-06T12:58:23+00:00,UNALLOCATED,,,,,
SLCMP47-1463,1463,2579,154141651,2^154141651-1,STRUCTURAL_SCREEN_EXHAUSTED_PRIMALITY_UNASSIGNED,FIRST_SINGULARITY_SHELL_EXHAUSTED_PRIMALITY_UNASSIGNED,514,9595,9595,NO_RECORDED_FACTOR_PRP_OR_LL_RESULT_AND_NO_ACTIVE_GIMPS_ASSIGNMENT,2026-08-06T12:58:23+00:00,UNALLOCATED,,,,,
SLCMP47-1464,1464,2580,154141711,2^154141711-1,STRUCTURAL_SCREEN_EXHAUSTED_PRIMALITY_UNASSIGNED,FIRST_SINGULARITY_SHELL_EXHAUSTED_PRIMALITY_UNASSIGNED,514,9595,9595,NO_RECORDED_FACTOR_PRP_OR_LL_RESULT_AND_NO_ACTIVE_GIMPS_ASSIGNMENT,2026-08-06T12:58:23+00:00,UNALLOCATED,,,,,
SLCMP47-1465,1465,2581,154141759,2^154141759-1,STRUCTURAL_SCREEN_EXHAUSTED_PRIMALITY_UNASSIGNED,FIRST_SINGULARITY_SHELL_EXHAUSTED_PRIMALITY_UNASSIGNED,514,9595,9595,NO_RECORDED_FACTOR_PRP_OR_LL_RESULT_AND_NO_ACTIVE_GIMPS_ASSIGNMENT,2026-08-06T12:58:23+00:00,UNALLOCATED,,,,,
SLCMP47-1466,1466,2582,154141769,2^154141769-1,STRUCTURAL_SCREEN_EXHAUSTED_PRIMALITY_UNASSIGNED,FIRST_SINGULARITY_SHELL_EXHAUSTED_PRIMALITY_UNASSIGNED,513,9595,9595,NO_RECORDED_FACTOR_PRP_OR_LL_RESULT_AND_NO_ACTIVE_GIMPS_ASSIGNMENT,2026-08-06T12:58:23+00:00,UNALLOCATED,,,,,
SLCMP47-1467,1467,2583,154141817,2^154141817-1,STRUCTURAL_SCREEN_EXHAUSTED_PRIMALITY_UNASSIGNED,FIRST_SINGULARITY_SHELL_EXHAUSTED_PRIMALITY_UNASSIGNED,513,9595,9595,NO_RECORDED_FACTOR_PRP_OR_LL_RESULT_AND_NO_ACTIVE_GIMPS_ASSIGNMENT,2026-08-06T12:58:23+00:00,UNALLOCATED,,,,,
SLCMP47-1468,1468,2584,154141843,2^154141843-1,STRUCTURAL_SCREEN_EXHAUSTED_PRIMALITY_UNASSIGNED,FIRST_SINGULARITY_SHELL_EXHAUSTED_PRIMALITY_UNASSIGNED,514,9595,9595,NO_RECORDED_FACTOR_PRP_OR_LL_RESULT_AND_NO_ACTIVE_GIMPS_ASSIGNMENT,2026-08-06T12:58:23+00:00,UNALLOCATED,,,,,
SLCMP47-1469,1469,2585,154141879,2^154141879-1,STRUCTURAL_SCREEN_EXHAUSTED_PRIMALITY_UNASSIGNED,FIRST_SINGULARITY_SHELL_EXHAUSTED_PRIMALITY_UNASSIGNED,514,9595,9595,NO_RECORDED_FACTOR_PRP_OR_LL_RESULT_AND_NO_ACTIVE_GIMPS_ASSIGNMENT,2026-08-06T12:58:23+00:00,UNALLOCATED,,,,,
SLCMP47-1470,1470,2586,154141921,2^154141921-1,STRUCTURAL_SCREEN_EXHAUSTED_PRIMALITY_UNASSIGNED,FIRST_SINGULARITY_SHELL_EXHAUSTED_PRIMALITY_UNASSIGNED,513,9595,9595,NO_RECORDED_FACTOR_PRP_OR_LL_RESULT_AND_NO_ACTIVE_GIMPS_ASSIGNMENT,2026-08-06T12:58:23+00:00,UNALLOCATED,,,,,
SLCMP47-1471,1471,2587,154142033,2^154142033-1,STRUCTURAL_SCREEN_EXHAUSTED_PRIMALITY_UNASSIGNED,FIRST_SINGULARITY_SHELL_EXHAUSTED_PRIMALITY_UNASSIGNED,513,9595,9595,NO_RECORDED_FACTOR_PRP_OR_LL_RESULT_AND_NO_ACTIVE_GIMPS_ASSIGNMENT,2026-08-06T12:58:23+00:00,UNALLOCATED,,,,,
SLCMP47-1472,1472,2588,154142071,2^154142071-1,STRUCTURAL_SCREEN_EXHAUSTED_PRIMALITY_UNASSIGNED,FIRST_SINGULARITY_SHELL_EXHAUSTED_PRIMALITY_UNASSIGNED,514,9595,9595,NO_RECORDED_FACTOR_PRP_OR_LL_RESULT_AND_NO_ACTIVE_GIMPS_ASSIGNMENT,2026-08-06T12:58:23+00:00,UNALLOCATED,,,,,
SLCMP47-1473,1473,2589,154142321,2^154142321-1,STRUCTURAL_SCREEN_EXHAUSTED_PRIMALITY_UNASSIGNED,FIRST_SINGULARITY_SHELL_EXHAUSTED_PRIMALITY_UNASSIGNED,513,9595,9595,NO_RECORDED_FACTOR_PRP_OR_LL_RESULT_AND_NO_ACTIVE_GIMPS_ASSIGNMENT,2026-08-06T12:58:23+00:00,UNALLOCATED,,,,,
SLCMP47-1474,1474,2590,154142353,2^154142353-1,STRUCTURAL_SCREEN_EXHAUSTED_PRIMALITY_UNASSIGNED,FIRST_SINGULARITY_SHELL_EXHAUSTED_PRIMALITY_UNASSIGNED,513,9595,9595,NO_RECORDED_FACTOR_PRP_OR_LL_RESULT_AND_NO_ACTIVE_GIMPS_ASSIGNMENT,2026-08-06T12:58:23+00:00,UNALLOCATED,,,,,
SLCMP47-1475,1475,2591,154142357,2^154142357-1,STRUCTURAL_SCREEN_EXHAUSTED_PRIMALITY_UNASSIGNED,FIRST_SINGULARITY_SHELL_EXHAUSTED_PRIMALITY_UNASSIGNED,513,9595,9595,NO_RECORDED_FACTOR_PRP_OR_LL_RESULT_AND_NO_ACTIVE_GIMPS_ASSIGNMENT,2026-08-06T12:58:23+00:00,UNALLOCATED,,,,,
SLCMP47-1476,1476,2592,154142501,2^154142501-1,STRUCTURAL_SCREEN_EXHAUSTED_PRIMALITY_UNASSIGNED,FIRST_SINGULARITY_SHELL_EXHAUSTED_PRIMALITY_UNASSIGNED,513,9595,9595,NO_RECORDED_FACTOR_PRP_OR_LL_RESULT_AND_NO_ACTIVE_GIMPS_ASSIGNMENT,2026-08-06T12:58:23+00:00,UNALLOCATED,,,,,
SLCMP47-1477,1477,2593,154142533,2^154142533-1,STRUCTURAL_SCREEN_EXHAUSTED_PRIMALITY_UNASSIGNED,FIRST_SINGULARITY_SHELL_EXHAUSTED_PRIMALITY_UNASSIGNED,513,9595,9595,NO_RECORDED_FACTOR_PRP_OR_LL_RESULT_AND_NO_ACTIVE_GIMPS_ASSIGNMENT,2026-08-06T12:58:23+00:00,UNALLOCATED,,,,,
SLCMP47-1478,1478,2594,154142543,2^154142543-1,STRUCTURAL_SCREEN_EXHAUSTED_PRIMALITY_UNASSIGNED,FIRST_SINGULARITY_SHELL_EXHAUSTED_PRIMALITY_UNASSIGNED,514,9595,9595,NO_RECORDED_FACTOR_PRP_OR_LL_RESULT_AND_NO_ACTIVE_GIMPS_ASSIGNMENT,2026-08-06T12:58:23+00:00,UNALLOCATED,,,,,
SLCMP47-1479,1479,2595,154142663,2^154142663-1,STRUCTURAL_SCREEN_EXHAUSTED_PRIMALITY_UNASSIGNED,FIRST_SINGULARITY_SHELL_EXHAUSTED_PRIMALITY_UNASSIGNED,514,9595,9595,NO_RECORDED_FACTOR_PRP_OR_LL_RESULT_AND_NO_ACTIVE_GIMPS_ASSIGNMENT,2026-08-06T12:58:23+00:00,UNALLOCATED,,,,,
SLCMP47-1480,1480,2596,154142683,2^154142683-1,STRUCTURAL_SCREEN_EXHAUSTED_PRIMALITY_UNASSIGNED,FIRST_SINGULARITY_SHELL_EXHAUSTED_PRIMALITY_UNASSIGNED,514,9595,9595,NO_RECORDED_FACTOR_PRP_OR_LL_RESULT_AND_NO_ACTIVE_GIMPS_ASSIGNMENT,2026-08-06T12:58:23+00:00,UNALLOCATED,,,,,
SLCMP47-1481,1481,2597,154142707,2^154142707-1,STRUCTURAL_SCREEN_EXHAUSTED_PRIMALITY_UNASSIGNED,FIRST_SINGULARITY_SHELL_EXHAUSTED_PRIMALITY_UNASSIGNED,514,9595,9595,NO_RECORDED_FACTOR_PRP_OR_LL_RESULT_AND_NO_ACTIVE_GIMPS_ASSIGNMENT,2026-08-06T12:58:23+00:00,UNALLOCATED,,,,,
SLCMP47-1482,1482,2598,154142719,2^154142719-1,STRUCTURAL_SCREEN_EXHAUSTED_PRIMALITY_UNASSIGNED,FIRST_SINGULARITY_SHELL_EXHAUSTED_PRIMALITY_UNASSIGNED,514,9595,9595,NO_RECORDED_FACTOR_PRP_OR_LL_RESULT_AND_NO_ACTIVE_GIMPS_ASSIGNMENT,2026-08-06T12:58:23+00:00,UNALLOCATED,,,,,
SLCMP47-1483,1483,2599,154142767,2^154142767-1,STRUCTURAL_SCREEN_EXHAUSTED_PRIMALITY_UNASSIGNED,FIRST_SINGULARITY_SHELL_EXHAUSTED_PRIMALITY_UNASSIGNED,514,9595,9595,NO_RECORDED_FACTOR_PRP_OR_LL_RESULT_AND_NO_ACTIVE_GIMPS_ASSIGNMENT,2026-08-06T12:58:23+00:00,UNALLOCATED,,,,,
SLCMP47-1484,1484,2600,154142873,2^154142873-1,STRUCTURAL_SCREEN_EXHAUSTED_PRIMALITY_UNASSIGNED,FIRST_SINGULARITY_SHELL_EXHAUSTED_PRIMALITY_UNASSIGNED,513,9595,9595,NO_RECORDED_FACTOR_PRP_OR_LL_RESULT_AND_NO_ACTIVE_GIMPS_ASSIGNMENT,2026-08-06T12:58:23+00:00,UNALLOCATED,,,,,
SLCMP47-1485,1485,2601,154142969,2^154142969-1,STRUCTURAL_SCREEN_EXHAUSTED_PRIMALITY_UNASSIGNED,FIRST_SINGULARITY_SHELL_EXHAUSTED_PRIMALITY_UNASSIGNED,513,9595,9595,NO_RECORDED_FACTOR_PRP_OR_LL_RESULT_AND_NO_ACTIVE_GIMPS_ASSIGNMENT,2026-08-06T12:58:23+00:00,UNALLOCATED,,,,,
SLCMP47-1486,1486,2602,154142971,2^154142971-1,STRUCTURAL_SCREEN_EXHAUSTED_PRIMALITY_UNASSIGNED,FIRST_SINGULARITY_SHELL_EXHAUSTED_PRIMALITY_UNASSIGNED,514,9595,9595,NO_RECORDED_FACTOR_PRP_OR_LL_RESULT_AND_NO_ACTIVE_GIMPS_ASSIGNMENT,2026-08-06T12:58:23+00:00,UNALLOCATED,,,,,
SLCMP47-1487,1487,2603,154143037,2^154143037-1,STRUCTURAL_SCREEN_EXHAUSTED_PRIMALITY_UNASSIGNED,FIRST_SINGULARITY_SHELL_EXHAUSTED_PRIMALITY_UNASSIGNED,513,9595,9595,NO_RECORDED_FACTOR_PRP_OR_LL_RESULT_AND_NO_ACTIVE_GIMPS_ASSIGNMENT,2026-08-06T12:58:23+00:00,UNALLOCATED,,,,,
SLCMP47-1488,1488,2604,154143061,2^154143061-1,STRUCTURAL_SCREEN_EXHAUSTED_PRIMALITY_UNASSIGNED,FIRST_SINGULARITY_SHELL_EXHAUSTED_PRIMALITY_UNASSIGNED,513,9595,9595,NO_RECORDED_FACTOR_PRP_OR_LL_RESULT_AND_NO_ACTIVE_GIMPS_ASSIGNMENT,2026-08-06T12:58:23+00:00,UNALLOCATED,,,,,
SLCMP47-1489,1489,2605,154143151,2^154143151-1,STRUCTURAL_SCREEN_EXHAUSTED_PRIMALITY_UNASSIGNED,FIRST_SINGULARITY_SHELL_EXHAUSTED_PRIMALITY_UNASSIGNED,514,9595,9595,NO_RECORDED_FACTOR_PRP_OR_LL_RESULT_AND_NO_ACTIVE_GIMPS_ASSIGNMENT,2026-08-06T12:58:23+00:00,UNALLOCATED,,,,,
SLCMP47-1490,1490,2606,154143317,2^154143317-1,STRUCTURAL_SCREEN_EXHAUSTED_PRIMALITY_UNASSIGNED,FIRST_SINGULARITY_SHELL_EXHAUSTED_PRIMALITY_UNASSIGNED,513,9595,9595,NO_RECORDED_FACTOR_PRP_OR_LL_RESULT_AND_NO_ACTIVE_GIMPS_ASSIGNMENT,2026-08-06T12:58:23+00:00,UNALLOCATED,,,,,
SLCMP47-1491,1491,2607,154143361,2^154143361-1,STRUCTURAL_SCREEN_EXHAUSTED_PRIMALITY_UNASSIGNED,FIRST_SINGULARITY_SHELL_EXHAUSTED_PRIMALITY_UNASSIGNED,513,9595,9595,NO_RECORDED_FACTOR_PRP_OR_LL_RESULT_AND_NO_ACTIVE_GIMPS_ASSIGNMENT,2026-08-06T12:58:23+00:00,UNALLOCATED,,,,,
SLCMP47-1492,1492,2608,154143391,2^154143391-1,STRUCTURAL_SCREEN_EXHAUSTED_PRIMALITY_UNASSIGNED,FIRST_SINGULARITY_SHELL_EXHAUSTED_PRIMALITY_UNASSIGNED,514,9595,9595,NO_RECORDED_FACTOR_PRP_OR_LL_RESULT_AND_NO_ACTIVE_GIMPS_ASSIGNMENT,2026-08-06T12:58:23+00:00,UNALLOCATED,,,,,
SLCMP47-1493,1493,2609,154143397,2^154143397-1,STRUCTURAL_SCREEN_EXHAUSTED_PRIMALITY_UNASSIGNED,FIRST_SINGULARITY_SHELL_EXHAUSTED_PRIMALITY_UNASSIGNED,513,9595,9595,NO_RECORDED_FACTOR_PRP_OR_LL_RESULT_AND_NO_ACTIVE_GIMPS_ASSIGNMENT,2026-08-06T12:58:23+00:00,UNALLOCATED,,,,,
SLCMP47-1494,1494,2610,154143421,2^154143421-1,STRUCTURAL_SCREEN_EXHAUSTED_PRIMALITY_UNASSIGNED,FIRST_SINGULARITY_SHELL_EXHAUSTED_PRIMALITY_UNASSIGNED,513,9595,9595,NO_RECORDED_FACTOR_PRP_OR_LL_RESULT_AND_NO_ACTIVE_GIMPS_ASSIGNMENT,2026-08-06T12:58:23+00:00,UNALLOCATED,,,,,
SLCMP47-1495,1495,2611,154143529,2^154143529-1,STRUCTURAL_SCREEN_EXHAUSTED_PRIMALITY_UNASSIGNED,FIRST_SINGULARITY_SHELL_EXHAUSTED_PRIMALITY_UNASSIGNED,513,9595,9595,NO_RECORDED_FACTOR_PRP_OR_LL_RESULT_AND_NO_ACTIVE_GIMPS_ASSIGNMENT,2026-08-06T12:58:23+00:00,UNALLOCATED,,,,,
SLCMP47-1496,1496,2612,154143593,2^154143593-1,STRUCTURAL_SCREEN_EXHAUSTED_PRIMALITY_UNASSIGNED,FIRST_SINGULARITY_SHELL_EXHAUSTED_PRIMALITY_UNASSIGNED,513,9595,9595,NO_RECORDED_FACTOR_PRP_OR_LL_RESULT_AND_NO_ACTIVE_GIMPS_ASSIGNMENT,2026-08-06T12:58:23+00:00,UNALLOCATED,,,,,
SLCMP47-1497,1497,2613,154143653,2^154143653-1,STRUCTURAL_SCREEN_EXHAUSTED_PRIMALITY_UNASSIGNED,FIRST_SINGULARITY_SHELL_EXHAUSTED_PRIMALITY_UNASSIGNED,513,9595,9595,NO_RECORDED_FACTOR_PRP_OR_LL_RESULT_AND_NO_ACTIVE_GIMPS_ASSIGNMENT,2026-08-06T12:58:23+00:00,UNALLOCATED,,,,,
SLCMP47-1498,1498,2614,154143707,2^154143707-1,STRUCTURAL_SCREEN_EXHAUSTED_PRIMALITY_UNASSIGNED,FIRST_SINGULARITY_SHELL_EXHAUSTED_PRIMALITY_UNASSIGNED,514,9595,9595,NO_RECORDED_FACTOR_PRP_OR_LL_RESULT_AND_NO_ACTIVE_GIMPS_ASSIGNMENT,2026-08-06T12:58:23+00:00,UNALLOCATED,,,,,
SLCMP47-1499,1499,2615,154143757,2^154143757-1,STRUCTURAL_SCREEN_EXHAUSTED_PRIMALITY_UNASSIGNED,FIRST_SINGULARITY_SHELL_EXHAUSTED_PRIMALITY_UNASSIGNED,513,9595,9595,NO_RECORDED_FACTOR_PRP_OR_LL_RESULT_AND_NO_ACTIVE_GIMPS_ASSIGNMENT,2026-08-06T12:58:23+00:00,UNALLOCATED,,,,,
SLCMP47-1500,1500,2616,154143859,2^154143859-1,STRUCTURAL_SCREEN_EXHAUSTED_PRIMALITY_UNASSIGNED,FIRST_SINGULARITY_SHELL_EXHAUSTED_PRIMALITY_UNASSIGNED,514,9595,9595,NO_RECORDED_FACTOR_PRP_OR_LL_RESULT_AND_NO_ACTIVE_GIMPS_ASSIGNMENT,2026-08-06T12:58:23+00:00,UNALLOCATED,,,,,
SLCMP47-1501,1501,2618,154143989,2^154143989-1,STRUCTURAL_SCREEN_EXHAUSTED_PRIMALITY_UNASSIGNED,FIRST_SINGULARITY_SHELL_EXHAUSTED_PRIMALITY_UNASSIGNED,513,9595,9595,NO_RECORDED_FACTOR_PRP_OR_LL_RESULT_AND_NO_ACTIVE_GIMPS_ASSIGNMENT,2026-08-06T12:58:23+00:00,UNALLOCATED,,,,,
SLCMP47-1502,1502,2619,154144021,2^154144021-1,STRUCTURAL_SCREEN_EXHAUSTED_PRIMALITY_UNASSIGNED,FIRST_SINGULARITY_SHELL_EXHAUSTED_PRIMALITY_UNASSIGNED,513,9595,9595,NO_RECORDED_FACTOR_PRP_OR_LL_RESULT_AND_NO_ACTIVE_GIMPS_ASSIGNMENT,2026-08-06T12:58:23+00:00,UNALLOCATED,,,,,
SLCMP47-1503,1503,2620,154144027,2^154144027-1,STRUCTURAL_SCREEN_EXHAUSTED_PRIMALITY_UNASSIGNED,FIRST_SINGULARITY_SHELL_EXHAUSTED_PRIMALITY_UNASSIGNED,514,9595,9595,NO_RECORDED_FACTOR_PRP_OR_LL_RESULT_AND_NO_ACTIVE_GIMPS_ASSIGNMENT,2026-08-06T12:58:23+00:00,UNALLOCATED,,,,,
SLCMP47-1504,1504,2621,154144141,2^154144141-1,STRUCTURAL_SCREEN_EXHAUSTED_PRIMALITY_UNASSIGNED,FIRST_SINGULARITY_SHELL_EXHAUSTED_PRIMALITY_UNASSIGNED,513,9595,9595,NO_RECORDED_FACTOR_PRP_OR_LL_RESULT_AND_NO_ACTIVE_GIMPS_ASSIGNMENT,2026-08-06T12:58:23+00:00,UNALLOCATED,,,,,
SLCMP47-1505,1505,2622,154144147,2^154144147-1,STRUCTURAL_SCREEN_EXHAUSTED_PRIMALITY_UNASSIGNED,FIRST_SINGULARITY_SHELL_EXHAUSTED_PRIMALITY_UNASSIGNED,514,9595,9595,NO_RECORDED_FACTOR_PRP_OR_LL_RESULT_AND_NO_ACTIVE_GIMPS_ASSIGNMENT,2026-08-06T12:58:23+00:00,UNALLOCATED,,,,,
SLCMP47-1506,1506,2623,154144201,2^154144201-1,STRUCTURAL_SCREEN_EXHAUSTED_PRIMALITY_UNASSIGNED,FIRST_SINGULARITY_SHELL_EXHAUSTED_PRIMALITY_UNASSIGNED,513,9595,9595,NO_RECORDED_FACTOR_PRP_OR_LL_RESULT_AND_NO_ACTIVE_GIMPS_ASSIGNMENT,2026-08-06T12:58:23+00:00,UNALLOCATED,,,,,
SLCMP47-1507,1507,2624,154144213,2^154144213-1,STRUCTURAL_SCREEN_EXHAUSTED_PRIMALITY_UNASSIGNED,FIRST_SINGULARITY_SHELL_EXHAUSTED_PRIMALITY_UNASSIGNED,513,9595,9595,NO_RECORDED_FACTOR_PRP_OR_LL_RESULT_AND_NO_ACTIVE_GIMPS_ASSIGNMENT,2026-08-06T12:58:23+00:00,UNALLOCATED,,,,,
SLCMP47-1508,1508,2625,154144261,2^154144261-1,STRUCTURAL_SCREEN_EXHAUSTED_PRIMALITY_UNASSIGNED,FIRST_SINGULARITY_SHELL_EXHAUSTED_PRIMALITY_UNASSIGNED,513,9595,9595,NO_RECORDED_FACTOR_PRP_OR_LL_RESULT_AND_NO_ACTIVE_GIMPS_ASSIGNMENT,2026-08-06T12:58:23+00:00,UNALLOCATED,,,,,
SLCMP47-1509,1509,2626,154144271,2^154144271-1,STRUCTURAL_SCREEN_EXHAUSTED_PRIMALITY_UNASSIGNED,FIRST_SINGULARITY_SHELL_EXHAUSTED_PRIMALITY_UNASSIGNED,514,9595,9595,NO_RECORDED_FACTOR_PRP_OR_LL_RESULT_AND_NO_ACTIVE_GIMPS_ASSIGNMENT,2026-08-06T12:58:23+00:00,UNALLOCATED,,,,,
SLCMP47-1510,1510,2627,154144279,2^154144279-1,STRUCTURAL_SCREEN_EXHAUSTED_PRIMALITY_UNASSIGNED,FIRST_SINGULARITY_SHELL_EXHAUSTED_PRIMALITY_UNASSIGNED,514,9595,9595,NO_RECORDED_FACTOR_PRP_OR_LL_RESULT_AND_NO_ACTIVE_GIMPS_ASSIGNMENT,2026-08-06T12:58:23+00:00,UNALLOCATED,,,,,
SLCMP47-1511,1511,2628,154144301,2^154144301-1,STRUCTURAL_SCREEN_EXHAUSTED_PRIMALITY_UNASSIGNED,FIRST_SINGULARITY_SHELL_EXHAUSTED_PRIMALITY_UNASSIGNED,513,9595,9595,NO_RECORDED_FACTOR_PRP_OR_LL_RESULT_AND_NO_ACTIVE_GIMPS_ASSIGNMENT,2026-08-06T12:58:23+00:00,UNALLOCATED,,,,,
SLCMP47-1512,1512,2629,154144303,2^154144303-1,STRUCTURAL_SCREEN_EXHAUSTED_PRIMALITY_UNASSIGNED,FIRST_SINGULARITY_SHELL_EXHAUSTED_PRIMALITY_UNASSIGNED,514,9595,9595,NO_RECORDED_FACTOR_PRP_OR_LL_RESULT_AND_NO_ACTIVE_GIMPS_ASSIGNMENT,2026-08-06T12:58:23+00:00,UNALLOCATED,,,,,
SLCMP47-1513,1513,2630,154144409,2^154144409-1,STRUCTURAL_SCREEN_EXHAUSTED_PRIMALITY_UNASSIGNED,FIRST_SINGULARITY_SHELL_EXHAUSTED_PRIMALITY_UNASSIGNED,513,9595,9595,NO_RECORDED_FACTOR_PRP_OR_LL_RESULT_AND_NO_ACTIVE_GIMPS_ASSIGNMENT,2026-08-06T12:58:23+00:00,UNALLOCATED,,,,,
SLCMP47-1514,1514,2631,154144451,2^154144451-1,STRUCTURAL_SCREEN_EXHAUSTED_PRIMALITY_UNASSIGNED,FIRST_SINGULARITY_SHELL_EXHAUSTED_PRIMALITY_UNASSIGNED,514,9595,9595,NO_RECORDED_FACTOR_PRP_OR_LL_RESULT_AND_NO_ACTIVE_GIMPS_ASSIGNMENT,2026-08-06T12:58:23+00:00,UNALLOCATED,,,,,
SLCMP47-1515,1515,2632,154144481,2^154144481-1,STRUCTURAL_SCREEN_EXHAUSTED_PRIMALITY_UNASSIGNED,FIRST_SINGULARITY_SHELL_EXHAUSTED_PRIMALITY_UNASSIGNED,513,9595,9595,NO_RECORDED_FACTOR_PRP_OR_LL_RESULT_AND_NO_ACTIVE_GIMPS_ASSIGNMENT,2026-08-06T12:58:23+00:00,UNALLOCATED,,,,,
SLCMP47-1516,1516,2633,154144561,2^154144561-1,STRUCTURAL_SCREEN_EXHAUSTED_PRIMALITY_UNASSIGNED,FIRST_SINGULARITY_SHELL_EXHAUSTED_PRIMALITY_UNASSIGNED,513,9595,9595,NO_RECORDED_FACTOR_PRP_OR_LL_RESULT_AND_NO_ACTIVE_GIMPS_ASSIGNMENT,2026-08-06T12:58:23+00:00,UNALLOCATED,,,,,
SLCMP47-1517,1517,2634,154144579,2^154144579-1,STRUCTURAL_SCREEN_EXHAUSTED_PRIMALITY_UNASSIGNED,FIRST_SINGULARITY_SHELL_EXHAUSTED_PRIMALITY_UNASSIGNED,514,9595,9595,NO_RECORDED_FACTOR_PRP_OR_LL_RESULT_AND_NO_ACTIVE_GIMPS_ASSIGNMENT,2026-08-06T12:58:23+00:00,UNALLOCATED,,,,,
SLCMP47-1518,1518,2635,154144609,2^154144609-1,STRUCTURAL_SCREEN_EXHAUSTED_PRIMALITY_UNASSIGNED,FIRST_SINGULARITY_SHELL_EXHAUSTED_PRIMALITY_UNASSIGNED,513,9595,9595,NO_RECORDED_FACTOR_PRP_OR_LL_RESULT_AND_NO_ACTIVE_GIMPS_ASSIGNMENT,2026-08-06T12:58:23+00:00,UNALLOCATED,,,,,
SLCMP47-1519,1519,2636,154144633,2^154144633-1,STRUCTURAL_SCREEN_EXHAUSTED_PRIMALITY_UNASSIGNED,FIRST_SINGULARITY_SHELL_EXHAUSTED_PRIMALITY_UNASSIGNED,513,9595,9595,NO_RECORDED_FACTOR_PRP_OR_LL_RESULT_AND_NO_ACTIVE_GIMPS_ASSIGNMENT,2026-08-06T12:58:23+00:00,UNALLOCATED,,,,,
SLCMP47-1520,1520,2637,154144667,2^154144667-1,STRUCTURAL_SCREEN_EXHAUSTED_PRIMALITY_UNASSIGNED,FIRST_SINGULARITY_SHELL_EXHAUSTED_PRIMALITY_UNASSIGNED,514,9595,9595,NO_RECORDED_FACTOR_PRP_OR_LL_RESULT_AND_NO_ACTIVE_GIMPS_ASSIGNMENT,2026-08-06T12:58:23+00:00,UNALLOCATED,,,,,
SLCMP47-1521,1521,2638,154144787,2^154144787-1,STRUCTURAL_SCREEN_EXHAUSTED_PRIMALITY_UNASSIGNED,FIRST_SINGULARITY_SHELL_EXHAUSTED_PRIMALITY_UNASSIGNED,514,9595,9595,NO_RECORDED_FACTOR_PRP_OR_LL_RESULT_AND_NO_ACTIVE_GIMPS_ASSIGNMENT,2026-08-06T12:58:23+00:00,UNALLOCATED,,,,,
SLCMP47-1522,1522,2639,154144901,2^154144901-1,STRUCTURAL_SCREEN_EXHAUSTED_PRIMALITY_UNASSIGNED,FIRST_SINGULARITY_SHELL_EXHAUSTED_PRIMALITY_UNASSIGNED,513,9595,9595,NO_RECORDED_FACTOR_PRP_OR_LL_RESULT_AND_NO_ACTIVE_GIMPS_ASSIGNMENT,2026-08-06T12:58:23+00:00,UNALLOCATED,,,,,
SLCMP47-1523,1523,2640,154145227,2^154145227-1,STRUCTURAL_SCREEN_EXHAUSTED_PRIMALITY_UNASSIGNED,FIRST_SINGULARITY_SHELL_EXHAUSTED_PRIMALITY_UNASSIGNED,514,9595,9595,NO_RECORDED_FACTOR_PRP_OR_LL_RESULT_AND_NO_ACTIVE_GIMPS_ASSIGNMENT,2026-08-06T12:58:23+00:00,UNALLOCATED,,,,,
SLCMP47-1524,1524,2641,154145261,2^154145261-1,STRUCTURAL_SCREEN_EXHAUSTED_PRIMALITY_UNASSIGNED,FIRST_SINGULARITY_SHELL_EXHAUSTED_PRIMALITY_UNASSIGNED,513,9595,9595,NO_RECORDED_FACTOR_PRP_OR_LL_RESULT_AND_NO_ACTIVE_GIMPS_ASSIGNMENT,2026-08-06T12:58:23+00:00,UNALLOCATED,,,,,
SLCMP47-1525,1525,2642,154145479,2^154145479-1,STRUCTURAL_SCREEN_EXHAUSTED_PRIMALITY_UNASSIGNED,FIRST_SINGULARITY_SHELL_EXHAUSTED_PRIMALITY_UNASSIGNED,514,9595,9595,NO_RECORDED_FACTOR_PRP_OR_LL_RESULT_AND_NO_ACTIVE_GIMPS_ASSIGNMENT,2026-08-06T12:58:23+00:00,UNALLOCATED,,,,,
SLCMP47-1526,1526,2643,154145503,2^154145503-1,STRUCTURAL_SCREEN_EXHAUSTED_PRIMALITY_UNASSIGNED,FIRST_SINGULARITY_SHELL_EXHAUSTED_PRIMALITY_UNASSIGNED,514,9595,9595,NO_RECORDED_FACTOR_PRP_OR_LL_RESULT_AND_NO_ACTIVE_GIMPS_ASSIGNMENT,2026-08-06T12:58:23+00:00,UNALLOCATED,,,,,
SLCMP47-1527,1527,2644,154145633,2^154145633-1,STRUCTURAL_SCREEN_EXHAUSTED_PRIMALITY_UNASSIGNED,FIRST_SINGULARITY_SHELL_EXHAUSTED_PRIMALITY_UNASSIGNED,513,9595,9595,NO_RECORDED_FACTOR_PRP_OR_LL_RESULT_AND_NO_ACTIVE_GIMPS_ASSIGNMENT,2026-08-06T12:58:23+00:00,UNALLOCATED,,,,,
SLCMP47-1528,1528,2645,154145659,2^154145659-1,STRUCTURAL_SCREEN_EXHAUSTED_PRIMALITY_UNASSIGNED,FIRST_SINGULARITY_SHELL_EXHAUSTED_PRIMALITY_UNASSIGNED,514,9595,9595,NO_RECORDED_FACTOR_PRP_OR_LL_RESULT_AND_NO_ACTIVE_GIMPS_ASSIGNMENT,2026-08-06T12:58:23+00:00,UNALLOCATED,,,,,
SLCMP47-1529,1529,2646,154145801,2^154145801-1,STRUCTURAL_SCREEN_EXHAUSTED_PRIMALITY_UNASSIGNED,FIRST_SINGULARITY_SHELL_EXHAUSTED_PRIMALITY_UNASSIGNED,513,9595,9595,NO_RECORDED_FACTOR_PRP_OR_LL_RESULT_AND_NO_ACTIVE_GIMPS_ASSIGNMENT,2026-08-06T12:58:23+00:00,UNALLOCATED,,,,,
SLCMP47-1530,1530,2647,154145821,2^154145821-1,STRUCTURAL_SCREEN_EXHAUSTED_PRIMALITY_UNASSIGNED,FIRST_SINGULARITY_SHELL_EXHAUSTED_PRIMALITY_UNASSIGNED,513,9595,9595,NO_RECORDED_FACTOR_PRP_OR_LL_RESULT_AND_NO_ACTIVE_GIMPS_ASSIGNMENT,2026-08-06T12:58:23+00:00,UNALLOCATED,,,,,
SLCMP47-1531,1531,2648,154145867,2^154145867-1,STRUCTURAL_SCREEN_EXHAUSTED_PRIMALITY_UNASSIGNED,FIRST_SINGULARITY_SHELL_EXHAUSTED_PRIMALITY_UNASSIGNED,514,9595,9595,NO_RECORDED_FACTOR_PRP_OR_LL_RESULT_AND_NO_ACTIVE_GIMPS_ASSIGNMENT,2026-08-06T12:58:23+00:00,UNALLOCATED,,,,,
SLCMP47-1532,1532,2649,154145911,2^154145911-1,STRUCTURAL_SCREEN_EXHAUSTED_PRIMALITY_UNASSIGNED,FIRST_SINGULARITY_SHELL_EXHAUSTED_PRIMALITY_UNASSIGNED,514,9595,9595,NO_RECORDED_FACTOR_PRP_OR_LL_RESULT_AND_NO_ACTIVE_GIMPS_ASSIGNMENT,2026-08-06T12:58:23+00:00,UNALLOCATED,,,,,
SLCMP47-1533,1533,2650,154145921,2^154145921-1,STRUCTURAL_SCREEN_EXHAUSTED_PRIMALITY_UNASSIGNED,FIRST_SINGULARITY_SHELL_EXHAUSTED_PRIMALITY_UNASSIGNED,513,9595,9595,NO_RECORDED_FACTOR_PRP_OR_LL_RESULT_AND_NO_ACTIVE_GIMPS_ASSIGNMENT,2026-08-06T12:58:23+00:00,UNALLOCATED,,,,,
SLCMP47-1534,1534,2651,154146053,2^154146053-1,STRUCTURAL_SCREEN_EXHAUSTED_PRIMALITY_UNASSIGNED,FIRST_SINGULARITY_SHELL_EXHAUSTED_PRIMALITY_UNASSIGNED,513,9595,9595,NO_RECORDED_FACTOR_PRP_OR_LL_RESULT_AND_NO_ACTIVE_GIMPS_ASSIGNMENT,2026-08-06T12:58:23+00:00,UNALLOCATED,,,,,
SLCMP47-1535,1535,2652,154146059,2^154146059-1,STRUCTURAL_SCREEN_EXHAUSTED_PRIMALITY_UNASSIGNED,FIRST_SINGULARITY_SHELL_EXHAUSTED_PRIMALITY_UNASSIGNED,514,9595,9595,NO_RECORDED_FACTOR_PRP_OR_LL_RESULT_AND_NO_ACTIVE_GIMPS_ASSIGNMENT,2026-08-06T12:58:23+00:00,UNALLOCATED,,,,,
SLCMP47-1536,1536,2653,154146079,2^154146079-1,STRUCTURAL_SCREEN_EXHAUSTED_PRIMALITY_UNASSIGNED,FIRST_SINGULARITY_SHELL_EXHAUSTED_PRIMALITY_UNASSIGNED,514,9595,9595,NO_RECORDED_FACTOR_PRP_OR_LL_RESULT_AND_NO_ACTIVE_GIMPS_ASSIGNMENT,2026-08-06T12:58:23+00:00,UNALLOCATED,,,,,
SLCMP47-1537,1537,2654,154146119,2^154146119-1,STRUCTURAL_SCREEN_EXHAUSTED_PRIMALITY_UNASSIGNED,FIRST_SINGULARITY_SHELL_EXHAUSTED_PRIMALITY_UNASSIGNED,514,9595,9595,NO_RECORDED_FACTOR_PRP_OR_LL_RESULT_AND_NO_ACTIVE_GIMPS_ASSIGNMENT,2026-08-06T12:58:23+00:00,UNALLOCATED,,,,,
SLCMP47-1538,1538,2655,154146137,2^154146137-1,STRUCTURAL_SCREEN_EXHAUSTED_PRIMALITY_UNASSIGNED,FIRST_SINGULARITY_SHELL_EXHAUSTED_PRIMALITY_UNASSIGNED,513,9595,9595,NO_RECORDED_FACTOR_PRP_OR_LL_RESULT_AND_NO_ACTIVE_GIMPS_ASSIGNMENT,2026-08-06T12:58:23+00:00,UNALLOCATED,,,,,
SLCMP47-1539,1539,2656,154146269,2^154146269-1,STRUCTURAL_SCREEN_EXHAUSTED_PRIMALITY_UNASSIGNED,FIRST_SINGULARITY_SHELL_EXHAUSTED_PRIMALITY_UNASSIGNED,513,9595,9595,NO_RECORDED_FACTOR_PRP_OR_LL_RESULT_AND_NO_ACTIVE_GIMPS_ASSIGNMENT,2026-08-06T12:58:23+00:00,UNALLOCATED,,,,,
SLCMP47-1540,1540,2657,154146319,2^154146319-1,STRUCTURAL_SCREEN_EXHAUSTED_PRIMALITY_UNASSIGNED,FIRST_SINGULARITY_SHELL_EXHAUSTED_PRIMALITY_UNASSIGNED,514,9595,9595,NO_RECORDED_FACTOR_PRP_OR_LL_RESULT_AND_NO_ACTIVE_GIMPS_ASSIGNMENT,2026-08-06T12:58:23+00:00,UNALLOCATED,,,,,
SLCMP47-1541,1541,2658,154146341,2^154146341-1,STRUCTURAL_SCREEN_EXHAUSTED_PRIMALITY_UNASSIGNED,FIRST_SINGULARITY_SHELL_EXHAUSTED_PRIMALITY_UNASSIGNED,513,9595,9595,NO_RECORDED_FACTOR_PRP_OR_LL_RESULT_AND_NO_ACTIVE_GIMPS_ASSIGNMENT,2026-08-06T12:58:23+00:00,UNALLOCATED,,,,,
SLCMP47-1542,1542,2659,154146389,2^154146389-1,STRUCTURAL_SCREEN_EXHAUSTED_PRIMALITY_UNASSIGNED,FIRST_SINGULARITY_SHELL_EXHAUSTED_PRIMALITY_UNASSIGNED,513,9595,9595,NO_RECORDED_FACTOR_PRP_OR_LL_RESULT_AND_NO_ACTIVE_GIMPS_ASSIGNMENT,2026-08-06T12:58:23+00:00,UNALLOCATED,,,,,
SLCMP47-1543,1543,2660,154146407,2^154146407-1,STRUCTURAL_SCREEN_EXHAUSTED_PRIMALITY_UNASSIGNED,FIRST_SINGULARITY_SHELL_EXHAUSTED_PRIMALITY_UNASSIGNED,514,9595,9595,NO_RECORDED_FACTOR_PRP_OR_LL_RESULT_AND_NO_ACTIVE_GIMPS_ASSIGNMENT,2026-08-06T12:58:23+00:00,UNALLOCATED,,,,,
SLCMP47-1544,1544,2661,154146427,2^154146427-1,STRUCTURAL_SCREEN_EXHAUSTED_PRIMALITY_UNASSIGNED,FIRST_SINGULARITY_SHELL_EXHAUSTED_PRIMALITY_UNASSIGNED,514,9595,9595,NO_RECORDED_FACTOR_PRP_OR_LL_RESULT_AND_NO_ACTIVE_GIMPS_ASSIGNMENT,2026-08-06T12:58:23+00:00,UNALLOCATED,,,,,
SLCMP47-1545,1545,2662,154146491,2^154146491-1,STRUCTURAL_SCREEN_EXHAUSTED_PRIMALITY_UNASSIGNED,FIRST_SINGULARITY_SHELL_EXHAUSTED_PRIMALITY_UNASSIGNED,514,9595,9595,NO_RECORDED_FACTOR_PRP_OR_LL_RESULT_AND_NO_ACTIVE_GIMPS_ASSIGNMENT,2026-08-06T12:58:23+00:00,UNALLOCATED,,,,,
SLCMP47-1546,1546,2663,154146523,2^154146523-1,STRUCTURAL_SCREEN_EXHAUSTED_PRIMALITY_UNASSIGNED,FIRST_SINGULARITY_SHELL_EXHAUSTED_PRIMALITY_UNASSIGNED,514,9595,9595,NO_RECORDED_FACTOR_PRP_OR_LL_RESULT_AND_NO_ACTIVE_GIMPS_ASSIGNMENT,2026-08-06T12:58:23+00:00,UNALLOCATED,,,,,
SLCMP47-1547,1547,2664,154146821,2^154146821-1,STRUCTURAL_SCREEN_EXHAUSTED_PRIMALITY_UNASSIGNED,FIRST_SINGULARITY_SHELL_EXHAUSTED_PRIMALITY_UNASSIGNED,513,9595,9595,NO_RECORDED_FACTOR_PRP_OR_LL_RESULT_AND_NO_ACTIVE_GIMPS_ASSIGNMENT,2026-08-06T12:58:23+00:00,UNALLOCATED,,,,,
SLCMP47-1548,1548,2665,154146823,2^154146823-1,STRUCTURAL_SCREEN_EXHAUSTED_PRIMALITY_UNASSIGNED,FIRST_SINGULARITY_SHELL_EXHAUSTED_PRIMALITY_UNASSIGNED,514,9595,9595,NO_RECORDED_FACTOR_PRP_OR_LL_RESULT_AND_NO_ACTIVE_GIMPS_ASSIGNMENT,2026-08-06T12:58:23+00:00,UNALLOCATED,,,,,
SLCMP47-1549,1549,2666,154146869,2^154146869-1,STRUCTURAL_SCREEN_EXHAUSTED_PRIMALITY_UNASSIGNED,FIRST_SINGULARITY_SHELL_EXHAUSTED_PRIMALITY_UNASSIGNED,513,9595,9595,NO_RECORDED_FACTOR_PRP_OR_LL_RESULT_AND_NO_ACTIVE_GIMPS_ASSIGNMENT,2026-08-06T12:58:23+00:00,UNALLOCATED,,,,,
SLCMP47-1550,1550,2667,154146913,2^154146913-1,STRUCTURAL_SCREEN_EXHAUSTED_PRIMALITY_UNASSIGNED,FIRST_SINGULARITY_SHELL_EXHAUSTED_PRIMALITY_UNASSIGNED,513,9595,9595,NO_RECORDED_FACTOR_PRP_OR_LL_RESULT_AND_NO_ACTIVE_GIMPS_ASSIGNMENT,2026-08-06T12:58:23+00:00,UNALLOCATED,,,,,
SLCMP47-1551,1551,2668,154146931,2^154146931-1,STRUCTURAL_SCREEN_EXHAUSTED_PRIMALITY_UNASSIGNED,FIRST_SINGULARITY_SHELL_EXHAUSTED_PRIMALITY_UNASSIGNED,514,9595,9595,NO_RECORDED_FACTOR_PRP_OR_LL_RESULT_AND_NO_ACTIVE_GIMPS_ASSIGNMENT,2026-08-06T12:58:23+00:00,UNALLOCATED,,,,,
SLCMP47-1552,1552,2669,154146947,2^154146947-1,STRUCTURAL_SCREEN_EXHAUSTED_PRIMALITY_UNASSIGNED,FIRST_SINGULARITY_SHELL_EXHAUSTED_PRIMALITY_UNASSIGNED,514,9595,9595,NO_RECORDED_FACTOR_PRP_OR_LL_RESULT_AND_NO_ACTIVE_GIMPS_ASSIGNMENT,2026-08-06T12:58:23+00:00,UNALLOCATED,,,,,
SLCMP47-1553,1553,2670,154146997,2^154146997-1,STRUCTURAL_SCREEN_EXHAUSTED_PRIMALITY_UNASSIGNED,FIRST_SINGULARITY_SHELL_EXHAUSTED_PRIMALITY_UNASSIGNED,513,9595,9595,NO_RECORDED_FACTOR_PRP_OR_LL_RESULT_AND_NO_ACTIVE_GIMPS_ASSIGNMENT,2026-08-06T12:58:23+00:00,UNALLOCATED,,,,,
SLCMP47-1554,1554,2671,154147073,2^154147073-1,STRUCTURAL_SCREEN_EXHAUSTED_PRIMALITY_UNASSIGNED,FIRST_SINGULARITY_SHELL_EXHAUSTED_PRIMALITY_UNASSIGNED,513,9595,9595,NO_RECORDED_FACTOR_PRP_OR_LL_RESULT_AND_NO_ACTIVE_GIMPS_ASSIGNMENT,2026-08-06T12:58:23+00:00,UNALLOCATED,,,,,
SLCMP47-1555,1555,2672,154147157,2^154147157-1,STRUCTURAL_SCREEN_EXHAUSTED_PRIMALITY_UNASSIGNED,FIRST_SINGULARITY_SHELL_EXHAUSTED_PRIMALITY_UNASSIGNED,513,9595,9595,NO_RECORDED_FACTOR_PRP_OR_LL_RESULT_AND_NO_ACTIVE_GIMPS_ASSIGNMENT,2026-08-06T12:58:23+00:00,UNALLOCATED,,,,,
SLCMP47-1556,1556,2673,154147163,2^154147163-1,STRUCTURAL_SCREEN_EXHAUSTED_PRIMALITY_UNASSIGNED,FIRST_SINGULARITY_SHELL_EXHAUSTED_PRIMALITY_UNASSIGNED,514,9595,9595,NO_RECORDED_FACTOR_PRP_OR_LL_RESULT_AND_NO_ACTIVE_GIMPS_ASSIGNMENT,2026-08-06T12:58:23+00:00,UNALLOCATED,,,,,
SLCMP47-1557,1557,2674,154147237,2^154147237-1,STRUCTURAL_SCREEN_EXHAUSTED_PRIMALITY_UNASSIGNED,FIRST_SINGULARITY_SHELL_EXHAUSTED_PRIMALITY_UNASSIGNED,513,9595,9595,NO_RECORDED_FACTOR_PRP_OR_LL_RESULT_AND_NO_ACTIVE_GIMPS_ASSIGNMENT,2026-08-06T12:58:23+00:00,UNALLOCATED,,,,,
SLCMP47-1558,1558,2675,154147241,2^154147241-1,STRUCTURAL_SCREEN_EXHAUSTED_PRIMALITY_UNASSIGNED,FIRST_SINGULARITY_SHELL_EXHAUSTED_PRIMALITY_UNASSIGNED,513,9595,9595,NO_RECORDED_FACTOR_PRP_OR_LL_RESULT_AND_NO_ACTIVE_GIMPS_ASSIGNMENT,2026-08-06T12:58:23+00:00,UNALLOCATED,,,,,
SLCMP47-1559,1559,2676,154147297,2^154147297-1,STRUCTURAL_SCREEN_EXHAUSTED_PRIMALITY_UNASSIGNED,FIRST_SINGULARITY_SHELL_EXHAUSTED_PRIMALITY_UNASSIGNED,513,9595,9595,NO_RECORDED_FACTOR_PRP_OR_LL_RESULT_AND_NO_ACTIVE_GIMPS_ASSIGNMENT,2026-08-06T12:58:23+00:00,UNALLOCATED,,,,,
SLCMP47-1560,1560,2677,154147309,2^154147309-1,STRUCTURAL_SCREEN_EXHAUSTED_PRIMALITY_UNASSIGNED,FIRST_SINGULARITY_SHELL_EXHAUSTED_PRIMALITY_UNASSIGNED,513,9595,9595,NO_RECORDED_FACTOR_PRP_OR_LL_RESULT_AND_NO_ACTIVE_GIMPS_ASSIGNMENT,2026-08-06T12:58:23+00:00,UNALLOCATED,,,,,
SLCMP47-1561,1561,2678,154147421,2^154147421-1,STRUCTURAL_SCREEN_EXHAUSTED_PRIMALITY_UNASSIGNED,FIRST_SINGULARITY_SHELL_EXHAUSTED_PRIMALITY_UNASSIGNED,513,9595,9595,NO_RECORDED_FACTOR_PRP_OR_LL_RESULT_AND_NO_ACTIVE_GIMPS_ASSIGNMENT,2026-08-06T12:58:23+00:00,UNALLOCATED,,,,,
SLCMP47-1562,1562,2679,154147447,2^154147447-1,STRUCTURAL_SCREEN_EXHAUSTED_PRIMALITY_UNASSIGNED,FIRST_SINGULARITY_SHELL_EXHAUSTED_PRIMALITY_UNASSIGNED,514,9595,9595,NO_RECORDED_FACTOR_PRP_OR_LL_RESULT_AND_NO_ACTIVE_GIMPS_ASSIGNMENT,2026-08-06T12:58:23+00:00,UNALLOCATED,,,,,
SLCMP47-1563,1563,2680,154147489,2^154147489-1,STRUCTURAL_SCREEN_EXHAUSTED_PRIMALITY_UNASSIGNED,FIRST_SINGULARITY_SHELL_EXHAUSTED_PRIMALITY_UNASSIGNED,513,9595,9595,NO_RECORDED_FACTOR_PRP_OR_LL_RESULT_AND_NO_ACTIVE_GIMPS_ASSIGNMENT,2026-08-06T12:58:23+00:00,UNALLOCATED,,,,,
SLCMP47-1564,1564,2681,154147529,2^154147529-1,STRUCTURAL_SCREEN_EXHAUSTED_PRIMALITY_UNASSIGNED,FIRST_SINGULARITY_SHELL_EXHAUSTED_PRIMALITY_UNASSIGNED,513,9595,9595,NO_RECORDED_FACTOR_PRP_OR_LL_RESULT_AND_NO_ACTIVE_GIMPS_ASSIGNMENT,2026-08-06T12:58:23+00:00,UNALLOCATED,,,,,
SLCMP47-1565,1565,2682,154147579,2^154147579-1,STRUCTURAL_SCREEN_EXHAUSTED_PRIMALITY_UNASSIGNED,FIRST_SINGULARITY_SHELL_EXHAUSTED_PRIMALITY_UNASSIGNED,514,9595,9595,NO_RECORDED_FACTOR_PRP_OR_LL_RESULT_AND_NO_ACTIVE_GIMPS_ASSIGNMENT,2026-08-06T12:58:23+00:00,UNALLOCATED,,,,,
SLCMP47-1566,1566,2683,154147583,2^154147583-1,STRUCTURAL_SCREEN_EXHAUSTED_PRIMALITY_UNASSIGNED,FIRST_SINGULARITY_SHELL_EXHAUSTED_PRIMALITY_UNASSIGNED,514,9595,9595,NO_RECORDED_FACTOR_PRP_OR_LL_RESULT_AND_NO_ACTIVE_GIMPS_ASSIGNMENT,2026-08-06T12:58:23+00:00,UNALLOCATED,,,,,
SLCMP47-1567,1567,2684,154147607,2^154147607-1,STRUCTURAL_SCREEN_EXHAUSTED_PRIMALITY_UNASSIGNED,FIRST_SINGULARITY_SHELL_EXHAUSTED_PRIMALITY_UNASSIGNED,514,9595,9595,NO_RECORDED_FACTOR_PRP_OR_LL_RESULT_AND_NO_ACTIVE_GIMPS_ASSIGNMENT,2026-08-06T12:58:23+00:00,UNALLOCATED,,,,,
SLCMP47-1568,1568,2685,154147657,2^154147657-1,STRUCTURAL_SCREEN_EXHAUSTED_PRIMALITY_UNASSIGNED,FIRST_SINGULARITY_SHELL_EXHAUSTED_PRIMALITY_UNASSIGNED,513,9595,9595,NO_RECORDED_FACTOR_PRP_OR_LL_RESULT_AND_NO_ACTIVE_GIMPS_ASSIGNMENT,2026-08-06T12:58:23+00:00,UNALLOCATED,,,,,
SLCMP47-1569,1569,2686,154147757,2^154147757-1,STRUCTURAL_SCREEN_EXHAUSTED_PRIMALITY_UNASSIGNED,FIRST_SINGULARITY_SHELL_EXHAUSTED_PRIMALITY_UNASSIGNED,513,9595,9595,NO_RECORDED_FACTOR_PRP_OR_LL_RESULT_AND_NO_ACTIVE_GIMPS_ASSIGNMENT,2026-08-06T12:58:23+00:00,UNALLOCATED,,,,,
SLCMP47-1570,1570,2687,154147769,2^154147769-1,STRUCTURAL_SCREEN_EXHAUSTED_PRIMALITY_UNASSIGNED,FIRST_SINGULARITY_SHELL_EXHAUSTED_PRIMALITY_UNASSIGNED,513,9595,9595,NO_RECORDED_FACTOR_PRP_OR_LL_RESULT_AND_NO_ACTIVE_GIMPS_ASSIGNMENT,2026-08-06T12:58:23+00:00,UNALLOCATED,,,,,
SLCMP47-1571,1571,2688,154147813,2^154147813-1,STRUCTURAL_SCREEN_EXHAUSTED_PRIMALITY_UNASSIGNED,FIRST_SINGULARITY_SHELL_EXHAUSTED_PRIMALITY_UNASSIGNED,513,9595,9595,NO_RECORDED_FACTOR_PRP_OR_LL_RESULT_AND_NO_ACTIVE_GIMPS_ASSIGNMENT,2026-08-06T12:58:23+00:00,UNALLOCATED,,,,,
SLCMP47-1572,1572,2689,154147853,2^154147853-1,STRUCTURAL_SCREEN_EXHAUSTED_PRIMALITY_UNASSIGNED,FIRST_SINGULARITY_SHELL_EXHAUSTED_PRIMALITY_UNASSIGNED,513,9595,9595,NO_RECORDED_FACTOR_PRP_OR_LL_RESULT_AND_NO_ACTIVE_GIMPS_ASSIGNMENT,2026-08-06T12:58:23+00:00,UNALLOCATED,,,,,
SLCMP47-1573,1573,2690,154147867,2^154147867-1,STRUCTURAL_SCREEN_EXHAUSTED_PRIMALITY_UNASSIGNED,FIRST_SINGULARITY_SHELL_EXHAUSTED_PRIMALITY_UNASSIGNED,514,9595,9595,NO_RECORDED_FACTOR_PRP_OR_LL_RESULT_AND_NO_ACTIVE_GIMPS_ASSIGNMENT,2026-08-06T12:58:23+00:00,UNALLOCATED,,,,,
SLCMP47-1574,1574,2691,154147927,2^154147927-1,STRUCTURAL_SCREEN_EXHAUSTED_PRIMALITY_UNASSIGNED,FIRST_SINGULARITY_SHELL_EXHAUSTED_PRIMALITY_UNASSIGNED,514,9595,9595,NO_RECORDED_FACTOR_PRP_OR_LL_RESULT_AND_NO_ACTIVE_GIMPS_ASSIGNMENT,2026-08-06T12:58:23+00:00,UNALLOCATED,,,,,
SLCMP47-1575,1575,2692,154147999,2^154147999-1,STRUCTURAL_SCREEN_EXHAUSTED_PRIMALITY_UNASSIGNED,FIRST_SINGULARITY_SHELL_EXHAUSTED_PRIMALITY_UNASSIGNED,514,9595,9595,NO_RECORDED_FACTOR_PRP_OR_LL_RESULT_AND_NO_ACTIVE_GIMPS_ASSIGNMENT,2026-08-06T12:58:23+00:00,UNALLOCATED,,,,,
SLCMP47-1576,1576,2693,154148011,2^154148011-1,STRUCTURAL_SCREEN_EXHAUSTED_PRIMALITY_UNASSIGNED,FIRST_SINGULARITY_SHELL_EXHAUSTED_PRIMALITY_UNASSIGNED,514,9595,9595,NO_RECORDED_FACTOR_PRP_OR_LL_RESULT_AND_NO_ACTIVE_GIMPS_ASSIGNMENT,2026-08-06T12:58:23+00:00,UNALLOCATED,,,,,
SLCMP47-1577,1577,2694,154148051,2^154148051-1,STRUCTURAL_SCREEN_EXHAUSTED_PRIMALITY_UNASSIGNED,FIRST_SINGULARITY_SHELL_EXHAUSTED_PRIMALITY_UNASSIGNED,514,9595,9595,NO_RECORDED_FACTOR_PRP_OR_LL_RESULT_AND_NO_ACTIVE_GIMPS_ASSIGNMENT,2026-08-06T12:58:23+00:00,UNALLOCATED,,,,,
SLCMP47-1578,1578,2695,154148191,2^154148191-1,STRUCTURAL_SCREEN_EXHAUSTED_PRIMALITY_UNASSIGNED,FIRST_SINGULARITY_SHELL_EXHAUSTED_PRIMALITY_UNASSIGNED,514,9595,9595,NO_RECORDED_FACTOR_PRP_OR_LL_RESULT_AND_NO_ACTIVE_GIMPS_ASSIGNMENT,2026-08-06T12:58:23+00:00,UNALLOCATED,,,,,
SLCMP47-1579,1579,2696,154148237,2^154148237-1,STRUCTURAL_SCREEN_EXHAUSTED_PRIMALITY_UNASSIGNED,FIRST_SINGULARITY_SHELL_EXHAUSTED_PRIMALITY_UNASSIGNED,513,9595,9595,NO_RECORDED_FACTOR_PRP_OR_LL_RESULT_AND_NO_ACTIVE_GIMPS_ASSIGNMENT,2026-08-06T12:58:23+00:00,UNALLOCATED,,,,,
SLCMP47-1580,1580,2697,154148303,2^154148303-1,STRUCTURAL_SCREEN_EXHAUSTED_PRIMALITY_UNASSIGNED,FIRST_SINGULARITY_SHELL_EXHAUSTED_PRIMALITY_UNASSIGNED,514,9595,9595,NO_RECORDED_FACTOR_PRP_OR_LL_RESULT_AND_NO_ACTIVE_GIMPS_ASSIGNMENT,2026-08-06T12:58:23+00:00,UNALLOCATED,,,,,
SLCMP47-1581,1581,2698,154148329,2^154148329-1,STRUCTURAL_SCREEN_EXHAUSTED_PRIMALITY_UNASSIGNED,FIRST_SINGULARITY_SHELL_EXHAUSTED_PRIMALITY_UNASSIGNED,513,9595,9595,NO_RECORDED_FACTOR_PRP_OR_LL_RESULT_AND_NO_ACTIVE_GIMPS_ASSIGNMENT,2026-08-06T12:58:23+00:00,UNALLOCATED,,,,,
SLCMP47-1582,1582,2699,154148569,2^154148569-1,STRUCTURAL_SCREEN_EXHAUSTED_PRIMALITY_UNASSIGNED,FIRST_SINGULARITY_SHELL_EXHAUSTED_PRIMALITY_UNASSIGNED,513,9595,9595,NO_RECORDED_FACTOR_PRP_OR_LL_RESULT_AND_NO_ACTIVE_GIMPS_ASSIGNMENT,2026-08-06T12:58:23+00:00,UNALLOCATED,,,,,
SLCMP47-1583,1583,2700,154148581,2^154148581-1,STRUCTURAL_SCREEN_EXHAUSTED_PRIMALITY_UNASSIGNED,FIRST_SINGULARITY_SHELL_EXHAUSTED_PRIMALITY_UNASSIGNED,513,9595,9595,NO_RECORDED_FACTOR_PRP_OR_LL_RESULT_AND_NO_ACTIVE_GIMPS_ASSIGNMENT,2026-08-06T12:58:23+00:00,UNALLOCATED,,,,,
SLCMP47-1584,1584,2701,154148689,2^154148689-1,STRUCTURAL_SCREEN_EXHAUSTED_PRIMALITY_UNASSIGNED,FIRST_SINGULARITY_SHELL_EXHAUSTED_PRIMALITY_UNASSIGNED,513,9595,9595,NO_RECORDED_FACTOR_PRP_OR_LL_RESULT_AND_NO_ACTIVE_GIMPS_ASSIGNMENT,2026-08-06T12:58:23+00:00,UNALLOCATED,,,,,
SLCMP47-1585,1585,2702,154148711,2^154148711-1,STRUCTURAL_SCREEN_EXHAUSTED_PRIMALITY_UNASSIGNED,FIRST_SINGULARITY_SHELL_EXHAUSTED_PRIMALITY_UNASSIGNED,514,9595,9595,NO_RECORDED_FACTOR_PRP_OR_LL_RESULT_AND_NO_ACTIVE_GIMPS_ASSIGNMENT,2026-08-06T12:58:23+00:00,UNALLOCATED,,,,,
SLCMP47-1586,1586,2703,154148713,2^154148713-1,STRUCTURAL_SCREEN_EXHAUSTED_PRIMALITY_UNASSIGNED,FIRST_SINGULARITY_SHELL_EXHAUSTED_PRIMALITY_UNASSIGNED,513,9595,9595,NO_RECORDED_FACTOR_PRP_OR_LL_RESULT_AND_NO_ACTIVE_GIMPS_ASSIGNMENT,2026-08-06T12:58:23+00:00,UNALLOCATED,,,,,
SLCMP47-1587,1587,2704,154148789,2^154148789-1,STRUCTURAL_SCREEN_EXHAUSTED_PRIMALITY_UNASSIGNED,FIRST_SINGULARITY_SHELL_EXHAUSTED_PRIMALITY_UNASSIGNED,513,9595,9595,NO_RECORDED_FACTOR_PRP_OR_LL_RESULT_AND_NO_ACTIVE_GIMPS_ASSIGNMENT,2026-08-06T12:58:23+00:00,UNALLOCATED,,,,,
SLCMP47-1588,1588,2705,154148867,2^154148867-1,STRUCTURAL_SCREEN_EXHAUSTED_PRIMALITY_UNASSIGNED,FIRST_SINGULARITY_SHELL_EXHAUSTED_PRIMALITY_UNASSIGNED,514,9595,9595,NO_RECORDED_FACTOR_PRP_OR_LL_RESULT_AND_NO_ACTIVE_GIMPS_ASSIGNMENT,2026-08-06T12:58:23+00:00,UNALLOCATED,,,,,
SLCMP47-1589,1589,2706,154148933,2^154148933-1,STRUCTURAL_SCREEN_EXHAUSTED_PRIMALITY_UNASSIGNED,FIRST_SINGULARITY_SHELL_EXHAUSTED_PRIMALITY_UNASSIGNED,513,9595,9595,NO_RECORDED_FACTOR_PRP_OR_LL_RESULT_AND_NO_ACTIVE_GIMPS_ASSIGNMENT,2026-08-06T12:58:23+00:00,UNALLOCATED,,,,,
SLCMP47-1590,1590,2707,154148941,2^154148941-1,STRUCTURAL_SCREEN_EXHAUSTED_PRIMALITY_UNASSIGNED,FIRST_SINGULARITY_SHELL_EXHAUSTED_PRIMALITY_UNASSIGNED,513,9595,9595,NO_RECORDED_FACTOR_PRP_OR_LL_RESULT_AND_NO_ACTIVE_GIMPS_ASSIGNMENT,2026-08-06T12:58:23+00:00,UNALLOCATED,,,,,
SLCMP47-1591,1591,2708,154148983,2^154148983-1,STRUCTURAL_SCREEN_EXHAUSTED_PRIMALITY_UNASSIGNED,FIRST_SINGULARITY_SHELL_EXHAUSTED_PRIMALITY_UNASSIGNED,514,9595,9595,NO_RECORDED_FACTOR_PRP_OR_LL_RESULT_AND_NO_ACTIVE_GIMPS_ASSIGNMENT,2026-08-06T12:58:23+00:00,UNALLOCATED,,,,,
SLCMP47-1592,1592,2709,154149029,2^154149029-1,STRUCTURAL_SCREEN_EXHAUSTED_PRIMALITY_UNASSIGNED,FIRST_SINGULARITY_SHELL_EXHAUSTED_PRIMALITY_UNASSIGNED,513,9595,9595,NO_RECORDED_FACTOR_PRP_OR_LL_RESULT_AND_NO_ACTIVE_GIMPS_ASSIGNMENT,2026-08-06T12:58:23+00:00,UNALLOCATED,,,,,
SLCMP47-1593,1593,2710,154149091,2^154149091-1,STRUCTURAL_SCREEN_EXHAUSTED_PRIMALITY_UNASSIGNED,FIRST_SINGULARITY_SHELL_EXHAUSTED_PRIMALITY_UNASSIGNED,514,9595,9595,NO_RECORDED_FACTOR_PRP_OR_LL_RESULT_AND_NO_ACTIVE_GIMPS_ASSIGNMENT,2026-08-06T12:58:23+00:00,UNALLOCATED,,,,,
SLCMP47-1594,1594,2711,154149101,2^154149101-1,STRUCTURAL_SCREEN_EXHAUSTED_PRIMALITY_UNASSIGNED,FIRST_SINGULARITY_SHELL_EXHAUSTED_PRIMALITY_UNASSIGNED,513,9595,9595,NO_RECORDED_FACTOR_PRP_OR_LL_RESULT_AND_NO_ACTIVE_GIMPS_ASSIGNMENT,2026-08-06T12:58:23+00:00,UNALLOCATED,,,,,
SLCMP47-1595,1595,2712,154149103,2^154149103-1,STRUCTURAL_SCREEN_EXHAUSTED_PRIMALITY_UNASSIGNED,FIRST_SINGULARITY_SHELL_EXHAUSTED_PRIMALITY_UNASSIGNED,514,9595,9595,NO_RECORDED_FACTOR_PRP_OR_LL_RESULT_AND_NO_ACTIVE_GIMPS_ASSIGNMENT,2026-08-06T12:58:23+00:00,UNALLOCATED,,,,,
SLCMP47-1596,1596,2713,154149169,2^154149169-1,STRUCTURAL_SCREEN_EXHAUSTED_PRIMALITY_UNASSIGNED,FIRST_SINGULARITY_SHELL_EXHAUSTED_PRIMALITY_UNASSIGNED,513,9595,9595,NO_RECORDED_FACTOR_PRP_OR_LL_RESULT_AND_NO_ACTIVE_GIMPS_ASSIGNMENT,2026-08-06T12:58:23+00:00,UNALLOCATED,,,,,
SLCMP47-1597,1597,2714,154149173,2^154149173-1,STRUCTURAL_SCREEN_EXHAUSTED_PRIMALITY_UNASSIGNED,FIRST_SINGULARITY_SHELL_EXHAUSTED_PRIMALITY_UNASSIGNED,513,9595,9595,NO_RECORDED_FACTOR_PRP_OR_LL_RESULT_AND_NO_ACTIVE_GIMPS_ASSIGNMENT,2026-08-06T12:58:23+00:00,UNALLOCATED,,,,,
SLCMP47-1598,1598,2715,154149187,2^154149187-1,STRUCTURAL_SCREEN_EXHAUSTED_PRIMALITY_UNASSIGNED,FIRST_SINGULARITY_SHELL_EXHAUSTED_PRIMALITY_UNASSIGNED,514,9595,9595,NO_RECORDED_FACTOR_PRP_OR_LL_RESULT_AND_NO_ACTIVE_GIMPS_ASSIGNMENT,2026-08-06T12:58:23+00:00,UNALLOCATED,,,,,
SLCMP47-1599,1599,2716,154149211,2^154149211-1,STRUCTURAL_SCREEN_EXHAUSTED_PRIMALITY_UNASSIGNED,FIRST_SINGULARITY_SHELL_EXHAUSTED_PRIMALITY_UNASSIGNED,514,9595,9595,NO_RECORDED_FACTOR_PRP_OR_LL_RESULT_AND_NO_ACTIVE_GIMPS_ASSIGNMENT,2026-08-06T12:58:23+00:00,UNALLOCATED,,,,,
SLCMP47-1600,1600,2717,154149283,2^154149283-1,STRUCTURAL_SCREEN_EXHAUSTED_PRIMALITY_UNASSIGNED,FIRST_SINGULARITY_SHELL_EXHAUSTED_PRIMALITY_UNASSIGNED,514,9595,9595,NO_RECORDED_FACTOR_PRP_OR_LL_RESULT_AND_NO_ACTIVE_GIMPS_ASSIGNMENT,2026-08-06T12:58:23+00:00,UNALLOCATED,,,,,
SLCMP47-1601,1601,2718,154149301,2^154149301-1,STRUCTURAL_SCREEN_EXHAUSTED_PRIMALITY_UNASSIGNED,FIRST_SINGULARITY_SHELL_EXHAUSTED_PRIMALITY_UNASSIGNED,513,9595,9595,NO_RECORDED_FACTOR_PRP_OR_LL_RESULT_AND_NO_ACTIVE_GIMPS_ASSIGNMENT,2026-08-06T12:58:23+00:00,UNALLOCATED,,,,,
SLCMP47-1602,1602,2719,154149349,2^154149349-1,STRUCTURAL_SCREEN_EXHAUSTED_PRIMALITY_UNASSIGNED,FIRST_SINGULARITY_SHELL_EXHAUSTED_PRIMALITY_UNASSIGNED,513,9595,9595,NO_RECORDED_FACTOR_PRP_OR_LL_RESULT_AND_NO_ACTIVE_GIMPS_ASSIGNMENT,2026-08-06T12:58:23+00:00,UNALLOCATED,,,,,
SLCMP47-1603,1603,2720,154149377,2^154149377-1,STRUCTURAL_SCREEN_EXHAUSTED_PRIMALITY_UNASSIGNED,FIRST_SINGULARITY_SHELL_EXHAUSTED_PRIMALITY_UNASSIGNED,513,9595,9595,NO_RECORDED_FACTOR_PRP_OR_LL_RESULT_AND_NO_ACTIVE_GIMPS_ASSIGNMENT,2026-08-06T12:58:23+00:00,UNALLOCATED,,,,,
SLCMP47-1604,1604,2721,154149389,2^154149389-1,STRUCTURAL_SCREEN_EXHAUSTED_PRIMALITY_UNASSIGNED,FIRST_SINGULARITY_SHELL_EXHAUSTED_PRIMALITY_UNASSIGNED,513,9595,9595,NO_RECORDED_FACTOR_PRP_OR_LL_RESULT_AND_NO_ACTIVE_GIMPS_ASSIGNMENT,2026-08-06T12:58:23+00:00,UNALLOCATED,,,,,
SLCMP47-1605,1605,2722,154149397,2^154149397-1,STRUCTURAL_SCREEN_EXHAUSTED_PRIMALITY_UNASSIGNED,FIRST_SINGULARITY_SHELL_EXHAUSTED_PRIMALITY_UNASSIGNED,513,9595,9595,NO_RECORDED_FACTOR_PRP_OR_LL_RESULT_AND_NO_ACTIVE_GIMPS_ASSIGNMENT,2026-08-06T12:58:23+00:00,UNALLOCATED,,,,,
SLCMP47-1606,1606,2723,154149629,2^154149629-1,STRUCTURAL_SCREEN_EXHAUSTED_PRIMALITY_UNASSIGNED,FIRST_SINGULARITY_SHELL_EXHAUSTED_PRIMALITY_UNASSIGNED,513,9595,9595,NO_RECORDED_FACTOR_PRP_OR_LL_RESULT_AND_NO_ACTIVE_GIMPS_ASSIGNMENT,2026-08-06T12:58:23+00:00,UNALLOCATED,,,,,
SLCMP47-1607,1607,2724,154149673,2^154149673-1,STRUCTURAL_SCREEN_EXHAUSTED_PRIMALITY_UNASSIGNED,FIRST_SINGULARITY_SHELL_EXHAUSTED_PRIMALITY_UNASSIGNED,513,9595,9595,NO_RECORDED_FACTOR_PRP_OR_LL_RESULT_AND_NO_ACTIVE_GIMPS_ASSIGNMENT,2026-08-06T12:58:23+00:00,UNALLOCATED,,,,,
SLCMP47-1608,1608,2725,154149857,2^154149857-1,STRUCTURAL_SCREEN_EXHAUSTED_PRIMALITY_UNASSIGNED,FIRST_SINGULARITY_SHELL_EXHAUSTED_PRIMALITY_UNASSIGNED,513,9595,9595,NO_RECORDED_FACTOR_PRP_OR_LL_RESULT_AND_NO_ACTIVE_GIMPS_ASSIGNMENT,2026-08-06T12:58:23+00:00,UNALLOCATED,,,,,
SLCMP47-1609,1609,2726,154149901,2^154149901-1,STRUCTURAL_SCREEN_EXHAUSTED_PRIMALITY_UNASSIGNED,FIRST_SINGULARITY_SHELL_EXHAUSTED_PRIMALITY_UNASSIGNED,513,9595,9595,NO_RECORDED_FACTOR_PRP_OR_LL_RESULT_AND_NO_ACTIVE_GIMPS_ASSIGNMENT,2026-08-06T12:58:23+00:00,UNALLOCATED,,,,,
SLCMP47-1610,1610,2727,154149929,2^154149929-1,STRUCTURAL_SCREEN_EXHAUSTED_PRIMALITY_UNASSIGNED,FIRST_SINGULARITY_SHELL_EXHAUSTED_PRIMALITY_UNASSIGNED,513,9595,9595,NO_RECORDED_FACTOR_PRP_OR_LL_RESULT_AND_NO_ACTIVE_GIMPS_ASSIGNMENT,2026-08-06T12:58:23+00:00,UNALLOCATED,,,,,
SLCMP47-1611,1611,2728,154149943,2^154149943-1,STRUCTURAL_SCREEN_EXHAUSTED_PRIMALITY_UNASSIGNED,FIRST_SINGULARITY_SHELL_EXHAUSTED_PRIMALITY_UNASSIGNED,514,9595,9595,NO_RECORDED_FACTOR_PRP_OR_LL_RESULT_AND_NO_ACTIVE_GIMPS_ASSIGNMENT,2026-08-06T12:58:23+00:00,UNALLOCATED,,,,,
SLCMP47-1612,1612,2729,154149953,2^154149953-1,STRUCTURAL_SCREEN_EXHAUSTED_PRIMALITY_UNASSIGNED,FIRST_SINGULARITY_SHELL_EXHAUSTED_PRIMALITY_UNASSIGNED,513,9595,9595,NO_RECORDED_FACTOR_PRP_OR_LL_RESULT_AND_NO_ACTIVE_GIMPS_ASSIGNMENT,2026-08-06T12:58:23+00:00,UNALLOCATED,,,,,
SLCMP47-1613,1613,2730,154150057,2^154150057-1,STRUCTURAL_SCREEN_EXHAUSTED_PRIMALITY_UNASSIGNED,FIRST_SINGULARITY_SHELL_EXHAUSTED_PRIMALITY_UNASSIGNED,513,9595,9595,NO_RECORDED_FACTOR_PRP_OR_LL_RESULT_AND_NO_ACTIVE_GIMPS_ASSIGNMENT,2026-08-06T12:58:23+00:00,UNALLOCATED,,,,,
SLCMP47-1614,1614,2731,154150081,2^154150081-1,STRUCTURAL_SCREEN_EXHAUSTED_PRIMALITY_UNASSIGNED,FIRST_SINGULARITY_SHELL_EXHAUSTED_PRIMALITY_UNASSIGNED,513,9595,9595,NO_RECORDED_FACTOR_PRP_OR_LL_RESULT_AND_NO_ACTIVE_GIMPS_ASSIGNMENT,2026-08-06T12:58:23+00:00,UNALLOCATED,,,,,
SLCMP47-1615,1615,2732,154150099,2^154150099-1,STRUCTURAL_SCREEN_EXHAUSTED_PRIMALITY_UNASSIGNED,FIRST_SINGULARITY_SHELL_EXHAUSTED_PRIMALITY_UNASSIGNED,514,9595,9595,NO_RECORDED_FACTOR_PRP_OR_LL_RESULT_AND_NO_ACTIVE_GIMPS_ASSIGNMENT,2026-08-06T12:58:23+00:00,UNALLOCATED,,,,,
SLCMP47-1616,1616,2733,154150133,2^154150133-1,STRUCTURAL_SCREEN_EXHAUSTED_PRIMALITY_UNASSIGNED,FIRST_SINGULARITY_SHELL_EXHAUSTED_PRIMALITY_UNASSIGNED,513,9595,9595,NO_RECORDED_FACTOR_PRP_OR_LL_RESULT_AND_NO_ACTIVE_GIMPS_ASSIGNMENT,2026-08-06T12:58:23+00:00,UNALLOCATED,,,,,
SLCMP47-1617,1617,2734,154150151,2^154150151-1,STRUCTURAL_SCREEN_EXHAUSTED_PRIMALITY_UNASSIGNED,FIRST_SINGULARITY_SHELL_EXHAUSTED_PRIMALITY_UNASSIGNED,514,9595,9595,NO_RECORDED_FACTOR_PRP_OR_LL_RESULT_AND_NO_ACTIVE_GIMPS_ASSIGNMENT,2026-08-06T12:58:23+00:00,UNALLOCATED,,,,,
SLCMP47-1618,1618,2735,154150379,2^154150379-1,STRUCTURAL_SCREEN_EXHAUSTED_PRIMALITY_UNASSIGNED,FIRST_SINGULARITY_SHELL_EXHAUSTED_PRIMALITY_UNASSIGNED,514,9595,9595,NO_RECORDED_FACTOR_PRP_OR_LL_RESULT_AND_NO_ACTIVE_GIMPS_ASSIGNMENT,2026-08-06T12:58:23+00:00,UNALLOCATED,,,,,
SLCMP47-1619,1619,2736,154150387,2^154150387-1,STRUCTURAL_SCREEN_EXHAUSTED_PRIMALITY_UNASSIGNED,FIRST_SINGULARITY_SHELL_EXHAUSTED_PRIMALITY_UNASSIGNED,514,9595,9595,NO_RECORDED_FACTOR_PRP_OR_LL_RESULT_AND_NO_ACTIVE_GIMPS_ASSIGNMENT,2026-08-06T12:58:23+00:00,UNALLOCATED,,,,,
SLCMP47-1620,1620,2737,154150429,2^154150429-1,STRUCTURAL_SCREEN_EXHAUSTED_PRIMALITY_UNASSIGNED,FIRST_SINGULARITY_SHELL_EXHAUSTED_PRIMALITY_UNASSIGNED,513,9595,9595,NO_RECORDED_FACTOR_PRP_OR_LL_RESULT_AND_NO_ACTIVE_GIMPS_ASSIGNMENT,2026-08-06T12:58:23+00:00,UNALLOCATED,,,,,
SLCMP47-1621,1621,2738,154150463,2^154150463-1,STRUCTURAL_SCREEN_EXHAUSTED_PRIMALITY_UNASSIGNED,FIRST_SINGULARITY_SHELL_EXHAUSTED_PRIMALITY_UNASSIGNED,514,9595,9595,NO_RECORDED_FACTOR_PRP_OR_LL_RESULT_AND_NO_ACTIVE_GIMPS_ASSIGNMENT,2026-08-06T12:58:23+00:00,UNALLOCATED,,,,,
SLCMP47-1622,1622,2739,154150471,2^154150471-1,STRUCTURAL_SCREEN_EXHAUSTED_PRIMALITY_UNASSIGNED,FIRST_SINGULARITY_SHELL_EXHAUSTED_PRIMALITY_UNASSIGNED,514,9595,9595,NO_RECORDED_FACTOR_PRP_OR_LL_RESULT_AND_NO_ACTIVE_GIMPS_ASSIGNMENT,2026-08-06T12:58:23+00:00,UNALLOCATED,,,,,
SLCMP47-1623,1623,2740,154150489,2^154150489-1,STRUCTURAL_SCREEN_EXHAUSTED_PRIMALITY_UNASSIGNED,FIRST_SINGULARITY_SHELL_EXHAUSTED_PRIMALITY_UNASSIGNED,513,9595,9595,NO_RECORDED_FACTOR_PRP_OR_LL_RESULT_AND_NO_ACTIVE_GIMPS_ASSIGNMENT,2026-08-06T12:58:23+00:00,UNALLOCATED,,,,,
SLCMP47-1624,1624,2741,154150639,2^154150639-1,STRUCTURAL_SCREEN_EXHAUSTED_PRIMALITY_UNASSIGNED,FIRST_SINGULARITY_SHELL_EXHAUSTED_PRIMALITY_UNASSIGNED,514,9595,9595,NO_RECORDED_FACTOR_PRP_OR_LL_RESULT_AND_NO_ACTIVE_GIMPS_ASSIGNMENT,2026-08-06T12:58:23+00:00,UNALLOCATED,,,,,
SLCMP47-1625,1625,2742,154150681,2^154150681-1,STRUCTURAL_SCREEN_EXHAUSTED_PRIMALITY_UNASSIGNED,FIRST_SINGULARITY_SHELL_EXHAUSTED_PRIMALITY_UNASSIGNED,513,9595,9595,NO_RECORDED_FACTOR_PRP_OR_LL_RESULT_AND_NO_ACTIVE_GIMPS_ASSIGNMENT,2026-08-06T12:58:23+00:00,UNALLOCATED,,,,,
SLCMP47-1626,1626,2743,154150691,2^154150691-1,STRUCTURAL_SCREEN_EXHAUSTED_PRIMALITY_UNASSIGNED,FIRST_SINGULARITY_SHELL_EXHAUSTED_PRIMALITY_UNASSIGNED,514,9595,9595,NO_RECORDED_FACTOR_PRP_OR_LL_RESULT_AND_NO_ACTIVE_GIMPS_ASSIGNMENT,2026-08-06T12:58:23+00:00,UNALLOCATED,,,,,
SLCMP47-1627,1627,2744,154150697,2^154150697-1,STRUCTURAL_SCREEN_EXHAUSTED_PRIMALITY_UNASSIGNED,FIRST_SINGULARITY_SHELL_EXHAUSTED_PRIMALITY_UNASSIGNED,513,9595,9595,NO_RECORDED_FACTOR_PRP_OR_LL_RESULT_AND_NO_ACTIVE_GIMPS_ASSIGNMENT,2026-08-06T12:58:23+00:00,UNALLOCATED,,,,,
SLCMP47-1628,1628,2745,154150723,2^154150723-1,STRUCTURAL_SCREEN_EXHAUSTED_PRIMALITY_UNASSIGNED,FIRST_SINGULARITY_SHELL_EXHAUSTED_PRIMALITY_UNASSIGNED,514,9595,9595,NO_RECORDED_FACTOR_PRP_OR_LL_RESULT_AND_NO_ACTIVE_GIMPS_ASSIGNMENT,2026-08-06T12:58:23+00:00,UNALLOCATED,,,,,
SLCMP47-1629,1629,2746,154150729,2^154150729-1,STRUCTURAL_SCREEN_EXHAUSTED_PRIMALITY_UNASSIGNED,FIRST_SINGULARITY_SHELL_EXHAUSTED_PRIMALITY_UNASSIGNED,513,9595,9595,NO_RECORDED_FACTOR_PRP_OR_LL_RESULT_AND_NO_ACTIVE_GIMPS_ASSIGNMENT,2026-08-06T12:58:23+00:00,UNALLOCATED,,,,,
SLCMP47-1630,1630,2747,154150823,2^154150823-1,STRUCTURAL_SCREEN_EXHAUSTED_PRIMALITY_UNASSIGNED,FIRST_SINGULARITY_SHELL_EXHAUSTED_PRIMALITY_UNASSIGNED,514,9595,9595,NO_RECORDED_FACTOR_PRP_OR_LL_RESULT_AND_NO_ACTIVE_GIMPS_ASSIGNMENT,2026-08-06T12:58:23+00:00,UNALLOCATED,,,,,
SLCMP47-1631,1631,2748,154150859,2^154150859-1,STRUCTURAL_SCREEN_EXHAUSTED_PRIMALITY_UNASSIGNED,FIRST_SINGULARITY_SHELL_EXHAUSTED_PRIMALITY_UNASSIGNED,514,9595,9595,NO_RECORDED_FACTOR_PRP_OR_LL_RESULT_AND_NO_ACTIVE_GIMPS_ASSIGNMENT,2026-08-06T12:58:23+00:00,UNALLOCATED,,,,,
SLCMP47-1632,1632,2749,154150963,2^154150963-1,STRUCTURAL_SCREEN_EXHAUSTED_PRIMALITY_UNASSIGNED,FIRST_SINGULARITY_SHELL_EXHAUSTED_PRIMALITY_UNASSIGNED,514,9595,9595,NO_RECORDED_FACTOR_PRP_OR_LL_RESULT_AND_NO_ACTIVE_GIMPS_ASSIGNMENT,2026-08-06T12:58:23+00:00,UNALLOCATED,,,,,
SLCMP47-1633,1633,2750,154150973,2^154150973-1,STRUCTURAL_SCREEN_EXHAUSTED_PRIMALITY_UNASSIGNED,FIRST_SINGULARITY_SHELL_EXHAUSTED_PRIMALITY_UNASSIGNED,513,9595,9595,NO_RECORDED_FACTOR_PRP_OR_LL_RESULT_AND_NO_ACTIVE_GIMPS_ASSIGNMENT,2026-08-06T12:58:23+00:00,UNALLOCATED,,,,,
SLCMP47-1634,1634,2751,154150993,2^154150993-1,STRUCTURAL_SCREEN_EXHAUSTED_PRIMALITY_UNASSIGNED,FIRST_SINGULARITY_SHELL_EXHAUSTED_PRIMALITY_UNASSIGNED,513,9595,9595,NO_RECORDED_FACTOR_PRP_OR_LL_RESULT_AND_NO_ACTIVE_GIMPS_ASSIGNMENT,2026-08-06T12:58:23+00:00,UNALLOCATED,,,,,
SLCMP47-1635,1635,2752,154151027,2^154151027-1,STRUCTURAL_SCREEN_EXHAUSTED_PRIMALITY_UNASSIGNED,FIRST_SINGULARITY_SHELL_EXHAUSTED_PRIMALITY_UNASSIGNED,514,9595,9595,NO_RECORDED_FACTOR_PRP_OR_LL_RESULT_AND_NO_ACTIVE_GIMPS_ASSIGNMENT,2026-08-06T12:58:23+00:00,UNALLOCATED,,,,,
SLCMP47-1636,1636,2753,154151191,2^154151191-1,STRUCTURAL_SCREEN_EXHAUSTED_PRIMALITY_UNASSIGNED,FIRST_SINGULARITY_SHELL_EXHAUSTED_PRIMALITY_UNASSIGNED,514,9595,9595,NO_RECORDED_FACTOR_PRP_OR_LL_RESULT_AND_NO_ACTIVE_GIMPS_ASSIGNMENT,2026-08-06T12:58:23+00:00,UNALLOCATED,,,,,
SLCMP47-1637,1637,2754,154151197,2^154151197-1,STRUCTURAL_SCREEN_EXHAUSTED_PRIMALITY_UNASSIGNED,FIRST_SINGULARITY_SHELL_EXHAUSTED_PRIMALITY_UNASSIGNED,513,9595,9595,NO_RECORDED_FACTOR_PRP_OR_LL_RESULT_AND_NO_ACTIVE_GIMPS_ASSIGNMENT,2026-08-06T12:58:23+00:00,UNALLOCATED,,,,,
SLCMP47-1638,1638,2755,154151273,2^154151273-1,STRUCTURAL_SCREEN_EXHAUSTED_PRIMALITY_UNASSIGNED,FIRST_SINGULARITY_SHELL_EXHAUSTED_PRIMALITY_UNASSIGNED,513,9595,9595,NO_RECORDED_FACTOR_PRP_OR_LL_RESULT_AND_NO_ACTIVE_GIMPS_ASSIGNMENT,2026-08-06T12:58:23+00:00,UNALLOCATED,,,,,
SLCMP47-1639,1639,2756,154151447,2^154151447-1,STRUCTURAL_SCREEN_EXHAUSTED_PRIMALITY_UNASSIGNED,FIRST_SINGULARITY_SHELL_EXHAUSTED_PRIMALITY_UNASSIGNED,514,9595,9595,NO_RECORDED_FACTOR_PRP_OR_LL_RESULT_AND_NO_ACTIVE_GIMPS_ASSIGNMENT,2026-08-06T12:58:23+00:00,UNALLOCATED,,,,,
SLCMP47-1640,1640,2757,154151467,2^154151467-1,STRUCTURAL_SCREEN_EXHAUSTED_PRIMALITY_UNASSIGNED,FIRST_SINGULARITY_SHELL_EXHAUSTED_PRIMALITY_UNASSIGNED,514,9595,9595,NO_RECORDED_FACTOR_PRP_OR_LL_RESULT_AND_NO_ACTIVE_GIMPS_ASSIGNMENT,2026-08-06T12:58:23+00:00,UNALLOCATED,,,,,
SLCMP47-1641,1641,2758,154151479,2^154151479-1,STRUCTURAL_SCREEN_EXHAUSTED_PRIMALITY_UNASSIGNED,FIRST_SINGULARITY_SHELL_EXHAUSTED_PRIMALITY_UNASSIGNED,514,9595,9595,NO_RECORDED_FACTOR_PRP_OR_LL_RESULT_AND_NO_ACTIVE_GIMPS_ASSIGNMENT,2026-08-06T12:58:23+00:00,UNALLOCATED,,,,,
SLCMP47-1642,1642,2759,154151639,2^154151639-1,STRUCTURAL_SCREEN_EXHAUSTED_PRIMALITY_UNASSIGNED,FIRST_SINGULARITY_SHELL_EXHAUSTED_PRIMALITY_UNASSIGNED,514,9595,9595,NO_RECORDED_FACTOR_PRP_OR_LL_RESULT_AND_NO_ACTIVE_GIMPS_ASSIGNMENT,2026-08-06T12:58:23+00:00,UNALLOCATED,,,,,
SLCMP47-1643,1643,2760,154151663,2^154151663-1,STRUCTURAL_SCREEN_EXHAUSTED_PRIMALITY_UNASSIGNED,FIRST_SINGULARITY_SHELL_EXHAUSTED_PRIMALITY_UNASSIGNED,514,9595,9595,NO_RECORDED_FACTOR_PRP_OR_LL_RESULT_AND_NO_ACTIVE_GIMPS_ASSIGNMENT,2026-08-06T12:58:23+00:00,UNALLOCATED,,,,,
SLCMP47-1644,1644,2761,154151687,2^154151687-1,STRUCTURAL_SCREEN_EXHAUSTED_PRIMALITY_UNASSIGNED,FIRST_SINGULARITY_SHELL_EXHAUSTED_PRIMALITY_UNASSIGNED,514,9595,9595,NO_RECORDED_FACTOR_PRP_OR_LL_RESULT_AND_NO_ACTIVE_GIMPS_ASSIGNMENT,2026-08-06T12:58:23+00:00,UNALLOCATED,,,,,
SLCMP47-1645,1645,2762,154151743,2^154151743-1,STRUCTURAL_SCREEN_EXHAUSTED_PRIMALITY_UNASSIGNED,FIRST_SINGULARITY_SHELL_EXHAUSTED_PRIMALITY_UNASSIGNED,514,9595,9595,NO_RECORDED_FACTOR_PRP_OR_LL_RESULT_AND_NO_ACTIVE_GIMPS_ASSIGNMENT,2026-08-06T12:58:23+00:00,UNALLOCATED,,,,,
SLCMP47-1646,1646,2763,154151749,2^154151749-1,STRUCTURAL_SCREEN_EXHAUSTED_PRIMALITY_UNASSIGNED,FIRST_SINGULARITY_SHELL_EXHAUSTED_PRIMALITY_UNASSIGNED,513,9595,9595,NO_RECORDED_FACTOR_PRP_OR_LL_RESULT_AND_NO_ACTIVE_GIMPS_ASSIGNMENT,2026-08-06T12:58:23+00:00,UNALLOCATED,,,,,
SLCMP47-1647,1647,2764,154151771,2^154151771-1,STRUCTURAL_SCREEN_EXHAUSTED_PRIMALITY_UNASSIGNED,FIRST_SINGULARITY_SHELL_EXHAUSTED_PRIMALITY_UNASSIGNED,514,9595,9595,NO_RECORDED_FACTOR_PRP_OR_LL_RESULT_AND_NO_ACTIVE_GIMPS_ASSIGNMENT,2026-08-06T12:58:23+00:00,UNALLOCATED,,,,,
SLCMP47-1648,1648,2765,154151821,2^154151821-1,STRUCTURAL_SCREEN_EXHAUSTED_PRIMALITY_UNASSIGNED,FIRST_SINGULARITY_SHELL_EXHAUSTED_PRIMALITY_UNASSIGNED,513,9595,9595,NO_RECORDED_FACTOR_PRP_OR_LL_RESULT_AND_NO_ACTIVE_GIMPS_ASSIGNMENT,2026-08-06T12:58:23+00:00,UNALLOCATED,,,,,
SLCMP47-1649,1649,2766,154152017,2^154152017-1,STRUCTURAL_SCREEN_EXHAUSTED_PRIMALITY_UNASSIGNED,FIRST_SINGULARITY_SHELL_EXHAUSTED_PRIMALITY_UNASSIGNED,513,9595,9595,NO_RECORDED_FACTOR_PRP_OR_LL_RESULT_AND_NO_ACTIVE_GIMPS_ASSIGNMENT,2026-08-06T12:58:23+00:00,UNALLOCATED,,,,,
SLCMP47-1650,1650,2767,154152127,2^154152127-1,STRUCTURAL_SCREEN_EXHAUSTED_PRIMALITY_UNASSIGNED,FIRST_SINGULARITY_SHELL_EXHAUSTED_PRIMALITY_UNASSIGNED,514,9595,9595,NO_RECORDED_FACTOR_PRP_OR_LL_RESULT_AND_NO_ACTIVE_GIMPS_ASSIGNMENT,2026-08-06T12:58:23+00:00,UNALLOCATED,,,,,
SLCMP47-1651,1651,2768,154152239,2^154152239-1,STRUCTURAL_SCREEN_EXHAUSTED_PRIMALITY_UNASSIGNED,FIRST_SINGULARITY_SHELL_EXHAUSTED_PRIMALITY_UNASSIGNED,514,9595,9595,NO_RECORDED_FACTOR_PRP_OR_LL_RESULT_AND_NO_ACTIVE_GIMPS_ASSIGNMENT,2026-08-06T12:58:23+00:00,UNALLOCATED,,,,,
SLCMP47-1652,1652,2769,154152247,2^154152247-1,STRUCTURAL_SCREEN_EXHAUSTED_PRIMALITY_UNASSIGNED,FIRST_SINGULARITY_SHELL_EXHAUSTED_PRIMALITY_UNASSIGNED,514,9595,9595,NO_RECORDED_FACTOR_PRP_OR_LL_RESULT_AND_NO_ACTIVE_GIMPS_ASSIGNMENT,2026-08-06T12:58:23+00:00,UNALLOCATED,,,,,
SLCMP47-1653,1653,2770,154152287,2^154152287-1,STRUCTURAL_SCREEN_EXHAUSTED_PRIMALITY_UNASSIGNED,FIRST_SINGULARITY_SHELL_EXHAUSTED_PRIMALITY_UNASSIGNED,514,9595,9595,NO_RECORDED_FACTOR_PRP_OR_LL_RESULT_AND_NO_ACTIVE_GIMPS_ASSIGNMENT,2026-08-06T12:58:23+00:00,UNALLOCATED,,,,,
SLCMP47-1654,1654,2771,154152409,2^154152409-1,STRUCTURAL_SCREEN_EXHAUSTED_PRIMALITY_UNASSIGNED,FIRST_SINGULARITY_SHELL_EXHAUSTED_PRIMALITY_UNASSIGNED,513,9595,9595,NO_RECORDED_FACTOR_PRP_OR_LL_RESULT_AND_NO_ACTIVE_GIMPS_ASSIGNMENT,2026-08-06T12:58:23+00:00,UNALLOCATED,,,,,
SLCMP47-1655,1655,2772,154152457,2^154152457-1,STRUCTURAL_SCREEN_EXHAUSTED_PRIMALITY_UNASSIGNED,FIRST_SINGULARITY_SHELL_EXHAUSTED_PRIMALITY_UNASSIGNED,513,9595,9595,NO_RECORDED_FACTOR_PRP_OR_LL_RESULT_AND_NO_ACTIVE_GIMPS_ASSIGNMENT,2026-08-06T12:58:23+00:00,UNALLOCATED,,,,,
SLCMP47-1656,1656,2773,154152469,2^154152469-1,STRUCTURAL_SCREEN_EXHAUSTED_PRIMALITY_UNASSIGNED,FIRST_SINGULARITY_SHELL_EXHAUSTED_PRIMALITY_UNASSIGNED,513,9595,9595,NO_RECORDED_FACTOR_PRP_OR_LL_RESULT_AND_NO_ACTIVE_GIMPS_ASSIGNMENT,2026-08-06T12:58:23+00:00,UNALLOCATED,,,,,
SLCMP47-1657,1657,2774,154152613,2^154152613-1,STRUCTURAL_SCREEN_EXHAUSTED_PRIMALITY_UNASSIGNED,FIRST_SINGULARITY_SHELL_EXHAUSTED_PRIMALITY_UNASSIGNED,513,9595,9595,NO_RECORDED_FACTOR_PRP_OR_LL_RESULT_AND_NO_ACTIVE_GIMPS_ASSIGNMENT,2026-08-06T12:58:23+00:00,UNALLOCATED,,,,,
SLCMP47-1658,1658,2775,154152689,2^154152689-1,STRUCTURAL_SCREEN_EXHAUSTED_PRIMALITY_UNASSIGNED,FIRST_SINGULARITY_SHELL_EXHAUSTED_PRIMALITY_UNASSIGNED,513,9595,9595,NO_RECORDED_FACTOR_PRP_OR_LL_RESULT_AND_NO_ACTIVE_GIMPS_ASSIGNMENT,2026-08-06T12:58:23+00:00,UNALLOCATED,,,,,
SLCMP47-1659,1659,2776,154152751,2^154152751-1,STRUCTURAL_SCREEN_EXHAUSTED_PRIMALITY_UNASSIGNED,FIRST_SINGULARITY_SHELL_EXHAUSTED_PRIMALITY_UNASSIGNED,514,9595,9595,NO_RECORDED_FACTOR_PRP_OR_LL_RESULT_AND_NO_ACTIVE_GIMPS_ASSIGNMENT,2026-08-06T12:58:23+00:00,UNALLOCATED,,,,,
SLCMP47-1660,1660,2777,154152827,2^154152827-1,STRUCTURAL_SCREEN_EXHAUSTED_PRIMALITY_UNASSIGNED,FIRST_SINGULARITY_SHELL_EXHAUSTED_PRIMALITY_UNASSIGNED,514,9595,9595,NO_RECORDED_FACTOR_PRP_OR_LL_RESULT_AND_NO_ACTIVE_GIMPS_ASSIGNMENT,2026-08-06T12:58:23+00:00,UNALLOCATED,,,,,
SLCMP47-1661,1661,2778,154152839,2^154152839-1,STRUCTURAL_SCREEN_EXHAUSTED_PRIMALITY_UNASSIGNED,FIRST_SINGULARITY_SHELL_EXHAUSTED_PRIMALITY_UNASSIGNED,514,9595,9595,NO_RECORDED_FACTOR_PRP_OR_LL_RESULT_AND_NO_ACTIVE_GIMPS_ASSIGNMENT,2026-08-06T12:58:23+00:00,UNALLOCATED,,,,,
SLCMP47-1662,1662,2779,154153003,2^154153003-1,STRUCTURAL_SCREEN_EXHAUSTED_PRIMALITY_UNASSIGNED,FIRST_SINGULARITY_SHELL_EXHAUSTED_PRIMALITY_UNASSIGNED,514,9595,9595,NO_RECORDED_FACTOR_PRP_OR_LL_RESULT_AND_NO_ACTIVE_GIMPS_ASSIGNMENT,2026-08-06T12:58:23+00:00,UNALLOCATED,,,,,
SLCMP47-1663,1663,2780,154153171,2^154153171-1,STRUCTURAL_SCREEN_EXHAUSTED_PRIMALITY_UNASSIGNED,FIRST_SINGULARITY_SHELL_EXHAUSTED_PRIMALITY_UNASSIGNED,514,9595,9595,NO_RECORDED_FACTOR_PRP_OR_LL_RESULT_AND_NO_ACTIVE_GIMPS_ASSIGNMENT,2026-08-06T12:58:23+00:00,UNALLOCATED,,,,,
SLCMP47-1664,1664,2781,154153177,2^154153177-1,STRUCTURAL_SCREEN_EXHAUSTED_PRIMALITY_UNASSIGNED,FIRST_SINGULARITY_SHELL_EXHAUSTED_PRIMALITY_UNASSIGNED,513,9595,9595,NO_RECORDED_FACTOR_PRP_OR_LL_RESULT_AND_NO_ACTIVE_GIMPS_ASSIGNMENT,2026-08-06T12:58:23+00:00,UNALLOCATED,,,,,
SLCMP47-1665,1665,2782,154153187,2^154153187-1,STRUCTURAL_SCREEN_EXHAUSTED_PRIMALITY_UNASSIGNED,FIRST_SINGULARITY_SHELL_EXHAUSTED_PRIMALITY_UNASSIGNED,514,9595,9595,NO_RECORDED_FACTOR_PRP_OR_LL_RESULT_AND_NO_ACTIVE_GIMPS_ASSIGNMENT,2026-08-06T12:58:23+00:00,UNALLOCATED,,,,,
SLCMP47-1666,1666,2783,154153243,2^154153243-1,STRUCTURAL_SCREEN_EXHAUSTED_PRIMALITY_UNASSIGNED,FIRST_SINGULARITY_SHELL_EXHAUSTED_PRIMALITY_UNASSIGNED,514,9595,9595,NO_RECORDED_FACTOR_PRP_OR_LL_RESULT_AND_NO_ACTIVE_GIMPS_ASSIGNMENT,2026-08-06T12:58:23+00:00,UNALLOCATED,,,,,
SLCMP47-1667,1667,2784,154153247,2^154153247-1,STRUCTURAL_SCREEN_EXHAUSTED_PRIMALITY_UNASSIGNED,FIRST_SINGULARITY_SHELL_EXHAUSTED_PRIMALITY_UNASSIGNED,514,9595,9595,NO_RECORDED_FACTOR_PRP_OR_LL_RESULT_AND_NO_ACTIVE_GIMPS_ASSIGNMENT,2026-08-06T12:58:23+00:00,UNALLOCATED,,,,,
SLCMP47-1668,1668,2785,154153261,2^154153261-1,STRUCTURAL_SCREEN_EXHAUSTED_PRIMALITY_UNASSIGNED,FIRST_SINGULARITY_SHELL_EXHAUSTED_PRIMALITY_UNASSIGNED,513,9595,9595,NO_RECORDED_FACTOR_PRP_OR_LL_RESULT_AND_NO_ACTIVE_GIMPS_ASSIGNMENT,2026-08-06T12:58:23+00:00,UNALLOCATED,,,,,
SLCMP47-1669,1669,2786,154153277,2^154153277-1,STRUCTURAL_SCREEN_EXHAUSTED_PRIMALITY_UNASSIGNED,FIRST_SINGULARITY_SHELL_EXHAUSTED_PRIMALITY_UNASSIGNED,513,9595,9595,NO_RECORDED_FACTOR_PRP_OR_LL_RESULT_AND_NO_ACTIVE_GIMPS_ASSIGNMENT,2026-08-06T12:58:23+00:00,UNALLOCATED,,,,,
SLCMP47-1670,1670,2787,154153367,2^154153367-1,STRUCTURAL_SCREEN_EXHAUSTED_PRIMALITY_UNASSIGNED,FIRST_SINGULARITY_SHELL_EXHAUSTED_PRIMALITY_UNASSIGNED,514,9595,9595,NO_RECORDED_FACTOR_PRP_OR_LL_RESULT_AND_NO_ACTIVE_GIMPS_ASSIGNMENT,2026-08-06T12:58:23+00:00,UNALLOCATED,,,,,
SLCMP47-1671,1671,2788,154153387,2^154153387-1,STRUCTURAL_SCREEN_EXHAUSTED_PRIMALITY_UNASSIGNED,FIRST_SINGULARITY_SHELL_EXHAUSTED_PRIMALITY_UNASSIGNED,514,9595,9595,NO_RECORDED_FACTOR_PRP_OR_LL_RESULT_AND_NO_ACTIVE_GIMPS_ASSIGNMENT,2026-08-06T12:58:23+00:00,UNALLOCATED,,,,,
SLCMP47-1672,1672,2789,154153457,2^154153457-1,STRUCTURAL_SCREEN_EXHAUSTED_PRIMALITY_UNASSIGNED,FIRST_SINGULARITY_SHELL_EXHAUSTED_PRIMALITY_UNASSIGNED,513,9595,9595,NO_RECORDED_FACTOR_PRP_OR_LL_RESULT_AND_NO_ACTIVE_GIMPS_ASSIGNMENT,2026-08-06T12:58:23+00:00,UNALLOCATED,,,,,
SLCMP47-1673,1673,2790,154153471,2^154153471-1,STRUCTURAL_SCREEN_EXHAUSTED_PRIMALITY_UNASSIGNED,FIRST_SINGULARITY_SHELL_EXHAUSTED_PRIMALITY_UNASSIGNED,514,9595,9595,NO_RECORDED_FACTOR_PRP_OR_LL_RESULT_AND_NO_ACTIVE_GIMPS_ASSIGNMENT,2026-08-06T12:58:23+00:00,UNALLOCATED,,,,,
SLCMP47-1674,1674,2791,154153639,2^154153639-1,STRUCTURAL_SCREEN_EXHAUSTED_PRIMALITY_UNASSIGNED,FIRST_SINGULARITY_SHELL_EXHAUSTED_PRIMALITY_UNASSIGNED,514,9595,9595,NO_RECORDED_FACTOR_PRP_OR_LL_RESULT_AND_NO_ACTIVE_GIMPS_ASSIGNMENT,2026-08-06T12:58:23+00:00,UNALLOCATED,,,,,
SLCMP47-1675,1675,2792,154153663,2^154153663-1,STRUCTURAL_SCREEN_EXHAUSTED_PRIMALITY_UNASSIGNED,FIRST_SINGULARITY_SHELL_EXHAUSTED_PRIMALITY_UNASSIGNED,514,9595,9595,NO_RECORDED_FACTOR_PRP_OR_LL_RESULT_AND_NO_ACTIVE_GIMPS_ASSIGNMENT,2026-08-06T12:58:23+00:00,UNALLOCATED,,,,,
SLCMP47-1676,1676,2793,154153673,2^154153673-1,STRUCTURAL_SCREEN_EXHAUSTED_PRIMALITY_UNASSIGNED,FIRST_SINGULARITY_SHELL_EXHAUSTED_PRIMALITY_UNASSIGNED,513,9595,9595,NO_RECORDED_FACTOR_PRP_OR_LL_RESULT_AND_NO_ACTIVE_GIMPS_ASSIGNMENT,2026-08-06T12:58:23+00:00,UNALLOCATED,,,,,
SLCMP47-1677,1677,2794,154153693,2^154153693-1,STRUCTURAL_SCREEN_EXHAUSTED_PRIMALITY_UNASSIGNED,FIRST_SINGULARITY_SHELL_EXHAUSTED_PRIMALITY_UNASSIGNED,513,9595,9595,NO_RECORDED_FACTOR_PRP_OR_LL_RESULT_AND_NO_ACTIVE_GIMPS_ASSIGNMENT,2026-08-06T12:58:23+00:00,UNALLOCATED,,,,,
SLCMP47-1678,1678,2795,154153711,2^154153711-1,STRUCTURAL_SCREEN_EXHAUSTED_PRIMALITY_UNASSIGNED,FIRST_SINGULARITY_SHELL_EXHAUSTED_PRIMALITY_UNASSIGNED,514,9595,9595,NO_RECORDED_FACTOR_PRP_OR_LL_RESULT_AND_NO_ACTIVE_GIMPS_ASSIGNMENT,2026-08-06T12:58:23+00:00,UNALLOCATED,,,,,
SLCMP47-1679,1679,2796,154153759,2^154153759-1,STRUCTURAL_SCREEN_EXHAUSTED_PRIMALITY_UNASSIGNED,FIRST_SINGULARITY_SHELL_EXHAUSTED_PRIMALITY_UNASSIGNED,514,9595,9595,NO_RECORDED_FACTOR_PRP_OR_LL_RESULT_AND_NO_ACTIVE_GIMPS_ASSIGNMENT,2026-08-06T12:58:23+00:00,UNALLOCATED,,,,,
SLCMP47-1680,1680,2797,154153787,2^154153787-1,STRUCTURAL_SCREEN_EXHAUSTED_PRIMALITY_UNASSIGNED,FIRST_SINGULARITY_SHELL_EXHAUSTED_PRIMALITY_UNASSIGNED,514,9595,9595,NO_RECORDED_FACTOR_PRP_OR_LL_RESULT_AND_NO_ACTIVE_GIMPS_ASSIGNMENT,2026-08-06T12:58:23+00:00,UNALLOCATED,,,,,
SLCMP47-1681,1681,2798,154153789,2^154153789-1,STRUCTURAL_SCREEN_EXHAUSTED_PRIMALITY_UNASSIGNED,FIRST_SINGULARITY_SHELL_EXHAUSTED_PRIMALITY_UNASSIGNED,513,9595,9595,NO_RECORDED_FACTOR_PRP_OR_LL_RESULT_AND_NO_ACTIVE_GIMPS_ASSIGNMENT,2026-08-06T12:58:23+00:00,UNALLOCATED,,,,,
SLCMP47-1682,1682,2799,154153849,2^154153849-1,STRUCTURAL_SCREEN_EXHAUSTED_PRIMALITY_UNASSIGNED,FIRST_SINGULARITY_SHELL_EXHAUSTED_PRIMALITY_UNASSIGNED,513,9595,9595,NO_RECORDED_FACTOR_PRP_OR_LL_RESULT_AND_NO_ACTIVE_GIMPS_ASSIGNMENT,2026-08-06T12:58:23+00:00,UNALLOCATED,,,,,
SLCMP47-1683,1683,2800,154153921,2^154153921-1,STRUCTURAL_SCREEN_EXHAUSTED_PRIMALITY_UNASSIGNED,FIRST_SINGULARITY_SHELL_EXHAUSTED_PRIMALITY_UNASSIGNED,513,9595,9595,NO_RECORDED_FACTOR_PRP_OR_LL_RESULT_AND_NO_ACTIVE_GIMPS_ASSIGNMENT,2026-08-06T12:58:23+00:00,UNALLOCATED,,,,,
SLCMP47-1684,1684,2801,154154083,2^154154083-1,STRUCTURAL_SCREEN_EXHAUSTED_PRIMALITY_UNASSIGNED,FIRST_SINGULARITY_SHELL_EXHAUSTED_PRIMALITY_UNASSIGNED,514,9595,9595,NO_RECORDED_FACTOR_PRP_OR_LL_RESULT_AND_NO_ACTIVE_GIMPS_ASSIGNMENT,2026-08-06T12:58:23+00:00,UNALLOCATED,,,,,
SLCMP47-1685,1685,2802,154154093,2^154154093-1,STRUCTURAL_SCREEN_EXHAUSTED_PRIMALITY_UNASSIGNED,FIRST_SINGULARITY_SHELL_EXHAUSTED_PRIMALITY_UNASSIGNED,513,9595,9595,NO_RECORDED_FACTOR_PRP_OR_LL_RESULT_AND_NO_ACTIVE_GIMPS_ASSIGNMENT,2026-08-06T12:58:23+00:00,UNALLOCATED,,,,,
SLCMP47-1686,1686,2803,154154191,2^154154191-1,STRUCTURAL_SCREEN_EXHAUSTED_PRIMALITY_UNASSIGNED,FIRST_SINGULARITY_SHELL_EXHAUSTED_PRIMALITY_UNASSIGNED,514,9595,9595,NO_RECORDED_FACTOR_PRP_OR_LL_RESULT_AND_NO_ACTIVE_GIMPS_ASSIGNMENT,2026-08-06T12:58:23+00:00,UNALLOCATED,,,,,
SLCMP47-1687,1687,2804,154154339,2^154154339-1,STRUCTURAL_SCREEN_EXHAUSTED_PRIMALITY_UNASSIGNED,FIRST_SINGULARITY_SHELL_EXHAUSTED_PRIMALITY_UNASSIGNED,514,9595,9595,NO_RECORDED_FACTOR_PRP_OR_LL_RESULT_AND_NO_ACTIVE_GIMPS_ASSIGNMENT,2026-08-06T12:58:23+00:00,UNALLOCATED,,,,,
SLCMP47-1688,1688,2805,154154387,2^154154387-1,STRUCTURAL_SCREEN_EXHAUSTED_PRIMALITY_UNASSIGNED,FIRST_SINGULARITY_SHELL_EXHAUSTED_PRIMALITY_UNASSIGNED,514,9595,9595,NO_RECORDED_FACTOR_PRP_OR_LL_RESULT_AND_NO_ACTIVE_GIMPS_ASSIGNMENT,2026-08-06T12:58:23+00:00,UNALLOCATED,,,,,
SLCMP47-1689,1689,2806,154154417,2^154154417-1,STRUCTURAL_SCREEN_EXHAUSTED_PRIMALITY_UNASSIGNED,FIRST_SINGULARITY_SHELL_EXHAUSTED_PRIMALITY_UNASSIGNED,513,9595,9595,NO_RECORDED_FACTOR_PRP_OR_LL_RESULT_AND_NO_ACTIVE_GIMPS_ASSIGNMENT,2026-08-06T12:58:23+00:00,UNALLOCATED,,,,,
SLCMP47-1690,1690,2807,154154491,2^154154491-1,STRUCTURAL_SCREEN_EXHAUSTED_PRIMALITY_UNASSIGNED,FIRST_SINGULARITY_SHELL_EXHAUSTED_PRIMALITY_UNASSIGNED,514,9595,9595,NO_RECORDED_FACTOR_PRP_OR_LL_RESULT_AND_NO_ACTIVE_GIMPS_ASSIGNMENT,2026-08-06T12:58:23+00:00,UNALLOCATED,,,,,
SLCMP47-1691,1691,2808,154154519,2^154154519-1,STRUCTURAL_SCREEN_EXHAUSTED_PRIMALITY_UNASSIGNED,FIRST_SINGULARITY_SHELL_EXHAUSTED_PRIMALITY_UNASSIGNED,514,9595,9595,NO_RECORDED_FACTOR_PRP_OR_LL_RESULT_AND_NO_ACTIVE_GIMPS_ASSIGNMENT,2026-08-06T12:58:23+00:00,UNALLOCATED,,,,,
SLCMP47-1692,1692,2809,154154531,2^154154531-1,STRUCTURAL_SCREEN_EXHAUSTED_PRIMALITY_UNASSIGNED,FIRST_SINGULARITY_SHELL_EXHAUSTED_PRIMALITY_UNASSIGNED,514,9595,9595,NO_RECORDED_FACTOR_PRP_OR_LL_RESULT_AND_NO_ACTIVE_GIMPS_ASSIGNMENT,2026-08-06T12:58:23+00:00,UNALLOCATED,,,,,
SLCMP47-1693,1693,2810,154154597,2^154154597-1,STRUCTURAL_SCREEN_EXHAUSTED_PRIMALITY_UNASSIGNED,FIRST_SINGULARITY_SHELL_EXHAUSTED_PRIMALITY_UNASSIGNED,513,9595,9595,NO_RECORDED_FACTOR_PRP_OR_LL_RESULT_AND_NO_ACTIVE_GIMPS_ASSIGNMENT,2026-08-06T12:58:23+00:00,UNALLOCATED,,,,,
SLCMP47-1694,1694,2811,154154683,2^154154683-1,STRUCTURAL_SCREEN_EXHAUSTED_PRIMALITY_UNASSIGNED,FIRST_SINGULARITY_SHELL_EXHAUSTED_PRIMALITY_UNASSIGNED,514,9595,9595,NO_RECORDED_FACTOR_PRP_OR_LL_RESULT_AND_NO_ACTIVE_GIMPS_ASSIGNMENT,2026-08-06T12:58:23+00:00,UNALLOCATED,,,,,
SLCMP47-1695,1695,2812,154154719,2^154154719-1,STRUCTURAL_SCREEN_EXHAUSTED_PRIMALITY_UNASSIGNED,FIRST_SINGULARITY_SHELL_EXHAUSTED_PRIMALITY_UNASSIGNED,514,9595,9595,NO_RECORDED_FACTOR_PRP_OR_LL_RESULT_AND_NO_ACTIVE_GIMPS_ASSIGNMENT,2026-08-06T12:58:23+00:00,UNALLOCATED,,,,,
SLCMP47-1696,1696,2813,154154779,2^154154779-1,STRUCTURAL_SCREEN_EXHAUSTED_PRIMALITY_UNASSIGNED,FIRST_SINGULARITY_SHELL_EXHAUSTED_PRIMALITY_UNASSIGNED,514,9595,9595,NO_RECORDED_FACTOR_PRP_OR_LL_RESULT_AND_NO_ACTIVE_GIMPS_ASSIGNMENT,2026-08-06T12:58:23+00:00,UNALLOCATED,,,,,
SLCMP47-1697,1697,2814,154154797,2^154154797-1,STRUCTURAL_SCREEN_EXHAUSTED_PRIMALITY_UNASSIGNED,FIRST_SINGULARITY_SHELL_EXHAUSTED_PRIMALITY_UNASSIGNED,513,9595,9595,NO_RECORDED_FACTOR_PRP_OR_LL_RESULT_AND_NO_ACTIVE_GIMPS_ASSIGNMENT,2026-08-06T12:58:23+00:00,UNALLOCATED,,,,,
SLCMP47-1698,1698,2815,154154801,2^154154801-1,STRUCTURAL_SCREEN_EXHAUSTED_PRIMALITY_UNASSIGNED,FIRST_SINGULARITY_SHELL_EXHAUSTED_PRIMALITY_UNASSIGNED,513,9595,9595,NO_RECORDED_FACTOR_PRP_OR_LL_RESULT_AND_NO_ACTIVE_GIMPS_ASSIGNMENT,2026-08-06T12:58:23+00:00,UNALLOCATED,,,,,
SLCMP47-1699,1699,2816,154154849,2^154154849-1,STRUCTURAL_SCREEN_EXHAUSTED_PRIMALITY_UNASSIGNED,FIRST_SINGULARITY_SHELL_EXHAUSTED_PRIMALITY_UNASSIGNED,513,9595,9595,NO_RECORDED_FACTOR_PRP_OR_LL_RESULT_AND_NO_ACTIVE_GIMPS_ASSIGNMENT,2026-08-06T12:58:23+00:00,UNALLOCATED,,,,,
SLCMP47-1700,1700,2817,154154969,2^154154969-1,STRUCTURAL_SCREEN_EXHAUSTED_PRIMALITY_UNASSIGNED,FIRST_SINGULARITY_SHELL_EXHAUSTED_PRIMALITY_UNASSIGNED,513,9595,9595,NO_RECORDED_FACTOR_PRP_OR_LL_RESULT_AND_NO_ACTIVE_GIMPS_ASSIGNMENT,2026-08-06T12:58:23+00:00,UNALLOCATED,,,,,
SLCMP47-1701,1701,2818,154154977,2^154154977-1,STRUCTURAL_SCREEN_EXHAUSTED_PRIMALITY_UNASSIGNED,FIRST_SINGULARITY_SHELL_EXHAUSTED_PRIMALITY_UNASSIGNED,513,9595,9595,NO_RECORDED_FACTOR_PRP_OR_LL_RESULT_AND_NO_ACTIVE_GIMPS_ASSIGNMENT,2026-08-06T12:58:23+00:00,UNALLOCATED,,,,,
SLCMP47-1702,1702,2819,154155077,2^154155077-1,STRUCTURAL_SCREEN_EXHAUSTED_PRIMALITY_UNASSIGNED,FIRST_SINGULARITY_SHELL_EXHAUSTED_PRIMALITY_UNASSIGNED,513,9595,9595,NO_RECORDED_FACTOR_PRP_OR_LL_RESULT_AND_NO_ACTIVE_GIMPS_ASSIGNMENT,2026-08-06T12:58:23+00:00,UNALLOCATED,,,,,
SLCMP47-1703,1703,2820,154155091,2^154155091-1,STRUCTURAL_SCREEN_EXHAUSTED_PRIMALITY_UNASSIGNED,FIRST_SINGULARITY_SHELL_EXHAUSTED_PRIMALITY_UNASSIGNED,514,9595,9595,NO_RECORDED_FACTOR_PRP_OR_LL_RESULT_AND_NO_ACTIVE_GIMPS_ASSIGNMENT,2026-08-06T12:58:23+00:00,UNALLOCATED,,,,,
SLCMP47-1704,1704,2821,154155109,2^154155109-1,STRUCTURAL_SCREEN_EXHAUSTED_PRIMALITY_UNASSIGNED,FIRST_SINGULARITY_SHELL_EXHAUSTED_PRIMALITY_UNASSIGNED,513,9595,9595,NO_RECORDED_FACTOR_PRP_OR_LL_RESULT_AND_NO_ACTIVE_GIMPS_ASSIGNMENT,2026-08-06T12:58:23+00:00,UNALLOCATED,,,,,
SLCMP47-1705,1705,2822,154155137,2^154155137-1,STRUCTURAL_SCREEN_EXHAUSTED_PRIMALITY_UNASSIGNED,FIRST_SINGULARITY_SHELL_EXHAUSTED_PRIMALITY_UNASSIGNED,513,9595,9595,NO_RECORDED_FACTOR_PRP_OR_LL_RESULT_AND_NO_ACTIVE_GIMPS_ASSIGNMENT,2026-08-06T12:58:23+00:00,UNALLOCATED,,,,,
SLCMP47-1706,1706,2823,154155139,2^154155139-1,STRUCTURAL_SCREEN_EXHAUSTED_PRIMALITY_UNASSIGNED,FIRST_SINGULARITY_SHELL_EXHAUSTED_PRIMALITY_UNASSIGNED,514,9595,9595,NO_RECORDED_FACTOR_PRP_OR_LL_RESULT_AND_NO_ACTIVE_GIMPS_ASSIGNMENT,2026-08-06T12:58:23+00:00,UNALLOCATED,,,,,
SLCMP47-1707,1707,2824,154155181,2^154155181-1,STRUCTURAL_SCREEN_EXHAUSTED_PRIMALITY_UNASSIGNED,FIRST_SINGULARITY_SHELL_EXHAUSTED_PRIMALITY_UNASSIGNED,513,9595,9595,NO_RECORDED_FACTOR_PRP_OR_LL_RESULT_AND_NO_ACTIVE_GIMPS_ASSIGNMENT,2026-08-06T12:58:23+00:00,UNALLOCATED,,,,,
SLCMP47-1708,1708,2825,154155191,2^154155191-1,STRUCTURAL_SCREEN_EXHAUSTED_PRIMALITY_UNASSIGNED,FIRST_SINGULARITY_SHELL_EXHAUSTED_PRIMALITY_UNASSIGNED,514,9595,9595,NO_RECORDED_FACTOR_PRP_OR_LL_RESULT_AND_NO_ACTIVE_GIMPS_ASSIGNMENT,2026-08-06T12:58:23+00:00,UNALLOCATED,,,,,
SLCMP47-1709,1709,2826,154155263,2^154155263-1,STRUCTURAL_SCREEN_EXHAUSTED_PRIMALITY_UNASSIGNED,FIRST_SINGULARITY_SHELL_EXHAUSTED_PRIMALITY_UNASSIGNED,514,9595,9595,NO_RECORDED_FACTOR_PRP_OR_LL_RESULT_AND_NO_ACTIVE_GIMPS_ASSIGNMENT,2026-08-06T12:58:23+00:00,UNALLOCATED,,,,,
SLCMP47-1710,1710,2827,154155293,2^154155293-1,STRUCTURAL_SCREEN_EXHAUSTED_PRIMALITY_UNASSIGNED,FIRST_SINGULARITY_SHELL_EXHAUSTED_PRIMALITY_UNASSIGNED,513,9595,9595,NO_RECORDED_FACTOR_PRP_OR_LL_RESULT_AND_NO_ACTIVE_GIMPS_ASSIGNMENT,2026-08-06T12:58:23+00:00,UNALLOCATED,,,,,
SLCMP47-1711,1711,2828,154155311,2^154155311-1,STRUCTURAL_SCREEN_EXHAUSTED_PRIMALITY_UNASSIGNED,FIRST_SINGULARITY_SHELL_EXHAUSTED_PRIMALITY_UNASSIGNED,514,9595,9595,NO_RECORDED_FACTOR_PRP_OR_LL_RESULT_AND_NO_ACTIVE_GIMPS_ASSIGNMENT,2026-08-06T12:58:23+00:00,UNALLOCATED,,,,,
SLCMP47-1712,1712,2829,154155403,2^154155403-1,STRUCTURAL_SCREEN_EXHAUSTED_PRIMALITY_UNASSIGNED,FIRST_SINGULARITY_SHELL_EXHAUSTED_PRIMALITY_UNASSIGNED,514,9595,9595,NO_RECORDED_FACTOR_PRP_OR_LL_RESULT_AND_NO_ACTIVE_GIMPS_ASSIGNMENT,2026-08-06T12:58:23+00:00,UNALLOCATED,,,,,
SLCMP47-1713,1713,2830,154155451,2^154155451-1,STRUCTURAL_SCREEN_EXHAUSTED_PRIMALITY_UNASSIGNED,FIRST_SINGULARITY_SHELL_EXHAUSTED_PRIMALITY_UNASSIGNED,514,9595,9595,NO_RECORDED_FACTOR_PRP_OR_LL_RESULT_AND_NO_ACTIVE_GIMPS_ASSIGNMENT,2026-08-06T12:58:23+00:00,UNALLOCATED,,,,,
SLCMP47-1714,1714,2831,154155509,2^154155509-1,STRUCTURAL_SCREEN_EXHAUSTED_PRIMALITY_UNASSIGNED,FIRST_SINGULARITY_SHELL_EXHAUSTED_PRIMALITY_UNASSIGNED,513,9595,9595,NO_RECORDED_FACTOR_PRP_OR_LL_RESULT_AND_NO_ACTIVE_GIMPS_ASSIGNMENT,2026-08-06T12:58:23+00:00,UNALLOCATED,,,,,
SLCMP47-1715,1715,2832,154155667,2^154155667-1,STRUCTURAL_SCREEN_EXHAUSTED_PRIMALITY_UNASSIGNED,FIRST_SINGULARITY_SHELL_EXHAUSTED_PRIMALITY_UNASSIGNED,514,9595,9595,NO_RECORDED_FACTOR_PRP_OR_LL_RESULT_AND_NO_ACTIVE_GIMPS_ASSIGNMENT,2026-08-06T12:58:23+00:00,UNALLOCATED,,,,,
SLCMP47-1716,1716,2834,154155751,2^154155751-1,STRUCTURAL_SCREEN_EXHAUSTED_PRIMALITY_UNASSIGNED,FIRST_SINGULARITY_SHELL_EXHAUSTED_PRIMALITY_UNASSIGNED,514,9595,9595,NO_RECORDED_FACTOR_PRP_OR_LL_RESULT_AND_NO_ACTIVE_GIMPS_ASSIGNMENT,2026-08-06T12:58:23+00:00,UNALLOCATED,,,,,
SLCMP47-1717,1717,2835,154155857,2^154155857-1,STRUCTURAL_SCREEN_EXHAUSTED_PRIMALITY_UNASSIGNED,FIRST_SINGULARITY_SHELL_EXHAUSTED_PRIMALITY_UNASSIGNED,513,9595,9595,NO_RECORDED_FACTOR_PRP_OR_LL_RESULT_AND_NO_ACTIVE_GIMPS_ASSIGNMENT,2026-08-06T12:58:23+00:00,UNALLOCATED,,,,,
SLCMP47-1718,1718,2836,154155887,2^154155887-1,STRUCTURAL_SCREEN_EXHAUSTED_PRIMALITY_UNASSIGNED,FIRST_SINGULARITY_SHELL_EXHAUSTED_PRIMALITY_UNASSIGNED,514,9595,9595,NO_RECORDED_FACTOR_PRP_OR_LL_RESULT_AND_NO_ACTIVE_GIMPS_ASSIGNMENT,2026-08-06T12:58:23+00:00,UNALLOCATED,,,,,
SLCMP47-1719,1719,2837,154155893,2^154155893-1,STRUCTURAL_SCREEN_EXHAUSTED_PRIMALITY_UNASSIGNED,FIRST_SINGULARITY_SHELL_EXHAUSTED_PRIMALITY_UNASSIGNED,513,9595,9595,NO_RECORDED_FACTOR_PRP_OR_LL_RESULT_AND_NO_ACTIVE_GIMPS_ASSIGNMENT,2026-08-06T12:58:23+00:00,UNALLOCATED,,,,,
SLCMP47-1720,1720,2838,154155931,2^154155931-1,STRUCTURAL_SCREEN_EXHAUSTED_PRIMALITY_UNASSIGNED,FIRST_SINGULARITY_SHELL_EXHAUSTED_PRIMALITY_UNASSIGNED,514,9595,9595,NO_RECORDED_FACTOR_PRP_OR_LL_RESULT_AND_NO_ACTIVE_GIMPS_ASSIGNMENT,2026-08-06T12:58:23+00:00,UNALLOCATED,,,,,
SLCMP47-1721,1721,2839,154155977,2^154155977-1,STRUCTURAL_SCREEN_EXHAUSTED_PRIMALITY_UNASSIGNED,FIRST_SINGULARITY_SHELL_EXHAUSTED_PRIMALITY_UNASSIGNED,513,9595,9595,NO_RECORDED_FACTOR_PRP_OR_LL_RESULT_AND_NO_ACTIVE_GIMPS_ASSIGNMENT,2026-08-06T12:58:23+00:00,UNALLOCATED,,,,,
SLCMP47-1722,1722,2840,154156019,2^154156019-1,STRUCTURAL_SCREEN_EXHAUSTED_PRIMALITY_UNASSIGNED,FIRST_SINGULARITY_SHELL_EXHAUSTED_PRIMALITY_UNASSIGNED,514,9595,9595,NO_RECORDED_FACTOR_PRP_OR_LL_RESULT_AND_NO_ACTIVE_GIMPS_ASSIGNMENT,2026-08-06T12:58:23+00:00,UNALLOCATED,,,,,
SLCMP47-1723,1723,2841,154156033,2^154156033-1,STRUCTURAL_SCREEN_EXHAUSTED_PRIMALITY_UNASSIGNED,FIRST_SINGULARITY_SHELL_EXHAUSTED_PRIMALITY_UNASSIGNED,513,9595,9595,NO_RECORDED_FACTOR_PRP_OR_LL_RESULT_AND_NO_ACTIVE_GIMPS_ASSIGNMENT,2026-08-06T12:58:23+00:00,UNALLOCATED,,,,,
SLCMP47-1724,1724,2842,154156117,2^154156117-1,STRUCTURAL_SCREEN_EXHAUSTED_PRIMALITY_UNASSIGNED,FIRST_SINGULARITY_SHELL_EXHAUSTED_PRIMALITY_UNASSIGNED,513,9595,9595,NO_RECORDED_FACTOR_PRP_OR_LL_RESULT_AND_NO_ACTIVE_GIMPS_ASSIGNMENT,2026-08-06T12:58:23+00:00,UNALLOCATED,,,,,
SLCMP47-1725,1725,2843,154156129,2^154156129-1,STRUCTURAL_SCREEN_EXHAUSTED_PRIMALITY_UNASSIGNED,FIRST_SINGULARITY_SHELL_EXHAUSTED_PRIMALITY_UNASSIGNED,513,9595,9595,NO_RECORDED_FACTOR_PRP_OR_LL_RESULT_AND_NO_ACTIVE_GIMPS_ASSIGNMENT,2026-08-06T12:58:23+00:00,UNALLOCATED,,,,,
SLCMP47-1726,1726,2844,154156147,2^154156147-1,STRUCTURAL_SCREEN_EXHAUSTED_PRIMALITY_UNASSIGNED,FIRST_SINGULARITY_SHELL_EXHAUSTED_PRIMALITY_UNASSIGNED,514,9595,9595,NO_RECORDED_FACTOR_PRP_OR_LL_RESULT_AND_NO_ACTIVE_GIMPS_ASSIGNMENT,2026-08-06T12:58:23+00:00,UNALLOCATED,,,,,
SLCMP47-1727,1727,2845,154156181,2^154156181-1,STRUCTURAL_SCREEN_EXHAUSTED_PRIMALITY_UNASSIGNED,FIRST_SINGULARITY_SHELL_EXHAUSTED_PRIMALITY_UNASSIGNED,513,9595,9595,NO_RECORDED_FACTOR_PRP_OR_LL_RESULT_AND_NO_ACTIVE_GIMPS_ASSIGNMENT,2026-08-06T12:58:23+00:00,UNALLOCATED,,,,,
SLCMP47-1728,1728,2846,154156231,2^154156231-1,STRUCTURAL_SCREEN_EXHAUSTED_PRIMALITY_UNASSIGNED,FIRST_SINGULARITY_SHELL_EXHAUSTED_PRIMALITY_UNASSIGNED,514,9595,9595,NO_RECORDED_FACTOR_PRP_OR_LL_RESULT_AND_NO_ACTIVE_GIMPS_ASSIGNMENT,2026-08-06T12:58:23+00:00,UNALLOCATED,,,,,
SLCMP47-1729,1729,2847,154156339,2^154156339-1,STRUCTURAL_SCREEN_EXHAUSTED_PRIMALITY_UNASSIGNED,FIRST_SINGULARITY_SHELL_EXHAUSTED_PRIMALITY_UNASSIGNED,514,9595,9595,NO_RECORDED_FACTOR_PRP_OR_LL_RESULT_AND_NO_ACTIVE_GIMPS_ASSIGNMENT,2026-08-06T12:58:23+00:00,UNALLOCATED,,,,,
SLCMP47-1730,1730,2848,154156349,2^154156349-1,STRUCTURAL_SCREEN_EXHAUSTED_PRIMALITY_UNASSIGNED,FIRST_SINGULARITY_SHELL_EXHAUSTED_PRIMALITY_UNASSIGNED,513,9595,9595,NO_RECORDED_FACTOR_PRP_OR_LL_RESULT_AND_NO_ACTIVE_GIMPS_ASSIGNMENT,2026-08-06T12:58:23+00:00,UNALLOCATED,,,,,
SLCMP47-1731,1731,2849,154156399,2^154156399-1,STRUCTURAL_SCREEN_EXHAUSTED_PRIMALITY_UNASSIGNED,FIRST_SINGULARITY_SHELL_EXHAUSTED_PRIMALITY_UNASSIGNED,514,9595,9595,NO_RECORDED_FACTOR_PRP_OR_LL_RESULT_AND_NO_ACTIVE_GIMPS_ASSIGNMENT,2026-08-06T12:58:23+00:00,UNALLOCATED,,,,,
SLCMP47-1732,1732,2850,154156447,2^154156447-1,STRUCTURAL_SCREEN_EXHAUSTED_PRIMALITY_UNASSIGNED,FIRST_SINGULARITY_SHELL_EXHAUSTED_PRIMALITY_UNASSIGNED,514,9595,9595,NO_RECORDED_FACTOR_PRP_OR_LL_RESULT_AND_NO_ACTIVE_GIMPS_ASSIGNMENT,2026-08-06T12:58:23+00:00,UNALLOCATED,,,,,
SLCMP47-1733,1733,2851,154156451,2^154156451-1,STRUCTURAL_SCREEN_EXHAUSTED_PRIMALITY_UNASSIGNED,FIRST_SINGULARITY_SHELL_EXHAUSTED_PRIMALITY_UNASSIGNED,514,9595,9595,NO_RECORDED_FACTOR_PRP_OR_LL_RESULT_AND_NO_ACTIVE_GIMPS_ASSIGNMENT,2026-08-06T12:58:23+00:00,UNALLOCATED,,,,,
SLCMP47-1734,1734,2852,154156487,2^154156487-1,STRUCTURAL_SCREEN_EXHAUSTED_PRIMALITY_UNASSIGNED,FIRST_SINGULARITY_SHELL_EXHAUSTED_PRIMALITY_UNASSIGNED,514,9595,9595,NO_RECORDED_FACTOR_PRP_OR_LL_RESULT_AND_NO_ACTIVE_GIMPS_ASSIGNMENT,2026-08-06T12:58:23+00:00,UNALLOCATED,,,,,
SLCMP47-1735,1735,2853,154156579,2^154156579-1,STRUCTURAL_SCREEN_EXHAUSTED_PRIMALITY_UNASSIGNED,FIRST_SINGULARITY_SHELL_EXHAUSTED_PRIMALITY_UNASSIGNED,514,9595,9595,NO_RECORDED_FACTOR_PRP_OR_LL_RESULT_AND_NO_ACTIVE_GIMPS_ASSIGNMENT,2026-08-06T12:58:23+00:00,UNALLOCATED,,,,,
SLCMP47-1736,1736,2854,154156589,2^154156589-1,STRUCTURAL_SCREEN_EXHAUSTED_PRIMALITY_UNASSIGNED,FIRST_SINGULARITY_SHELL_EXHAUSTED_PRIMALITY_UNASSIGNED,513,9595,9595,NO_RECORDED_FACTOR_PRP_OR_LL_RESULT_AND_NO_ACTIVE_GIMPS_ASSIGNMENT,2026-08-06T12:58:23+00:00,UNALLOCATED,,,,,
SLCMP47-1737,1737,2855,154156631,2^154156631-1,STRUCTURAL_SCREEN_EXHAUSTED_PRIMALITY_UNASSIGNED,FIRST_SINGULARITY_SHELL_EXHAUSTED_PRIMALITY_UNASSIGNED,514,9595,9595,NO_RECORDED_FACTOR_PRP_OR_LL_RESULT_AND_NO_ACTIVE_GIMPS_ASSIGNMENT,2026-08-06T12:58:23+00:00,UNALLOCATED,,,,,
SLCMP47-1738,1738,2856,154156703,2^154156703-1,STRUCTURAL_SCREEN_EXHAUSTED_PRIMALITY_UNASSIGNED,FIRST_SINGULARITY_SHELL_EXHAUSTED_PRIMALITY_UNASSIGNED,514,9595,9595,NO_RECORDED_FACTOR_PRP_OR_LL_RESULT_AND_NO_ACTIVE_GIMPS_ASSIGNMENT,2026-08-06T12:58:23+00:00,UNALLOCATED,,,,,
SLCMP47-1739,1739,2857,154156853,2^154156853-1,STRUCTURAL_SCREEN_EXHAUSTED_PRIMALITY_UNASSIGNED,FIRST_SINGULARITY_SHELL_EXHAUSTED_PRIMALITY_UNASSIGNED,513,9595,9595,NO_RECORDED_FACTOR_PRP_OR_LL_RESULT_AND_NO_ACTIVE_GIMPS_ASSIGNMENT,2026-08-06T12:58:23+00:00,UNALLOCATED,,,,,
SLCMP47-1740,1740,2858,154156909,2^154156909-1,STRUCTURAL_SCREEN_EXHAUSTED_PRIMALITY_UNASSIGNED,FIRST_SINGULARITY_SHELL_EXHAUSTED_PRIMALITY_UNASSIGNED,513,9595,9595,NO_RECORDED_FACTOR_PRP_OR_LL_RESULT_AND_NO_ACTIVE_GIMPS_ASSIGNMENT,2026-08-06T12:58:23+00:00,UNALLOCATED,,,,,
SLCMP47-1741,1741,2859,154156963,2^154156963-1,STRUCTURAL_SCREEN_EXHAUSTED_PRIMALITY_UNASSIGNED,FIRST_SINGULARITY_SHELL_EXHAUSTED_PRIMALITY_UNASSIGNED,514,9595,9595,NO_RECORDED_FACTOR_PRP_OR_LL_RESULT_AND_NO_ACTIVE_GIMPS_ASSIGNMENT,2026-08-06T12:58:23+00:00,UNALLOCATED,,,,,
SLCMP47-1742,1742,2860,154156967,2^154156967-1,STRUCTURAL_SCREEN_EXHAUSTED_PRIMALITY_UNASSIGNED,FIRST_SINGULARITY_SHELL_EXHAUSTED_PRIMALITY_UNASSIGNED,514,9595,9595,NO_RECORDED_FACTOR_PRP_OR_LL_RESULT_AND_NO_ACTIVE_GIMPS_ASSIGNMENT,2026-08-06T12:58:23+00:00,UNALLOCATED,,,,,
SLCMP47-1743,1743,2861,154156993,2^154156993-1,STRUCTURAL_SCREEN_EXHAUSTED_PRIMALITY_UNASSIGNED,FIRST_SINGULARITY_SHELL_EXHAUSTED_PRIMALITY_UNASSIGNED,513,9595,9595,NO_RECORDED_FACTOR_PRP_OR_LL_RESULT_AND_NO_ACTIVE_GIMPS_ASSIGNMENT,2026-08-06T12:58:23+00:00,UNALLOCATED,,,,,
SLCMP47-1744,1744,2862,154157033,2^154157033-1,STRUCTURAL_SCREEN_EXHAUSTED_PRIMALITY_UNASSIGNED,FIRST_SINGULARITY_SHELL_EXHAUSTED_PRIMALITY_UNASSIGNED,513,9595,9595,NO_RECORDED_FACTOR_PRP_OR_LL_RESULT_AND_NO_ACTIVE_GIMPS_ASSIGNMENT,2026-08-06T12:58:23+00:00,UNALLOCATED,,,,,
SLCMP47-1745,1745,2863,154157053,2^154157053-1,STRUCTURAL_SCREEN_EXHAUSTED_PRIMALITY_UNASSIGNED,FIRST_SINGULARITY_SHELL_EXHAUSTED_PRIMALITY_UNASSIGNED,513,9595,9595,NO_RECORDED_FACTOR_PRP_OR_LL_RESULT_AND_NO_ACTIVE_GIMPS_ASSIGNMENT,2026-08-06T12:58:23+00:00,UNALLOCATED,,,,,
SLCMP47-1746,1746,2864,154157183,2^154157183-1,STRUCTURAL_SCREEN_EXHAUSTED_PRIMALITY_UNASSIGNED,FIRST_SINGULARITY_SHELL_EXHAUSTED_PRIMALITY_UNASSIGNED,514,9595,9595,NO_RECORDED_FACTOR_PRP_OR_LL_RESULT_AND_NO_ACTIVE_GIMPS_ASSIGNMENT,2026-08-06T12:58:23+00:00,UNALLOCATED,,,,,
SLCMP47-1747,1747,2865,154157251,2^154157251-1,STRUCTURAL_SCREEN_EXHAUSTED_PRIMALITY_UNASSIGNED,FIRST_SINGULARITY_SHELL_EXHAUSTED_PRIMALITY_UNASSIGNED,514,9595,9595,NO_RECORDED_FACTOR_PRP_OR_LL_RESULT_AND_NO_ACTIVE_GIMPS_ASSIGNMENT,2026-08-06T12:58:23+00:00,UNALLOCATED,,,,,
SLCMP47-1748,1748,2866,154157257,2^154157257-1,STRUCTURAL_SCREEN_EXHAUSTED_PRIMALITY_UNASSIGNED,FIRST_SINGULARITY_SHELL_EXHAUSTED_PRIMALITY_UNASSIGNED,513,9595,9595,NO_RECORDED_FACTOR_PRP_OR_LL_RESULT_AND_NO_ACTIVE_GIMPS_ASSIGNMENT,2026-08-06T12:58:23+00:00,UNALLOCATED,,,,,
SLCMP47-1749,1749,2867,154157261,2^154157261-1,STRUCTURAL_SCREEN_EXHAUSTED_PRIMALITY_UNASSIGNED,FIRST_SINGULARITY_SHELL_EXHAUSTED_PRIMALITY_UNASSIGNED,513,9595,9595,NO_RECORDED_FACTOR_PRP_OR_LL_RESULT_AND_NO_ACTIVE_GIMPS_ASSIGNMENT,2026-08-06T12:58:23+00:00,UNALLOCATED,,,,,
SLCMP47-1750,1750,2868,154157351,2^154157351-1,STRUCTURAL_SCREEN_EXHAUSTED_PRIMALITY_UNASSIGNED,FIRST_SINGULARITY_SHELL_EXHAUSTED_PRIMALITY_UNASSIGNED,514,9595,9595,NO_RECORDED_FACTOR_PRP_OR_LL_RESULT_AND_NO_ACTIVE_GIMPS_ASSIGNMENT,2026-08-06T12:58:23+00:00,UNALLOCATED,,,,,
SLCMP47-1751,1751,2869,154157387,2^154157387-1,STRUCTURAL_SCREEN_EXHAUSTED_PRIMALITY_UNASSIGNED,FIRST_SINGULARITY_SHELL_EXHAUSTED_PRIMALITY_UNASSIGNED,514,9595,9595,NO_RECORDED_FACTOR_PRP_OR_LL_RESULT_AND_NO_ACTIVE_GIMPS_ASSIGNMENT,2026-08-06T12:58:23+00:00,UNALLOCATED,,,,,
SLCMP47-1752,1752,2870,154157461,2^154157461-1,STRUCTURAL_SCREEN_EXHAUSTED_PRIMALITY_UNASSIGNED,FIRST_SINGULARITY_SHELL_EXHAUSTED_PRIMALITY_UNASSIGNED,513,9595,9595,NO_RECORDED_FACTOR_PRP_OR_LL_RESULT_AND_NO_ACTIVE_GIMPS_ASSIGNMENT,2026-08-06T12:58:23+00:00,UNALLOCATED,,,,,
SLCMP47-1753,1753,2871,154157491,2^154157491-1,STRUCTURAL_SCREEN_EXHAUSTED_PRIMALITY_UNASSIGNED,FIRST_SINGULARITY_SHELL_EXHAUSTED_PRIMALITY_UNASSIGNED,514,9595,9595,NO_RECORDED_FACTOR_PRP_OR_LL_RESULT_AND_NO_ACTIVE_GIMPS_ASSIGNMENT,2026-08-06T12:58:23+00:00,UNALLOCATED,,,,,
SLCMP47-1754,1754,2872,154157551,2^154157551-1,STRUCTURAL_SCREEN_EXHAUSTED_PRIMALITY_UNASSIGNED,FIRST_SINGULARITY_SHELL_EXHAUSTED_PRIMALITY_UNASSIGNED,514,9595,9595,NO_RECORDED_FACTOR_PRP_OR_LL_RESULT_AND_NO_ACTIVE_GIMPS_ASSIGNMENT,2026-08-06T12:58:23+00:00,UNALLOCATED,,,,,
SLCMP47-1755,1755,2873,154157557,2^154157557-1,STRUCTURAL_SCREEN_EXHAUSTED_PRIMALITY_UNASSIGNED,FIRST_SINGULARITY_SHELL_EXHAUSTED_PRIMALITY_UNASSIGNED,513,9595,9595,NO_RECORDED_FACTOR_PRP_OR_LL_RESULT_AND_NO_ACTIVE_GIMPS_ASSIGNMENT,2026-08-06T12:58:23+00:00,UNALLOCATED,,,,,
SLCMP47-1756,1756,2874,154157657,2^154157657-1,STRUCTURAL_SCREEN_EXHAUSTED_PRIMALITY_UNASSIGNED,FIRST_SINGULARITY_SHELL_EXHAUSTED_PRIMALITY_UNASSIGNED,513,9595,9595,NO_RECORDED_FACTOR_PRP_OR_LL_RESULT_AND_NO_ACTIVE_GIMPS_ASSIGNMENT,2026-08-06T12:58:23+00:00,UNALLOCATED,,,,,
SLCMP47-1757,1757,2875,154157771,2^154157771-1,STRUCTURAL_SCREEN_EXHAUSTED_PRIMALITY_UNASSIGNED,FIRST_SINGULARITY_SHELL_EXHAUSTED_PRIMALITY_UNASSIGNED,514,9595,9595,NO_RECORDED_FACTOR_PRP_OR_LL_RESULT_AND_NO_ACTIVE_GIMPS_ASSIGNMENT,2026-08-06T12:58:23+00:00,UNALLOCATED,,,,,
SLCMP47-1758,1758,2876,154157803,2^154157803-1,STRUCTURAL_SCREEN_EXHAUSTED_PRIMALITY_UNASSIGNED,FIRST_SINGULARITY_SHELL_EXHAUSTED_PRIMALITY_UNASSIGNED,514,9595,9595,NO_RECORDED_FACTOR_PRP_OR_LL_RESULT_AND_NO_ACTIVE_GIMPS_ASSIGNMENT,2026-08-06T12:58:23+00:00,UNALLOCATED,,,,,
SLCMP47-1759,1759,2877,154157833,2^154157833-1,STRUCTURAL_SCREEN_EXHAUSTED_PRIMALITY_UNASSIGNED,FIRST_SINGULARITY_SHELL_EXHAUSTED_PRIMALITY_UNASSIGNED,513,9595,9595,NO_RECORDED_FACTOR_PRP_OR_LL_RESULT_AND_NO_ACTIVE_GIMPS_ASSIGNMENT,2026-08-06T12:58:23+00:00,UNALLOCATED,,,,,
SLCMP47-1760,1760,2878,154157917,2^154157917-1,STRUCTURAL_SCREEN_EXHAUSTED_PRIMALITY_UNASSIGNED,FIRST_SINGULARITY_SHELL_EXHAUSTED_PRIMALITY_UNASSIGNED,513,9595,9595,NO_RECORDED_FACTOR_PRP_OR_LL_RESULT_AND_NO_ACTIVE_GIMPS_ASSIGNMENT,2026-08-06T12:58:23+00:00,UNALLOCATED,,,,,
SLCMP47-1761,1761,2879,154157953,2^154157953-1,STRUCTURAL_SCREEN_EXHAUSTED_PRIMALITY_UNASSIGNED,FIRST_SINGULARITY_SHELL_EXHAUSTED_PRIMALITY_UNASSIGNED,513,9595,9595,NO_RECORDED_FACTOR_PRP_OR_LL_RESULT_AND_NO_ACTIVE_GIMPS_ASSIGNMENT,2026-08-06T12:58:23+00:00,UNALLOCATED,,,,,
SLCMP47-1762,1762,2880,154158031,2^154158031-1,STRUCTURAL_SCREEN_EXHAUSTED_PRIMALITY_UNASSIGNED,FIRST_SINGULARITY_SHELL_EXHAUSTED_PRIMALITY_UNASSIGNED,514,9595,9595,NO_RECORDED_FACTOR_PRP_OR_LL_RESULT_AND_NO_ACTIVE_GIMPS_ASSIGNMENT,2026-08-06T12:58:23+00:00,UNALLOCATED,,,,,
SLCMP47-1763,1763,2881,154158083,2^154158083-1,STRUCTURAL_SCREEN_EXHAUSTED_PRIMALITY_UNASSIGNED,FIRST_SINGULARITY_SHELL_EXHAUSTED_PRIMALITY_UNASSIGNED,514,9595,9595,NO_RECORDED_FACTOR_PRP_OR_LL_RESULT_AND_NO_ACTIVE_GIMPS_ASSIGNMENT,2026-08-06T12:58:23+00:00,UNALLOCATED,,,,,
SLCMP47-1764,1764,2882,154158181,2^154158181-1,STRUCTURAL_SCREEN_EXHAUSTED_PRIMALITY_UNASSIGNED,FIRST_SINGULARITY_SHELL_EXHAUSTED_PRIMALITY_UNASSIGNED,513,9595,9595,NO_RECORDED_FACTOR_PRP_OR_LL_RESULT_AND_NO_ACTIVE_GIMPS_ASSIGNMENT,2026-08-06T12:58:23+00:00,UNALLOCATED,,,,,
SLCMP47-1765,1765,2883,154158337,2^154158337-1,STRUCTURAL_SCREEN_EXHAUSTED_PRIMALITY_UNASSIGNED,FIRST_SINGULARITY_SHELL_EXHAUSTED_PRIMALITY_UNASSIGNED,513,9595,9595,NO_RECORDED_FACTOR_PRP_OR_LL_RESULT_AND_NO_ACTIVE_GIMPS_ASSIGNMENT,2026-08-06T12:58:23+00:00,UNALLOCATED,,,,,
SLCMP47-1766,1766,2884,154158379,2^154158379-1,STRUCTURAL_SCREEN_EXHAUSTED_PRIMALITY_UNASSIGNED,FIRST_SINGULARITY_SHELL_EXHAUSTED_PRIMALITY_UNASSIGNED,514,9595,9595,NO_RECORDED_FACTOR_PRP_OR_LL_RESULT_AND_NO_ACTIVE_GIMPS_ASSIGNMENT,2026-08-06T12:58:23+00:00,UNALLOCATED,,,,,
SLCMP47-1767,1767,2885,154158409,2^154158409-1,STRUCTURAL_SCREEN_EXHAUSTED_PRIMALITY_UNASSIGNED,FIRST_SINGULARITY_SHELL_EXHAUSTED_PRIMALITY_UNASSIGNED,513,9595,9595,NO_RECORDED_FACTOR_PRP_OR_LL_RESULT_AND_NO_ACTIVE_GIMPS_ASSIGNMENT,2026-08-06T12:58:23+00:00,UNALLOCATED,,,,,
SLCMP47-1768,1768,2886,154158547,2^154158547-1,STRUCTURAL_SCREEN_EXHAUSTED_PRIMALITY_UNASSIGNED,FIRST_SINGULARITY_SHELL_EXHAUSTED_PRIMALITY_UNASSIGNED,514,9595,9595,NO_RECORDED_FACTOR_PRP_OR_LL_RESULT_AND_NO_ACTIVE_GIMPS_ASSIGNMENT,2026-08-06T12:58:23+00:00,UNALLOCATED,,,,,
SLCMP47-1769,1769,2887,154158643,2^154158643-1,STRUCTURAL_SCREEN_EXHAUSTED_PRIMALITY_UNASSIGNED,FIRST_SINGULARITY_SHELL_EXHAUSTED_PRIMALITY_UNASSIGNED,514,9595,9595,NO_RECORDED_FACTOR_PRP_OR_LL_RESULT_AND_NO_ACTIVE_GIMPS_ASSIGNMENT,2026-08-06T12:58:23+00:00,UNALLOCATED,,,,,
SLCMP47-1770,1770,2888,154158709,2^154158709-1,STRUCTURAL_SCREEN_EXHAUSTED_PRIMALITY_UNASSIGNED,FIRST_SINGULARITY_SHELL_EXHAUSTED_PRIMALITY_UNASSIGNED,513,9595,9595,NO_RECORDED_FACTOR_PRP_OR_LL_RESULT_AND_NO_ACTIVE_GIMPS_ASSIGNMENT,2026-08-06T12:58:23+00:00,UNALLOCATED,,,,,
SLCMP47-1771,1771,2889,154158793,2^154158793-1,STRUCTURAL_SCREEN_EXHAUSTED_PRIMALITY_UNASSIGNED,FIRST_SINGULARITY_SHELL_EXHAUSTED_PRIMALITY_UNASSIGNED,513,9595,9595,NO_RECORDED_FACTOR_PRP_OR_LL_RESULT_AND_NO_ACTIVE_GIMPS_ASSIGNMENT,2026-08-06T12:58:23+00:00,UNALLOCATED,,,,,
SLCMP47-1772,1772,2890,154158847,2^154158847-1,STRUCTURAL_SCREEN_EXHAUSTED_PRIMALITY_UNASSIGNED,FIRST_SINGULARITY_SHELL_EXHAUSTED_PRIMALITY_UNASSIGNED,514,9595,9595,NO_RECORDED_FACTOR_PRP_OR_LL_RESULT_AND_NO_ACTIVE_GIMPS_ASSIGNMENT,2026-08-06T12:58:23+00:00,UNALLOCATED,,,,,
SLCMP47-1773,1773,2891,154158853,2^154158853-1,STRUCTURAL_SCREEN_EXHAUSTED_PRIMALITY_UNASSIGNED,FIRST_SINGULARITY_SHELL_EXHAUSTED_PRIMALITY_UNASSIGNED,513,9595,9595,NO_RECORDED_FACTOR_PRP_OR_LL_RESULT_AND_NO_ACTIVE_GIMPS_ASSIGNMENT,2026-08-06T12:58:23+00:00,UNALLOCATED,,,,,
SLCMP47-1774,1774,2892,154158871,2^154158871-1,STRUCTURAL_SCREEN_EXHAUSTED_PRIMALITY_UNASSIGNED,FIRST_SINGULARITY_SHELL_EXHAUSTED_PRIMALITY_UNASSIGNED,514,9595,9595,NO_RECORDED_FACTOR_PRP_OR_LL_RESULT_AND_NO_ACTIVE_GIMPS_ASSIGNMENT,2026-08-06T12:58:23+00:00,UNALLOCATED,,,,,
SLCMP47-1775,1775,2893,154158887,2^154158887-1,STRUCTURAL_SCREEN_EXHAUSTED_PRIMALITY_UNASSIGNED,FIRST_SINGULARITY_SHELL_EXHAUSTED_PRIMALITY_UNASSIGNED,514,9595,9595,NO_RECORDED_FACTOR_PRP_OR_LL_RESULT_AND_NO_ACTIVE_GIMPS_ASSIGNMENT,2026-08-06T12:58:23+00:00,UNALLOCATED,,,,,
SLCMP47-1776,1776,2894,154158889,2^154158889-1,STRUCTURAL_SCREEN_EXHAUSTED_PRIMALITY_UNASSIGNED,FIRST_SINGULARITY_SHELL_EXHAUSTED_PRIMALITY_UNASSIGNED,513,9595,9595,NO_RECORDED_FACTOR_PRP_OR_LL_RESULT_AND_NO_ACTIVE_GIMPS_ASSIGNMENT,2026-08-06T12:58:23+00:00,UNALLOCATED,,,,,
SLCMP47-1777,1777,2895,154159051,2^154159051-1,STRUCTURAL_SCREEN_EXHAUSTED_PRIMALITY_UNASSIGNED,FIRST_SINGULARITY_SHELL_EXHAUSTED_PRIMALITY_UNASSIGNED,514,9595,9595,NO_RECORDED_FACTOR_PRP_OR_LL_RESULT_AND_NO_ACTIVE_GIMPS_ASSIGNMENT,2026-08-06T12:58:23+00:00,UNALLOCATED,,,,,
SLCMP47-1778,1778,2896,154159193,2^154159193-1,STRUCTURAL_SCREEN_EXHAUSTED_PRIMALITY_UNASSIGNED,FIRST_SINGULARITY_SHELL_EXHAUSTED_PRIMALITY_UNASSIGNED,513,9595,9595,NO_RECORDED_FACTOR_PRP_OR_LL_RESULT_AND_NO_ACTIVE_GIMPS_ASSIGNMENT,2026-08-06T12:58:23+00:00,UNALLOCATED,,,,,
SLCMP47-1779,1779,2897,154159199,2^154159199-1,STRUCTURAL_SCREEN_EXHAUSTED_PRIMALITY_UNASSIGNED,FIRST_SINGULARITY_SHELL_EXHAUSTED_PRIMALITY_UNASSIGNED,514,9595,9595,NO_RECORDED_FACTOR_PRP_OR_LL_RESULT_AND_NO_ACTIVE_GIMPS_ASSIGNMENT,2026-08-06T12:58:23+00:00,UNALLOCATED,,,,,
SLCMP47-1780,1780,2898,154159207,2^154159207-1,STRUCTURAL_SCREEN_EXHAUSTED_PRIMALITY_UNASSIGNED,FIRST_SINGULARITY_SHELL_EXHAUSTED_PRIMALITY_UNASSIGNED,514,9595,9595,NO_RECORDED_FACTOR_PRP_OR_LL_RESULT_AND_NO_ACTIVE_GIMPS_ASSIGNMENT,2026-08-06T12:58:23+00:00,UNALLOCATED,,,,,
SLCMP47-1781,1781,2899,154159223,2^154159223-1,STRUCTURAL_SCREEN_EXHAUSTED_PRIMALITY_UNASSIGNED,FIRST_SINGULARITY_SHELL_EXHAUSTED_PRIMALITY_UNASSIGNED,514,9595,9595,NO_RECORDED_FACTOR_PRP_OR_LL_RESULT_AND_NO_ACTIVE_GIMPS_ASSIGNMENT,2026-08-06T12:58:23+00:00,UNALLOCATED,,,,,
SLCMP47-1782,1782,2900,154159259,2^154159259-1,STRUCTURAL_SCREEN_EXHAUSTED_PRIMALITY_UNASSIGNED,FIRST_SINGULARITY_SHELL_EXHAUSTED_PRIMALITY_UNASSIGNED,514,9595,9595,NO_RECORDED_FACTOR_PRP_OR_LL_RESULT_AND_NO_ACTIVE_GIMPS_ASSIGNMENT,2026-08-06T12:58:23+00:00,UNALLOCATED,,,,,
SLCMP47-1783,1783,2901,154159309,2^154159309-1,STRUCTURAL_SCREEN_EXHAUSTED_PRIMALITY_UNASSIGNED,FIRST_SINGULARITY_SHELL_EXHAUSTED_PRIMALITY_UNASSIGNED,513,9595,9595,NO_RECORDED_FACTOR_PRP_OR_LL_RESULT_AND_NO_ACTIVE_GIMPS_ASSIGNMENT,2026-08-06T12:58:23+00:00,UNALLOCATED,,,,,
SLCMP47-1784,1784,2902,154159339,2^154159339-1,STRUCTURAL_SCREEN_EXHAUSTED_PRIMALITY_UNASSIGNED,FIRST_SINGULARITY_SHELL_EXHAUSTED_PRIMALITY_UNASSIGNED,514,9595,9595,NO_RECORDED_FACTOR_PRP_OR_LL_RESULT_AND_NO_ACTIVE_GIMPS_ASSIGNMENT,2026-08-06T12:58:23+00:00,UNALLOCATED,,,,,
SLCMP47-1785,1785,2903,154159513,2^154159513-1,STRUCTURAL_SCREEN_EXHAUSTED_PRIMALITY_UNASSIGNED,FIRST_SINGULARITY_SHELL_EXHAUSTED_PRIMALITY_UNASSIGNED,513,9595,9595,NO_RECORDED_FACTOR_PRP_OR_LL_RESULT_AND_NO_ACTIVE_GIMPS_ASSIGNMENT,2026-08-06T12:58:23+00:00,UNALLOCATED,,,,,
SLCMP47-1786,1786,2904,154159613,2^154159613-1,STRUCTURAL_SCREEN_EXHAUSTED_PRIMALITY_UNASSIGNED,FIRST_SINGULARITY_SHELL_EXHAUSTED_PRIMALITY_UNASSIGNED,513,9595,9595,NO_RECORDED_FACTOR_PRP_OR_LL_RESULT_AND_NO_ACTIVE_GIMPS_ASSIGNMENT,2026-08-06T12:58:23+00:00,UNALLOCATED,,,,,
SLCMP47-1787,1787,2905,154159703,2^154159703-1,STRUCTURAL_SCREEN_EXHAUSTED_PRIMALITY_UNASSIGNED,FIRST_SINGULARITY_SHELL_EXHAUSTED_PRIMALITY_UNASSIGNED,514,9595,9595,NO_RECORDED_FACTOR_PRP_OR_LL_RESULT_AND_NO_ACTIVE_GIMPS_ASSIGNMENT,2026-08-06T12:58:23+00:00,UNALLOCATED,,,,,
SLCMP47-1788,1788,2906,154159727,2^154159727-1,STRUCTURAL_SCREEN_EXHAUSTED_PRIMALITY_UNASSIGNED,FIRST_SINGULARITY_SHELL_EXHAUSTED_PRIMALITY_UNASSIGNED,514,9595,9595,NO_RECORDED_FACTOR_PRP_OR_LL_RESULT_AND_NO_ACTIVE_GIMPS_ASSIGNMENT,2026-08-06T12:58:23+00:00,UNALLOCATED,,,,,
SLCMP47-1789,1789,2907,154159751,2^154159751-1,STRUCTURAL_SCREEN_EXHAUSTED_PRIMALITY_UNASSIGNED,FIRST_SINGULARITY_SHELL_EXHAUSTED_PRIMALITY_UNASSIGNED,514,9595,9595,NO_RECORDED_FACTOR_PRP_OR_LL_RESULT_AND_NO_ACTIVE_GIMPS_ASSIGNMENT,2026-08-06T12:58:23+00:00,UNALLOCATED,,,,,
SLCMP47-1790,1790,2908,154159813,2^154159813-1,STRUCTURAL_SCREEN_EXHAUSTED_PRIMALITY_UNASSIGNED,FIRST_SINGULARITY_SHELL_EXHAUSTED_PRIMALITY_UNASSIGNED,513,9595,9595,NO_RECORDED_FACTOR_PRP_OR_LL_RESULT_AND_NO_ACTIVE_GIMPS_ASSIGNMENT,2026-08-06T12:58:23+00:00,UNALLOCATED,,,,,
SLCMP47-1791,1791,2909,154159849,2^154159849-1,STRUCTURAL_SCREEN_EXHAUSTED_PRIMALITY_UNASSIGNED,FIRST_SINGULARITY_SHELL_EXHAUSTED_PRIMALITY_UNASSIGNED,513,9595,9595,NO_RECORDED_FACTOR_PRP_OR_LL_RESULT_AND_NO_ACTIVE_GIMPS_ASSIGNMENT,2026-08-06T12:58:23+00:00,UNALLOCATED,,,,,
SLCMP47-1792,1792,2910,154159909,2^154159909-1,STRUCTURAL_SCREEN_EXHAUSTED_PRIMALITY_UNASSIGNED,FIRST_SINGULARITY_SHELL_EXHAUSTED_PRIMALITY_UNASSIGNED,513,9595,9595,NO_RECORDED_FACTOR_PRP_OR_LL_RESULT_AND_NO_ACTIVE_GIMPS_ASSIGNMENT,2026-08-06T12:58:23+00:00,UNALLOCATED,,,,,
SLCMP47-1793,1793,2911,154159949,2^154159949-1,STRUCTURAL_SCREEN_EXHAUSTED_PRIMALITY_UNASSIGNED,FIRST_SINGULARITY_SHELL_EXHAUSTED_PRIMALITY_UNASSIGNED,513,9595,9595,NO_RECORDED_FACTOR_PRP_OR_LL_RESULT_AND_NO_ACTIVE_GIMPS_ASSIGNMENT,2026-08-06T12:58:23+00:00,UNALLOCATED,,,,,
SLCMP47-1794,1794,2912,154160009,2^154160009-1,STRUCTURAL_SCREEN_EXHAUSTED_PRIMALITY_UNASSIGNED,FIRST_SINGULARITY_SHELL_EXHAUSTED_PRIMALITY_UNASSIGNED,513,9595,9595,NO_RECORDED_FACTOR_PRP_OR_LL_RESULT_AND_NO_ACTIVE_GIMPS_ASSIGNMENT,2026-08-06T12:58:23+00:00,UNALLOCATED,,,,,
SLCMP47-1795,1795,2913,154160051,2^154160051-1,STRUCTURAL_SCREEN_EXHAUSTED_PRIMALITY_UNASSIGNED,FIRST_SINGULARITY_SHELL_EXHAUSTED_PRIMALITY_UNASSIGNED,514,9595,9595,NO_RECORDED_FACTOR_PRP_OR_LL_RESULT_AND_NO_ACTIVE_GIMPS_ASSIGNMENT,2026-08-06T12:58:23+00:00,UNALLOCATED,,,,,
SLCMP47-1796,1796,2914,154160213,2^154160213-1,STRUCTURAL_SCREEN_EXHAUSTED_PRIMALITY_UNASSIGNED,FIRST_SINGULARITY_SHELL_EXHAUSTED_PRIMALITY_UNASSIGNED,513,9595,9595,NO_RECORDED_FACTOR_PRP_OR_LL_RESULT_AND_NO_ACTIVE_GIMPS_ASSIGNMENT,2026-08-06T12:58:23+00:00,UNALLOCATED,,,,,
SLCMP47-1797,1797,2915,154160231,2^154160231-1,STRUCTURAL_SCREEN_EXHAUSTED_PRIMALITY_UNASSIGNED,FIRST_SINGULARITY_SHELL_EXHAUSTED_PRIMALITY_UNASSIGNED,514,9595,9595,NO_RECORDED_FACTOR_PRP_OR_LL_RESULT_AND_NO_ACTIVE_GIMPS_ASSIGNMENT,2026-08-06T12:58:23+00:00,UNALLOCATED,,,,,
SLCMP47-1798,1798,2916,154160249,2^154160249-1,STRUCTURAL_SCREEN_EXHAUSTED_PRIMALITY_UNASSIGNED,FIRST_SINGULARITY_SHELL_EXHAUSTED_PRIMALITY_UNASSIGNED,513,9595,9595,NO_RECORDED_FACTOR_PRP_OR_LL_RESULT_AND_NO_ACTIVE_GIMPS_ASSIGNMENT,2026-08-06T12:58:23+00:00,UNALLOCATED,,,,,
SLCMP47-1799,1799,2917,154160263,2^154160263-1,STRUCTURAL_SCREEN_EXHAUSTED_PRIMALITY_UNASSIGNED,FIRST_SINGULARITY_SHELL_EXHAUSTED_PRIMALITY_UNASSIGNED,514,9595,9595,NO_RECORDED_FACTOR_PRP_OR_LL_RESULT_AND_NO_ACTIVE_GIMPS_ASSIGNMENT,2026-08-06T12:58:23+00:00,UNALLOCATED,,,,,
SLCMP47-1800,1800,2918,154160273,2^154160273-1,STRUCTURAL_SCREEN_EXHAUSTED_PRIMALITY_UNASSIGNED,FIRST_SINGULARITY_SHELL_EXHAUSTED_PRIMALITY_UNASSIGNED,513,9595,9595,NO_RECORDED_FACTOR_PRP_OR_LL_RESULT_AND_NO_ACTIVE_GIMPS_ASSIGNMENT,2026-08-06T12:58:23+00:00,UNALLOCATED,,,,,
SLCMP47-1801,1801,2919,154160387,2^154160387-1,STRUCTURAL_SCREEN_EXHAUSTED_PRIMALITY_UNASSIGNED,FIRST_SINGULARITY_SHELL_EXHAUSTED_PRIMALITY_UNASSIGNED,514,9595,9595,NO_RECORDED_FACTOR_PRP_OR_LL_RESULT_AND_NO_ACTIVE_GIMPS_ASSIGNMENT,2026-08-06T12:58:23+00:00,UNALLOCATED,,,,,
SLCMP47-1802,1802,2920,154160393,2^154160393-1,STRUCTURAL_SCREEN_EXHAUSTED_PRIMALITY_UNASSIGNED,FIRST_SINGULARITY_SHELL_EXHAUSTED_PRIMALITY_UNASSIGNED,513,9595,9595,NO_RECORDED_FACTOR_PRP_OR_LL_RESULT_AND_NO_ACTIVE_GIMPS_ASSIGNMENT,2026-08-06T12:58:23+00:00,UNALLOCATED,,,,,
SLCMP47-1803,1803,2921,154160449,2^154160449-1,STRUCTURAL_SCREEN_EXHAUSTED_PRIMALITY_UNASSIGNED,FIRST_SINGULARITY_SHELL_EXHAUSTED_PRIMALITY_UNASSIGNED,513,9595,9595,NO_RECORDED_FACTOR_PRP_OR_LL_RESULT_AND_NO_ACTIVE_GIMPS_ASSIGNMENT,2026-08-06T12:58:23+00:00,UNALLOCATED,,,,,
SLCMP47-1804,1804,2922,154160459,2^154160459-1,STRUCTURAL_SCREEN_EXHAUSTED_PRIMALITY_UNASSIGNED,FIRST_SINGULARITY_SHELL_EXHAUSTED_PRIMALITY_UNASSIGNED,514,9595,9595,NO_RECORDED_FACTOR_PRP_OR_LL_RESULT_AND_NO_ACTIVE_GIMPS_ASSIGNMENT,2026-08-06T12:58:23+00:00,UNALLOCATED,,,,,
SLCMP47-1805,1805,2923,154160563,2^154160563-1,STRUCTURAL_SCREEN_EXHAUSTED_PRIMALITY_UNASSIGNED,FIRST_SINGULARITY_SHELL_EXHAUSTED_PRIMALITY_UNASSIGNED,514,9595,9595,NO_RECORDED_FACTOR_PRP_OR_LL_RESULT_AND_NO_ACTIVE_GIMPS_ASSIGNMENT,2026-08-06T12:58:23+00:00,UNALLOCATED,,,,,
SLCMP47-1806,1806,2924,154160701,2^154160701-1,STRUCTURAL_SCREEN_EXHAUSTED_PRIMALITY_UNASSIGNED,FIRST_SINGULARITY_SHELL_EXHAUSTED_PRIMALITY_UNASSIGNED,513,9595,9595,NO_RECORDED_FACTOR_PRP_OR_LL_RESULT_AND_NO_ACTIVE_GIMPS_ASSIGNMENT,2026-08-06T12:58:23+00:00,UNALLOCATED,,,,,
SLCMP47-1807,1807,2925,154160731,2^154160731-1,STRUCTURAL_SCREEN_EXHAUSTED_PRIMALITY_UNASSIGNED,FIRST_SINGULARITY_SHELL_EXHAUSTED_PRIMALITY_UNASSIGNED,514,9595,9595,NO_RECORDED_FACTOR_PRP_OR_LL_RESULT_AND_NO_ACTIVE_GIMPS_ASSIGNMENT,2026-08-06T12:58:23+00:00,UNALLOCATED,,,,,
SLCMP47-1808,1808,2926,154160953,2^154160953-1,STRUCTURAL_SCREEN_EXHAUSTED_PRIMALITY_UNASSIGNED,FIRST_SINGULARITY_SHELL_EXHAUSTED_PRIMALITY_UNASSIGNED,513,9595,9595,NO_RECORDED_FACTOR_PRP_OR_LL_RESULT_AND_NO_ACTIVE_GIMPS_ASSIGNMENT,2026-08-06T12:58:23+00:00,UNALLOCATED,,,,,
SLCMP47-1809,1809,2927,154161001,2^154161001-1,STRUCTURAL_SCREEN_EXHAUSTED_PRIMALITY_UNASSIGNED,FIRST_SINGULARITY_SHELL_EXHAUSTED_PRIMALITY_UNASSIGNED,513,9595,9595,NO_RECORDED_FACTOR_PRP_OR_LL_RESULT_AND_NO_ACTIVE_GIMPS_ASSIGNMENT,2026-08-06T12:58:23+00:00,UNALLOCATED,,,,,
SLCMP47-1810,1810,2928,154161113,2^154161113-1,STRUCTURAL_SCREEN_EXHAUSTED_PRIMALITY_UNASSIGNED,FIRST_SINGULARITY_SHELL_EXHAUSTED_PRIMALITY_UNASSIGNED,513,9595,9595,NO_RECORDED_FACTOR_PRP_OR_LL_RESULT_AND_NO_ACTIVE_GIMPS_ASSIGNMENT,2026-08-06T12:58:23+00:00,UNALLOCATED,,,,,
SLCMP47-1811,1811,2929,154161169,2^154161169-1,STRUCTURAL_SCREEN_EXHAUSTED_PRIMALITY_UNASSIGNED,FIRST_SINGULARITY_SHELL_EXHAUSTED_PRIMALITY_UNASSIGNED,513,9595,9595,NO_RECORDED_FACTOR_PRP_OR_LL_RESULT_AND_NO_ACTIVE_GIMPS_ASSIGNMENT,2026-08-06T12:58:23+00:00,UNALLOCATED,,,,,
SLCMP47-1812,1812,2930,154161173,2^154161173-1,STRUCTURAL_SCREEN_EXHAUSTED_PRIMALITY_UNASSIGNED,FIRST_SINGULARITY_SHELL_EXHAUSTED_PRIMALITY_UNASSIGNED,513,9595,9595,NO_RECORDED_FACTOR_PRP_OR_LL_RESULT_AND_NO_ACTIVE_GIMPS_ASSIGNMENT,2026-08-06T12:58:23+00:00,UNALLOCATED,,,,,
SLCMP47-1813,1813,2931,154161209,2^154161209-1,STRUCTURAL_SCREEN_EXHAUSTED_PRIMALITY_UNASSIGNED,FIRST_SINGULARITY_SHELL_EXHAUSTED_PRIMALITY_UNASSIGNED,513,9595,9595,NO_RECORDED_FACTOR_PRP_OR_LL_RESULT_AND_NO_ACTIVE_GIMPS_ASSIGNMENT,2026-08-06T12:58:23+00:00,UNALLOCATED,,,,,
SLCMP47-1814,1814,2932,154161263,2^154161263-1,STRUCTURAL_SCREEN_EXHAUSTED_PRIMALITY_UNASSIGNED,FIRST_SINGULARITY_SHELL_EXHAUSTED_PRIMALITY_UNASSIGNED,514,9595,9595,NO_RECORDED_FACTOR_PRP_OR_LL_RESULT_AND_NO_ACTIVE_GIMPS_ASSIGNMENT,2026-08-06T12:58:23+00:00,UNALLOCATED,,,,,
SLCMP47-1815,1815,2933,154161289,2^154161289-1,STRUCTURAL_SCREEN_EXHAUSTED_PRIMALITY_UNASSIGNED,FIRST_SINGULARITY_SHELL_EXHAUSTED_PRIMALITY_UNASSIGNED,513,9595,9595,NO_RECORDED_FACTOR_PRP_OR_LL_RESULT_AND_NO_ACTIVE_GIMPS_ASSIGNMENT,2026-08-06T12:58:23+00:00,UNALLOCATED,,,,,
SLCMP47-1816,1816,2934,154161299,2^154161299-1,STRUCTURAL_SCREEN_EXHAUSTED_PRIMALITY_UNASSIGNED,FIRST_SINGULARITY_SHELL_EXHAUSTED_PRIMALITY_UNASSIGNED,514,9595,9595,NO_RECORDED_FACTOR_PRP_OR_LL_RESULT_AND_NO_ACTIVE_GIMPS_ASSIGNMENT,2026-08-06T12:58:23+00:00,UNALLOCATED,,,,,
SLCMP47-1817,1817,2935,154161323,2^154161323-1,STRUCTURAL_SCREEN_EXHAUSTED_PRIMALITY_UNASSIGNED,FIRST_SINGULARITY_SHELL_EXHAUSTED_PRIMALITY_UNASSIGNED,514,9595,9595,NO_RECORDED_FACTOR_PRP_OR_LL_RESULT_AND_NO_ACTIVE_GIMPS_ASSIGNMENT,2026-08-06T12:58:23+00:00,UNALLOCATED,,,,,
SLCMP47-1818,1818,2936,154161349,2^154161349-1,STRUCTURAL_SCREEN_EXHAUSTED_PRIMALITY_UNASSIGNED,FIRST_SINGULARITY_SHELL_EXHAUSTED_PRIMALITY_UNASSIGNED,513,9595,9595,NO_RECORDED_FACTOR_PRP_OR_LL_RESULT_AND_NO_ACTIVE_GIMPS_ASSIGNMENT,2026-08-06T12:58:23+00:00,UNALLOCATED,,,,,
SLCMP47-1819,1819,2937,154161463,2^154161463-1,STRUCTURAL_SCREEN_EXHAUSTED_PRIMALITY_UNASSIGNED,FIRST_SINGULARITY_SHELL_EXHAUSTED_PRIMALITY_UNASSIGNED,514,9595,9595,NO_RECORDED_FACTOR_PRP_OR_LL_RESULT_AND_NO_ACTIVE_GIMPS_ASSIGNMENT,2026-08-06T12:58:23+00:00,UNALLOCATED,,,,,
SLCMP47-1820,1820,2938,154161523,2^154161523-1,STRUCTURAL_SCREEN_EXHAUSTED_PRIMALITY_UNASSIGNED,FIRST_SINGULARITY_SHELL_EXHAUSTED_PRIMALITY_UNASSIGNED,514,9595,9595,NO_RECORDED_FACTOR_PRP_OR_LL_RESULT_AND_NO_ACTIVE_GIMPS_ASSIGNMENT,2026-08-06T12:58:23+00:00,UNALLOCATED,,,,,
SLCMP47-1821,1821,2939,154161533,2^154161533-1,STRUCTURAL_SCREEN_EXHAUSTED_PRIMALITY_UNASSIGNED,FIRST_SINGULARITY_SHELL_EXHAUSTED_PRIMALITY_UNASSIGNED,513,9595,9595,NO_RECORDED_FACTOR_PRP_OR_LL_RESULT_AND_NO_ACTIVE_GIMPS_ASSIGNMENT,2026-08-06T12:58:23+00:00,UNALLOCATED,,,,,
SLCMP47-1822,1822,2940,154161547,2^154161547-1,STRUCTURAL_SCREEN_EXHAUSTED_PRIMALITY_UNASSIGNED,FIRST_SINGULARITY_SHELL_EXHAUSTED_PRIMALITY_UNASSIGNED,514,9595,9595,NO_RECORDED_FACTOR_PRP_OR_LL_RESULT_AND_NO_ACTIVE_GIMPS_ASSIGNMENT,2026-08-06T12:58:23+00:00,UNALLOCATED,,,,,
SLCMP47-1823,1823,2941,154161613,2^154161613-1,STRUCTURAL_SCREEN_EXHAUSTED_PRIMALITY_UNASSIGNED,FIRST_SINGULARITY_SHELL_EXHAUSTED_PRIMALITY_UNASSIGNED,513,9595,9595,NO_RECORDED_FACTOR_PRP_OR_LL_RESULT_AND_NO_ACTIVE_GIMPS_ASSIGNMENT,2026-08-06T12:58:23+00:00,UNALLOCATED,,,,,
SLCMP47-1824,1824,2942,154161673,2^154161673-1,STRUCTURAL_SCREEN_EXHAUSTED_PRIMALITY_UNASSIGNED,FIRST_SINGULARITY_SHELL_EXHAUSTED_PRIMALITY_UNASSIGNED,513,9595,9595,NO_RECORDED_FACTOR_PRP_OR_LL_RESULT_AND_NO_ACTIVE_GIMPS_ASSIGNMENT,2026-08-06T12:58:23+00:00,UNALLOCATED,,,,,
SLCMP47-1825,1825,2943,154161743,2^154161743-1,STRUCTURAL_SCREEN_EXHAUSTED_PRIMALITY_UNASSIGNED,FIRST_SINGULARITY_SHELL_EXHAUSTED_PRIMALITY_UNASSIGNED,514,9595,9595,NO_RECORDED_FACTOR_PRP_OR_LL_RESULT_AND_NO_ACTIVE_GIMPS_ASSIGNMENT,2026-08-06T12:58:23+00:00,UNALLOCATED,,,,,
SLCMP47-1826,1826,2944,154161827,2^154161827-1,STRUCTURAL_SCREEN_EXHAUSTED_PRIMALITY_UNASSIGNED,FIRST_SINGULARITY_SHELL_EXHAUSTED_PRIMALITY_UNASSIGNED,514,9595,9595,NO_RECORDED_FACTOR_PRP_OR_LL_RESULT_AND_NO_ACTIVE_GIMPS_ASSIGNMENT,2026-08-06T12:58:23+00:00,UNALLOCATED,,,,,
SLCMP47-1827,1827,2945,154161919,2^154161919-1,STRUCTURAL_SCREEN_EXHAUSTED_PRIMALITY_UNASSIGNED,FIRST_SINGULARITY_SHELL_EXHAUSTED_PRIMALITY_UNASSIGNED,514,9595,9595,NO_RECORDED_FACTOR_PRP_OR_LL_RESULT_AND_NO_ACTIVE_GIMPS_ASSIGNMENT,2026-08-06T12:58:23+00:00,UNALLOCATED,,,,,
SLCMP47-1828,1828,2946,154162007,2^154162007-1,STRUCTURAL_SCREEN_EXHAUSTED_PRIMALITY_UNASSIGNED,FIRST_SINGULARITY_SHELL_EXHAUSTED_PRIMALITY_UNASSIGNED,514,9595,9595,NO_RECORDED_FACTOR_PRP_OR_LL_RESULT_AND_NO_ACTIVE_GIMPS_ASSIGNMENT,2026-08-06T12:58:23+00:00,UNALLOCATED,,,,,
SLCMP47-1829,1829,2947,154162033,2^154162033-1,STRUCTURAL_SCREEN_EXHAUSTED_PRIMALITY_UNASSIGNED,FIRST_SINGULARITY_SHELL_EXHAUSTED_PRIMALITY_UNASSIGNED,513,9595,9595,NO_RECORDED_FACTOR_PRP_OR_LL_RESULT_AND_NO_ACTIVE_GIMPS_ASSIGNMENT,2026-08-06T12:58:23+00:00,UNALLOCATED,,,,,
SLCMP47-1830,1830,2948,154162061,2^154162061-1,STRUCTURAL_SCREEN_EXHAUSTED_PRIMALITY_UNASSIGNED,FIRST_SINGULARITY_SHELL_EXHAUSTED_PRIMALITY_UNASSIGNED,513,9595,9595,NO_RECORDED_FACTOR_PRP_OR_LL_RESULT_AND_NO_ACTIVE_GIMPS_ASSIGNMENT,2026-08-06T12:58:23+00:00,UNALLOCATED,,,,,
SLCMP47-1831,1831,2949,154162117,2^154162117-1,STRUCTURAL_SCREEN_EXHAUSTED_PRIMALITY_UNASSIGNED,FIRST_SINGULARITY_SHELL_EXHAUSTED_PRIMALITY_UNASSIGNED,513,9595,9595,NO_RECORDED_FACTOR_PRP_OR_LL_RESULT_AND_NO_ACTIVE_GIMPS_ASSIGNMENT,2026-08-06T12:58:23+00:00,UNALLOCATED,,,,,
SLCMP47-1832,1832,2950,154162193,2^154162193-1,STRUCTURAL_SCREEN_EXHAUSTED_PRIMALITY_UNASSIGNED,FIRST_SINGULARITY_SHELL_EXHAUSTED_PRIMALITY_UNASSIGNED,513,9595,9595,NO_RECORDED_FACTOR_PRP_OR_LL_RESULT_AND_NO_ACTIVE_GIMPS_ASSIGNMENT,2026-08-06T12:58:23+00:00,UNALLOCATED,,,,,
SLCMP47-1833,1833,2951,154162237,2^154162237-1,STRUCTURAL_SCREEN_EXHAUSTED_PRIMALITY_UNASSIGNED,FIRST_SINGULARITY_SHELL_EXHAUSTED_PRIMALITY_UNASSIGNED,513,9595,9595,NO_RECORDED_FACTOR_PRP_OR_LL_RESULT_AND_NO_ACTIVE_GIMPS_ASSIGNMENT,2026-08-06T12:58:23+00:00,UNALLOCATED,,,,,
SLCMP47-1834,1834,2952,154162331,2^154162331-1,STRUCTURAL_SCREEN_EXHAUSTED_PRIMALITY_UNASSIGNED,FIRST_SINGULARITY_SHELL_EXHAUSTED_PRIMALITY_UNASSIGNED,514,9595,9595,NO_RECORDED_FACTOR_PRP_OR_LL_RESULT_AND_NO_ACTIVE_GIMPS_ASSIGNMENT,2026-08-06T12:58:23+00:00,UNALLOCATED,,,,,
SLCMP47-1835,1835,2953,154162369,2^154162369-1,STRUCTURAL_SCREEN_EXHAUSTED_PRIMALITY_UNASSIGNED,FIRST_SINGULARITY_SHELL_EXHAUSTED_PRIMALITY_UNASSIGNED,513,9595,9595,NO_RECORDED_FACTOR_PRP_OR_LL_RESULT_AND_NO_ACTIVE_GIMPS_ASSIGNMENT,2026-08-06T12:58:23+00:00,UNALLOCATED,,,,,
SLCMP47-1836,1836,2954,154162373,2^154162373-1,STRUCTURAL_SCREEN_EXHAUSTED_PRIMALITY_UNASSIGNED,FIRST_SINGULARITY_SHELL_EXHAUSTED_PRIMALITY_UNASSIGNED,513,9595,9595,NO_RECORDED_FACTOR_PRP_OR_LL_RESULT_AND_NO_ACTIVE_GIMPS_ASSIGNMENT,2026-08-06T12:58:23+00:00,UNALLOCATED,,,,,
SLCMP47-1837,1837,2955,154162453,2^154162453-1,STRUCTURAL_SCREEN_EXHAUSTED_PRIMALITY_UNASSIGNED,FIRST_SINGULARITY_SHELL_EXHAUSTED_PRIMALITY_UNASSIGNED,513,9595,9595,NO_RECORDED_FACTOR_PRP_OR_LL_RESULT_AND_NO_ACTIVE_GIMPS_ASSIGNMENT,2026-08-06T12:58:23+00:00,UNALLOCATED,,,,,
SLCMP47-1838,1838,2956,154162471,2^154162471-1,STRUCTURAL_SCREEN_EXHAUSTED_PRIMALITY_UNASSIGNED,FIRST_SINGULARITY_SHELL_EXHAUSTED_PRIMALITY_UNASSIGNED,514,9595,9595,NO_RECORDED_FACTOR_PRP_OR_LL_RESULT_AND_NO_ACTIVE_GIMPS_ASSIGNMENT,2026-08-06T12:58:23+00:00,UNALLOCATED,,,,,
SLCMP47-1839,1839,2957,154162499,2^154162499-1,STRUCTURAL_SCREEN_EXHAUSTED_PRIMALITY_UNASSIGNED,FIRST_SINGULARITY_SHELL_EXHAUSTED_PRIMALITY_UNASSIGNED,514,9595,9595,NO_RECORDED_FACTOR_PRP_OR_LL_RESULT_AND_NO_ACTIVE_GIMPS_ASSIGNMENT,2026-08-06T12:58:23+00:00,UNALLOCATED,,,,,
SLCMP47-1840,1840,2958,154162553,2^154162553-1,STRUCTURAL_SCREEN_EXHAUSTED_PRIMALITY_UNASSIGNED,FIRST_SINGULARITY_SHELL_EXHAUSTED_PRIMALITY_UNASSIGNED,513,9595,9595,NO_RECORDED_FACTOR_PRP_OR_LL_RESULT_AND_NO_ACTIVE_GIMPS_ASSIGNMENT,2026-08-06T12:58:23+00:00,UNALLOCATED,,,,,
SLCMP47-1841,1841,2959,154162573,2^154162573-1,STRUCTURAL_SCREEN_EXHAUSTED_PRIMALITY_UNASSIGNED,FIRST_SINGULARITY_SHELL_EXHAUSTED_PRIMALITY_UNASSIGNED,513,9595,9595,NO_RECORDED_FACTOR_PRP_OR_LL_RESULT_AND_NO_ACTIVE_GIMPS_ASSIGNMENT,2026-08-06T12:58:23+00:00,UNALLOCATED,,,,,
SLCMP47-1842,1842,2960,154162649,2^154162649-1,STRUCTURAL_SCREEN_EXHAUSTED_PRIMALITY_UNASSIGNED,FIRST_SINGULARITY_SHELL_EXHAUSTED_PRIMALITY_UNASSIGNED,513,9595,9595,NO_RECORDED_FACTOR_PRP_OR_LL_RESULT_AND_NO_ACTIVE_GIMPS_ASSIGNMENT,2026-08-06T12:58:23+00:00,UNALLOCATED,,,,,
SLCMP47-1843,1843,2961,154162669,2^154162669-1,STRUCTURAL_SCREEN_EXHAUSTED_PRIMALITY_UNASSIGNED,FIRST_SINGULARITY_SHELL_EXHAUSTED_PRIMALITY_UNASSIGNED,513,9595,9595,NO_RECORDED_FACTOR_PRP_OR_LL_RESULT_AND_NO_ACTIVE_GIMPS_ASSIGNMENT,2026-08-06T12:58:23+00:00,UNALLOCATED,,,,,
SLCMP47-1844,1844,2962,154162777,2^154162777-1,STRUCTURAL_SCREEN_EXHAUSTED_PRIMALITY_UNASSIGNED,FIRST_SINGULARITY_SHELL_EXHAUSTED_PRIMALITY_UNASSIGNED,513,9595,9595,NO_RECORDED_FACTOR_PRP_OR_LL_RESULT_AND_NO_ACTIVE_GIMPS_ASSIGNMENT,2026-08-06T12:58:23+00:00,UNALLOCATED,,,,,
SLCMP47-1845,1845,2963,154162837,2^154162837-1,STRUCTURAL_SCREEN_EXHAUSTED_PRIMALITY_UNASSIGNED,FIRST_SINGULARITY_SHELL_EXHAUSTED_PRIMALITY_UNASSIGNED,513,9595,9595,NO_RECORDED_FACTOR_PRP_OR_LL_RESULT_AND_NO_ACTIVE_GIMPS_ASSIGNMENT,2026-08-06T12:58:23+00:00,UNALLOCATED,,,,,
SLCMP47-1846,1846,2964,154162871,2^154162871-1,STRUCTURAL_SCREEN_EXHAUSTED_PRIMALITY_UNASSIGNED,FIRST_SINGULARITY_SHELL_EXHAUSTED_PRIMALITY_UNASSIGNED,514,9595,9595,NO_RECORDED_FACTOR_PRP_OR_LL_RESULT_AND_NO_ACTIVE_GIMPS_ASSIGNMENT,2026-08-06T12:58:23+00:00,UNALLOCATED,,,,,
SLCMP47-1847,1847,2965,154162901,2^154162901-1,STRUCTURAL_SCREEN_EXHAUSTED_PRIMALITY_UNASSIGNED,FIRST_SINGULARITY_SHELL_EXHAUSTED_PRIMALITY_UNASSIGNED,513,9595,9595,NO_RECORDED_FACTOR_PRP_OR_LL_RESULT_AND_NO_ACTIVE_GIMPS_ASSIGNMENT,2026-08-06T12:58:23+00:00,UNALLOCATED,,,,,
SLCMP47-1848,1848,2966,154162909,2^154162909-1,STRUCTURAL_SCREEN_EXHAUSTED_PRIMALITY_UNASSIGNED,FIRST_SINGULARITY_SHELL_EXHAUSTED_PRIMALITY_UNASSIGNED,513,9595,9595,NO_RECORDED_FACTOR_PRP_OR_LL_RESULT_AND_NO_ACTIVE_GIMPS_ASSIGNMENT,2026-08-06T12:58:23+00:00,UNALLOCATED,,,,,
SLCMP47-1849,1849,2967,154162937,2^154162937-1,STRUCTURAL_SCREEN_EXHAUSTED_PRIMALITY_UNASSIGNED,FIRST_SINGULARITY_SHELL_EXHAUSTED_PRIMALITY_UNASSIGNED,513,9595,9595,NO_RECORDED_FACTOR_PRP_OR_LL_RESULT_AND_NO_ACTIVE_GIMPS_ASSIGNMENT,2026-08-06T12:58:23+00:00,UNALLOCATED,,,,,
SLCMP47-1850,1850,2968,154163137,2^154163137-1,STRUCTURAL_SCREEN_EXHAUSTED_PRIMALITY_UNASSIGNED,FIRST_SINGULARITY_SHELL_EXHAUSTED_PRIMALITY_UNASSIGNED,513,9595,9595,NO_RECORDED_FACTOR_PRP_OR_LL_RESULT_AND_NO_ACTIVE_GIMPS_ASSIGNMENT,2026-08-06T12:58:23+00:00,UNALLOCATED,,,,,
SLCMP47-1851,1851,2969,154163161,2^154163161-1,STRUCTURAL_SCREEN_EXHAUSTED_PRIMALITY_UNASSIGNED,FIRST_SINGULARITY_SHELL_EXHAUSTED_PRIMALITY_UNASSIGNED,513,9595,9595,NO_RECORDED_FACTOR_PRP_OR_LL_RESULT_AND_NO_ACTIVE_GIMPS_ASSIGNMENT,2026-08-06T12:58:23+00:00,UNALLOCATED,,,,,
SLCMP47-1852,1852,2970,154163197,2^154163197-1,STRUCTURAL_SCREEN_EXHAUSTED_PRIMALITY_UNASSIGNED,FIRST_SINGULARITY_SHELL_EXHAUSTED_PRIMALITY_UNASSIGNED,513,9595,9595,NO_RECORDED_FACTOR_PRP_OR_LL_RESULT_AND_NO_ACTIVE_GIMPS_ASSIGNMENT,2026-08-06T12:58:23+00:00,UNALLOCATED,,,,,
SLCMP47-1853,1853,2971,154163209,2^154163209-1,STRUCTURAL_SCREEN_EXHAUSTED_PRIMALITY_UNASSIGNED,FIRST_SINGULARITY_SHELL_EXHAUSTED_PRIMALITY_UNASSIGNED,513,9595,9595,NO_RECORDED_FACTOR_PRP_OR_LL_RESULT_AND_NO_ACTIVE_GIMPS_ASSIGNMENT,2026-08-06T12:58:23+00:00,UNALLOCATED,,,,,
SLCMP47-1854,1854,2972,154163329,2^154163329-1,STRUCTURAL_SCREEN_EXHAUSTED_PRIMALITY_UNASSIGNED,FIRST_SINGULARITY_SHELL_EXHAUSTED_PRIMALITY_UNASSIGNED,513,9595,9595,NO_RECORDED_FACTOR_PRP_OR_LL_RESULT_AND_NO_ACTIVE_GIMPS_ASSIGNMENT,2026-08-06T12:58:23+00:00,UNALLOCATED,,,,,
SLCMP47-1855,1855,2973,154163363,2^154163363-1,STRUCTURAL_SCREEN_EXHAUSTED_PRIMALITY_UNASSIGNED,FIRST_SINGULARITY_SHELL_EXHAUSTED_PRIMALITY_UNASSIGNED,514,9595,9595,NO_RECORDED_FACTOR_PRP_OR_LL_RESULT_AND_NO_ACTIVE_GIMPS_ASSIGNMENT,2026-08-06T12:58:23+00:00,UNALLOCATED,,,,,
SLCMP47-1856,1856,2974,154163389,2^154163389-1,STRUCTURAL_SCREEN_EXHAUSTED_PRIMALITY_UNASSIGNED,FIRST_SINGULARITY_SHELL_EXHAUSTED_PRIMALITY_UNASSIGNED,513,9595,9595,NO_RECORDED_FACTOR_PRP_OR_LL_RESULT_AND_NO_ACTIVE_GIMPS_ASSIGNMENT,2026-08-06T12:58:23+00:00,UNALLOCATED,,,,,
SLCMP47-1857,1857,2975,154163483,2^154163483-1,STRUCTURAL_SCREEN_EXHAUSTED_PRIMALITY_UNASSIGNED,FIRST_SINGULARITY_SHELL_EXHAUSTED_PRIMALITY_UNASSIGNED,514,9595,9595,NO_RECORDED_FACTOR_PRP_OR_LL_RESULT_AND_NO_ACTIVE_GIMPS_ASSIGNMENT,2026-08-06T12:58:23+00:00,UNALLOCATED,,,,,
SLCMP47-1858,1858,2976,154163609,2^154163609-1,STRUCTURAL_SCREEN_EXHAUSTED_PRIMALITY_UNASSIGNED,FIRST_SINGULARITY_SHELL_EXHAUSTED_PRIMALITY_UNASSIGNED,513,9595,9595,NO_RECORDED_FACTOR_PRP_OR_LL_RESULT_AND_NO_ACTIVE_GIMPS_ASSIGNMENT,2026-08-06T12:58:23+00:00,UNALLOCATED,,,,,
SLCMP47-1859,1859,2977,154163629,2^154163629-1,STRUCTURAL_SCREEN_EXHAUSTED_PRIMALITY_UNASSIGNED,FIRST_SINGULARITY_SHELL_EXHAUSTED_PRIMALITY_UNASSIGNED,513,9595,9595,NO_RECORDED_FACTOR_PRP_OR_LL_RESULT_AND_NO_ACTIVE_GIMPS_ASSIGNMENT,2026-08-06T12:58:23+00:00,UNALLOCATED,,,,,
SLCMP47-1860,1860,2978,154163693,2^154163693-1,STRUCTURAL_SCREEN_EXHAUSTED_PRIMALITY_UNASSIGNED,FIRST_SINGULARITY_SHELL_EXHAUSTED_PRIMALITY_UNASSIGNED,513,9595,9595,NO_RECORDED_FACTOR_PRP_OR_LL_RESULT_AND_NO_ACTIVE_GIMPS_ASSIGNMENT,2026-08-06T12:58:23+00:00,UNALLOCATED,,,,,
SLCMP47-1861,1861,2979,154163743,2^154163743-1,STRUCTURAL_SCREEN_EXHAUSTED_PRIMALITY_UNASSIGNED,FIRST_SINGULARITY_SHELL_EXHAUSTED_PRIMALITY_UNASSIGNED,514,9595,9595,NO_RECORDED_FACTOR_PRP_OR_LL_RESULT_AND_NO_ACTIVE_GIMPS_ASSIGNMENT,2026-08-06T12:58:23+00:00,UNALLOCATED,,,,,
SLCMP47-1862,1862,2981,154163921,2^154163921-1,STRUCTURAL_SCREEN_EXHAUSTED_PRIMALITY_UNASSIGNED,FIRST_SINGULARITY_SHELL_EXHAUSTED_PRIMALITY_UNASSIGNED,513,9595,9595,NO_RECORDED_FACTOR_PRP_OR_LL_RESULT_AND_NO_ACTIVE_GIMPS_ASSIGNMENT,2026-08-06T12:58:23+00:00,UNALLOCATED,,,,,
SLCMP47-1863,1863,2982,154163953,2^154163953-1,STRUCTURAL_SCREEN_EXHAUSTED_PRIMALITY_UNASSIGNED,FIRST_SINGULARITY_SHELL_EXHAUSTED_PRIMALITY_UNASSIGNED,513,9595,9595,NO_RECORDED_FACTOR_PRP_OR_LL_RESULT_AND_NO_ACTIVE_GIMPS_ASSIGNMENT,2026-08-06T12:58:23+00:00,UNALLOCATED,,,,,
SLCMP47-1864,1864,2983,154163957,2^154163957-1,STRUCTURAL_SCREEN_EXHAUSTED_PRIMALITY_UNASSIGNED,FIRST_SINGULARITY_SHELL_EXHAUSTED_PRIMALITY_UNASSIGNED,513,9595,9595,NO_RECORDED_FACTOR_PRP_OR_LL_RESULT_AND_NO_ACTIVE_GIMPS_ASSIGNMENT,2026-08-06T12:58:23+00:00,UNALLOCATED,,,,,
SLCMP47-1865,1865,2984,154163981,2^154163981-1,STRUCTURAL_SCREEN_EXHAUSTED_PRIMALITY_UNASSIGNED,FIRST_SINGULARITY_SHELL_EXHAUSTED_PRIMALITY_UNASSIGNED,513,9595,9595,NO_RECORDED_FACTOR_PRP_OR_LL_RESULT_AND_NO_ACTIVE_GIMPS_ASSIGNMENT,2026-08-06T12:58:23+00:00,UNALLOCATED,,,,,
SLCMP47-1866,1866,2990,154164401,2^154164401-1,STRUCTURAL_SCREEN_EXHAUSTED_PRIMALITY_UNASSIGNED,FIRST_SINGULARITY_SHELL_EXHAUSTED_PRIMALITY_UNASSIGNED,513,9595,9595,NO_RECORDED_FACTOR_PRP_OR_LL_RESULT_AND_NO_ACTIVE_GIMPS_ASSIGNMENT,2026-08-06T12:58:23+00:00,UNALLOCATED,,,,,
SLCMP47-1867,1867,2991,154164427,2^154164427-1,STRUCTURAL_SCREEN_EXHAUSTED_PRIMALITY_UNASSIGNED,FIRST_SINGULARITY_SHELL_EXHAUSTED_PRIMALITY_UNASSIGNED,514,9595,9595,NO_RECORDED_FACTOR_PRP_OR_LL_RESULT_AND_NO_ACTIVE_GIMPS_ASSIGNMENT,2026-08-06T12:58:23+00:00,UNALLOCATED,,,,,
SLCMP47-1868,1868,2992,154164487,2^154164487-1,STRUCTURAL_SCREEN_EXHAUSTED_PRIMALITY_UNASSIGNED,FIRST_SINGULARITY_SHELL_EXHAUSTED_PRIMALITY_UNASSIGNED,514,9595,9595,NO_RECORDED_FACTOR_PRP_OR_LL_RESULT_AND_NO_ACTIVE_GIMPS_ASSIGNMENT,2026-08-06T12:58:23+00:00,UNALLOCATED,,,,,
SLCMP47-1869,1869,2993,154164557,2^154164557-1,STRUCTURAL_SCREEN_EXHAUSTED_PRIMALITY_UNASSIGNED,FIRST_SINGULARITY_SHELL_EXHAUSTED_PRIMALITY_UNASSIGNED,513,9595,9595,NO_RECORDED_FACTOR_PRP_OR_LL_RESULT_AND_NO_ACTIVE_GIMPS_ASSIGNMENT,2026-08-06T12:58:23+00:00,UNALLOCATED,,,,,
SLCMP47-1870,1870,2994,154164623,2^154164623-1,STRUCTURAL_SCREEN_EXHAUSTED_PRIMALITY_UNASSIGNED,FIRST_SINGULARITY_SHELL_EXHAUSTED_PRIMALITY_UNASSIGNED,514,9595,9595,NO_RECORDED_FACTOR_PRP_OR_LL_RESULT_AND_NO_ACTIVE_GIMPS_ASSIGNMENT,2026-08-06T12:58:23+00:00,UNALLOCATED,,,,,
SLCMP47-1871,1871,2995,154164709,2^154164709-1,STRUCTURAL_SCREEN_EXHAUSTED_PRIMALITY_UNASSIGNED,FIRST_SINGULARITY_SHELL_EXHAUSTED_PRIMALITY_UNASSIGNED,513,9595,9595,NO_RECORDED_FACTOR_PRP_OR_LL_RESULT_AND_NO_ACTIVE_GIMPS_ASSIGNMENT,2026-08-06T12:58:23+00:00,UNALLOCATED,,,,,
SLCMP47-1872,1872,2996,154164739,2^154164739-1,STRUCTURAL_SCREEN_EXHAUSTED_PRIMALITY_UNASSIGNED,FIRST_SINGULARITY_SHELL_EXHAUSTED_PRIMALITY_UNASSIGNED,514,9595,9595,NO_RECORDED_FACTOR_PRP_OR_LL_RESULT_AND_NO_ACTIVE_GIMPS_ASSIGNMENT,2026-08-06T12:58:23+00:00,UNALLOCATED,,,,,
SLCMP47-1873,1873,2997,154164743,2^154164743-1,STRUCTURAL_SCREEN_EXHAUSTED_PRIMALITY_UNASSIGNED,FIRST_SINGULARITY_SHELL_EXHAUSTED_PRIMALITY_UNASSIGNED,514,9595,9595,NO_RECORDED_FACTOR_PRP_OR_LL_RESULT_AND_NO_ACTIVE_GIMPS_ASSIGNMENT,2026-08-06T12:58:23+00:00,UNALLOCATED,,,,,
SLCMP47-1874,1874,3001,154165097,2^154165097-1,STRUCTURAL_SCREEN_EXHAUSTED_PRIMALITY_UNASSIGNED,FIRST_SINGULARITY_SHELL_EXHAUSTED_PRIMALITY_UNASSIGNED,513,9595,9595,NO_RECORDED_FACTOR_PRP_OR_LL_RESULT_AND_NO_ACTIVE_GIMPS_ASSIGNMENT,2026-08-06T12:58:23+00:00,UNALLOCATED,,,,,
SLCMP47-1875,1875,3002,154165127,2^154165127-1,STRUCTURAL_SCREEN_EXHAUSTED_PRIMALITY_UNASSIGNED,FIRST_SINGULARITY_SHELL_EXHAUSTED_PRIMALITY_UNASSIGNED,514,9595,9595,NO_RECORDED_FACTOR_PRP_OR_LL_RESULT_AND_NO_ACTIVE_GIMPS_ASSIGNMENT,2026-08-06T12:58:23+00:00,UNALLOCATED,,,,,
SLCMP47-1876,1876,3003,154165153,2^154165153-1,STRUCTURAL_SCREEN_EXHAUSTED_PRIMALITY_UNASSIGNED,FIRST_SINGULARITY_SHELL_EXHAUSTED_PRIMALITY_UNASSIGNED,513,9595,9595,NO_RECORDED_FACTOR_PRP_OR_LL_RESULT_AND_NO_ACTIVE_GIMPS_ASSIGNMENT,2026-08-06T12:58:23+00:00,UNALLOCATED,,,,,
SLCMP47-1877,1877,3004,154165307,2^154165307-1,STRUCTURAL_SCREEN_EXHAUSTED_PRIMALITY_UNASSIGNED,FIRST_SINGULARITY_SHELL_EXHAUSTED_PRIMALITY_UNASSIGNED,514,9595,9595,NO_RECORDED_FACTOR_PRP_OR_LL_RESULT_AND_NO_ACTIVE_GIMPS_ASSIGNMENT,2026-08-06T12:58:23+00:00,UNALLOCATED,,,,,
SLCMP47-1878,1878,3005,154165313,2^154165313-1,STRUCTURAL_SCREEN_EXHAUSTED_PRIMALITY_UNASSIGNED,FIRST_SINGULARITY_SHELL_EXHAUSTED_PRIMALITY_UNASSIGNED,513,9595,9595,NO_RECORDED_FACTOR_PRP_OR_LL_RESULT_AND_NO_ACTIVE_GIMPS_ASSIGNMENT,2026-08-06T12:58:23+00:00,UNALLOCATED,,,,,
SLCMP47-1879,1879,3006,154165327,2^154165327-1,STRUCTURAL_SCREEN_EXHAUSTED_PRIMALITY_UNASSIGNED,FIRST_SINGULARITY_SHELL_EXHAUSTED_PRIMALITY_UNASSIGNED,514,9595,9595,NO_RECORDED_FACTOR_PRP_OR_LL_RESULT_AND_NO_ACTIVE_GIMPS_ASSIGNMENT,2026-08-06T12:58:23+00:00,UNALLOCATED,,,,,
SLCMP47-1880,1880,3007,154165447,2^154165447-1,STRUCTURAL_SCREEN_EXHAUSTED_PRIMALITY_UNASSIGNED,FIRST_SINGULARITY_SHELL_EXHAUSTED_PRIMALITY_UNASSIGNED,514,9595,9595,NO_RECORDED_FACTOR_PRP_OR_LL_RESULT_AND_NO_ACTIVE_GIMPS_ASSIGNMENT,2026-08-06T12:58:23+00:00,UNALLOCATED,,,,,
SLCMP47-1881,1881,3008,154165519,2^154165519-1,STRUCTURAL_SCREEN_EXHAUSTED_PRIMALITY_UNASSIGNED,FIRST_SINGULARITY_SHELL_EXHAUSTED_PRIMALITY_UNASSIGNED,514,9595,9595,NO_RECORDED_FACTOR_PRP_OR_LL_RESULT_AND_NO_ACTIVE_GIMPS_ASSIGNMENT,2026-08-06T12:58:23+00:00,UNALLOCATED,,,,,
SLCMP47-1882,1882,3009,154165523,2^154165523-1,STRUCTURAL_SCREEN_EXHAUSTED_PRIMALITY_UNASSIGNED,FIRST_SINGULARITY_SHELL_EXHAUSTED_PRIMALITY_UNASSIGNED,514,9595,9595,NO_RECORDED_FACTOR_PRP_OR_LL_RESULT_AND_NO_ACTIVE_GIMPS_ASSIGNMENT,2026-08-06T12:58:23+00:00,UNALLOCATED,,,,,
SLCMP47-1883,1883,3010,154165633,2^154165633-1,STRUCTURAL_SCREEN_EXHAUSTED_PRIMALITY_UNASSIGNED,FIRST_SINGULARITY_SHELL_EXHAUSTED_PRIMALITY_UNASSIGNED,513,9595,9595,NO_RECORDED_FACTOR_PRP_OR_LL_RESULT_AND_NO_ACTIVE_GIMPS_ASSIGNMENT,2026-08-06T12:58:23+00:00,UNALLOCATED,,,,,
SLCMP47-1884,1884,3011,154165651,2^154165651-1,STRUCTURAL_SCREEN_EXHAUSTED_PRIMALITY_UNASSIGNED,FIRST_SINGULARITY_SHELL_EXHAUSTED_PRIMALITY_UNASSIGNED,514,9595,9595,NO_RECORDED_FACTOR_PRP_OR_LL_RESULT_AND_NO_ACTIVE_GIMPS_ASSIGNMENT,2026-08-06T12:58:23+00:00,UNALLOCATED,,,,,
SLCMP47-1885,1885,3012,154165721,2^154165721-1,STRUCTURAL_SCREEN_EXHAUSTED_PRIMALITY_UNASSIGNED,FIRST_SINGULARITY_SHELL_EXHAUSTED_PRIMALITY_UNASSIGNED,513,9595,9595,NO_RECORDED_FACTOR_PRP_OR_LL_RESULT_AND_NO_ACTIVE_GIMPS_ASSIGNMENT,2026-08-06T12:58:23+00:00,UNALLOCATED,,,,,
SLCMP47-1886,1886,3013,154165723,2^154165723-1,STRUCTURAL_SCREEN_EXHAUSTED_PRIMALITY_UNASSIGNED,FIRST_SINGULARITY_SHELL_EXHAUSTED_PRIMALITY_UNASSIGNED,514,9595,9595,NO_RECORDED_FACTOR_PRP_OR_LL_RESULT_AND_NO_ACTIVE_GIMPS_ASSIGNMENT,2026-08-06T12:58:23+00:00,UNALLOCATED,,,,,
SLCMP47-1887,1887,3014,154165747,2^154165747-1,STRUCTURAL_SCREEN_EXHAUSTED_PRIMALITY_UNASSIGNED,FIRST_SINGULARITY_SHELL_EXHAUSTED_PRIMALITY_UNASSIGNED,514,9595,9595,NO_RECORDED_FACTOR_PRP_OR_LL_RESULT_AND_NO_ACTIVE_GIMPS_ASSIGNMENT,2026-08-06T12:58:23+00:00,UNALLOCATED,,,,,
SLCMP47-1888,1888,3015,154165789,2^154165789-1,STRUCTURAL_SCREEN_EXHAUSTED_PRIMALITY_UNASSIGNED,FIRST_SINGULARITY_SHELL_EXHAUSTED_PRIMALITY_UNASSIGNED,513,9595,9595,NO_RECORDED_FACTOR_PRP_OR_LL_RESULT_AND_NO_ACTIVE_GIMPS_ASSIGNMENT,2026-08-06T12:58:23+00:00,UNALLOCATED,,,,,
SLCMP47-1889,1889,3016,154165811,2^154165811-1,STRUCTURAL_SCREEN_EXHAUSTED_PRIMALITY_UNASSIGNED,FIRST_SINGULARITY_SHELL_EXHAUSTED_PRIMALITY_UNASSIGNED,514,9595,9595,NO_RECORDED_FACTOR_PRP_OR_LL_RESULT_AND_NO_ACTIVE_GIMPS_ASSIGNMENT,2026-08-06T12:58:23+00:00,UNALLOCATED,,,,,
SLCMP47-1890,1890,3017,154165919,2^154165919-1,STRUCTURAL_SCREEN_EXHAUSTED_PRIMALITY_UNASSIGNED,FIRST_SINGULARITY_SHELL_EXHAUSTED_PRIMALITY_UNASSIGNED,514,9595,9595,NO_RECORDED_FACTOR_PRP_OR_LL_RESULT_AND_NO_ACTIVE_GIMPS_ASSIGNMENT,2026-08-06T12:58:23+00:00,UNALLOCATED,,,,,
SLCMP47-1891,1891,3018,154165951,2^154165951-1,STRUCTURAL_SCREEN_EXHAUSTED_PRIMALITY_UNASSIGNED,FIRST_SINGULARITY_SHELL_EXHAUSTED_PRIMALITY_UNASSIGNED,514,9595,9595,NO_RECORDED_FACTOR_PRP_OR_LL_RESULT_AND_NO_ACTIVE_GIMPS_ASSIGNMENT,2026-08-06T12:58:23+00:00,UNALLOCATED,,,,,
SLCMP47-1892,1892,3019,154166021,2^154166021-1,STRUCTURAL_SCREEN_EXHAUSTED_PRIMALITY_UNASSIGNED,FIRST_SINGULARITY_SHELL_EXHAUSTED_PRIMALITY_UNASSIGNED,513,9595,9595,NO_RECORDED_FACTOR_PRP_OR_LL_RESULT_AND_NO_ACTIVE_GIMPS_ASSIGNMENT,2026-08-06T12:58:23+00:00,UNALLOCATED,,,,,
SLCMP47-1893,1893,3020,154166053,2^154166053-1,STRUCTURAL_SCREEN_EXHAUSTED_PRIMALITY_UNASSIGNED,FIRST_SINGULARITY_SHELL_EXHAUSTED_PRIMALITY_UNASSIGNED,513,9595,9595,NO_RECORDED_FACTOR_PRP_OR_LL_RESULT_AND_NO_ACTIVE_GIMPS_ASSIGNMENT,2026-08-06T12:58:23+00:00,UNALLOCATED,,,,,
SLCMP47-1894,1894,3021,154166083,2^154166083-1,STRUCTURAL_SCREEN_EXHAUSTED_PRIMALITY_UNASSIGNED,FIRST_SINGULARITY_SHELL_EXHAUSTED_PRIMALITY_UNASSIGNED,514,9595,9595,NO_RECORDED_FACTOR_PRP_OR_LL_RESULT_AND_NO_ACTIVE_GIMPS_ASSIGNMENT,2026-08-06T12:58:23+00:00,UNALLOCATED,,,,,
SLCMP47-1895,1895,3022,154166147,2^154166147-1,STRUCTURAL_SCREEN_EXHAUSTED_PRIMALITY_UNASSIGNED,FIRST_SINGULARITY_SHELL_EXHAUSTED_PRIMALITY_UNASSIGNED,514,9595,9595,NO_RECORDED_FACTOR_PRP_OR_LL_RESULT_AND_NO_ACTIVE_GIMPS_ASSIGNMENT,2026-08-06T12:58:23+00:00,UNALLOCATED,,,,,
SLCMP47-1896,1896,3023,154166203,2^154166203-1,STRUCTURAL_SCREEN_EXHAUSTED_PRIMALITY_UNASSIGNED,FIRST_SINGULARITY_SHELL_EXHAUSTED_PRIMALITY_UNASSIGNED,514,9595,9595,NO_RECORDED_FACTOR_PRP_OR_LL_RESULT_AND_NO_ACTIVE_GIMPS_ASSIGNMENT,2026-08-06T12:58:23+00:00,UNALLOCATED,,,,,
SLCMP47-1897,1897,3024,154166219,2^154166219-1,STRUCTURAL_SCREEN_EXHAUSTED_PRIMALITY_UNASSIGNED,FIRST_SINGULARITY_SHELL_EXHAUSTED_PRIMALITY_UNASSIGNED,514,9595,9595,NO_RECORDED_FACTOR_PRP_OR_LL_RESULT_AND_NO_ACTIVE_GIMPS_ASSIGNMENT,2026-08-06T12:58:23+00:00,UNALLOCATED,,,,,
SLCMP47-1898,1898,3025,154166249,2^154166249-1,STRUCTURAL_SCREEN_EXHAUSTED_PRIMALITY_UNASSIGNED,FIRST_SINGULARITY_SHELL_EXHAUSTED_PRIMALITY_UNASSIGNED,513,9595,9595,NO_RECORDED_FACTOR_PRP_OR_LL_RESULT_AND_NO_ACTIVE_GIMPS_ASSIGNMENT,2026-08-06T12:58:23+00:00,UNALLOCATED,,,,,
SLCMP47-1899,1899,3026,154166329,2^154166329-1,STRUCTURAL_SCREEN_EXHAUSTED_PRIMALITY_UNASSIGNED,FIRST_SINGULARITY_SHELL_EXHAUSTED_PRIMALITY_UNASSIGNED,513,9595,9595,NO_RECORDED_FACTOR_PRP_OR_LL_RESULT_AND_NO_ACTIVE_GIMPS_ASSIGNMENT,2026-08-06T12:58:23+00:00,UNALLOCATED,,,,,
SLCMP47-1900,1900,3027,154166449,2^154166449-1,STRUCTURAL_SCREEN_EXHAUSTED_PRIMALITY_UNASSIGNED,FIRST_SINGULARITY_SHELL_EXHAUSTED_PRIMALITY_UNASSIGNED,513,9595,9595,NO_RECORDED_FACTOR_PRP_OR_LL_RESULT_AND_NO_ACTIVE_GIMPS_ASSIGNMENT,2026-08-06T12:58:23+00:00,UNALLOCATED,,,,,
SLCMP47-1901,1901,3028,154166473,2^154166473-1,STRUCTURAL_SCREEN_EXHAUSTED_PRIMALITY_UNASSIGNED,FIRST_SINGULARITY_SHELL_EXHAUSTED_PRIMALITY_UNASSIGNED,513,9595,9595,NO_RECORDED_FACTOR_PRP_OR_LL_RESULT_AND_NO_ACTIVE_GIMPS_ASSIGNMENT,2026-08-06T12:58:23+00:00,UNALLOCATED,,,,,
SLCMP47-1902,1902,3029,154166491,2^154166491-1,STRUCTURAL_SCREEN_EXHAUSTED_PRIMALITY_UNASSIGNED,FIRST_SINGULARITY_SHELL_EXHAUSTED_PRIMALITY_UNASSIGNED,514,9595,9595,NO_RECORDED_FACTOR_PRP_OR_LL_RESULT_AND_NO_ACTIVE_GIMPS_ASSIGNMENT,2026-08-06T12:58:23+00:00,UNALLOCATED,,,,,
SLCMP47-1903,1903,3030,154166543,2^154166543-1,STRUCTURAL_SCREEN_EXHAUSTED_PRIMALITY_UNASSIGNED,FIRST_SINGULARITY_SHELL_EXHAUSTED_PRIMALITY_UNASSIGNED,514,9595,9595,NO_RECORDED_FACTOR_PRP_OR_LL_RESULT_AND_NO_ACTIVE_GIMPS_ASSIGNMENT,2026-08-06T12:58:23+00:00,UNALLOCATED,,,,,
SLCMP47-1904,1904,3031,154166561,2^154166561-1,STRUCTURAL_SCREEN_EXHAUSTED_PRIMALITY_UNASSIGNED,FIRST_SINGULARITY_SHELL_EXHAUSTED_PRIMALITY_UNASSIGNED,513,9595,9595,NO_RECORDED_FACTOR_PRP_OR_LL_RESULT_AND_NO_ACTIVE_GIMPS_ASSIGNMENT,2026-08-06T12:58:23+00:00,UNALLOCATED,,,,,
SLCMP47-1905,1905,3032,154166599,2^154166599-1,STRUCTURAL_SCREEN_EXHAUSTED_PRIMALITY_UNASSIGNED,FIRST_SINGULARITY_SHELL_EXHAUSTED_PRIMALITY_UNASSIGNED,514,9595,9595,NO_RECORDED_FACTOR_PRP_OR_LL_RESULT_AND_NO_ACTIVE_GIMPS_ASSIGNMENT,2026-08-06T12:58:23+00:00,UNALLOCATED,,,,,
SLCMP47-1906,1906,3033,154166651,2^154166651-1,STRUCTURAL_SCREEN_EXHAUSTED_PRIMALITY_UNASSIGNED,FIRST_SINGULARITY_SHELL_EXHAUSTED_PRIMALITY_UNASSIGNED,514,9595,9595,NO_RECORDED_FACTOR_PRP_OR_LL_RESULT_AND_NO_ACTIVE_GIMPS_ASSIGNMENT,2026-08-06T12:58:23+00:00,UNALLOCATED,,,,,
SLCMP47-1907,1907,3034,154166681,2^154166681-1,STRUCTURAL_SCREEN_EXHAUSTED_PRIMALITY_UNASSIGNED,FIRST_SINGULARITY_SHELL_EXHAUSTED_PRIMALITY_UNASSIGNED,513,9595,9595,NO_RECORDED_FACTOR_PRP_OR_LL_RESULT_AND_NO_ACTIVE_GIMPS_ASSIGNMENT,2026-08-06T12:58:23+00:00,UNALLOCATED,,,,,
SLCMP47-1908,1908,3035,154166819,2^154166819-1,STRUCTURAL_SCREEN_EXHAUSTED_PRIMALITY_UNASSIGNED,FIRST_SINGULARITY_SHELL_EXHAUSTED_PRIMALITY_UNASSIGNED,514,9595,9595,NO_RECORDED_FACTOR_PRP_OR_LL_RESULT_AND_NO_ACTIVE_GIMPS_ASSIGNMENT,2026-08-06T12:58:23+00:00,UNALLOCATED,,,,,
SLCMP47-1909,1909,3036,154166833,2^154166833-1,STRUCTURAL_SCREEN_EXHAUSTED_PRIMALITY_UNASSIGNED,FIRST_SINGULARITY_SHELL_EXHAUSTED_PRIMALITY_UNASSIGNED,513,9595,9595,NO_RECORDED_FACTOR_PRP_OR_LL_RESULT_AND_NO_ACTIVE_GIMPS_ASSIGNMENT,2026-08-06T12:58:23+00:00,UNALLOCATED,,,,,
SLCMP47-1910,1910,3037,154167019,2^154167019-1,STRUCTURAL_SCREEN_EXHAUSTED_PRIMALITY_UNASSIGNED,FIRST_SINGULARITY_SHELL_EXHAUSTED_PRIMALITY_UNASSIGNED,514,9595,9595,NO_RECORDED_FACTOR_PRP_OR_LL_RESULT_AND_NO_ACTIVE_GIMPS_ASSIGNMENT,2026-08-06T12:58:23+00:00,UNALLOCATED,,,,,
SLCMP47-1911,1911,3038,154167029,2^154167029-1,STRUCTURAL_SCREEN_EXHAUSTED_PRIMALITY_UNASSIGNED,FIRST_SINGULARITY_SHELL_EXHAUSTED_PRIMALITY_UNASSIGNED,513,9595,9595,NO_RECORDED_FACTOR_PRP_OR_LL_RESULT_AND_NO_ACTIVE_GIMPS_ASSIGNMENT,2026-08-06T12:58:23+00:00,UNALLOCATED,,,,,
SLCMP47-1912,1912,3039,154167037,2^154167037-1,STRUCTURAL_SCREEN_EXHAUSTED_PRIMALITY_UNASSIGNED,FIRST_SINGULARITY_SHELL_EXHAUSTED_PRIMALITY_UNASSIGNED,513,9595,9595,NO_RECORDED_FACTOR_PRP_OR_LL_RESULT_AND_NO_ACTIVE_GIMPS_ASSIGNMENT,2026-08-06T12:58:23+00:00,UNALLOCATED,,,,,
SLCMP47-1913,1913,3040,154167073,2^154167073-1,STRUCTURAL_SCREEN_EXHAUSTED_PRIMALITY_UNASSIGNED,FIRST_SINGULARITY_SHELL_EXHAUSTED_PRIMALITY_UNASSIGNED,513,9595,9595,NO_RECORDED_FACTOR_PRP_OR_LL_RESULT_AND_NO_ACTIVE_GIMPS_ASSIGNMENT,2026-08-06T12:58:23+00:00,UNALLOCATED,,,,,
SLCMP47-1914,1914,3041,154167077,2^154167077-1,STRUCTURAL_SCREEN_EXHAUSTED_PRIMALITY_UNASSIGNED,FIRST_SINGULARITY_SHELL_EXHAUSTED_PRIMALITY_UNASSIGNED,513,9595,9595,NO_RECORDED_FACTOR_PRP_OR_LL_RESULT_AND_NO_ACTIVE_GIMPS_ASSIGNMENT,2026-08-06T12:58:23+00:00,UNALLOCATED,,,,,
SLCMP47-1915,1915,3042,154167113,2^154167113-1,STRUCTURAL_SCREEN_EXHAUSTED_PRIMALITY_UNASSIGNED,FIRST_SINGULARITY_SHELL_EXHAUSTED_PRIMALITY_UNASSIGNED,513,9595,9595,NO_RECORDED_FACTOR_PRP_OR_LL_RESULT_AND_NO_ACTIVE_GIMPS_ASSIGNMENT,2026-08-06T12:58:23+00:00,UNALLOCATED,,,,,
SLCMP47-1916,1916,3043,154167179,2^154167179-1,STRUCTURAL_SCREEN_EXHAUSTED_PRIMALITY_UNASSIGNED,FIRST_SINGULARITY_SHELL_EXHAUSTED_PRIMALITY_UNASSIGNED,514,9595,9595,NO_RECORDED_FACTOR_PRP_OR_LL_RESULT_AND_NO_ACTIVE_GIMPS_ASSIGNMENT,2026-08-06T12:58:23+00:00,UNALLOCATED,,,,,
SLCMP47-1917,1917,3044,154167269,2^154167269-1,STRUCTURAL_SCREEN_EXHAUSTED_PRIMALITY_UNASSIGNED,FIRST_SINGULARITY_SHELL_EXHAUSTED_PRIMALITY_UNASSIGNED,513,9595,9595,NO_RECORDED_FACTOR_PRP_OR_LL_RESULT_AND_NO_ACTIVE_GIMPS_ASSIGNMENT,2026-08-06T12:58:23+00:00,UNALLOCATED,,,,,
SLCMP47-1918,1918,3045,154167281,2^154167281-1,STRUCTURAL_SCREEN_EXHAUSTED_PRIMALITY_UNASSIGNED,FIRST_SINGULARITY_SHELL_EXHAUSTED_PRIMALITY_UNASSIGNED,513,9595,9595,NO_RECORDED_FACTOR_PRP_OR_LL_RESULT_AND_NO_ACTIVE_GIMPS_ASSIGNMENT,2026-08-06T12:58:23+00:00,UNALLOCATED,,,,,
SLCMP47-1919,1919,3046,154167283,2^154167283-1,STRUCTURAL_SCREEN_EXHAUSTED_PRIMALITY_UNASSIGNED,FIRST_SINGULARITY_SHELL_EXHAUSTED_PRIMALITY_UNASSIGNED,514,9595,9595,NO_RECORDED_FACTOR_PRP_OR_LL_RESULT_AND_NO_ACTIVE_GIMPS_ASSIGNMENT,2026-08-06T12:58:23+00:00,UNALLOCATED,,,,,
SLCMP47-1920,1920,3047,154167287,2^154167287-1,STRUCTURAL_SCREEN_EXHAUSTED_PRIMALITY_UNASSIGNED,FIRST_SINGULARITY_SHELL_EXHAUSTED_PRIMALITY_UNASSIGNED,514,9595,9595,NO_RECORDED_FACTOR_PRP_OR_LL_RESULT_AND_NO_ACTIVE_GIMPS_ASSIGNMENT,2026-08-06T12:58:23+00:00,UNALLOCATED,,,,,
SLCMP47-1921,1921,3048,154167467,2^154167467-1,STRUCTURAL_SCREEN_EXHAUSTED_PRIMALITY_UNASSIGNED,FIRST_SINGULARITY_SHELL_EXHAUSTED_PRIMALITY_UNASSIGNED,514,9595,9595,NO_RECORDED_FACTOR_PRP_OR_LL_RESULT_AND_NO_ACTIVE_GIMPS_ASSIGNMENT,2026-08-06T12:58:23+00:00,UNALLOCATED,,,,,
SLCMP47-1922,1922,3049,154167487,2^154167487-1,STRUCTURAL_SCREEN_EXHAUSTED_PRIMALITY_UNASSIGNED,FIRST_SINGULARITY_SHELL_EXHAUSTED_PRIMALITY_UNASSIGNED,514,9595,9595,NO_RECORDED_FACTOR_PRP_OR_LL_RESULT_AND_NO_ACTIVE_GIMPS_ASSIGNMENT,2026-08-06T12:58:23+00:00,UNALLOCATED,,,,,
SLCMP47-1923,1923,3050,154167499,2^154167499-1,STRUCTURAL_SCREEN_EXHAUSTED_PRIMALITY_UNASSIGNED,FIRST_SINGULARITY_SHELL_EXHAUSTED_PRIMALITY_UNASSIGNED,514,9595,9595,NO_RECORDED_FACTOR_PRP_OR_LL_RESULT_AND_NO_ACTIVE_GIMPS_ASSIGNMENT,2026-08-06T12:58:23+00:00,UNALLOCATED,,,,,
SLCMP47-1924,1924,3051,154167613,2^154167613-1,STRUCTURAL_SCREEN_EXHAUSTED_PRIMALITY_UNASSIGNED,FIRST_SINGULARITY_SHELL_EXHAUSTED_PRIMALITY_UNASSIGNED,513,9595,9595,NO_RECORDED_FACTOR_PRP_OR_LL_RESULT_AND_NO_ACTIVE_GIMPS_ASSIGNMENT,2026-08-06T12:58:23+00:00,UNALLOCATED,,,,,
SLCMP47-1925,1925,3052,154167623,2^154167623-1,STRUCTURAL_SCREEN_EXHAUSTED_PRIMALITY_UNASSIGNED,FIRST_SINGULARITY_SHELL_EXHAUSTED_PRIMALITY_UNASSIGNED,514,9595,9595,NO_RECORDED_FACTOR_PRP_OR_LL_RESULT_AND_NO_ACTIVE_GIMPS_ASSIGNMENT,2026-08-06T12:58:23+00:00,UNALLOCATED,,,,,
SLCMP47-1926,1926,3053,154167719,2^154167719-1,STRUCTURAL_SCREEN_EXHAUSTED_PRIMALITY_UNASSIGNED,FIRST_SINGULARITY_SHELL_EXHAUSTED_PRIMALITY_UNASSIGNED,514,9595,9595,NO_RECORDED_FACTOR_PRP_OR_LL_RESULT_AND_NO_ACTIVE_GIMPS_ASSIGNMENT,2026-08-06T12:58:23+00:00,UNALLOCATED,,,,,
SLCMP47-1927,1927,3054,154167787,2^154167787-1,STRUCTURAL_SCREEN_EXHAUSTED_PRIMALITY_UNASSIGNED,FIRST_SINGULARITY_SHELL_EXHAUSTED_PRIMALITY_UNASSIGNED,514,9595,9595,NO_RECORDED_FACTOR_PRP_OR_LL_RESULT_AND_NO_ACTIVE_GIMPS_ASSIGNMENT,2026-08-06T12:58:23+00:00,UNALLOCATED,,,,,
SLCMP47-1928,1928,3055,154167899,2^154167899-1,STRUCTURAL_SCREEN_EXHAUSTED_PRIMALITY_UNASSIGNED,FIRST_SINGULARITY_SHELL_EXHAUSTED_PRIMALITY_UNASSIGNED,514,9595,9595,NO_RECORDED_FACTOR_PRP_OR_LL_RESULT_AND_NO_ACTIVE_GIMPS_ASSIGNMENT,2026-08-06T12:58:23+00:00,UNALLOCATED,,,,,
SLCMP47-1929,1929,3056,154167971,2^154167971-1,STRUCTURAL_SCREEN_EXHAUSTED_PRIMALITY_UNASSIGNED,FIRST_SINGULARITY_SHELL_EXHAUSTED_PRIMALITY_UNASSIGNED,514,9595,9595,NO_RECORDED_FACTOR_PRP_OR_LL_RESULT_AND_NO_ACTIVE_GIMPS_ASSIGNMENT,2026-08-06T12:58:23+00:00,UNALLOCATED,,,,,
SLCMP47-1930,1930,3057,154167989,2^154167989-1,STRUCTURAL_SCREEN_EXHAUSTED_PRIMALITY_UNASSIGNED,FIRST_SINGULARITY_SHELL_EXHAUSTED_PRIMALITY_UNASSIGNED,513,9595,9595,NO_RECORDED_FACTOR_PRP_OR_LL_RESULT_AND_NO_ACTIVE_GIMPS_ASSIGNMENT,2026-08-06T12:58:23+00:00,UNALLOCATED,,,,,
SLCMP47-1931,1931,3058,154168039,2^154168039-1,STRUCTURAL_SCREEN_EXHAUSTED_PRIMALITY_UNASSIGNED,FIRST_SINGULARITY_SHELL_EXHAUSTED_PRIMALITY_UNASSIGNED,514,9595,9595,NO_RECORDED_FACTOR_PRP_OR_LL_RESULT_AND_NO_ACTIVE_GIMPS_ASSIGNMENT,2026-08-06T12:58:23+00:00,UNALLOCATED,,,,,
SLCMP47-1932,1932,3059,154168073,2^154168073-1,STRUCTURAL_SCREEN_EXHAUSTED_PRIMALITY_UNASSIGNED,FIRST_SINGULARITY_SHELL_EXHAUSTED_PRIMALITY_UNASSIGNED,513,9595,9595,NO_RECORDED_FACTOR_PRP_OR_LL_RESULT_AND_NO_ACTIVE_GIMPS_ASSIGNMENT,2026-08-06T12:58:23+00:00,UNALLOCATED,,,,,
SLCMP47-1933,1933,3060,154168093,2^154168093-1,STRUCTURAL_SCREEN_EXHAUSTED_PRIMALITY_UNASSIGNED,FIRST_SINGULARITY_SHELL_EXHAUSTED_PRIMALITY_UNASSIGNED,513,9595,9595,NO_RECORDED_FACTOR_PRP_OR_LL_RESULT_AND_NO_ACTIVE_GIMPS_ASSIGNMENT,2026-08-06T12:58:23+00:00,UNALLOCATED,,,,,
SLCMP47-1934,1934,3061,154168099,2^154168099-1,STRUCTURAL_SCREEN_EXHAUSTED_PRIMALITY_UNASSIGNED,FIRST_SINGULARITY_SHELL_EXHAUSTED_PRIMALITY_UNASSIGNED,514,9595,9595,NO_RECORDED_FACTOR_PRP_OR_LL_RESULT_AND_NO_ACTIVE_GIMPS_ASSIGNMENT,2026-08-06T12:58:23+00:00,UNALLOCATED,,,,,
SLCMP47-1935,1935,3062,154168187,2^154168187-1,STRUCTURAL_SCREEN_EXHAUSTED_PRIMALITY_UNASSIGNED,FIRST_SINGULARITY_SHELL_EXHAUSTED_PRIMALITY_UNASSIGNED,514,9595,9595,NO_RECORDED_FACTOR_PRP_OR_LL_RESULT_AND_NO_ACTIVE_GIMPS_ASSIGNMENT,2026-08-06T12:58:23+00:00,UNALLOCATED,,,,,
SLCMP47-1936,1936,3063,154168303,2^154168303-1,STRUCTURAL_SCREEN_EXHAUSTED_PRIMALITY_UNASSIGNED,FIRST_SINGULARITY_SHELL_EXHAUSTED_PRIMALITY_UNASSIGNED,514,9595,9595,NO_RECORDED_FACTOR_PRP_OR_LL_RESULT_AND_NO_ACTIVE_GIMPS_ASSIGNMENT,2026-08-06T12:58:23+00:00,UNALLOCATED,,,,,
SLCMP47-1937,1937,3064,154168367,2^154168367-1,STRUCTURAL_SCREEN_EXHAUSTED_PRIMALITY_UNASSIGNED,FIRST_SINGULARITY_SHELL_EXHAUSTED_PRIMALITY_UNASSIGNED,514,9595,9595,NO_RECORDED_FACTOR_PRP_OR_LL_RESULT_AND_NO_ACTIVE_GIMPS_ASSIGNMENT,2026-08-06T12:58:23+00:00,UNALLOCATED,,,,,
SLCMP47-1938,1938,3065,154168387,2^154168387-1,STRUCTURAL_SCREEN_EXHAUSTED_PRIMALITY_UNASSIGNED,FIRST_SINGULARITY_SHELL_EXHAUSTED_PRIMALITY_UNASSIGNED,514,9595,9595,NO_RECORDED_FACTOR_PRP_OR_LL_RESULT_AND_NO_ACTIVE_GIMPS_ASSIGNMENT,2026-08-06T12:58:23+00:00,UNALLOCATED,,,,,
SLCMP47-1939,1939,3066,154168397,2^154168397-1,STRUCTURAL_SCREEN_EXHAUSTED_PRIMALITY_UNASSIGNED,FIRST_SINGULARITY_SHELL_EXHAUSTED_PRIMALITY_UNASSIGNED,513,9595,9595,NO_RECORDED_FACTOR_PRP_OR_LL_RESULT_AND_NO_ACTIVE_GIMPS_ASSIGNMENT,2026-08-06T12:58:23+00:00,UNALLOCATED,,,,,
SLCMP47-1940,1940,3067,154168591,2^154168591-1,STRUCTURAL_SCREEN_EXHAUSTED_PRIMALITY_UNASSIGNED,FIRST_SINGULARITY_SHELL_EXHAUSTED_PRIMALITY_UNASSIGNED,514,9595,9595,NO_RECORDED_FACTOR_PRP_OR_LL_RESULT_AND_NO_ACTIVE_GIMPS_ASSIGNMENT,2026-08-06T12:58:23+00:00,UNALLOCATED,,,,,
SLCMP47-1941,1941,3068,154168709,2^154168709-1,STRUCTURAL_SCREEN_EXHAUSTED_PRIMALITY_UNASSIGNED,FIRST_SINGULARITY_SHELL_EXHAUSTED_PRIMALITY_UNASSIGNED,513,9595,9595,NO_RECORDED_FACTOR_PRP_OR_LL_RESULT_AND_NO_ACTIVE_GIMPS_ASSIGNMENT,2026-08-06T12:58:23+00:00,UNALLOCATED,,,,,
SLCMP47-1942,1942,3069,154168753,2^154168753-1,STRUCTURAL_SCREEN_EXHAUSTED_PRIMALITY_UNASSIGNED,FIRST_SINGULARITY_SHELL_EXHAUSTED_PRIMALITY_UNASSIGNED,513,9595,9595,NO_RECORDED_FACTOR_PRP_OR_LL_RESULT_AND_NO_ACTIVE_GIMPS_ASSIGNMENT,2026-08-06T12:58:23+00:00,UNALLOCATED,,,,,
SLCMP47-1943,1943,3070,154168757,2^154168757-1,STRUCTURAL_SCREEN_EXHAUSTED_PRIMALITY_UNASSIGNED,FIRST_SINGULARITY_SHELL_EXHAUSTED_PRIMALITY_UNASSIGNED,513,9595,9595,NO_RECORDED_FACTOR_PRP_OR_LL_RESULT_AND_NO_ACTIVE_GIMPS_ASSIGNMENT,2026-08-06T12:58:23+00:00,UNALLOCATED,,,,,
SLCMP47-1944,1944,3071,154168769,2^154168769-1,STRUCTURAL_SCREEN_EXHAUSTED_PRIMALITY_UNASSIGNED,FIRST_SINGULARITY_SHELL_EXHAUSTED_PRIMALITY_UNASSIGNED,513,9595,9595,NO_RECORDED_FACTOR_PRP_OR_LL_RESULT_AND_NO_ACTIVE_GIMPS_ASSIGNMENT,2026-08-06T12:58:23+00:00,UNALLOCATED,,,,,
SLCMP47-1945,1945,3072,154168787,2^154168787-1,STRUCTURAL_SCREEN_EXHAUSTED_PRIMALITY_UNASSIGNED,FIRST_SINGULARITY_SHELL_EXHAUSTED_PRIMALITY_UNASSIGNED,514,9595,9595,NO_RECORDED_FACTOR_PRP_OR_LL_RESULT_AND_NO_ACTIVE_GIMPS_ASSIGNMENT,2026-08-06T12:58:23+00:00,UNALLOCATED,,,,,
SLCMP47-1946,1946,3073,154168811,2^154168811-1,STRUCTURAL_SCREEN_EXHAUSTED_PRIMALITY_UNASSIGNED,FIRST_SINGULARITY_SHELL_EXHAUSTED_PRIMALITY_UNASSIGNED,514,9595,9595,NO_RECORDED_FACTOR_PRP_OR_LL_RESULT_AND_NO_ACTIVE_GIMPS_ASSIGNMENT,2026-08-06T12:58:23+00:00,UNALLOCATED,,,,,
SLCMP47-1947,1947,3074,154168813,2^154168813-1,STRUCTURAL_SCREEN_EXHAUSTED_PRIMALITY_UNASSIGNED,FIRST_SINGULARITY_SHELL_EXHAUSTED_PRIMALITY_UNASSIGNED,513,9595,9595,NO_RECORDED_FACTOR_PRP_OR_LL_RESULT_AND_NO_ACTIVE_GIMPS_ASSIGNMENT,2026-08-06T12:58:23+00:00,UNALLOCATED,,,,,
SLCMP47-1948,1948,3075,154168853,2^154168853-1,STRUCTURAL_SCREEN_EXHAUSTED_PRIMALITY_UNASSIGNED,FIRST_SINGULARITY_SHELL_EXHAUSTED_PRIMALITY_UNASSIGNED,513,9595,9595,NO_RECORDED_FACTOR_PRP_OR_LL_RESULT_AND_NO_ACTIVE_GIMPS_ASSIGNMENT,2026-08-06T12:58:23+00:00,UNALLOCATED,,,,,
SLCMP47-1949,1949,3076,154168913,2^154168913-1,STRUCTURAL_SCREEN_EXHAUSTED_PRIMALITY_UNASSIGNED,FIRST_SINGULARITY_SHELL_EXHAUSTED_PRIMALITY_UNASSIGNED,513,9595,9595,NO_RECORDED_FACTOR_PRP_OR_LL_RESULT_AND_NO_ACTIVE_GIMPS_ASSIGNMENT,2026-08-06T12:58:23+00:00,UNALLOCATED,,,,,
SLCMP47-1950,1950,3077,154168933,2^154168933-1,STRUCTURAL_SCREEN_EXHAUSTED_PRIMALITY_UNASSIGNED,FIRST_SINGULARITY_SHELL_EXHAUSTED_PRIMALITY_UNASSIGNED,513,9595,9595,NO_RECORDED_FACTOR_PRP_OR_LL_RESULT_AND_NO_ACTIVE_GIMPS_ASSIGNMENT,2026-08-06T12:58:23+00:00,UNALLOCATED,,,,,
SLCMP47-1951,1951,3078,154169063,2^154169063-1,STRUCTURAL_SCREEN_EXHAUSTED_PRIMALITY_UNASSIGNED,FIRST_SINGULARITY_SHELL_EXHAUSTED_PRIMALITY_UNASSIGNED,514,9595,9595,NO_RECORDED_FACTOR_PRP_OR_LL_RESULT_AND_NO_ACTIVE_GIMPS_ASSIGNMENT,2026-08-06T12:58:23+00:00,UNALLOCATED,,,,,
SLCMP47-1952,1952,3079,154169179,2^154169179-1,STRUCTURAL_SCREEN_EXHAUSTED_PRIMALITY_UNASSIGNED,FIRST_SINGULARITY_SHELL_EXHAUSTED_PRIMALITY_UNASSIGNED,514,9595,9595,NO_RECORDED_FACTOR_PRP_OR_LL_RESULT_AND_NO_ACTIVE_GIMPS_ASSIGNMENT,2026-08-06T12:58:23+00:00,UNALLOCATED,,,,,
SLCMP47-1953,1953,3080,154169291,2^154169291-1,STRUCTURAL_SCREEN_EXHAUSTED_PRIMALITY_UNASSIGNED,FIRST_SINGULARITY_SHELL_EXHAUSTED_PRIMALITY_UNASSIGNED,514,9595,9595,NO_RECORDED_FACTOR_PRP_OR_LL_RESULT_AND_NO_ACTIVE_GIMPS_ASSIGNMENT,2026-08-06T12:58:23+00:00,UNALLOCATED,,,,,
SLCMP47-1954,1954,3081,154169333,2^154169333-1,STRUCTURAL_SCREEN_EXHAUSTED_PRIMALITY_UNASSIGNED,FIRST_SINGULARITY_SHELL_EXHAUSTED_PRIMALITY_UNASSIGNED,513,9595,9595,NO_RECORDED_FACTOR_PRP_OR_LL_RESULT_AND_NO_ACTIVE_GIMPS_ASSIGNMENT,2026-08-06T12:58:23+00:00,UNALLOCATED,,,,,
SLCMP47-1955,1955,3082,154169399,2^154169399-1,STRUCTURAL_SCREEN_EXHAUSTED_PRIMALITY_UNASSIGNED,FIRST_SINGULARITY_SHELL_EXHAUSTED_PRIMALITY_UNASSIGNED,514,9595,9595,NO_RECORDED_FACTOR_PRP_OR_LL_RESULT_AND_NO_ACTIVE_GIMPS_ASSIGNMENT,2026-08-06T12:58:23+00:00,UNALLOCATED,,,,,
SLCMP47-1956,1956,3083,154169459,2^154169459-1,STRUCTURAL_SCREEN_EXHAUSTED_PRIMALITY_UNASSIGNED,FIRST_SINGULARITY_SHELL_EXHAUSTED_PRIMALITY_UNASSIGNED,514,9595,9595,NO_RECORDED_FACTOR_PRP_OR_LL_RESULT_AND_NO_ACTIVE_GIMPS_ASSIGNMENT,2026-08-06T12:58:23+00:00,UNALLOCATED,,,,,
SLCMP47-1957,1957,3084,154169497,2^154169497-1,STRUCTURAL_SCREEN_EXHAUSTED_PRIMALITY_UNASSIGNED,FIRST_SINGULARITY_SHELL_EXHAUSTED_PRIMALITY_UNASSIGNED,513,9595,9595,NO_RECORDED_FACTOR_PRP_OR_LL_RESULT_AND_NO_ACTIVE_GIMPS_ASSIGNMENT,2026-08-06T12:58:23+00:00,UNALLOCATED,,,,,
SLCMP47-1958,1958,3085,154169551,2^154169551-1,STRUCTURAL_SCREEN_EXHAUSTED_PRIMALITY_UNASSIGNED,FIRST_SINGULARITY_SHELL_EXHAUSTED_PRIMALITY_UNASSIGNED,514,9595,9595,NO_RECORDED_FACTOR_PRP_OR_LL_RESULT_AND_NO_ACTIVE_GIMPS_ASSIGNMENT,2026-08-06T12:58:23+00:00,UNALLOCATED,,,,,
SLCMP47-1959,1959,3086,154169677,2^154169677-1,STRUCTURAL_SCREEN_EXHAUSTED_PRIMALITY_UNASSIGNED,FIRST_SINGULARITY_SHELL_EXHAUSTED_PRIMALITY_UNASSIGNED,513,9595,9595,NO_RECORDED_FACTOR_PRP_OR_LL_RESULT_AND_NO_ACTIVE_GIMPS_ASSIGNMENT,2026-08-06T12:58:23+00:00,UNALLOCATED,,,,,
SLCMP47-1960,1960,3087,154169689,2^154169689-1,STRUCTURAL_SCREEN_EXHAUSTED_PRIMALITY_UNASSIGNED,FIRST_SINGULARITY_SHELL_EXHAUSTED_PRIMALITY_UNASSIGNED,513,9595,9595,NO_RECORDED_FACTOR_PRP_OR_LL_RESULT_AND_NO_ACTIVE_GIMPS_ASSIGNMENT,2026-08-06T12:58:23+00:00,UNALLOCATED,,,,,
SLCMP47-1961,1961,3088,154169707,2^154169707-1,STRUCTURAL_SCREEN_EXHAUSTED_PRIMALITY_UNASSIGNED,FIRST_SINGULARITY_SHELL_EXHAUSTED_PRIMALITY_UNASSIGNED,514,9595,9595,NO_RECORDED_FACTOR_PRP_OR_LL_RESULT_AND_NO_ACTIVE_GIMPS_ASSIGNMENT,2026-08-06T12:58:23+00:00,UNALLOCATED,,,,,
SLCMP47-1962,1962,3089,154169783,2^154169783-1,STRUCTURAL_SCREEN_EXHAUSTED_PRIMALITY_UNASSIGNED,FIRST_SINGULARITY_SHELL_EXHAUSTED_PRIMALITY_UNASSIGNED,514,9595,9595,NO_RECORDED_FACTOR_PRP_OR_LL_RESULT_AND_NO_ACTIVE_GIMPS_ASSIGNMENT,2026-08-06T12:58:23+00:00,UNALLOCATED,,,,,
SLCMP47-1963,1963,3090,154169909,2^154169909-1,STRUCTURAL_SCREEN_EXHAUSTED_PRIMALITY_UNASSIGNED,FIRST_SINGULARITY_SHELL_EXHAUSTED_PRIMALITY_UNASSIGNED,513,9595,9595,NO_RECORDED_FACTOR_PRP_OR_LL_RESULT_AND_NO_ACTIVE_GIMPS_ASSIGNMENT,2026-08-06T12:58:23+00:00,UNALLOCATED,,,,,
SLCMP47-1964,1964,3091,154170239,2^154170239-1,STRUCTURAL_SCREEN_EXHAUSTED_PRIMALITY_UNASSIGNED,FIRST_SINGULARITY_SHELL_EXHAUSTED_PRIMALITY_UNASSIGNED,514,9595,9595,NO_RECORDED_FACTOR_PRP_OR_LL_RESULT_AND_NO_ACTIVE_GIMPS_ASSIGNMENT,2026-08-06T12:58:23+00:00,UNALLOCATED,,,,,
SLCMP47-1965,1965,3092,154170257,2^154170257-1,STRUCTURAL_SCREEN_EXHAUSTED_PRIMALITY_UNASSIGNED,FIRST_SINGULARITY_SHELL_EXHAUSTED_PRIMALITY_UNASSIGNED,513,9595,9595,NO_RECORDED_FACTOR_PRP_OR_LL_RESULT_AND_NO_ACTIVE_GIMPS_ASSIGNMENT,2026-08-06T12:58:23+00:00,UNALLOCATED,,,,,
SLCMP47-1966,1966,3093,154170277,2^154170277-1,STRUCTURAL_SCREEN_EXHAUSTED_PRIMALITY_UNASSIGNED,FIRST_SINGULARITY_SHELL_EXHAUSTED_PRIMALITY_UNASSIGNED,513,9595,9595,NO_RECORDED_FACTOR_PRP_OR_LL_RESULT_AND_NO_ACTIVE_GIMPS_ASSIGNMENT,2026-08-06T12:58:23+00:00,UNALLOCATED,,,,,
SLCMP47-1967,1967,3094,154170319,2^154170319-1,STRUCTURAL_SCREEN_EXHAUSTED_PRIMALITY_UNASSIGNED,FIRST_SINGULARITY_SHELL_EXHAUSTED_PRIMALITY_UNASSIGNED,514,9595,9595,NO_RECORDED_FACTOR_PRP_OR_LL_RESULT_AND_NO_ACTIVE_GIMPS_ASSIGNMENT,2026-08-06T12:58:23+00:00,UNALLOCATED,,,,,
SLCMP47-1968,1968,3095,154170349,2^154170349-1,STRUCTURAL_SCREEN_EXHAUSTED_PRIMALITY_UNASSIGNED,FIRST_SINGULARITY_SHELL_EXHAUSTED_PRIMALITY_UNASSIGNED,513,9595,9595,NO_RECORDED_FACTOR_PRP_OR_LL_RESULT_AND_NO_ACTIVE_GIMPS_ASSIGNMENT,2026-08-06T12:58:23+00:00,UNALLOCATED,,,,,
SLCMP47-1969,1969,3096,154170391,2^154170391-1,STRUCTURAL_SCREEN_EXHAUSTED_PRIMALITY_UNASSIGNED,FIRST_SINGULARITY_SHELL_EXHAUSTED_PRIMALITY_UNASSIGNED,514,9595,9595,NO_RECORDED_FACTOR_PRP_OR_LL_RESULT_AND_NO_ACTIVE_GIMPS_ASSIGNMENT,2026-08-06T12:58:23+00:00,UNALLOCATED,,,,,
SLCMP47-1970,1970,3097,154170473,2^154170473-1,STRUCTURAL_SCREEN_EXHAUSTED_PRIMALITY_UNASSIGNED,FIRST_SINGULARITY_SHELL_EXHAUSTED_PRIMALITY_UNASSIGNED,513,9595,9595,NO_RECORDED_FACTOR_PRP_OR_LL_RESULT_AND_NO_ACTIVE_GIMPS_ASSIGNMENT,2026-08-06T12:58:23+00:00,UNALLOCATED,,,,,
SLCMP47-1971,1971,3098,154170613,2^154170613-1,STRUCTURAL_SCREEN_EXHAUSTED_PRIMALITY_UNASSIGNED,FIRST_SINGULARITY_SHELL_EXHAUSTED_PRIMALITY_UNASSIGNED,513,9595,9595,NO_RECORDED_FACTOR_PRP_OR_LL_RESULT_AND_NO_ACTIVE_GIMPS_ASSIGNMENT,2026-08-06T12:58:23+00:00,UNALLOCATED,,,,,
SLCMP47-1972,1972,3099,154170647,2^154170647-1,STRUCTURAL_SCREEN_EXHAUSTED_PRIMALITY_UNASSIGNED,FIRST_SINGULARITY_SHELL_EXHAUSTED_PRIMALITY_UNASSIGNED,514,9595,9595,NO_RECORDED_FACTOR_PRP_OR_LL_RESULT_AND_NO_ACTIVE_GIMPS_ASSIGNMENT,2026-08-06T12:58:23+00:00,UNALLOCATED,,,,,
SLCMP47-1973,1973,3100,154170677,2^154170677-1,STRUCTURAL_SCREEN_EXHAUSTED_PRIMALITY_UNASSIGNED,FIRST_SINGULARITY_SHELL_EXHAUSTED_PRIMALITY_UNASSIGNED,513,9595,9595,NO_RECORDED_FACTOR_PRP_OR_LL_RESULT_AND_NO_ACTIVE_GIMPS_ASSIGNMENT,2026-08-06T12:58:23+00:00,UNALLOCATED,,,,,
SLCMP47-1974,1974,3101,154170767,2^154170767-1,STRUCTURAL_SCREEN_EXHAUSTED_PRIMALITY_UNASSIGNED,FIRST_SINGULARITY_SHELL_EXHAUSTED_PRIMALITY_UNASSIGNED,514,9595,9595,NO_RECORDED_FACTOR_PRP_OR_LL_RESULT_AND_NO_ACTIVE_GIMPS_ASSIGNMENT,2026-08-06T12:58:23+00:00,UNALLOCATED,,,,,
SLCMP47-1975,1975,3102,154170889,2^154170889-1,STRUCTURAL_SCREEN_EXHAUSTED_PRIMALITY_UNASSIGNED,FIRST_SINGULARITY_SHELL_EXHAUSTED_PRIMALITY_UNASSIGNED,513,9595,9595,NO_RECORDED_FACTOR_PRP_OR_LL_RESULT_AND_NO_ACTIVE_GIMPS_ASSIGNMENT,2026-08-06T12:58:23+00:00,UNALLOCATED,,,,,
SLCMP47-1976,1976,3103,154170899,2^154170899-1,STRUCTURAL_SCREEN_EXHAUSTED_PRIMALITY_UNASSIGNED,FIRST_SINGULARITY_SHELL_EXHAUSTED_PRIMALITY_UNASSIGNED,514,9595,9595,NO_RECORDED_FACTOR_PRP_OR_LL_RESULT_AND_NO_ACTIVE_GIMPS_ASSIGNMENT,2026-08-06T12:58:23+00:00,UNALLOCATED,,,,,
SLCMP47-1977,1977,3104,154170911,2^154170911-1,STRUCTURAL_SCREEN_EXHAUSTED_PRIMALITY_UNASSIGNED,FIRST_SINGULARITY_SHELL_EXHAUSTED_PRIMALITY_UNASSIGNED,514,9595,9595,NO_RECORDED_FACTOR_PRP_OR_LL_RESULT_AND_NO_ACTIVE_GIMPS_ASSIGNMENT,2026-08-06T12:58:23+00:00,UNALLOCATED,,,,,
SLCMP47-1978,1978,3105,154171007,2^154171007-1,STRUCTURAL_SCREEN_EXHAUSTED_PRIMALITY_UNASSIGNED,FIRST_SINGULARITY_SHELL_EXHAUSTED_PRIMALITY_UNASSIGNED,514,9595,9595,NO_RECORDED_FACTOR_PRP_OR_LL_RESULT_AND_NO_ACTIVE_GIMPS_ASSIGNMENT,2026-08-06T12:58:23+00:00,UNALLOCATED,,,,,
SLCMP47-1979,1979,3106,154171019,2^154171019-1,STRUCTURAL_SCREEN_EXHAUSTED_PRIMALITY_UNASSIGNED,FIRST_SINGULARITY_SHELL_EXHAUSTED_PRIMALITY_UNASSIGNED,514,9595,9595,NO_RECORDED_FACTOR_PRP_OR_LL_RESULT_AND_NO_ACTIVE_GIMPS_ASSIGNMENT,2026-08-06T12:58:23+00:00,UNALLOCATED,,,,,
SLCMP47-1980,1980,3107,154171063,2^154171063-1,STRUCTURAL_SCREEN_EXHAUSTED_PRIMALITY_UNASSIGNED,FIRST_SINGULARITY_SHELL_EXHAUSTED_PRIMALITY_UNASSIGNED,514,9595,9595,NO_RECORDED_FACTOR_PRP_OR_LL_RESULT_AND_NO_ACTIVE_GIMPS_ASSIGNMENT,2026-08-06T12:58:23+00:00,UNALLOCATED,,,,,
SLCMP47-1981,1981,3108,154171067,2^154171067-1,STRUCTURAL_SCREEN_EXHAUSTED_PRIMALITY_UNASSIGNED,FIRST_SINGULARITY_SHELL_EXHAUSTED_PRIMALITY_UNASSIGNED,514,9595,9595,NO_RECORDED_FACTOR_PRP_OR_LL_RESULT_AND_NO_ACTIVE_GIMPS_ASSIGNMENT,2026-08-06T12:58:23+00:00,UNALLOCATED,,,,,
SLCMP47-1982,1982,3109,154171081,2^154171081-1,STRUCTURAL_SCREEN_EXHAUSTED_PRIMALITY_UNASSIGNED,FIRST_SINGULARITY_SHELL_EXHAUSTED_PRIMALITY_UNASSIGNED,513,9595,9595,NO_RECORDED_FACTOR_PRP_OR_LL_RESULT_AND_NO_ACTIVE_GIMPS_ASSIGNMENT,2026-08-06T12:58:23+00:00,UNALLOCATED,,,,,
SLCMP47-1983,1983,3110,154171243,2^154171243-1,STRUCTURAL_SCREEN_EXHAUSTED_PRIMALITY_UNASSIGNED,FIRST_SINGULARITY_SHELL_EXHAUSTED_PRIMALITY_UNASSIGNED,514,9595,9595,NO_RECORDED_FACTOR_PRP_OR_LL_RESULT_AND_NO_ACTIVE_GIMPS_ASSIGNMENT,2026-08-06T12:58:23+00:00,UNALLOCATED,,,,,
SLCMP47-1984,1984,3111,154171247,2^154171247-1,STRUCTURAL_SCREEN_EXHAUSTED_PRIMALITY_UNASSIGNED,FIRST_SINGULARITY_SHELL_EXHAUSTED_PRIMALITY_UNASSIGNED,514,9595,9595,NO_RECORDED_FACTOR_PRP_OR_LL_RESULT_AND_NO_ACTIVE_GIMPS_ASSIGNMENT,2026-08-06T12:58:23+00:00,UNALLOCATED,,,,,
SLCMP47-1985,1985,3112,154171253,2^154171253-1,STRUCTURAL_SCREEN_EXHAUSTED_PRIMALITY_UNASSIGNED,FIRST_SINGULARITY_SHELL_EXHAUSTED_PRIMALITY_UNASSIGNED,513,9595,9595,NO_RECORDED_FACTOR_PRP_OR_LL_RESULT_AND_NO_ACTIVE_GIMPS_ASSIGNMENT,2026-08-06T12:58:23+00:00,UNALLOCATED,,,,,
SLCMP47-1986,1986,3113,154171309,2^154171309-1,STRUCTURAL_SCREEN_EXHAUSTED_PRIMALITY_UNASSIGNED,FIRST_SINGULARITY_SHELL_EXHAUSTED_PRIMALITY_UNASSIGNED,513,9595,9595,NO_RECORDED_FACTOR_PRP_OR_LL_RESULT_AND_NO_ACTIVE_GIMPS_ASSIGNMENT,2026-08-06T12:58:23+00:00,UNALLOCATED,,,,,
SLCMP47-1987,1987,3114,154171399,2^154171399-1,STRUCTURAL_SCREEN_EXHAUSTED_PRIMALITY_UNASSIGNED,FIRST_SINGULARITY_SHELL_EXHAUSTED_PRIMALITY_UNASSIGNED,514,9595,9595,NO_RECORDED_FACTOR_PRP_OR_LL_RESULT_AND_NO_ACTIVE_GIMPS_ASSIGNMENT,2026-08-06T12:58:23+00:00,UNALLOCATED,,,,,
SLCMP47-1988,1988,3115,154171417,2^154171417-1,STRUCTURAL_SCREEN_EXHAUSTED_PRIMALITY_UNASSIGNED,FIRST_SINGULARITY_SHELL_EXHAUSTED_PRIMALITY_UNASSIGNED,513,9595,9595,NO_RECORDED_FACTOR_PRP_OR_LL_RESULT_AND_NO_ACTIVE_GIMPS_ASSIGNMENT,2026-08-06T12:58:23+00:00,UNALLOCATED,,,,,
SLCMP47-1989,1989,3116,154171477,2^154171477-1,STRUCTURAL_SCREEN_EXHAUSTED_PRIMALITY_UNASSIGNED,FIRST_SINGULARITY_SHELL_EXHAUSTED_PRIMALITY_UNASSIGNED,513,9595,9595,NO_RECORDED_FACTOR_PRP_OR_LL_RESULT_AND_NO_ACTIVE_GIMPS_ASSIGNMENT,2026-08-06T12:58:23+00:00,UNALLOCATED,,,,,
SLCMP47-1990,1990,3117,154171483,2^154171483-1,STRUCTURAL_SCREEN_EXHAUSTED_PRIMALITY_UNASSIGNED,FIRST_SINGULARITY_SHELL_EXHAUSTED_PRIMALITY_UNASSIGNED,514,9595,9595,NO_RECORDED_FACTOR_PRP_OR_LL_RESULT_AND_NO_ACTIVE_GIMPS_ASSIGNMENT,2026-08-06T12:58:23+00:00,UNALLOCATED,,,,,
SLCMP47-1991,1991,3118,154171517,2^154171517-1,STRUCTURAL_SCREEN_EXHAUSTED_PRIMALITY_UNASSIGNED,FIRST_SINGULARITY_SHELL_EXHAUSTED_PRIMALITY_UNASSIGNED,513,9595,9595,NO_RECORDED_FACTOR_PRP_OR_LL_RESULT_AND_NO_ACTIVE_GIMPS_ASSIGNMENT,2026-08-06T12:58:23+00:00,UNALLOCATED,,,,,
SLCMP47-1992,1992,3119,154171687,2^154171687-1,STRUCTURAL_SCREEN_EXHAUSTED_PRIMALITY_UNASSIGNED,FIRST_SINGULARITY_SHELL_EXHAUSTED_PRIMALITY_UNASSIGNED,514,9595,9595,NO_RECORDED_FACTOR_PRP_OR_LL_RESULT_AND_NO_ACTIVE_GIMPS_ASSIGNMENT,2026-08-06T12:58:23+00:00,UNALLOCATED,,,,,
SLCMP47-1993,1993,3120,154171723,2^154171723-1,STRUCTURAL_SCREEN_EXHAUSTED_PRIMALITY_UNASSIGNED,FIRST_SINGULARITY_SHELL_EXHAUSTED_PRIMALITY_UNASSIGNED,514,9595,9595,NO_RECORDED_FACTOR_PRP_OR_LL_RESULT_AND_NO_ACTIVE_GIMPS_ASSIGNMENT,2026-08-06T12:58:23+00:00,UNALLOCATED,,,,,
SLCMP47-1994,1994,3121,154171873,2^154171873-1,STRUCTURAL_SCREEN_EXHAUSTED_PRIMALITY_UNASSIGNED,FIRST_SINGULARITY_SHELL_EXHAUSTED_PRIMALITY_UNASSIGNED,513,9595,9595,NO_RECORDED_FACTOR_PRP_OR_LL_RESULT_AND_NO_ACTIVE_GIMPS_ASSIGNMENT,2026-08-06T12:58:23+00:00,UNALLOCATED,,,,,
SLCMP47-1995,1995,3122,154171877,2^154171877-1,STRUCTURAL_SCREEN_EXHAUSTED_PRIMALITY_UNASSIGNED,FIRST_SINGULARITY_SHELL_EXHAUSTED_PRIMALITY_UNASSIGNED,513,9595,9595,NO_RECORDED_FACTOR_PRP_OR_LL_RESULT_AND_NO_ACTIVE_GIMPS_ASSIGNMENT,2026-08-06T12:58:23+00:00,UNALLOCATED,,,,,
SLCMP47-1996,1996,3123,154171943,2^154171943-1,STRUCTURAL_SCREEN_EXHAUSTED_PRIMALITY_UNASSIGNED,FIRST_SINGULARITY_SHELL_EXHAUSTED_PRIMALITY_UNASSIGNED,514,9595,9595,NO_RECORDED_FACTOR_PRP_OR_LL_RESULT_AND_NO_ACTIVE_GIMPS_ASSIGNMENT,2026-08-06T12:58:23+00:00,UNALLOCATED,,,,,
SLCMP47-1997,1997,3124,154171951,2^154171951-1,STRUCTURAL_SCREEN_EXHAUSTED_PRIMALITY_UNASSIGNED,FIRST_SINGULARITY_SHELL_EXHAUSTED_PRIMALITY_UNASSIGNED,514,9595,9595,NO_RECORDED_FACTOR_PRP_OR_LL_RESULT_AND_NO_ACTIVE_GIMPS_ASSIGNMENT,2026-08-06T12:58:23+00:00,UNALLOCATED,,,,,
SLCMP47-1998,1998,3125,154171973,2^154171973-1,STRUCTURAL_SCREEN_EXHAUSTED_PRIMALITY_UNASSIGNED,FIRST_SINGULARITY_SHELL_EXHAUSTED_PRIMALITY_UNASSIGNED,513,9595,9595,NO_RECORDED_FACTOR_PRP_OR_LL_RESULT_AND_NO_ACTIVE_GIMPS_ASSIGNMENT,2026-08-06T12:58:23+00:00,UNALLOCATED,,,,,
SLCMP47-1999,1999,3126,154172041,2^154172041-1,STRUCTURAL_SCREEN_EXHAUSTED_PRIMALITY_UNASSIGNED,FIRST_SINGULARITY_SHELL_EXHAUSTED_PRIMALITY_UNASSIGNED,513,9595,9595,NO_RECORDED_FACTOR_PRP_OR_LL_RESULT_AND_NO_ACTIVE_GIMPS_ASSIGNMENT,2026-08-06T12:58:23+00:00,UNALLOCATED,,,,,
SLCMP47-2000,2000,3127,154172101,2^154172101-1,STRUCTURAL_SCREEN_EXHAUSTED_PRIMALITY_UNASSIGNED,FIRST_SINGULARITY_SHELL_EXHAUSTED_PRIMALITY_UNASSIGNED,513,9595,9595,NO_RECORDED_FACTOR_PRP_OR_LL_RESULT_AND_NO_ACTIVE_GIMPS_ASSIGNMENT,2026-08-06T12:58:23+00:00,UNALLOCATED,,,,,
SLCMP47-2001,2001,3128,154172129,2^154172129-1,STRUCTURAL_SCREEN_EXHAUSTED_PRIMALITY_UNASSIGNED,FIRST_SINGULARITY_SHELL_EXHAUSTED_PRIMALITY_UNASSIGNED,513,9595,9595,NO_RECORDED_FACTOR_PRP_OR_LL_RESULT_AND_NO_ACTIVE_GIMPS_ASSIGNMENT,2026-08-06T12:58:23+00:00,UNALLOCATED,,,,,
SLCMP47-2002,2002,3129,154172147,2^154172147-1,STRUCTURAL_SCREEN_EXHAUSTED_PRIMALITY_UNASSIGNED,FIRST_SINGULARITY_SHELL_EXHAUSTED_PRIMALITY_UNASSIGNED,514,9595,9595,NO_RECORDED_FACTOR_PRP_OR_LL_RESULT_AND_NO_ACTIVE_GIMPS_ASSIGNMENT,2026-08-06T12:58:23+00:00,UNALLOCATED,,,,,
SLCMP47-2003,2003,3130,154172281,2^154172281-1,STRUCTURAL_SCREEN_EXHAUSTED_PRIMALITY_UNASSIGNED,FIRST_SINGULARITY_SHELL_EXHAUSTED_PRIMALITY_UNASSIGNED,513,9595,9595,NO_RECORDED_FACTOR_PRP_OR_LL_RESULT_AND_NO_ACTIVE_GIMPS_ASSIGNMENT,2026-08-06T12:58:23+00:00,UNALLOCATED,,,,,
SLCMP47-2004,2004,3131,154172299,2^154172299-1,STRUCTURAL_SCREEN_EXHAUSTED_PRIMALITY_UNASSIGNED,FIRST_SINGULARITY_SHELL_EXHAUSTED_PRIMALITY_UNASSIGNED,514,9595,9595,NO_RECORDED_FACTOR_PRP_OR_LL_RESULT_AND_NO_ACTIVE_GIMPS_ASSIGNMENT,2026-08-06T12:58:23+00:00,UNALLOCATED,,,,,
SLCMP47-2005,2005,3132,154172351,2^154172351-1,STRUCTURAL_SCREEN_EXHAUSTED_PRIMALITY_UNASSIGNED,FIRST_SINGULARITY_SHELL_EXHAUSTED_PRIMALITY_UNASSIGNED,514,9595,9595,NO_RECORDED_FACTOR_PRP_OR_LL_RESULT_AND_NO_ACTIVE_GIMPS_ASSIGNMENT,2026-08-06T12:58:23+00:00,UNALLOCATED,,,,,
SLCMP47-2006,2006,3133,154172387,2^154172387-1,STRUCTURAL_SCREEN_EXHAUSTED_PRIMALITY_UNASSIGNED,FIRST_SINGULARITY_SHELL_EXHAUSTED_PRIMALITY_UNASSIGNED,514,9595,9595,NO_RECORDED_FACTOR_PRP_OR_LL_RESULT_AND_NO_ACTIVE_GIMPS_ASSIGNMENT,2026-08-06T12:58:23+00:00,UNALLOCATED,,,,,
SLCMP47-2007,2007,3134,154172419,2^154172419-1,STRUCTURAL_SCREEN_EXHAUSTED_PRIMALITY_UNASSIGNED,FIRST_SINGULARITY_SHELL_EXHAUSTED_PRIMALITY_UNASSIGNED,514,9595,9595,NO_RECORDED_FACTOR_PRP_OR_LL_RESULT_AND_NO_ACTIVE_GIMPS_ASSIGNMENT,2026-08-06T12:58:23+00:00,UNALLOCATED,,,,,
SLCMP47-2008,2008,3135,154172489,2^154172489-1,STRUCTURAL_SCREEN_EXHAUSTED_PRIMALITY_UNASSIGNED,FIRST_SINGULARITY_SHELL_EXHAUSTED_PRIMALITY_UNASSIGNED,513,9595,9595,NO_RECORDED_FACTOR_PRP_OR_LL_RESULT_AND_NO_ACTIVE_GIMPS_ASSIGNMENT,2026-08-06T12:58:23+00:00,UNALLOCATED,,,,,
SLCMP47-2009,2009,3136,154172639,2^154172639-1,STRUCTURAL_SCREEN_EXHAUSTED_PRIMALITY_UNASSIGNED,FIRST_SINGULARITY_SHELL_EXHAUSTED_PRIMALITY_UNASSIGNED,514,9595,9595,NO_RECORDED_FACTOR_PRP_OR_LL_RESULT_AND_NO_ACTIVE_GIMPS_ASSIGNMENT,2026-08-06T12:58:23+00:00,UNALLOCATED,,,,,
SLCMP47-2010,2010,3137,154172699,2^154172699-1,STRUCTURAL_SCREEN_EXHAUSTED_PRIMALITY_UNASSIGNED,FIRST_SINGULARITY_SHELL_EXHAUSTED_PRIMALITY_UNASSIGNED,514,9595,9595,NO_RECORDED_FACTOR_PRP_OR_LL_RESULT_AND_NO_ACTIVE_GIMPS_ASSIGNMENT,2026-08-06T12:58:23+00:00,UNALLOCATED,,,,,
SLCMP47-2011,2011,3138,154172807,2^154172807-1,STRUCTURAL_SCREEN_EXHAUSTED_PRIMALITY_UNASSIGNED,FIRST_SINGULARITY_SHELL_EXHAUSTED_PRIMALITY_UNASSIGNED,514,9595,9595,NO_RECORDED_FACTOR_PRP_OR_LL_RESULT_AND_NO_ACTIVE_GIMPS_ASSIGNMENT,2026-08-06T12:58:23+00:00,UNALLOCATED,,,,,
SLCMP47-2012,2012,3139,154172899,2^154172899-1,STRUCTURAL_SCREEN_EXHAUSTED_PRIMALITY_UNASSIGNED,FIRST_SINGULARITY_SHELL_EXHAUSTED_PRIMALITY_UNASSIGNED,514,9595,9595,NO_RECORDED_FACTOR_PRP_OR_LL_RESULT_AND_NO_ACTIVE_GIMPS_ASSIGNMENT,2026-08-06T12:58:23+00:00,UNALLOCATED,,,,,
SLCMP47-2013,2013,3140,154172911,2^154172911-1,STRUCTURAL_SCREEN_EXHAUSTED_PRIMALITY_UNASSIGNED,FIRST_SINGULARITY_SHELL_EXHAUSTED_PRIMALITY_UNASSIGNED,514,9595,9595,NO_RECORDED_FACTOR_PRP_OR_LL_RESULT_AND_NO_ACTIVE_GIMPS_ASSIGNMENT,2026-08-06T12:58:23+00:00,UNALLOCATED,,,,,
SLCMP47-2014,2014,3141,154172923,2^154172923-1,STRUCTURAL_SCREEN_EXHAUSTED_PRIMALITY_UNASSIGNED,FIRST_SINGULARITY_SHELL_EXHAUSTED_PRIMALITY_UNASSIGNED,514,9595,9595,NO_RECORDED_FACTOR_PRP_OR_LL_RESULT_AND_NO_ACTIVE_GIMPS_ASSIGNMENT,2026-08-06T12:58:23+00:00,UNALLOCATED,,,,,
SLCMP47-2015,2015,3142,154173037,2^154173037-1,STRUCTURAL_SCREEN_EXHAUSTED_PRIMALITY_UNASSIGNED,FIRST_SINGULARITY_SHELL_EXHAUSTED_PRIMALITY_UNASSIGNED,513,9595,9595,NO_RECORDED_FACTOR_PRP_OR_LL_RESULT_AND_NO_ACTIVE_GIMPS_ASSIGNMENT,2026-08-06T12:58:23+00:00,UNALLOCATED,,,,,
SLCMP47-2016,2016,3143,154173091,2^154173091-1,STRUCTURAL_SCREEN_EXHAUSTED_PRIMALITY_UNASSIGNED,FIRST_SINGULARITY_SHELL_EXHAUSTED_PRIMALITY_UNASSIGNED,514,9595,9595,NO_RECORDED_FACTOR_PRP_OR_LL_RESULT_AND_NO_ACTIVE_GIMPS_ASSIGNMENT,2026-08-06T12:58:23+00:00,UNALLOCATED,,,,,
SLCMP47-2017,2017,3144,154173109,2^154173109-1,STRUCTURAL_SCREEN_EXHAUSTED_PRIMALITY_UNASSIGNED,FIRST_SINGULARITY_SHELL_EXHAUSTED_PRIMALITY_UNASSIGNED,513,9595,9595,NO_RECORDED_FACTOR_PRP_OR_LL_RESULT_AND_NO_ACTIVE_GIMPS_ASSIGNMENT,2026-08-06T12:58:23+00:00,UNALLOCATED,,,,,
SLCMP47-2018,2018,3145,154173133,2^154173133-1,STRUCTURAL_SCREEN_EXHAUSTED_PRIMALITY_UNASSIGNED,FIRST_SINGULARITY_SHELL_EXHAUSTED_PRIMALITY_UNASSIGNED,513,9595,9595,NO_RECORDED_FACTOR_PRP_OR_LL_RESULT_AND_NO_ACTIVE_GIMPS_ASSIGNMENT,2026-08-06T12:58:23+00:00,UNALLOCATED,,,,,
SLCMP47-2019,2019,3146,154173139,2^154173139-1,STRUCTURAL_SCREEN_EXHAUSTED_PRIMALITY_UNASSIGNED,FIRST_SINGULARITY_SHELL_EXHAUSTED_PRIMALITY_UNASSIGNED,514,9595,9595,NO_RECORDED_FACTOR_PRP_OR_LL_RESULT_AND_NO_ACTIVE_GIMPS_ASSIGNMENT,2026-08-06T12:58:23+00:00,UNALLOCATED,,,,,
SLCMP47-2020,2020,3147,154173287,2^154173287-1,STRUCTURAL_SCREEN_EXHAUSTED_PRIMALITY_UNASSIGNED,FIRST_SINGULARITY_SHELL_EXHAUSTED_PRIMALITY_UNASSIGNED,514,9595,9595,NO_RECORDED_FACTOR_PRP_OR_LL_RESULT_AND_NO_ACTIVE_GIMPS_ASSIGNMENT,2026-08-06T12:58:23+00:00,UNALLOCATED,,,,,
SLCMP47-2021,2021,3148,154173307,2^154173307-1,STRUCTURAL_SCREEN_EXHAUSTED_PRIMALITY_UNASSIGNED,FIRST_SINGULARITY_SHELL_EXHAUSTED_PRIMALITY_UNASSIGNED,514,9595,9595,NO_RECORDED_FACTOR_PRP_OR_LL_RESULT_AND_NO_ACTIVE_GIMPS_ASSIGNMENT,2026-08-06T12:58:23+00:00,UNALLOCATED,,,,,
SLCMP47-2022,2022,3149,154173427,2^154173427-1,STRUCTURAL_SCREEN_EXHAUSTED_PRIMALITY_UNASSIGNED,FIRST_SINGULARITY_SHELL_EXHAUSTED_PRIMALITY_UNASSIGNED,514,9595,9595,NO_RECORDED_FACTOR_PRP_OR_LL_RESULT_AND_NO_ACTIVE_GIMPS_ASSIGNMENT,2026-08-06T12:58:23+00:00,UNALLOCATED,,,,,
SLCMP47-2023,2023,3150,154173469,2^154173469-1,STRUCTURAL_SCREEN_EXHAUSTED_PRIMALITY_UNASSIGNED,FIRST_SINGULARITY_SHELL_EXHAUSTED_PRIMALITY_UNASSIGNED,513,9595,9595,NO_RECORDED_FACTOR_PRP_OR_LL_RESULT_AND_NO_ACTIVE_GIMPS_ASSIGNMENT,2026-08-06T12:58:23+00:00,UNALLOCATED,,,,,
SLCMP47-2024,2024,3151,154173559,2^154173559-1,STRUCTURAL_SCREEN_EXHAUSTED_PRIMALITY_UNASSIGNED,FIRST_SINGULARITY_SHELL_EXHAUSTED_PRIMALITY_UNASSIGNED,514,9595,9595,NO_RECORDED_FACTOR_PRP_OR_LL_RESULT_AND_NO_ACTIVE_GIMPS_ASSIGNMENT,2026-08-06T12:58:23+00:00,UNALLOCATED,,,,,
SLCMP47-2025,2025,3152,154173587,2^154173587-1,STRUCTURAL_SCREEN_EXHAUSTED_PRIMALITY_UNASSIGNED,FIRST_SINGULARITY_SHELL_EXHAUSTED_PRIMALITY_UNASSIGNED,514,9595,9595,NO_RECORDED_FACTOR_PRP_OR_LL_RESULT_AND_NO_ACTIVE_GIMPS_ASSIGNMENT,2026-08-06T12:58:23+00:00,UNALLOCATED,,,,,
SLCMP47-2026,2026,3153,154173631,2^154173631-1,STRUCTURAL_SCREEN_EXHAUSTED_PRIMALITY_UNASSIGNED,FIRST_SINGULARITY_SHELL_EXHAUSTED_PRIMALITY_UNASSIGNED,514,9595,9595,NO_RECORDED_FACTOR_PRP_OR_LL_RESULT_AND_NO_ACTIVE_GIMPS_ASSIGNMENT,2026-08-06T12:58:23+00:00,UNALLOCATED,,,,,
SLCMP47-2027,2027,3154,154173641,2^154173641-1,STRUCTURAL_SCREEN_EXHAUSTED_PRIMALITY_UNASSIGNED,FIRST_SINGULARITY_SHELL_EXHAUSTED_PRIMALITY_UNASSIGNED,513,9595,9595,NO_RECORDED_FACTOR_PRP_OR_LL_RESULT_AND_NO_ACTIVE_GIMPS_ASSIGNMENT,2026-08-06T12:58:23+00:00,UNALLOCATED,,,,,
SLCMP47-2028,2028,3155,154173671,2^154173671-1,STRUCTURAL_SCREEN_EXHAUSTED_PRIMALITY_UNASSIGNED,FIRST_SINGULARITY_SHELL_EXHAUSTED_PRIMALITY_UNASSIGNED,514,9595,9595,NO_RECORDED_FACTOR_PRP_OR_LL_RESULT_AND_NO_ACTIVE_GIMPS_ASSIGNMENT,2026-08-06T12:58:23+00:00,UNALLOCATED,,,,,
SLCMP47-2029,2029,3156,154173689,2^154173689-1,STRUCTURAL_SCREEN_EXHAUSTED_PRIMALITY_UNASSIGNED,FIRST_SINGULARITY_SHELL_EXHAUSTED_PRIMALITY_UNASSIGNED,513,9595,9595,NO_RECORDED_FACTOR_PRP_OR_LL_RESULT_AND_NO_ACTIVE_GIMPS_ASSIGNMENT,2026-08-06T12:58:23+00:00,UNALLOCATED,,,,,
SLCMP47-2030,2030,3157,154173707,2^154173707-1,STRUCTURAL_SCREEN_EXHAUSTED_PRIMALITY_UNASSIGNED,FIRST_SINGULARITY_SHELL_EXHAUSTED_PRIMALITY_UNASSIGNED,514,9595,9595,NO_RECORDED_FACTOR_PRP_OR_LL_RESULT_AND_NO_ACTIVE_GIMPS_ASSIGNMENT,2026-08-06T12:58:23+00:00,UNALLOCATED,,,,,
SLCMP47-2031,2031,3158,154173739,2^154173739-1,STRUCTURAL_SCREEN_EXHAUSTED_PRIMALITY_UNASSIGNED,FIRST_SINGULARITY_SHELL_EXHAUSTED_PRIMALITY_UNASSIGNED,514,9595,9595,NO_RECORDED_FACTOR_PRP_OR_LL_RESULT_AND_NO_ACTIVE_GIMPS_ASSIGNMENT,2026-08-06T12:58:23+00:00,UNALLOCATED,,,,,
SLCMP47-2032,2032,3160,154173781,2^154173781-1,STRUCTURAL_SCREEN_EXHAUSTED_PRIMALITY_UNASSIGNED,FIRST_SINGULARITY_SHELL_EXHAUSTED_PRIMALITY_UNASSIGNED,513,9595,9595,NO_RECORDED_FACTOR_PRP_OR_LL_RESULT_AND_NO_ACTIVE_GIMPS_ASSIGNMENT,2026-08-06T12:58:23+00:00,UNALLOCATED,,,,,
SLCMP47-2033,2033,3161,154173821,2^154173821-1,STRUCTURAL_SCREEN_EXHAUSTED_PRIMALITY_UNASSIGNED,FIRST_SINGULARITY_SHELL_EXHAUSTED_PRIMALITY_UNASSIGNED,513,9595,9595,NO_RECORDED_FACTOR_PRP_OR_LL_RESULT_AND_NO_ACTIVE_GIMPS_ASSIGNMENT,2026-08-06T12:58:23+00:00,UNALLOCATED,,,,,
SLCMP47-2034,2034,3162,154173841,2^154173841-1,STRUCTURAL_SCREEN_EXHAUSTED_PRIMALITY_UNASSIGNED,FIRST_SINGULARITY_SHELL_EXHAUSTED_PRIMALITY_UNASSIGNED,513,9595,9595,NO_RECORDED_FACTOR_PRP_OR_LL_RESULT_AND_NO_ACTIVE_GIMPS_ASSIGNMENT,2026-08-06T12:58:23+00:00,UNALLOCATED,,,,,
SLCMP47-2035,2035,3163,154173893,2^154173893-1,STRUCTURAL_SCREEN_EXHAUSTED_PRIMALITY_UNASSIGNED,FIRST_SINGULARITY_SHELL_EXHAUSTED_PRIMALITY_UNASSIGNED,513,9595,9595,NO_RECORDED_FACTOR_PRP_OR_LL_RESULT_AND_NO_ACTIVE_GIMPS_ASSIGNMENT,2026-08-06T12:58:23+00:00,UNALLOCATED,,,,,
SLCMP47-2036,2036,3164,154173913,2^154173913-1,STRUCTURAL_SCREEN_EXHAUSTED_PRIMALITY_UNASSIGNED,FIRST_SINGULARITY_SHELL_EXHAUSTED_PRIMALITY_UNASSIGNED,513,9595,9595,NO_RECORDED_FACTOR_PRP_OR_LL_RESULT_AND_NO_ACTIVE_GIMPS_ASSIGNMENT,2026-08-06T12:58:23+00:00,UNALLOCATED,,,,,
SLCMP47-2037,2037,3165,154173919,2^154173919-1,STRUCTURAL_SCREEN_EXHAUSTED_PRIMALITY_UNASSIGNED,FIRST_SINGULARITY_SHELL_EXHAUSTED_PRIMALITY_UNASSIGNED,514,9595,9595,NO_RECORDED_FACTOR_PRP_OR_LL_RESULT_AND_NO_ACTIVE_GIMPS_ASSIGNMENT,2026-08-06T12:58:23+00:00,UNALLOCATED,,,,,
SLCMP47-2038,2038,3166,154173941,2^154173941-1,STRUCTURAL_SCREEN_EXHAUSTED_PRIMALITY_UNASSIGNED,FIRST_SINGULARITY_SHELL_EXHAUSTED_PRIMALITY_UNASSIGNED,513,9595,9595,NO_RECORDED_FACTOR_PRP_OR_LL_RESULT_AND_NO_ACTIVE_GIMPS_ASSIGNMENT,2026-08-06T12:58:23+00:00,UNALLOCATED,,,,,
SLCMP47-2039,2039,3167,154174057,2^154174057-1,STRUCTURAL_SCREEN_EXHAUSTED_PRIMALITY_UNASSIGNED,FIRST_SINGULARITY_SHELL_EXHAUSTED_PRIMALITY_UNASSIGNED,513,9595,9595,NO_RECORDED_FACTOR_PRP_OR_LL_RESULT_AND_NO_ACTIVE_GIMPS_ASSIGNMENT,2026-08-06T12:58:23+00:00,UNALLOCATED,,,,,
SLCMP47-2040,2040,3168,154174073,2^154174073-1,STRUCTURAL_SCREEN_EXHAUSTED_PRIMALITY_UNASSIGNED,FIRST_SINGULARITY_SHELL_EXHAUSTED_PRIMALITY_UNASSIGNED,513,9595,9595,NO_RECORDED_FACTOR_PRP_OR_LL_RESULT_AND_NO_ACTIVE_GIMPS_ASSIGNMENT,2026-08-06T12:58:23+00:00,UNALLOCATED,,,,,
SLCMP47-2041,2041,3169,154174201,2^154174201-1,STRUCTURAL_SCREEN_EXHAUSTED_PRIMALITY_UNASSIGNED,FIRST_SINGULARITY_SHELL_EXHAUSTED_PRIMALITY_UNASSIGNED,513,9595,9595,NO_RECORDED_FACTOR_PRP_OR_LL_RESULT_AND_NO_ACTIVE_GIMPS_ASSIGNMENT,2026-08-06T12:58:23+00:00,UNALLOCATED,,,,,
SLCMP47-2042,2042,3170,154174283,2^154174283-1,STRUCTURAL_SCREEN_EXHAUSTED_PRIMALITY_UNASSIGNED,FIRST_SINGULARITY_SHELL_EXHAUSTED_PRIMALITY_UNASSIGNED,514,9595,9595,NO_RECORDED_FACTOR_PRP_OR_LL_RESULT_AND_NO_ACTIVE_GIMPS_ASSIGNMENT,2026-08-06T12:58:23+00:00,UNALLOCATED,,,,,
SLCMP47-2043,2043,3171,154174291,2^154174291-1,STRUCTURAL_SCREEN_EXHAUSTED_PRIMALITY_UNASSIGNED,FIRST_SINGULARITY_SHELL_EXHAUSTED_PRIMALITY_UNASSIGNED,514,9595,9595,NO_RECORDED_FACTOR_PRP_OR_LL_RESULT_AND_NO_ACTIVE_GIMPS_ASSIGNMENT,2026-08-06T12:58:23+00:00,UNALLOCATED,,,,,
SLCMP47-2044,2044,3172,154174327,2^154174327-1,STRUCTURAL_SCREEN_EXHAUSTED_PRIMALITY_UNASSIGNED,FIRST_SINGULARITY_SHELL_EXHAUSTED_PRIMALITY_UNASSIGNED,514,9595,9595,NO_RECORDED_FACTOR_PRP_OR_LL_RESULT_AND_NO_ACTIVE_GIMPS_ASSIGNMENT,2026-08-06T12:58:23+00:00,UNALLOCATED,,,,,
SLCMP47-2045,2045,3173,154174357,2^154174357-1,STRUCTURAL_SCREEN_EXHAUSTED_PRIMALITY_UNASSIGNED,FIRST_SINGULARITY_SHELL_EXHAUSTED_PRIMALITY_UNASSIGNED,513,9595,9595,NO_RECORDED_FACTOR_PRP_OR_LL_RESULT_AND_NO_ACTIVE_GIMPS_ASSIGNMENT,2026-08-06T12:58:23+00:00,UNALLOCATED,,,,,
SLCMP47-2046,2046,3174,154174373,2^154174373-1,STRUCTURAL_SCREEN_EXHAUSTED_PRIMALITY_UNASSIGNED,FIRST_SINGULARITY_SHELL_EXHAUSTED_PRIMALITY_UNASSIGNED,513,9595,9595,NO_RECORDED_FACTOR_PRP_OR_LL_RESULT_AND_NO_ACTIVE_GIMPS_ASSIGNMENT,2026-08-06T12:58:23+00:00,UNALLOCATED,,,,,
SLCMP47-2047,2047,3175,154174421,2^154174421-1,STRUCTURAL_SCREEN_EXHAUSTED_PRIMALITY_UNASSIGNED,FIRST_SINGULARITY_SHELL_EXHAUSTED_PRIMALITY_UNASSIGNED,513,9595,9595,NO_RECORDED_FACTOR_PRP_OR_LL_RESULT_AND_NO_ACTIVE_GIMPS_ASSIGNMENT,2026-08-06T12:58:23+00:00,UNALLOCATED,,,,,
SLCMP47-2048,2048,3176,154174487,2^154174487-1,STRUCTURAL_SCREEN_EXHAUSTED_PRIMALITY_UNASSIGNED,FIRST_SINGULARITY_SHELL_EXHAUSTED_PRIMALITY_UNASSIGNED,514,9595,9595,NO_RECORDED_FACTOR_PRP_OR_LL_RESULT_AND_NO_ACTIVE_GIMPS_ASSIGNMENT,2026-08-06T12:58:23+00:00,UNALLOCATED,,,,,
SLCMP47-2049,2049,3177,154174499,2^154174499-1,STRUCTURAL_SCREEN_EXHAUSTED_PRIMALITY_UNASSIGNED,FIRST_SINGULARITY_SHELL_EXHAUSTED_PRIMALITY_UNASSIGNED,514,9595,9595,NO_RECORDED_FACTOR_PRP_OR_LL_RESULT_AND_NO_ACTIVE_GIMPS_ASSIGNMENT,2026-08-06T12:58:23+00:00,UNALLOCATED,,,,,
SLCMP47-2050,2050,3178,154174519,2^154174519-1,STRUCTURAL_SCREEN_EXHAUSTED_PRIMALITY_UNASSIGNED,FIRST_SINGULARITY_SHELL_EXHAUSTED_PRIMALITY_UNASSIGNED,514,9595,9595,NO_RECORDED_FACTOR_PRP_OR_LL_RESULT_AND_NO_ACTIVE_GIMPS_ASSIGNMENT,2026-08-06T12:58:23+00:00,UNALLOCATED,,,,,
SLCMP47-2051,2051,3179,154174667,2^154174667-1,STRUCTURAL_SCREEN_EXHAUSTED_PRIMALITY_UNASSIGNED,FIRST_SINGULARITY_SHELL_EXHAUSTED_PRIMALITY_UNASSIGNED,514,9595,9595,NO_RECORDED_FACTOR_PRP_OR_LL_RESULT_AND_NO_ACTIVE_GIMPS_ASSIGNMENT,2026-08-06T12:58:23+00:00,UNALLOCATED,,,,,
SLCMP47-2052,2052,3180,154174679,2^154174679-1,STRUCTURAL_SCREEN_EXHAUSTED_PRIMALITY_UNASSIGNED,FIRST_SINGULARITY_SHELL_EXHAUSTED_PRIMALITY_UNASSIGNED,514,9595,9595,NO_RECORDED_FACTOR_PRP_OR_LL_RESULT_AND_NO_ACTIVE_GIMPS_ASSIGNMENT,2026-08-06T12:58:23+00:00,UNALLOCATED,,,,,
SLCMP47-2053,2053,3181,154174733,2^154174733-1,STRUCTURAL_SCREEN_EXHAUSTED_PRIMALITY_UNASSIGNED,FIRST_SINGULARITY_SHELL_EXHAUSTED_PRIMALITY_UNASSIGNED,513,9595,9595,NO_RECORDED_FACTOR_PRP_OR_LL_RESULT_AND_NO_ACTIVE_GIMPS_ASSIGNMENT,2026-08-06T12:58:23+00:00,UNALLOCATED,,,,,
SLCMP47-2054,2054,3182,154174753,2^154174753-1,STRUCTURAL_SCREEN_EXHAUSTED_PRIMALITY_UNASSIGNED,FIRST_SINGULARITY_SHELL_EXHAUSTED_PRIMALITY_UNASSIGNED,513,9595,9595,NO_RECORDED_FACTOR_PRP_OR_LL_RESULT_AND_NO_ACTIVE_GIMPS_ASSIGNMENT,2026-08-06T12:58:23+00:00,UNALLOCATED,,,,,
SLCMP47-2055,2055,3183,154174781,2^154174781-1,STRUCTURAL_SCREEN_EXHAUSTED_PRIMALITY_UNASSIGNED,FIRST_SINGULARITY_SHELL_EXHAUSTED_PRIMALITY_UNASSIGNED,513,9595,9595,NO_RECORDED_FACTOR_PRP_OR_LL_RESULT_AND_NO_ACTIVE_GIMPS_ASSIGNMENT,2026-08-06T12:58:23+00:00,UNALLOCATED,,,,,
SLCMP47-2056,2056,3184,154174793,2^154174793-1,STRUCTURAL_SCREEN_EXHAUSTED_PRIMALITY_UNASSIGNED,FIRST_SINGULARITY_SHELL_EXHAUSTED_PRIMALITY_UNASSIGNED,513,9595,9595,NO_RECORDED_FACTOR_PRP_OR_LL_RESULT_AND_NO_ACTIVE_GIMPS_ASSIGNMENT,2026-08-06T12:58:23+00:00,UNALLOCATED,,,,,
SLCMP47-2057,2057,3185,154174799,2^154174799-1,STRUCTURAL_SCREEN_EXHAUSTED_PRIMALITY_UNASSIGNED,FIRST_SINGULARITY_SHELL_EXHAUSTED_PRIMALITY_UNASSIGNED,514,9595,9595,NO_RECORDED_FACTOR_PRP_OR_LL_RESULT_AND_NO_ACTIVE_GIMPS_ASSIGNMENT,2026-08-06T12:58:23+00:00,UNALLOCATED,,,,,
SLCMP47-2058,2058,3186,154174871,2^154174871-1,STRUCTURAL_SCREEN_EXHAUSTED_PRIMALITY_UNASSIGNED,FIRST_SINGULARITY_SHELL_EXHAUSTED_PRIMALITY_UNASSIGNED,514,9595,9595,NO_RECORDED_FACTOR_PRP_OR_LL_RESULT_AND_NO_ACTIVE_GIMPS_ASSIGNMENT,2026-08-06T12:58:23+00:00,UNALLOCATED,,,,,
SLCMP47-2059,2059,3187,154174879,2^154174879-1,STRUCTURAL_SCREEN_EXHAUSTED_PRIMALITY_UNASSIGNED,FIRST_SINGULARITY_SHELL_EXHAUSTED_PRIMALITY_UNASSIGNED,514,9595,9595,NO_RECORDED_FACTOR_PRP_OR_LL_RESULT_AND_NO_ACTIVE_GIMPS_ASSIGNMENT,2026-08-06T12:58:23+00:00,UNALLOCATED,,,,,
SLCMP47-2060,2060,3188,154174897,2^154174897-1,STRUCTURAL_SCREEN_EXHAUSTED_PRIMALITY_UNASSIGNED,FIRST_SINGULARITY_SHELL_EXHAUSTED_PRIMALITY_UNASSIGNED,513,9595,9595,NO_RECORDED_FACTOR_PRP_OR_LL_RESULT_AND_NO_ACTIVE_GIMPS_ASSIGNMENT,2026-08-06T12:58:23+00:00,UNALLOCATED,,,,,
SLCMP47-2061,2061,3189,154174939,2^154174939-1,STRUCTURAL_SCREEN_EXHAUSTED_PRIMALITY_UNASSIGNED,FIRST_SINGULARITY_SHELL_EXHAUSTED_PRIMALITY_UNASSIGNED,514,9595,9595,NO_RECORDED_FACTOR_PRP_OR_LL_RESULT_AND_NO_ACTIVE_GIMPS_ASSIGNMENT,2026-08-06T12:58:23+00:00,UNALLOCATED,,,,,
SLCMP47-2062,2062,3190,154174961,2^154174961-1,STRUCTURAL_SCREEN_EXHAUSTED_PRIMALITY_UNASSIGNED,FIRST_SINGULARITY_SHELL_EXHAUSTED_PRIMALITY_UNASSIGNED,513,9595,9595,NO_RECORDED_FACTOR_PRP_OR_LL_RESULT_AND_NO_ACTIVE_GIMPS_ASSIGNMENT,2026-08-06T12:58:23+00:00,UNALLOCATED,,,,,
SLCMP47-2063,2063,3191,154175029,2^154175029-1,STRUCTURAL_SCREEN_EXHAUSTED_PRIMALITY_UNASSIGNED,FIRST_SINGULARITY_SHELL_EXHAUSTED_PRIMALITY_UNASSIGNED,513,9595,9595,NO_RECORDED_FACTOR_PRP_OR_LL_RESULT_AND_NO_ACTIVE_GIMPS_ASSIGNMENT,2026-08-06T12:58:23+00:00,UNALLOCATED,,,,,
SLCMP47-2064,2064,3192,154175117,2^154175117-1,STRUCTURAL_SCREEN_EXHAUSTED_PRIMALITY_UNASSIGNED,FIRST_SINGULARITY_SHELL_EXHAUSTED_PRIMALITY_UNASSIGNED,513,9595,9595,NO_RECORDED_FACTOR_PRP_OR_LL_RESULT_AND_NO_ACTIVE_GIMPS_ASSIGNMENT,2026-08-06T12:58:23+00:00,UNALLOCATED,,,,,
SLCMP47-2065,2065,3193,154175143,2^154175143-1,STRUCTURAL_SCREEN_EXHAUSTED_PRIMALITY_UNASSIGNED,FIRST_SINGULARITY_SHELL_EXHAUSTED_PRIMALITY_UNASSIGNED,514,9595,9595,NO_RECORDED_FACTOR_PRP_OR_LL_RESULT_AND_NO_ACTIVE_GIMPS_ASSIGNMENT,2026-08-06T12:58:23+00:00,UNALLOCATED,,,,,
SLCMP47-2066,2066,3194,154175207,2^154175207-1,STRUCTURAL_SCREEN_EXHAUSTED_PRIMALITY_UNASSIGNED,FIRST_SINGULARITY_SHELL_EXHAUSTED_PRIMALITY_UNASSIGNED,514,9595,9595,NO_RECORDED_FACTOR_PRP_OR_LL_RESULT_AND_NO_ACTIVE_GIMPS_ASSIGNMENT,2026-08-06T12:58:23+00:00,UNALLOCATED,,,,,
SLCMP47-2067,2067,3195,154175209,2^154175209-1,STRUCTURAL_SCREEN_EXHAUSTED_PRIMALITY_UNASSIGNED,FIRST_SINGULARITY_SHELL_EXHAUSTED_PRIMALITY_UNASSIGNED,513,9595,9595,NO_RECORDED_FACTOR_PRP_OR_LL_RESULT_AND_NO_ACTIVE_GIMPS_ASSIGNMENT,2026-08-06T12:58:23+00:00,UNALLOCATED,,,,,
SLCMP47-2068,2068,3196,154175393,2^154175393-1,STRUCTURAL_SCREEN_EXHAUSTED_PRIMALITY_UNASSIGNED,FIRST_SINGULARITY_SHELL_EXHAUSTED_PRIMALITY_UNASSIGNED,513,9595,9595,NO_RECORDED_FACTOR_PRP_OR_LL_RESULT_AND_NO_ACTIVE_GIMPS_ASSIGNMENT,2026-08-06T12:58:23+00:00,UNALLOCATED,,,,,
SLCMP47-2069,2069,3197,154175407,2^154175407-1,STRUCTURAL_SCREEN_EXHAUSTED_PRIMALITY_UNASSIGNED,FIRST_SINGULARITY_SHELL_EXHAUSTED_PRIMALITY_UNASSIGNED,514,9595,9595,NO_RECORDED_FACTOR_PRP_OR_LL_RESULT_AND_NO_ACTIVE_GIMPS_ASSIGNMENT,2026-08-06T12:58:23+00:00,UNALLOCATED,,,,,
SLCMP47-2070,2070,3198,154175491,2^154175491-1,STRUCTURAL_SCREEN_EXHAUSTED_PRIMALITY_UNASSIGNED,FIRST_SINGULARITY_SHELL_EXHAUSTED_PRIMALITY_UNASSIGNED,514,9595,9595,NO_RECORDED_FACTOR_PRP_OR_LL_RESULT_AND_NO_ACTIVE_GIMPS_ASSIGNMENT,2026-08-06T12:58:23+00:00,UNALLOCATED,,,,,
SLCMP47-2071,2071,3199,154175573,2^154175573-1,STRUCTURAL_SCREEN_EXHAUSTED_PRIMALITY_UNASSIGNED,FIRST_SINGULARITY_SHELL_EXHAUSTED_PRIMALITY_UNASSIGNED,513,9595,9595,NO_RECORDED_FACTOR_PRP_OR_LL_RESULT_AND_NO_ACTIVE_GIMPS_ASSIGNMENT,2026-08-06T12:58:23+00:00,UNALLOCATED,,,,,
SLCMP47-2072,2072,3200,154175627,2^154175627-1,STRUCTURAL_SCREEN_EXHAUSTED_PRIMALITY_UNASSIGNED,FIRST_SINGULARITY_SHELL_EXHAUSTED_PRIMALITY_UNASSIGNED,514,9595,9595,NO_RECORDED_FACTOR_PRP_OR_LL_RESULT_AND_NO_ACTIVE_GIMPS_ASSIGNMENT,2026-08-06T12:58:23+00:00,UNALLOCATED,,,,,
SLCMP47-2073,2073,3201,154175641,2^154175641-1,STRUCTURAL_SCREEN_EXHAUSTED_PRIMALITY_UNASSIGNED,FIRST_SINGULARITY_SHELL_EXHAUSTED_PRIMALITY_UNASSIGNED,513,9595,9595,NO_RECORDED_FACTOR_PRP_OR_LL_RESULT_AND_NO_ACTIVE_GIMPS_ASSIGNMENT,2026-08-06T12:58:23+00:00,UNALLOCATED,,,,,
SLCMP47-2074,2074,3202,154175663,2^154175663-1,STRUCTURAL_SCREEN_EXHAUSTED_PRIMALITY_UNASSIGNED,FIRST_SINGULARITY_SHELL_EXHAUSTED_PRIMALITY_UNASSIGNED,514,9595,9595,NO_RECORDED_FACTOR_PRP_OR_LL_RESULT_AND_NO_ACTIVE_GIMPS_ASSIGNMENT,2026-08-06T12:58:23+00:00,UNALLOCATED,,,,,
SLCMP47-2075,2075,3203,154175699,2^154175699-1,STRUCTURAL_SCREEN_EXHAUSTED_PRIMALITY_UNASSIGNED,FIRST_SINGULARITY_SHELL_EXHAUSTED_PRIMALITY_UNASSIGNED,514,9595,9595,NO_RECORDED_FACTOR_PRP_OR_LL_RESULT_AND_NO_ACTIVE_GIMPS_ASSIGNMENT,2026-08-06T12:58:23+00:00,UNALLOCATED,,,,,
SLCMP47-2076,2076,3204,154175711,2^154175711-1,STRUCTURAL_SCREEN_EXHAUSTED_PRIMALITY_UNASSIGNED,FIRST_SINGULARITY_SHELL_EXHAUSTED_PRIMALITY_UNASSIGNED,514,9595,9595,NO_RECORDED_FACTOR_PRP_OR_LL_RESULT_AND_NO_ACTIVE_GIMPS_ASSIGNMENT,2026-08-06T12:58:23+00:00,UNALLOCATED,,,,,
SLCMP47-2077,2077,3205,154175713,2^154175713-1,STRUCTURAL_SCREEN_EXHAUSTED_PRIMALITY_UNASSIGNED,FIRST_SINGULARITY_SHELL_EXHAUSTED_PRIMALITY_UNASSIGNED,513,9595,9595,NO_RECORDED_FACTOR_PRP_OR_LL_RESULT_AND_NO_ACTIVE_GIMPS_ASSIGNMENT,2026-08-06T12:58:23+00:00,UNALLOCATED,,,,,
SLCMP47-2078,2078,3206,154175717,2^154175717-1,STRUCTURAL_SCREEN_EXHAUSTED_PRIMALITY_UNASSIGNED,FIRST_SINGULARITY_SHELL_EXHAUSTED_PRIMALITY_UNASSIGNED,513,9595,9595,NO_RECORDED_FACTOR_PRP_OR_LL_RESULT_AND_NO_ACTIVE_GIMPS_ASSIGNMENT,2026-08-06T12:58:23+00:00,UNALLOCATED,,,,,
SLCMP47-2079,2079,3207,154175767,2^154175767-1,STRUCTURAL_SCREEN_EXHAUSTED_PRIMALITY_UNASSIGNED,FIRST_SINGULARITY_SHELL_EXHAUSTED_PRIMALITY_UNASSIGNED,514,9595,9595,NO_RECORDED_FACTOR_PRP_OR_LL_RESULT_AND_NO_ACTIVE_GIMPS_ASSIGNMENT,2026-08-06T12:58:23+00:00,UNALLOCATED,,,,,
SLCMP47-2080,2080,3208,154175951,2^154175951-1,STRUCTURAL_SCREEN_EXHAUSTED_PRIMALITY_UNASSIGNED,FIRST_SINGULARITY_SHELL_EXHAUSTED_PRIMALITY_UNASSIGNED,514,9595,9595,NO_RECORDED_FACTOR_PRP_OR_LL_RESULT_AND_NO_ACTIVE_GIMPS_ASSIGNMENT,2026-08-06T12:58:23+00:00,UNALLOCATED,,,,,
SLCMP47-2081,2081,3209,154175953,2^154175953-1,STRUCTURAL_SCREEN_EXHAUSTED_PRIMALITY_UNASSIGNED,FIRST_SINGULARITY_SHELL_EXHAUSTED_PRIMALITY_UNASSIGNED,513,9595,9595,NO_RECORDED_FACTOR_PRP_OR_LL_RESULT_AND_NO_ACTIVE_GIMPS_ASSIGNMENT,2026-08-06T12:58:23+00:00,UNALLOCATED,,,,,
SLCMP47-2082,2082,3210,154176053,2^154176053-1,STRUCTURAL_SCREEN_EXHAUSTED_PRIMALITY_UNASSIGNED,FIRST_SINGULARITY_SHELL_EXHAUSTED_PRIMALITY_UNASSIGNED,513,9595,9595,NO_RECORDED_FACTOR_PRP_OR_LL_RESULT_AND_NO_ACTIVE_GIMPS_ASSIGNMENT,2026-08-06T12:58:23+00:00,UNALLOCATED,,,,,
SLCMP47-2083,2083,3211,154176059,2^154176059-1,STRUCTURAL_SCREEN_EXHAUSTED_PRIMALITY_UNASSIGNED,FIRST_SINGULARITY_SHELL_EXHAUSTED_PRIMALITY_UNASSIGNED,514,9595,9595,NO_RECORDED_FACTOR_PRP_OR_LL_RESULT_AND_NO_ACTIVE_GIMPS_ASSIGNMENT,2026-08-06T12:58:23+00:00,UNALLOCATED,,,,,
SLCMP47-2084,2084,3212,154176083,2^154176083-1,STRUCTURAL_SCREEN_EXHAUSTED_PRIMALITY_UNASSIGNED,FIRST_SINGULARITY_SHELL_EXHAUSTED_PRIMALITY_UNASSIGNED,514,9595,9595,NO_RECORDED_FACTOR_PRP_OR_LL_RESULT_AND_NO_ACTIVE_GIMPS_ASSIGNMENT,2026-08-06T12:58:23+00:00,UNALLOCATED,,,,,
SLCMP47-2085,2085,3213,154176103,2^154176103-1,STRUCTURAL_SCREEN_EXHAUSTED_PRIMALITY_UNASSIGNED,FIRST_SINGULARITY_SHELL_EXHAUSTED_PRIMALITY_UNASSIGNED,514,9595,9595,NO_RECORDED_FACTOR_PRP_OR_LL_RESULT_AND_NO_ACTIVE_GIMPS_ASSIGNMENT,2026-08-06T12:58:23+00:00,UNALLOCATED,,,,,
SLCMP47-2086,2086,3214,154176157,2^154176157-1,STRUCTURAL_SCREEN_EXHAUSTED_PRIMALITY_UNASSIGNED,FIRST_SINGULARITY_SHELL_EXHAUSTED_PRIMALITY_UNASSIGNED,513,9595,9595,NO_RECORDED_FACTOR_PRP_OR_LL_RESULT_AND_NO_ACTIVE_GIMPS_ASSIGNMENT,2026-08-06T12:58:23+00:00,UNALLOCATED,,,,,
SLCMP47-2087,2087,3215,154176161,2^154176161-1,STRUCTURAL_SCREEN_EXHAUSTED_PRIMALITY_UNASSIGNED,FIRST_SINGULARITY_SHELL_EXHAUSTED_PRIMALITY_UNASSIGNED,513,9595,9595,NO_RECORDED_FACTOR_PRP_OR_LL_RESULT_AND_NO_ACTIVE_GIMPS_ASSIGNMENT,2026-08-06T12:58:23+00:00,UNALLOCATED,,,,,
SLCMP47-2088,2088,3216,154176181,2^154176181-1,STRUCTURAL_SCREEN_EXHAUSTED_PRIMALITY_UNASSIGNED,FIRST_SINGULARITY_SHELL_EXHAUSTED_PRIMALITY_UNASSIGNED,513,9595,9595,NO_RECORDED_FACTOR_PRP_OR_LL_RESULT_AND_NO_ACTIVE_GIMPS_ASSIGNMENT,2026-08-06T12:58:23+00:00,UNALLOCATED,,,,,
SLCMP47-2089,2089,3217,154176251,2^154176251-1,STRUCTURAL_SCREEN_EXHAUSTED_PRIMALITY_UNASSIGNED,FIRST_SINGULARITY_SHELL_EXHAUSTED_PRIMALITY_UNASSIGNED,514,9595,9595,NO_RECORDED_FACTOR_PRP_OR_LL_RESULT_AND_NO_ACTIVE_GIMPS_ASSIGNMENT,2026-08-06T12:58:23+00:00,UNALLOCATED,,,,,
SLCMP47-2090,2090,3218,154176353,2^154176353-1,STRUCTURAL_SCREEN_EXHAUSTED_PRIMALITY_UNASSIGNED,FIRST_SINGULARITY_SHELL_EXHAUSTED_PRIMALITY_UNASSIGNED,513,9595,9595,NO_RECORDED_FACTOR_PRP_OR_LL_RESULT_AND_NO_ACTIVE_GIMPS_ASSIGNMENT,2026-08-06T12:58:23+00:00,UNALLOCATED,,,,,
SLCMP47-2091,2091,3219,154176443,2^154176443-1,STRUCTURAL_SCREEN_EXHAUSTED_PRIMALITY_UNASSIGNED,FIRST_SINGULARITY_SHELL_EXHAUSTED_PRIMALITY_UNASSIGNED,514,9595,9595,NO_RECORDED_FACTOR_PRP_OR_LL_RESULT_AND_NO_ACTIVE_GIMPS_ASSIGNMENT,2026-08-06T12:58:23+00:00,UNALLOCATED,,,,,
SLCMP47-2092,2092,3220,154176541,2^154176541-1,STRUCTURAL_SCREEN_EXHAUSTED_PRIMALITY_UNASSIGNED,FIRST_SINGULARITY_SHELL_EXHAUSTED_PRIMALITY_UNASSIGNED,513,9595,9595,NO_RECORDED_FACTOR_PRP_OR_LL_RESULT_AND_NO_ACTIVE_GIMPS_ASSIGNMENT,2026-08-06T12:58:23+00:00,UNALLOCATED,,,,,
SLCMP47-2093,2093,3221,154176619,2^154176619-1,STRUCTURAL_SCREEN_EXHAUSTED_PRIMALITY_UNASSIGNED,FIRST_SINGULARITY_SHELL_EXHAUSTED_PRIMALITY_UNASSIGNED,514,9595,9595,NO_RECORDED_FACTOR_PRP_OR_LL_RESULT_AND_NO_ACTIVE_GIMPS_ASSIGNMENT,2026-08-06T12:58:23+00:00,UNALLOCATED,,,,,
SLCMP47-2094,2094,3222,154176641,2^154176641-1,STRUCTURAL_SCREEN_EXHAUSTED_PRIMALITY_UNASSIGNED,FIRST_SINGULARITY_SHELL_EXHAUSTED_PRIMALITY_UNASSIGNED,513,9595,9595,NO_RECORDED_FACTOR_PRP_OR_LL_RESULT_AND_NO_ACTIVE_GIMPS_ASSIGNMENT,2026-08-06T12:58:23+00:00,UNALLOCATED,,,,,
SLCMP47-2095,2095,3223,154176667,2^154176667-1,STRUCTURAL_SCREEN_EXHAUSTED_PRIMALITY_UNASSIGNED,FIRST_SINGULARITY_SHELL_EXHAUSTED_PRIMALITY_UNASSIGNED,514,9595,9595,NO_RECORDED_FACTOR_PRP_OR_LL_RESULT_AND_NO_ACTIVE_GIMPS_ASSIGNMENT,2026-08-06T12:58:23+00:00,UNALLOCATED,,,,,
SLCMP47-2096,2096,3224,154176679,2^154176679-1,STRUCTURAL_SCREEN_EXHAUSTED_PRIMALITY_UNASSIGNED,FIRST_SINGULARITY_SHELL_EXHAUSTED_PRIMALITY_UNASSIGNED,514,9595,9595,NO_RECORDED_FACTOR_PRP_OR_LL_RESULT_AND_NO_ACTIVE_GIMPS_ASSIGNMENT,2026-08-06T12:58:23+00:00,UNALLOCATED,,,,,
SLCMP47-2097,2097,3225,154176727,2^154176727-1,STRUCTURAL_SCREEN_EXHAUSTED_PRIMALITY_UNASSIGNED,FIRST_SINGULARITY_SHELL_EXHAUSTED_PRIMALITY_UNASSIGNED,514,9595,9595,NO_RECORDED_FACTOR_PRP_OR_LL_RESULT_AND_NO_ACTIVE_GIMPS_ASSIGNMENT,2026-08-06T12:58:23+00:00,UNALLOCATED,,,,,
SLCMP47-2098,2098,3226,154176823,2^154176823-1,STRUCTURAL_SCREEN_EXHAUSTED_PRIMALITY_UNASSIGNED,FIRST_SINGULARITY_SHELL_EXHAUSTED_PRIMALITY_UNASSIGNED,514,9595,9595,NO_RECORDED_FACTOR_PRP_OR_LL_RESULT_AND_NO_ACTIVE_GIMPS_ASSIGNMENT,2026-08-06T12:58:23+00:00,UNALLOCATED,,,,,
SLCMP47-2099,2099,3227,154176863,2^154176863-1,STRUCTURAL_SCREEN_EXHAUSTED_PRIMALITY_UNASSIGNED,FIRST_SINGULARITY_SHELL_EXHAUSTED_PRIMALITY_UNASSIGNED,514,9595,9595,NO_RECORDED_FACTOR_PRP_OR_LL_RESULT_AND_NO_ACTIVE_GIMPS_ASSIGNMENT,2026-08-06T12:58:23+00:00,UNALLOCATED,,,,,
SLCMP47-2100,2100,3228,154176901,2^154176901-1,STRUCTURAL_SCREEN_EXHAUSTED_PRIMALITY_UNASSIGNED,FIRST_SINGULARITY_SHELL_EXHAUSTED_PRIMALITY_UNASSIGNED,513,9595,9595,NO_RECORDED_FACTOR_PRP_OR_LL_RESULT_AND_NO_ACTIVE_GIMPS_ASSIGNMENT,2026-08-06T12:58:23+00:00,UNALLOCATED,,,,,
SLCMP47-2101,2101,3229,154176929,2^154176929-1,STRUCTURAL_SCREEN_EXHAUSTED_PRIMALITY_UNASSIGNED,FIRST_SINGULARITY_SHELL_EXHAUSTED_PRIMALITY_UNASSIGNED,513,9595,9595,NO_RECORDED_FACTOR_PRP_OR_LL_RESULT_AND_NO_ACTIVE_GIMPS_ASSIGNMENT,2026-08-06T12:58:23+00:00,UNALLOCATED,,,,,
SLCMP47-2102,2102,3230,154177003,2^154177003-1,STRUCTURAL_SCREEN_EXHAUSTED_PRIMALITY_UNASSIGNED,FIRST_SINGULARITY_SHELL_EXHAUSTED_PRIMALITY_UNASSIGNED,514,9595,9595,NO_RECORDED_FACTOR_PRP_OR_LL_RESULT_AND_NO_ACTIVE_GIMPS_ASSIGNMENT,2026-08-06T12:58:23+00:00,UNALLOCATED,,,,,
SLCMP47-2103,2103,3231,154177019,2^154177019-1,STRUCTURAL_SCREEN_EXHAUSTED_PRIMALITY_UNASSIGNED,FIRST_SINGULARITY_SHELL_EXHAUSTED_PRIMALITY_UNASSIGNED,514,9595,9595,NO_RECORDED_FACTOR_PRP_OR_LL_RESULT_AND_NO_ACTIVE_GIMPS_ASSIGNMENT,2026-08-06T12:58:23+00:00,UNALLOCATED,,,,,
SLCMP47-2104,2104,3232,154177057,2^154177057-1,STRUCTURAL_SCREEN_EXHAUSTED_PRIMALITY_UNASSIGNED,FIRST_SINGULARITY_SHELL_EXHAUSTED_PRIMALITY_UNASSIGNED,513,9595,9595,NO_RECORDED_FACTOR_PRP_OR_LL_RESULT_AND_NO_ACTIVE_GIMPS_ASSIGNMENT,2026-08-06T12:58:23+00:00,UNALLOCATED,,,,,
SLCMP47-2105,2105,3233,154177109,2^154177109-1,STRUCTURAL_SCREEN_EXHAUSTED_PRIMALITY_UNASSIGNED,FIRST_SINGULARITY_SHELL_EXHAUSTED_PRIMALITY_UNASSIGNED,513,9595,9595,NO_RECORDED_FACTOR_PRP_OR_LL_RESULT_AND_NO_ACTIVE_GIMPS_ASSIGNMENT,2026-08-06T12:58:23+00:00,UNALLOCATED,,,,,
SLCMP47-2106,2106,3234,154177141,2^154177141-1,STRUCTURAL_SCREEN_EXHAUSTED_PRIMALITY_UNASSIGNED,FIRST_SINGULARITY_SHELL_EXHAUSTED_PRIMALITY_UNASSIGNED,513,9595,9595,NO_RECORDED_FACTOR_PRP_OR_LL_RESULT_AND_NO_ACTIVE_GIMPS_ASSIGNMENT,2026-08-06T12:58:23+00:00,UNALLOCATED,,,,,
SLCMP47-2107,2107,3235,154177183,2^154177183-1,STRUCTURAL_SCREEN_EXHAUSTED_PRIMALITY_UNASSIGNED,FIRST_SINGULARITY_SHELL_EXHAUSTED_PRIMALITY_UNASSIGNED,514,9595,9595,NO_RECORDED_FACTOR_PRP_OR_LL_RESULT_AND_NO_ACTIVE_GIMPS_ASSIGNMENT,2026-08-06T12:58:23+00:00,UNALLOCATED,,,,,
SLCMP47-2108,2108,3236,154177223,2^154177223-1,STRUCTURAL_SCREEN_EXHAUSTED_PRIMALITY_UNASSIGNED,FIRST_SINGULARITY_SHELL_EXHAUSTED_PRIMALITY_UNASSIGNED,514,9595,9595,NO_RECORDED_FACTOR_PRP_OR_LL_RESULT_AND_NO_ACTIVE_GIMPS_ASSIGNMENT,2026-08-06T12:58:23+00:00,UNALLOCATED,,,,,
SLCMP47-2109,2109,3237,154177237,2^154177237-1,STRUCTURAL_SCREEN_EXHAUSTED_PRIMALITY_UNASSIGNED,FIRST_SINGULARITY_SHELL_EXHAUSTED_PRIMALITY_UNASSIGNED,513,9595,9595,NO_RECORDED_FACTOR_PRP_OR_LL_RESULT_AND_NO_ACTIVE_GIMPS_ASSIGNMENT,2026-08-06T12:58:23+00:00,UNALLOCATED,,,,,
SLCMP47-2110,2110,3238,154177277,2^154177277-1,STRUCTURAL_SCREEN_EXHAUSTED_PRIMALITY_UNASSIGNED,FIRST_SINGULARITY_SHELL_EXHAUSTED_PRIMALITY_UNASSIGNED,513,9595,9595,NO_RECORDED_FACTOR_PRP_OR_LL_RESULT_AND_NO_ACTIVE_GIMPS_ASSIGNMENT,2026-08-06T12:58:23+00:00,UNALLOCATED,,,,,
SLCMP47-2111,2111,3239,154177367,2^154177367-1,STRUCTURAL_SCREEN_EXHAUSTED_PRIMALITY_UNASSIGNED,FIRST_SINGULARITY_SHELL_EXHAUSTED_PRIMALITY_UNASSIGNED,514,9595,9595,NO_RECORDED_FACTOR_PRP_OR_LL_RESULT_AND_NO_ACTIVE_GIMPS_ASSIGNMENT,2026-08-06T12:58:23+00:00,UNALLOCATED,,,,,
SLCMP47-2112,2112,3240,154177391,2^154177391-1,STRUCTURAL_SCREEN_EXHAUSTED_PRIMALITY_UNASSIGNED,FIRST_SINGULARITY_SHELL_EXHAUSTED_PRIMALITY_UNASSIGNED,514,9595,9595,NO_RECORDED_FACTOR_PRP_OR_LL_RESULT_AND_NO_ACTIVE_GIMPS_ASSIGNMENT,2026-08-06T12:58:23+00:00,UNALLOCATED,,,,,
SLCMP47-2113,2113,3241,154177421,2^154177421-1,STRUCTURAL_SCREEN_EXHAUSTED_PRIMALITY_UNASSIGNED,FIRST_SINGULARITY_SHELL_EXHAUSTED_PRIMALITY_UNASSIGNED,513,9595,9595,NO_RECORDED_FACTOR_PRP_OR_LL_RESULT_AND_NO_ACTIVE_GIMPS_ASSIGNMENT,2026-08-06T12:58:23+00:00,UNALLOCATED,,,,,
SLCMP47-2114,2114,3242,154177447,2^154177447-1,STRUCTURAL_SCREEN_EXHAUSTED_PRIMALITY_UNASSIGNED,FIRST_SINGULARITY_SHELL_EXHAUSTED_PRIMALITY_UNASSIGNED,514,9595,9595,NO_RECORDED_FACTOR_PRP_OR_LL_RESULT_AND_NO_ACTIVE_GIMPS_ASSIGNMENT,2026-08-06T12:58:23+00:00,UNALLOCATED,,,,,
SLCMP47-2115,2115,3243,154177481,2^154177481-1,STRUCTURAL_SCREEN_EXHAUSTED_PRIMALITY_UNASSIGNED,FIRST_SINGULARITY_SHELL_EXHAUSTED_PRIMALITY_UNASSIGNED,513,9595,9595,NO_RECORDED_FACTOR_PRP_OR_LL_RESULT_AND_NO_ACTIVE_GIMPS_ASSIGNMENT,2026-08-06T12:58:23+00:00,UNALLOCATED,,,,,
SLCMP47-2116,2116,3244,154177537,2^154177537-1,STRUCTURAL_SCREEN_EXHAUSTED_PRIMALITY_UNASSIGNED,FIRST_SINGULARITY_SHELL_EXHAUSTED_PRIMALITY_UNASSIGNED,513,9595,9595,NO_RECORDED_FACTOR_PRP_OR_LL_RESULT_AND_NO_ACTIVE_GIMPS_ASSIGNMENT,2026-08-06T12:58:23+00:00,UNALLOCATED,,,,,
SLCMP47-2117,2117,3245,154177553,2^154177553-1,STRUCTURAL_SCREEN_EXHAUSTED_PRIMALITY_UNASSIGNED,FIRST_SINGULARITY_SHELL_EXHAUSTED_PRIMALITY_UNASSIGNED,513,9595,9595,NO_RECORDED_FACTOR_PRP_OR_LL_RESULT_AND_NO_ACTIVE_GIMPS_ASSIGNMENT,2026-08-06T12:58:23+00:00,UNALLOCATED,,,,,
SLCMP47-2118,2118,3246,154177651,2^154177651-1,STRUCTURAL_SCREEN_EXHAUSTED_PRIMALITY_UNASSIGNED,FIRST_SINGULARITY_SHELL_EXHAUSTED_PRIMALITY_UNASSIGNED,514,9595,9595,NO_RECORDED_FACTOR_PRP_OR_LL_RESULT_AND_NO_ACTIVE_GIMPS_ASSIGNMENT,2026-08-06T12:58:23+00:00,UNALLOCATED,,,,,
SLCMP47-2119,2119,3247,154177693,2^154177693-1,STRUCTURAL_SCREEN_EXHAUSTED_PRIMALITY_UNASSIGNED,FIRST_SINGULARITY_SHELL_EXHAUSTED_PRIMALITY_UNASSIGNED,513,9595,9595,NO_RECORDED_FACTOR_PRP_OR_LL_RESULT_AND_NO_ACTIVE_GIMPS_ASSIGNMENT,2026-08-06T12:58:23+00:00,UNALLOCATED,,,,,
SLCMP47-2120,2120,3248,154177703,2^154177703-1,STRUCTURAL_SCREEN_EXHAUSTED_PRIMALITY_UNASSIGNED,FIRST_SINGULARITY_SHELL_EXHAUSTED_PRIMALITY_UNASSIGNED,514,9595,9595,NO_RECORDED_FACTOR_PRP_OR_LL_RESULT_AND_NO_ACTIVE_GIMPS_ASSIGNMENT,2026-08-06T12:58:23+00:00,UNALLOCATED,,,,,
SLCMP47-2121,2121,3249,154177721,2^154177721-1,STRUCTURAL_SCREEN_EXHAUSTED_PRIMALITY_UNASSIGNED,FIRST_SINGULARITY_SHELL_EXHAUSTED_PRIMALITY_UNASSIGNED,513,9595,9595,NO_RECORDED_FACTOR_PRP_OR_LL_RESULT_AND_NO_ACTIVE_GIMPS_ASSIGNMENT,2026-08-06T12:58:23+00:00,UNALLOCATED,,,,,
SLCMP47-2122,2122,3250,154177741,2^154177741-1,STRUCTURAL_SCREEN_EXHAUSTED_PRIMALITY_UNASSIGNED,FIRST_SINGULARITY_SHELL_EXHAUSTED_PRIMALITY_UNASSIGNED,513,9595,9595,NO_RECORDED_FACTOR_PRP_OR_LL_RESULT_AND_NO_ACTIVE_GIMPS_ASSIGNMENT,2026-08-06T12:58:23+00:00,UNALLOCATED,,,,,
SLCMP47-2123,2123,3251,154177783,2^154177783-1,STRUCTURAL_SCREEN_EXHAUSTED_PRIMALITY_UNASSIGNED,FIRST_SINGULARITY_SHELL_EXHAUSTED_PRIMALITY_UNASSIGNED,514,9595,9595,NO_RECORDED_FACTOR_PRP_OR_LL_RESULT_AND_NO_ACTIVE_GIMPS_ASSIGNMENT,2026-08-06T12:58:23+00:00,UNALLOCATED,,,,,
SLCMP47-2124,2124,3252,154177831,2^154177831-1,STRUCTURAL_SCREEN_EXHAUSTED_PRIMALITY_UNASSIGNED,FIRST_SINGULARITY_SHELL_EXHAUSTED_PRIMALITY_UNASSIGNED,514,9595,9595,NO_RECORDED_FACTOR_PRP_OR_LL_RESULT_AND_NO_ACTIVE_GIMPS_ASSIGNMENT,2026-08-06T12:58:23+00:00,UNALLOCATED,,,,,
SLCMP47-2125,2125,3253,154177843,2^154177843-1,STRUCTURAL_SCREEN_EXHAUSTED_PRIMALITY_UNASSIGNED,FIRST_SINGULARITY_SHELL_EXHAUSTED_PRIMALITY_UNASSIGNED,514,9595,9595,NO_RECORDED_FACTOR_PRP_OR_LL_RESULT_AND_NO_ACTIVE_GIMPS_ASSIGNMENT,2026-08-06T12:58:23+00:00,UNALLOCATED,,,,,
SLCMP47-2126,2126,3254,154177979,2^154177979-1,STRUCTURAL_SCREEN_EXHAUSTED_PRIMALITY_UNASSIGNED,FIRST_SINGULARITY_SHELL_EXHAUSTED_PRIMALITY_UNASSIGNED,514,9595,9595,NO_RECORDED_FACTOR_PRP_OR_LL_RESULT_AND_NO_ACTIVE_GIMPS_ASSIGNMENT,2026-08-06T12:58:23+00:00,UNALLOCATED,,,,,
SLCMP47-2127,2127,3255,154177997,2^154177997-1,STRUCTURAL_SCREEN_EXHAUSTED_PRIMALITY_UNASSIGNED,FIRST_SINGULARITY_SHELL_EXHAUSTED_PRIMALITY_UNASSIGNED,513,9595,9595,NO_RECORDED_FACTOR_PRP_OR_LL_RESULT_AND_NO_ACTIVE_GIMPS_ASSIGNMENT,2026-08-06T12:58:23+00:00,UNALLOCATED,,,,,
SLCMP47-2128,2128,3256,154178071,2^154178071-1,STRUCTURAL_SCREEN_EXHAUSTED_PRIMALITY_UNASSIGNED,FIRST_SINGULARITY_SHELL_EXHAUSTED_PRIMALITY_UNASSIGNED,514,9595,9595,NO_RECORDED_FACTOR_PRP_OR_LL_RESULT_AND_NO_ACTIVE_GIMPS_ASSIGNMENT,2026-08-06T12:58:23+00:00,UNALLOCATED,,,,,
SLCMP47-2129,2129,3257,154178201,2^154178201-1,STRUCTURAL_SCREEN_EXHAUSTED_PRIMALITY_UNASSIGNED,FIRST_SINGULARITY_SHELL_EXHAUSTED_PRIMALITY_UNASSIGNED,513,9595,9595,NO_RECORDED_FACTOR_PRP_OR_LL_RESULT_AND_NO_ACTIVE_GIMPS_ASSIGNMENT,2026-08-06T12:58:23+00:00,UNALLOCATED,,,,,
SLCMP47-2130,2130,3258,154178459,2^154178459-1,STRUCTURAL_SCREEN_EXHAUSTED_PRIMALITY_UNASSIGNED,FIRST_SINGULARITY_SHELL_EXHAUSTED_PRIMALITY_UNASSIGNED,514,9595,9595,NO_RECORDED_FACTOR_PRP_OR_LL_RESULT_AND_NO_ACTIVE_GIMPS_ASSIGNMENT,2026-08-06T12:58:23+00:00,UNALLOCATED,,,,,
SLCMP47-2131,2131,3259,154178473,2^154178473-1,STRUCTURAL_SCREEN_EXHAUSTED_PRIMALITY_UNASSIGNED,FIRST_SINGULARITY_SHELL_EXHAUSTED_PRIMALITY_UNASSIGNED,513,9595,9595,NO_RECORDED_FACTOR_PRP_OR_LL_RESULT_AND_NO_ACTIVE_GIMPS_ASSIGNMENT,2026-08-06T12:58:23+00:00,UNALLOCATED,,,,,
SLCMP47-2132,2132,3260,154178513,2^154178513-1,STRUCTURAL_SCREEN_EXHAUSTED_PRIMALITY_UNASSIGNED,FIRST_SINGULARITY_SHELL_EXHAUSTED_PRIMALITY_UNASSIGNED,513,9595,9595,NO_RECORDED_FACTOR_PRP_OR_LL_RESULT_AND_NO_ACTIVE_GIMPS_ASSIGNMENT,2026-08-06T12:58:23+00:00,UNALLOCATED,,,,,
SLCMP47-2133,2133,3261,154178617,2^154178617-1,STRUCTURAL_SCREEN_EXHAUSTED_PRIMALITY_UNASSIGNED,FIRST_SINGULARITY_SHELL_EXHAUSTED_PRIMALITY_UNASSIGNED,513,9595,9595,NO_RECORDED_FACTOR_PRP_OR_LL_RESULT_AND_NO_ACTIVE_GIMPS_ASSIGNMENT,2026-08-06T12:58:23+00:00,UNALLOCATED,,,,,
SLCMP47-2134,2134,3262,154178671,2^154178671-1,STRUCTURAL_SCREEN_EXHAUSTED_PRIMALITY_UNASSIGNED,FIRST_SINGULARITY_SHELL_EXHAUSTED_PRIMALITY_UNASSIGNED,514,9595,9595,NO_RECORDED_FACTOR_PRP_OR_LL_RESULT_AND_NO_ACTIVE_GIMPS_ASSIGNMENT,2026-08-06T12:58:23+00:00,UNALLOCATED,,,,,
SLCMP47-2135,2135,3263,154178699,2^154178699-1,STRUCTURAL_SCREEN_EXHAUSTED_PRIMALITY_UNASSIGNED,FIRST_SINGULARITY_SHELL_EXHAUSTED_PRIMALITY_UNASSIGNED,514,9595,9595,NO_RECORDED_FACTOR_PRP_OR_LL_RESULT_AND_NO_ACTIVE_GIMPS_ASSIGNMENT,2026-08-06T12:58:23+00:00,UNALLOCATED,,,,,
SLCMP47-2136,2136,3264,154178771,2^154178771-1,STRUCTURAL_SCREEN_EXHAUSTED_PRIMALITY_UNASSIGNED,FIRST_SINGULARITY_SHELL_EXHAUSTED_PRIMALITY_UNASSIGNED,514,9595,9595,NO_RECORDED_FACTOR_PRP_OR_LL_RESULT_AND_NO_ACTIVE_GIMPS_ASSIGNMENT,2026-08-06T12:58:23+00:00,UNALLOCATED,,,,,
SLCMP47-2137,2137,3265,154178803,2^154178803-1,STRUCTURAL_SCREEN_EXHAUSTED_PRIMALITY_UNASSIGNED,FIRST_SINGULARITY_SHELL_EXHAUSTED_PRIMALITY_UNASSIGNED,514,9595,9595,NO_RECORDED_FACTOR_PRP_OR_LL_RESULT_AND_NO_ACTIVE_GIMPS_ASSIGNMENT,2026-08-06T12:58:23+00:00,UNALLOCATED,,,,,
SLCMP47-2138,2138,3266,154178851,2^154178851-1,STRUCTURAL_SCREEN_EXHAUSTED_PRIMALITY_UNASSIGNED,FIRST_SINGULARITY_SHELL_EXHAUSTED_PRIMALITY_UNASSIGNED,514,9595,9595,NO_RECORDED_FACTOR_PRP_OR_LL_RESULT_AND_NO_ACTIVE_GIMPS_ASSIGNMENT,2026-08-06T12:58:23+00:00,UNALLOCATED,,,,,
SLCMP47-2139,2139,3267,154178887,2^154178887-1,STRUCTURAL_SCREEN_EXHAUSTED_PRIMALITY_UNASSIGNED,FIRST_SINGULARITY_SHELL_EXHAUSTED_PRIMALITY_UNASSIGNED,514,9595,9595,NO_RECORDED_FACTOR_PRP_OR_LL_RESULT_AND_NO_ACTIVE_GIMPS_ASSIGNMENT,2026-08-06T12:58:23+00:00,UNALLOCATED,,,,,
SLCMP47-2140,2140,3268,154178923,2^154178923-1,STRUCTURAL_SCREEN_EXHAUSTED_PRIMALITY_UNASSIGNED,FIRST_SINGULARITY_SHELL_EXHAUSTED_PRIMALITY_UNASSIGNED,514,9595,9595,NO_RECORDED_FACTOR_PRP_OR_LL_RESULT_AND_NO_ACTIVE_GIMPS_ASSIGNMENT,2026-08-06T12:58:23+00:00,UNALLOCATED,,,,,
SLCMP47-2141,2141,3269,154179101,2^154179101-1,STRUCTURAL_SCREEN_EXHAUSTED_PRIMALITY_UNASSIGNED,FIRST_SINGULARITY_SHELL_EXHAUSTED_PRIMALITY_UNASSIGNED,513,9595,9595,NO_RECORDED_FACTOR_PRP_OR_LL_RESULT_AND_NO_ACTIVE_GIMPS_ASSIGNMENT,2026-08-06T12:58:23+00:00,UNALLOCATED,,,,,
SLCMP47-2142,2142,3270,154179107,2^154179107-1,STRUCTURAL_SCREEN_EXHAUSTED_PRIMALITY_UNASSIGNED,FIRST_SINGULARITY_SHELL_EXHAUSTED_PRIMALITY_UNASSIGNED,514,9595,9595,NO_RECORDED_FACTOR_PRP_OR_LL_RESULT_AND_NO_ACTIVE_GIMPS_ASSIGNMENT,2026-08-06T12:58:23+00:00,UNALLOCATED,,,,,
SLCMP47-2143,2143,3271,154179133,2^154179133-1,STRUCTURAL_SCREEN_EXHAUSTED_PRIMALITY_UNASSIGNED,FIRST_SINGULARITY_SHELL_EXHAUSTED_PRIMALITY_UNASSIGNED,513,9595,9595,NO_RECORDED_FACTOR_PRP_OR_LL_RESULT_AND_NO_ACTIVE_GIMPS_ASSIGNMENT,2026-08-06T12:58:23+00:00,UNALLOCATED,,,,,
SLCMP47-2144,2144,3272,154179191,2^154179191-1,STRUCTURAL_SCREEN_EXHAUSTED_PRIMALITY_UNASSIGNED,FIRST_SINGULARITY_SHELL_EXHAUSTED_PRIMALITY_UNASSIGNED,514,9595,9595,NO_RECORDED_FACTOR_PRP_OR_LL_RESULT_AND_NO_ACTIVE_GIMPS_ASSIGNMENT,2026-08-06T12:58:23+00:00,UNALLOCATED,,,,,
SLCMP47-2145,2145,3273,154179203,2^154179203-1,STRUCTURAL_SCREEN_EXHAUSTED_PRIMALITY_UNASSIGNED,FIRST_SINGULARITY_SHELL_EXHAUSTED_PRIMALITY_UNASSIGNED,514,9595,9595,NO_RECORDED_FACTOR_PRP_OR_LL_RESULT_AND_NO_ACTIVE_GIMPS_ASSIGNMENT,2026-08-06T12:58:23+00:00,UNALLOCATED,,,,,
SLCMP47-2146,2146,3274,154179353,2^154179353-1,STRUCTURAL_SCREEN_EXHAUSTED_PRIMALITY_UNASSIGNED,FIRST_SINGULARITY_SHELL_EXHAUSTED_PRIMALITY_UNASSIGNED,513,9595,9595,NO_RECORDED_FACTOR_PRP_OR_LL_RESULT_AND_NO_ACTIVE_GIMPS_ASSIGNMENT,2026-08-06T12:58:23+00:00,UNALLOCATED,,,,,
SLCMP47-2147,2147,3275,154179527,2^154179527-1,STRUCTURAL_SCREEN_EXHAUSTED_PRIMALITY_UNASSIGNED,FIRST_SINGULARITY_SHELL_EXHAUSTED_PRIMALITY_UNASSIGNED,514,9595,9595,NO_RECORDED_FACTOR_PRP_OR_LL_RESULT_AND_NO_ACTIVE_GIMPS_ASSIGNMENT,2026-08-06T12:58:23+00:00,UNALLOCATED,,,,,
SLCMP47-2148,2148,3276,154179691,2^154179691-1,STRUCTURAL_SCREEN_EXHAUSTED_PRIMALITY_UNASSIGNED,FIRST_SINGULARITY_SHELL_EXHAUSTED_PRIMALITY_UNASSIGNED,514,9595,9595,NO_RECORDED_FACTOR_PRP_OR_LL_RESULT_AND_NO_ACTIVE_GIMPS_ASSIGNMENT,2026-08-06T12:58:23+00:00,UNALLOCATED,,,,,
SLCMP47-2149,2149,3277,154179733,2^154179733-1,STRUCTURAL_SCREEN_EXHAUSTED_PRIMALITY_UNASSIGNED,FIRST_SINGULARITY_SHELL_EXHAUSTED_PRIMALITY_UNASSIGNED,513,9595,9595,NO_RECORDED_FACTOR_PRP_OR_LL_RESULT_AND_NO_ACTIVE_GIMPS_ASSIGNMENT,2026-08-06T12:58:23+00:00,UNALLOCATED,,,,,
SLCMP47-2150,2150,3278,154179913,2^154179913-1,STRUCTURAL_SCREEN_EXHAUSTED_PRIMALITY_UNASSIGNED,FIRST_SINGULARITY_SHELL_EXHAUSTED_PRIMALITY_UNASSIGNED,513,9595,9595,NO_RECORDED_FACTOR_PRP_OR_LL_RESULT_AND_NO_ACTIVE_GIMPS_ASSIGNMENT,2026-08-06T12:58:23+00:00,UNALLOCATED,,,,,
SLCMP47-2151,2151,3279,154179917,2^154179917-1,STRUCTURAL_SCREEN_EXHAUSTED_PRIMALITY_UNASSIGNED,FIRST_SINGULARITY_SHELL_EXHAUSTED_PRIMALITY_UNASSIGNED,513,9595,9595,NO_RECORDED_FACTOR_PRP_OR_LL_RESULT_AND_NO_ACTIVE_GIMPS_ASSIGNMENT,2026-08-06T12:58:23+00:00,UNALLOCATED,,,,,
SLCMP47-2152,2152,3280,154179929,2^154179929-1,STRUCTURAL_SCREEN_EXHAUSTED_PRIMALITY_UNASSIGNED,FIRST_SINGULARITY_SHELL_EXHAUSTED_PRIMALITY_UNASSIGNED,513,9595,9595,NO_RECORDED_FACTOR_PRP_OR_LL_RESULT_AND_NO_ACTIVE_GIMPS_ASSIGNMENT,2026-08-06T12:58:23+00:00,UNALLOCATED,,,,,
SLCMP47-2153,2153,3281,154179943,2^154179943-1,STRUCTURAL_SCREEN_EXHAUSTED_PRIMALITY_UNASSIGNED,FIRST_SINGULARITY_SHELL_EXHAUSTED_PRIMALITY_UNASSIGNED,514,9595,9595,NO_RECORDED_FACTOR_PRP_OR_LL_RESULT_AND_NO_ACTIVE_GIMPS_ASSIGNMENT,2026-08-06T12:58:23+00:00,UNALLOCATED,,,,,
SLCMP47-2154,2154,3282,154179973,2^154179973-1,STRUCTURAL_SCREEN_EXHAUSTED_PRIMALITY_UNASSIGNED,FIRST_SINGULARITY_SHELL_EXHAUSTED_PRIMALITY_UNASSIGNED,513,9595,9595,NO_RECORDED_FACTOR_PRP_OR_LL_RESULT_AND_NO_ACTIVE_GIMPS_ASSIGNMENT,2026-08-06T12:58:23+00:00,UNALLOCATED,,,,,
SLCMP47-2155,2155,3283,154180087,2^154180087-1,STRUCTURAL_SCREEN_EXHAUSTED_PRIMALITY_UNASSIGNED,FIRST_SINGULARITY_SHELL_EXHAUSTED_PRIMALITY_UNASSIGNED,514,9595,9595,NO_RECORDED_FACTOR_PRP_OR_LL_RESULT_AND_NO_ACTIVE_GIMPS_ASSIGNMENT,2026-08-06T12:58:23+00:00,UNALLOCATED,,,,,
SLCMP47-2156,2156,3284,154180093,2^154180093-1,STRUCTURAL_SCREEN_EXHAUSTED_PRIMALITY_UNASSIGNED,FIRST_SINGULARITY_SHELL_EXHAUSTED_PRIMALITY_UNASSIGNED,513,9595,9595,NO_RECORDED_FACTOR_PRP_OR_LL_RESULT_AND_NO_ACTIVE_GIMPS_ASSIGNMENT,2026-08-06T12:58:23+00:00,UNALLOCATED,,,,,
SLCMP47-2157,2157,3285,154180133,2^154180133-1,STRUCTURAL_SCREEN_EXHAUSTED_PRIMALITY_UNASSIGNED,FIRST_SINGULARITY_SHELL_EXHAUSTED_PRIMALITY_UNASSIGNED,513,9595,9595,NO_RECORDED_FACTOR_PRP_OR_LL_RESULT_AND_NO_ACTIVE_GIMPS_ASSIGNMENT,2026-08-06T12:58:23+00:00,UNALLOCATED,,,,,
SLCMP47-2158,2158,3286,154180141,2^154180141-1,STRUCTURAL_SCREEN_EXHAUSTED_PRIMALITY_UNASSIGNED,FIRST_SINGULARITY_SHELL_EXHAUSTED_PRIMALITY_UNASSIGNED,513,9595,9595,NO_RECORDED_FACTOR_PRP_OR_LL_RESULT_AND_NO_ACTIVE_GIMPS_ASSIGNMENT,2026-08-06T12:58:23+00:00,UNALLOCATED,,,,,
SLCMP47-2159,2159,3287,154180181,2^154180181-1,STRUCTURAL_SCREEN_EXHAUSTED_PRIMALITY_UNASSIGNED,FIRST_SINGULARITY_SHELL_EXHAUSTED_PRIMALITY_UNASSIGNED,513,9595,9595,NO_RECORDED_FACTOR_PRP_OR_LL_RESULT_AND_NO_ACTIVE_GIMPS_ASSIGNMENT,2026-08-06T12:58:23+00:00,UNALLOCATED,,,,,
SLCMP47-2160,2160,3288,154180217,2^154180217-1,STRUCTURAL_SCREEN_EXHAUSTED_PRIMALITY_UNASSIGNED,FIRST_SINGULARITY_SHELL_EXHAUSTED_PRIMALITY_UNASSIGNED,513,9595,9595,NO_RECORDED_FACTOR_PRP_OR_LL_RESULT_AND_NO_ACTIVE_GIMPS_ASSIGNMENT,2026-08-06T12:58:23+00:00,UNALLOCATED,,,,,
SLCMP47-2161,2161,3289,154180291,2^154180291-1,STRUCTURAL_SCREEN_EXHAUSTED_PRIMALITY_UNASSIGNED,FIRST_SINGULARITY_SHELL_EXHAUSTED_PRIMALITY_UNASSIGNED,514,9595,9595,NO_RECORDED_FACTOR_PRP_OR_LL_RESULT_AND_NO_ACTIVE_GIMPS_ASSIGNMENT,2026-08-06T12:58:23+00:00,UNALLOCATED,,,,,
SLCMP47-2162,2162,3290,154180297,2^154180297-1,STRUCTURAL_SCREEN_EXHAUSTED_PRIMALITY_UNASSIGNED,FIRST_SINGULARITY_SHELL_EXHAUSTED_PRIMALITY_UNASSIGNED,513,9595,9595,NO_RECORDED_FACTOR_PRP_OR_LL_RESULT_AND_NO_ACTIVE_GIMPS_ASSIGNMENT,2026-08-06T12:58:23+00:00,UNALLOCATED,,,,,
SLCMP47-2163,2163,3291,154180303,2^154180303-1,STRUCTURAL_SCREEN_EXHAUSTED_PRIMALITY_UNASSIGNED,FIRST_SINGULARITY_SHELL_EXHAUSTED_PRIMALITY_UNASSIGNED,514,9595,9595,NO_RECORDED_FACTOR_PRP_OR_LL_RESULT_AND_NO_ACTIVE_GIMPS_ASSIGNMENT,2026-08-06T12:58:23+00:00,UNALLOCATED,,,,,
SLCMP47-2164,2164,3292,154180343,2^154180343-1,STRUCTURAL_SCREEN_EXHAUSTED_PRIMALITY_UNASSIGNED,FIRST_SINGULARITY_SHELL_EXHAUSTED_PRIMALITY_UNASSIGNED,514,9595,9595,NO_RECORDED_FACTOR_PRP_OR_LL_RESULT_AND_NO_ACTIVE_GIMPS_ASSIGNMENT,2026-08-06T12:58:23+00:00,UNALLOCATED,,,,,
SLCMP47-2165,2165,3293,154180363,2^154180363-1,STRUCTURAL_SCREEN_EXHAUSTED_PRIMALITY_UNASSIGNED,FIRST_SINGULARITY_SHELL_EXHAUSTED_PRIMALITY_UNASSIGNED,514,9595,9595,NO_RECORDED_FACTOR_PRP_OR_LL_RESULT_AND_NO_ACTIVE_GIMPS_ASSIGNMENT,2026-08-06T12:58:23+00:00,UNALLOCATED,,,,,
SLCMP47-2166,2166,3294,154180417,2^154180417-1,STRUCTURAL_SCREEN_EXHAUSTED_PRIMALITY_UNASSIGNED,FIRST_SINGULARITY_SHELL_EXHAUSTED_PRIMALITY_UNASSIGNED,513,9595,9595,NO_RECORDED_FACTOR_PRP_OR_LL_RESULT_AND_NO_ACTIVE_GIMPS_ASSIGNMENT,2026-08-06T12:58:23+00:00,UNALLOCATED,,,,,
SLCMP47-2167,2167,3295,154180441,2^154180441-1,STRUCTURAL_SCREEN_EXHAUSTED_PRIMALITY_UNASSIGNED,FIRST_SINGULARITY_SHELL_EXHAUSTED_PRIMALITY_UNASSIGNED,513,9595,9595,NO_RECORDED_FACTOR_PRP_OR_LL_RESULT_AND_NO_ACTIVE_GIMPS_ASSIGNMENT,2026-08-06T12:58:23+00:00,UNALLOCATED,,,,,
SLCMP47-2168,2168,3296,154180519,2^154180519-1,STRUCTURAL_SCREEN_EXHAUSTED_PRIMALITY_UNASSIGNED,FIRST_SINGULARITY_SHELL_EXHAUSTED_PRIMALITY_UNASSIGNED,514,9595,9595,NO_RECORDED_FACTOR_PRP_OR_LL_RESULT_AND_NO_ACTIVE_GIMPS_ASSIGNMENT,2026-08-06T12:58:23+00:00,UNALLOCATED,,,,,
SLCMP47-2169,2169,3297,154180529,2^154180529-1,STRUCTURAL_SCREEN_EXHAUSTED_PRIMALITY_UNASSIGNED,FIRST_SINGULARITY_SHELL_EXHAUSTED_PRIMALITY_UNASSIGNED,513,9595,9595,NO_RECORDED_FACTOR_PRP_OR_LL_RESULT_AND_NO_ACTIVE_GIMPS_ASSIGNMENT,2026-08-06T12:58:23+00:00,UNALLOCATED,,,,,
SLCMP47-2170,2170,3298,154180549,2^154180549-1,STRUCTURAL_SCREEN_EXHAUSTED_PRIMALITY_UNASSIGNED,FIRST_SINGULARITY_SHELL_EXHAUSTED_PRIMALITY_UNASSIGNED,513,9595,9595,NO_RECORDED_FACTOR_PRP_OR_LL_RESULT_AND_NO_ACTIVE_GIMPS_ASSIGNMENT,2026-08-06T12:58:23+00:00,UNALLOCATED,,,,,
SLCMP47-2171,2171,3299,154180589,2^154180589-1,STRUCTURAL_SCREEN_EXHAUSTED_PRIMALITY_UNASSIGNED,FIRST_SINGULARITY_SHELL_EXHAUSTED_PRIMALITY_UNASSIGNED,513,9595,9595,NO_RECORDED_FACTOR_PRP_OR_LL_RESULT_AND_NO_ACTIVE_GIMPS_ASSIGNMENT,2026-08-06T12:58:23+00:00,UNALLOCATED,,,,,
SLCMP47-2172,2172,3300,154180889,2^154180889-1,STRUCTURAL_SCREEN_EXHAUSTED_PRIMALITY_UNASSIGNED,FIRST_SINGULARITY_SHELL_EXHAUSTED_PRIMALITY_UNASSIGNED,513,9595,9595,NO_RECORDED_FACTOR_PRP_OR_LL_RESULT_AND_NO_ACTIVE_GIMPS_ASSIGNMENT,2026-08-06T12:58:23+00:00,UNALLOCATED,,,,,
SLCMP47-2173,2173,3301,154180933,2^154180933-1,STRUCTURAL_SCREEN_EXHAUSTED_PRIMALITY_UNASSIGNED,FIRST_SINGULARITY_SHELL_EXHAUSTED_PRIMALITY_UNASSIGNED,513,9595,9595,NO_RECORDED_FACTOR_PRP_OR_LL_RESULT_AND_NO_ACTIVE_GIMPS_ASSIGNMENT,2026-08-06T12:58:23+00:00,UNALLOCATED,,,,,
SLCMP47-2174,2174,3302,154180969,2^154180969-1,STRUCTURAL_SCREEN_EXHAUSTED_PRIMALITY_UNASSIGNED,FIRST_SINGULARITY_SHELL_EXHAUSTED_PRIMALITY_UNASSIGNED,513,9595,9595,NO_RECORDED_FACTOR_PRP_OR_LL_RESULT_AND_NO_ACTIVE_GIMPS_ASSIGNMENT,2026-08-06T12:58:23+00:00,UNALLOCATED,,,,,
SLCMP47-2175,2175,3303,154180981,2^154180981-1,STRUCTURAL_SCREEN_EXHAUSTED_PRIMALITY_UNASSIGNED,FIRST_SINGULARITY_SHELL_EXHAUSTED_PRIMALITY_UNASSIGNED,513,9595,9595,NO_RECORDED_FACTOR_PRP_OR_LL_RESULT_AND_NO_ACTIVE_GIMPS_ASSIGNMENT,2026-08-06T12:58:23+00:00,UNALLOCATED,,,,,
SLCMP47-2176,2176,3304,154181059,2^154181059-1,STRUCTURAL_SCREEN_EXHAUSTED_PRIMALITY_UNASSIGNED,FIRST_SINGULARITY_SHELL_EXHAUSTED_PRIMALITY_UNASSIGNED,514,9595,9595,NO_RECORDED_FACTOR_PRP_OR_LL_RESULT_AND_NO_ACTIVE_GIMPS_ASSIGNMENT,2026-08-06T12:58:23+00:00,UNALLOCATED,,,,,
SLCMP47-2177,2177,3305,154181089,2^154181089-1,STRUCTURAL_SCREEN_EXHAUSTED_PRIMALITY_UNASSIGNED,FIRST_SINGULARITY_SHELL_EXHAUSTED_PRIMALITY_UNASSIGNED,513,9595,9595,NO_RECORDED_FACTOR_PRP_OR_LL_RESULT_AND_NO_ACTIVE_GIMPS_ASSIGNMENT,2026-08-06T12:58:23+00:00,UNALLOCATED,,,,,
SLCMP47-2178,2178,3306,154181119,2^154181119-1,STRUCTURAL_SCREEN_EXHAUSTED_PRIMALITY_UNASSIGNED,FIRST_SINGULARITY_SHELL_EXHAUSTED_PRIMALITY_UNASSIGNED,514,9595,9595,NO_RECORDED_FACTOR_PRP_OR_LL_RESULT_AND_NO_ACTIVE_GIMPS_ASSIGNMENT,2026-08-06T12:58:23+00:00,UNALLOCATED,,,,,
SLCMP47-2179,2179,3307,154181123,2^154181123-1,STRUCTURAL_SCREEN_EXHAUSTED_PRIMALITY_UNASSIGNED,FIRST_SINGULARITY_SHELL_EXHAUSTED_PRIMALITY_UNASSIGNED,514,9595,9595,NO_RECORDED_FACTOR_PRP_OR_LL_RESULT_AND_NO_ACTIVE_GIMPS_ASSIGNMENT,2026-08-06T12:58:23+00:00,UNALLOCATED,,,,,
SLCMP47-2180,2180,3308,154181129,2^154181129-1,STRUCTURAL_SCREEN_EXHAUSTED_PRIMALITY_UNASSIGNED,FIRST_SINGULARITY_SHELL_EXHAUSTED_PRIMALITY_UNASSIGNED,513,9595,9595,NO_RECORDED_FACTOR_PRP_OR_LL_RESULT_AND_NO_ACTIVE_GIMPS_ASSIGNMENT,2026-08-06T12:58:23+00:00,UNALLOCATED,,,,,
SLCMP47-2181,2181,3309,154181201,2^154181201-1,STRUCTURAL_SCREEN_EXHAUSTED_PRIMALITY_UNASSIGNED,FIRST_SINGULARITY_SHELL_EXHAUSTED_PRIMALITY_UNASSIGNED,513,9595,9595,NO_RECORDED_FACTOR_PRP_OR_LL_RESULT_AND_NO_ACTIVE_GIMPS_ASSIGNMENT,2026-08-06T12:58:23+00:00,UNALLOCATED,,,,,
SLCMP47-2182,2182,3310,154181243,2^154181243-1,STRUCTURAL_SCREEN_EXHAUSTED_PRIMALITY_UNASSIGNED,FIRST_SINGULARITY_SHELL_EXHAUSTED_PRIMALITY_UNASSIGNED,514,9595,9595,NO_RECORDED_FACTOR_PRP_OR_LL_RESULT_AND_NO_ACTIVE_GIMPS_ASSIGNMENT,2026-08-06T12:58:23+00:00,UNALLOCATED,,,,,
SLCMP47-2183,2183,3311,154181323,2^154181323-1,STRUCTURAL_SCREEN_EXHAUSTED_PRIMALITY_UNASSIGNED,FIRST_SINGULARITY_SHELL_EXHAUSTED_PRIMALITY_UNASSIGNED,514,9595,9595,NO_RECORDED_FACTOR_PRP_OR_LL_RESULT_AND_NO_ACTIVE_GIMPS_ASSIGNMENT,2026-08-06T12:58:23+00:00,UNALLOCATED,,,,,
SLCMP47-2184,2184,3312,154181353,2^154181353-1,STRUCTURAL_SCREEN_EXHAUSTED_PRIMALITY_UNASSIGNED,FIRST_SINGULARITY_SHELL_EXHAUSTED_PRIMALITY_UNASSIGNED,513,9595,9595,NO_RECORDED_FACTOR_PRP_OR_LL_RESULT_AND_NO_ACTIVE_GIMPS_ASSIGNMENT,2026-08-06T12:58:23+00:00,UNALLOCATED,,,,,
SLCMP47-2185,2185,3313,154181413,2^154181413-1,STRUCTURAL_SCREEN_EXHAUSTED_PRIMALITY_UNASSIGNED,FIRST_SINGULARITY_SHELL_EXHAUSTED_PRIMALITY_UNASSIGNED,513,9595,9595,NO_RECORDED_FACTOR_PRP_OR_LL_RESULT_AND_NO_ACTIVE_GIMPS_ASSIGNMENT,2026-08-06T12:58:23+00:00,UNALLOCATED,,,,,
SLCMP47-2186,2186,3314,154181663,2^154181663-1,STRUCTURAL_SCREEN_EXHAUSTED_PRIMALITY_UNASSIGNED,FIRST_SINGULARITY_SHELL_EXHAUSTED_PRIMALITY_UNASSIGNED,514,9595,9595,NO_RECORDED_FACTOR_PRP_OR_LL_RESULT_AND_NO_ACTIVE_GIMPS_ASSIGNMENT,2026-08-06T12:58:23+00:00,UNALLOCATED,,,,,
SLCMP47-2187,2187,3315,154181803,2^154181803-1,STRUCTURAL_SCREEN_EXHAUSTED_PRIMALITY_UNASSIGNED,FIRST_SINGULARITY_SHELL_EXHAUSTED_PRIMALITY_UNASSIGNED,514,9595,9595,NO_RECORDED_FACTOR_PRP_OR_LL_RESULT_AND_NO_ACTIVE_GIMPS_ASSIGNMENT,2026-08-06T12:58:23+00:00,UNALLOCATED,,,,,
SLCMP47-2188,2188,3316,154181813,2^154181813-1,STRUCTURAL_SCREEN_EXHAUSTED_PRIMALITY_UNASSIGNED,FIRST_SINGULARITY_SHELL_EXHAUSTED_PRIMALITY_UNASSIGNED,513,9595,9595,NO_RECORDED_FACTOR_PRP_OR_LL_RESULT_AND_NO_ACTIVE_GIMPS_ASSIGNMENT,2026-08-06T12:58:23+00:00,UNALLOCATED,,,,,
SLCMP47-2189,2189,3317,154181921,2^154181921-1,STRUCTURAL_SCREEN_EXHAUSTED_PRIMALITY_UNASSIGNED,FIRST_SINGULARITY_SHELL_EXHAUSTED_PRIMALITY_UNASSIGNED,513,9595,9595,NO_RECORDED_FACTOR_PRP_OR_LL_RESULT_AND_NO_ACTIVE_GIMPS_ASSIGNMENT,2026-08-06T12:58:23+00:00,UNALLOCATED,,,,,
SLCMP47-2190,2190,3318,154181947,2^154181947-1,STRUCTURAL_SCREEN_EXHAUSTED_PRIMALITY_UNASSIGNED,FIRST_SINGULARITY_SHELL_EXHAUSTED_PRIMALITY_UNASSIGNED,514,9595,9595,NO_RECORDED_FACTOR_PRP_OR_LL_RESULT_AND_NO_ACTIVE_GIMPS_ASSIGNMENT,2026-08-06T12:58:23+00:00,UNALLOCATED,,,,,
SLCMP47-2191,2191,3319,154181983,2^154181983-1,STRUCTURAL_SCREEN_EXHAUSTED_PRIMALITY_UNASSIGNED,FIRST_SINGULARITY_SHELL_EXHAUSTED_PRIMALITY_UNASSIGNED,514,9595,9595,NO_RECORDED_FACTOR_PRP_OR_LL_RESULT_AND_NO_ACTIVE_GIMPS_ASSIGNMENT,2026-08-06T12:58:23+00:00,UNALLOCATED,,,,,
SLCMP47-2192,2192,3320,154182073,2^154182073-1,STRUCTURAL_SCREEN_EXHAUSTED_PRIMALITY_UNASSIGNED,FIRST_SINGULARITY_SHELL_EXHAUSTED_PRIMALITY_UNASSIGNED,513,9595,9595,NO_RECORDED_FACTOR_PRP_OR_LL_RESULT_AND_NO_ACTIVE_GIMPS_ASSIGNMENT,2026-08-06T12:58:23+00:00,UNALLOCATED,,,,,
SLCMP47-2193,2193,3321,154182089,2^154182089-1,STRUCTURAL_SCREEN_EXHAUSTED_PRIMALITY_UNASSIGNED,FIRST_SINGULARITY_SHELL_EXHAUSTED_PRIMALITY_UNASSIGNED,513,9595,9595,NO_RECORDED_FACTOR_PRP_OR_LL_RESULT_AND_NO_ACTIVE_GIMPS_ASSIGNMENT,2026-08-06T12:58:23+00:00,UNALLOCATED,,,,,
SLCMP47-2194,2194,3322,154182097,2^154182097-1,STRUCTURAL_SCREEN_EXHAUSTED_PRIMALITY_UNASSIGNED,FIRST_SINGULARITY_SHELL_EXHAUSTED_PRIMALITY_UNASSIGNED,513,9595,9595,NO_RECORDED_FACTOR_PRP_OR_LL_RESULT_AND_NO_ACTIVE_GIMPS_ASSIGNMENT,2026-08-06T12:58:23+00:00,UNALLOCATED,,,,,
SLCMP47-2195,2195,3323,154182107,2^154182107-1,STRUCTURAL_SCREEN_EXHAUSTED_PRIMALITY_UNASSIGNED,FIRST_SINGULARITY_SHELL_EXHAUSTED_PRIMALITY_UNASSIGNED,514,9595,9595,NO_RECORDED_FACTOR_PRP_OR_LL_RESULT_AND_NO_ACTIVE_GIMPS_ASSIGNMENT,2026-08-06T12:58:23+00:00,UNALLOCATED,,,,,
SLCMP47-2196,2196,3324,154182157,2^154182157-1,STRUCTURAL_SCREEN_EXHAUSTED_PRIMALITY_UNASSIGNED,FIRST_SINGULARITY_SHELL_EXHAUSTED_PRIMALITY_UNASSIGNED,513,9595,9595,NO_RECORDED_FACTOR_PRP_OR_LL_RESULT_AND_NO_ACTIVE_GIMPS_ASSIGNMENT,2026-08-06T12:58:23+00:00,UNALLOCATED,,,,,
SLCMP47-2197,2197,3325,154182173,2^154182173-1,STRUCTURAL_SCREEN_EXHAUSTED_PRIMALITY_UNASSIGNED,FIRST_SINGULARITY_SHELL_EXHAUSTED_PRIMALITY_UNASSIGNED,513,9595,9595,NO_RECORDED_FACTOR_PRP_OR_LL_RESULT_AND_NO_ACTIVE_GIMPS_ASSIGNMENT,2026-08-06T12:58:23+00:00,UNALLOCATED,,,,,
SLCMP47-2198,2198,3326,154182199,2^154182199-1,STRUCTURAL_SCREEN_EXHAUSTED_PRIMALITY_UNASSIGNED,FIRST_SINGULARITY_SHELL_EXHAUSTED_PRIMALITY_UNASSIGNED,514,9595,9595,NO_RECORDED_FACTOR_PRP_OR_LL_RESULT_AND_NO_ACTIVE_GIMPS_ASSIGNMENT,2026-08-06T12:58:23+00:00,UNALLOCATED,,,,,
SLCMP47-2199,2199,3327,154182229,2^154182229-1,STRUCTURAL_SCREEN_EXHAUSTED_PRIMALITY_UNASSIGNED,FIRST_SINGULARITY_SHELL_EXHAUSTED_PRIMALITY_UNASSIGNED,513,9595,9595,NO_RECORDED_FACTOR_PRP_OR_LL_RESULT_AND_NO_ACTIVE_GIMPS_ASSIGNMENT,2026-08-06T12:58:23+00:00,UNALLOCATED,,,,,
SLCMP47-2200,2200,3328,154182289,2^154182289-1,STRUCTURAL_SCREEN_EXHAUSTED_PRIMALITY_UNASSIGNED,FIRST_SINGULARITY_SHELL_EXHAUSTED_PRIMALITY_UNASSIGNED,513,9595,9595,NO_RECORDED_FACTOR_PRP_OR_LL_RESULT_AND_NO_ACTIVE_GIMPS_ASSIGNMENT,2026-08-06T12:58:23+00:00,UNALLOCATED,,,,,
SLCMP47-2201,2201,3329,154182307,2^154182307-1,STRUCTURAL_SCREEN_EXHAUSTED_PRIMALITY_UNASSIGNED,FIRST_SINGULARITY_SHELL_EXHAUSTED_PRIMALITY_UNASSIGNED,514,9595,9595,NO_RECORDED_FACTOR_PRP_OR_LL_RESULT_AND_NO_ACTIVE_GIMPS_ASSIGNMENT,2026-08-06T12:58:23+00:00,UNALLOCATED,,,,,
SLCMP47-2202,2202,3330,154182311,2^154182311-1,STRUCTURAL_SCREEN_EXHAUSTED_PRIMALITY_UNASSIGNED,FIRST_SINGULARITY_SHELL_EXHAUSTED_PRIMALITY_UNASSIGNED,514,9595,9595,NO_RECORDED_FACTOR_PRP_OR_LL_RESULT_AND_NO_ACTIVE_GIMPS_ASSIGNMENT,2026-08-06T12:58:23+00:00,UNALLOCATED,,,,,
SLCMP47-2203,2203,3331,154182341,2^154182341-1,STRUCTURAL_SCREEN_EXHAUSTED_PRIMALITY_UNASSIGNED,FIRST_SINGULARITY_SHELL_EXHAUSTED_PRIMALITY_UNASSIGNED,513,9595,9595,NO_RECORDED_FACTOR_PRP_OR_LL_RESULT_AND_NO_ACTIVE_GIMPS_ASSIGNMENT,2026-08-06T12:58:23+00:00,UNALLOCATED,,,,,
SLCMP47-2204,2204,3332,154182433,2^154182433-1,STRUCTURAL_SCREEN_EXHAUSTED_PRIMALITY_UNASSIGNED,FIRST_SINGULARITY_SHELL_EXHAUSTED_PRIMALITY_UNASSIGNED,513,9595,9595,NO_RECORDED_FACTOR_PRP_OR_LL_RESULT_AND_NO_ACTIVE_GIMPS_ASSIGNMENT,2026-08-06T12:58:23+00:00,UNALLOCATED,,,,,
SLCMP47-2205,2205,3333,154182767,2^154182767-1,STRUCTURAL_SCREEN_EXHAUSTED_PRIMALITY_UNASSIGNED,FIRST_SINGULARITY_SHELL_EXHAUSTED_PRIMALITY_UNASSIGNED,514,9595,9595,NO_RECORDED_FACTOR_PRP_OR_LL_RESULT_AND_NO_ACTIVE_GIMPS_ASSIGNMENT,2026-08-06T12:58:23+00:00,UNALLOCATED,,,,,
SLCMP47-2206,2206,3334,154182793,2^154182793-1,STRUCTURAL_SCREEN_EXHAUSTED_PRIMALITY_UNASSIGNED,FIRST_SINGULARITY_SHELL_EXHAUSTED_PRIMALITY_UNASSIGNED,513,9595,9595,NO_RECORDED_FACTOR_PRP_OR_LL_RESULT_AND_NO_ACTIVE_GIMPS_ASSIGNMENT,2026-08-06T12:58:23+00:00,UNALLOCATED,,,,,
SLCMP47-2207,2207,3335,154182893,2^154182893-1,STRUCTURAL_SCREEN_EXHAUSTED_PRIMALITY_UNASSIGNED,FIRST_SINGULARITY_SHELL_EXHAUSTED_PRIMALITY_UNASSIGNED,513,9595,9595,NO_RECORDED_FACTOR_PRP_OR_LL_RESULT_AND_NO_ACTIVE_GIMPS_ASSIGNMENT,2026-08-06T12:58:23+00:00,UNALLOCATED,,,,,
SLCMP47-2208,2208,3336,154182943,2^154182943-1,STRUCTURAL_SCREEN_EXHAUSTED_PRIMALITY_UNASSIGNED,FIRST_SINGULARITY_SHELL_EXHAUSTED_PRIMALITY_UNASSIGNED,514,9595,9595,NO_RECORDED_FACTOR_PRP_OR_LL_RESULT_AND_NO_ACTIVE_GIMPS_ASSIGNMENT,2026-08-06T12:58:23+00:00,UNALLOCATED,,,,,
SLCMP47-2209,2209,3337,154183009,2^154183009-1,STRUCTURAL_SCREEN_EXHAUSTED_PRIMALITY_UNASSIGNED,FIRST_SINGULARITY_SHELL_EXHAUSTED_PRIMALITY_UNASSIGNED,513,9595,9595,NO_RECORDED_FACTOR_PRP_OR_LL_RESULT_AND_NO_ACTIVE_GIMPS_ASSIGNMENT,2026-08-06T12:58:23+00:00,UNALLOCATED,,,,,
SLCMP47-2210,2210,3338,154183019,2^154183019-1,STRUCTURAL_SCREEN_EXHAUSTED_PRIMALITY_UNASSIGNED,FIRST_SINGULARITY_SHELL_EXHAUSTED_PRIMALITY_UNASSIGNED,514,9595,9595,NO_RECORDED_FACTOR_PRP_OR_LL_RESULT_AND_NO_ACTIVE_GIMPS_ASSIGNMENT,2026-08-06T12:58:23+00:00,UNALLOCATED,,,,,
SLCMP47-2211,2211,3339,154183193,2^154183193-1,STRUCTURAL_SCREEN_EXHAUSTED_PRIMALITY_UNASSIGNED,FIRST_SINGULARITY_SHELL_EXHAUSTED_PRIMALITY_UNASSIGNED,513,9595,9595,NO_RECORDED_FACTOR_PRP_OR_LL_RESULT_AND_NO_ACTIVE_GIMPS_ASSIGNMENT,2026-08-06T12:58:23+00:00,UNALLOCATED,,,,,
SLCMP47-2212,2212,3340,154183219,2^154183219-1,STRUCTURAL_SCREEN_EXHAUSTED_PRIMALITY_UNASSIGNED,FIRST_SINGULARITY_SHELL_EXHAUSTED_PRIMALITY_UNASSIGNED,514,9595,9595,NO_RECORDED_FACTOR_PRP_OR_LL_RESULT_AND_NO_ACTIVE_GIMPS_ASSIGNMENT,2026-08-06T12:58:23+00:00,UNALLOCATED,,,,,
SLCMP47-2213,2213,3341,154183291,2^154183291-1,STRUCTURAL_SCREEN_EXHAUSTED_PRIMALITY_UNASSIGNED,FIRST_SINGULARITY_SHELL_EXHAUSTED_PRIMALITY_UNASSIGNED,514,9595,9595,NO_RECORDED_FACTOR_PRP_OR_LL_RESULT_AND_NO_ACTIVE_GIMPS_ASSIGNMENT,2026-08-06T12:58:23+00:00,UNALLOCATED,,,,,
SLCMP47-2214,2214,3342,154183303,2^154183303-1,STRUCTURAL_SCREEN_EXHAUSTED_PRIMALITY_UNASSIGNED,FIRST_SINGULARITY_SHELL_EXHAUSTED_PRIMALITY_UNASSIGNED,514,9595,9595,NO_RECORDED_FACTOR_PRP_OR_LL_RESULT_AND_NO_ACTIVE_GIMPS_ASSIGNMENT,2026-08-06T12:58:23+00:00,UNALLOCATED,,,,,
SLCMP47-2215,2215,3343,154183363,2^154183363-1,STRUCTURAL_SCREEN_EXHAUSTED_PRIMALITY_UNASSIGNED,FIRST_SINGULARITY_SHELL_EXHAUSTED_PRIMALITY_UNASSIGNED,514,9595,9595,NO_RECORDED_FACTOR_PRP_OR_LL_RESULT_AND_NO_ACTIVE_GIMPS_ASSIGNMENT,2026-08-06T12:58:23+00:00,UNALLOCATED,,,,,
SLCMP47-2216,2216,3344,154183433,2^154183433-1,STRUCTURAL_SCREEN_EXHAUSTED_PRIMALITY_UNASSIGNED,FIRST_SINGULARITY_SHELL_EXHAUSTED_PRIMALITY_UNASSIGNED,513,9595,9595,NO_RECORDED_FACTOR_PRP_OR_LL_RESULT_AND_NO_ACTIVE_GIMPS_ASSIGNMENT,2026-08-06T12:58:23+00:00,UNALLOCATED,,,,,
SLCMP47-2217,2217,3345,154183501,2^154183501-1,STRUCTURAL_SCREEN_EXHAUSTED_PRIMALITY_UNASSIGNED,FIRST_SINGULARITY_SHELL_EXHAUSTED_PRIMALITY_UNASSIGNED,513,9595,9595,NO_RECORDED_FACTOR_PRP_OR_LL_RESULT_AND_NO_ACTIVE_GIMPS_ASSIGNMENT,2026-08-06T12:58:23+00:00,UNALLOCATED,,,,,
SLCMP47-2218,2218,3346,154183571,2^154183571-1,STRUCTURAL_SCREEN_EXHAUSTED_PRIMALITY_UNASSIGNED,FIRST_SINGULARITY_SHELL_EXHAUSTED_PRIMALITY_UNASSIGNED,514,9595,9595,NO_RECORDED_FACTOR_PRP_OR_LL_RESULT_AND_NO_ACTIVE_GIMPS_ASSIGNMENT,2026-08-06T12:58:23+00:00,UNALLOCATED,,,,,
SLCMP47-2219,2219,3347,154183649,2^154183649-1,STRUCTURAL_SCREEN_EXHAUSTED_PRIMALITY_UNASSIGNED,FIRST_SINGULARITY_SHELL_EXHAUSTED_PRIMALITY_UNASSIGNED,513,9595,9595,NO_RECORDED_FACTOR_PRP_OR_LL_RESULT_AND_NO_ACTIVE_GIMPS_ASSIGNMENT,2026-08-06T12:58:23+00:00,UNALLOCATED,,,,,
SLCMP47-2220,2220,3348,154183669,2^154183669-1,STRUCTURAL_SCREEN_EXHAUSTED_PRIMALITY_UNASSIGNED,FIRST_SINGULARITY_SHELL_EXHAUSTED_PRIMALITY_UNASSIGNED,513,9595,9595,NO_RECORDED_FACTOR_PRP_OR_LL_RESULT_AND_NO_ACTIVE_GIMPS_ASSIGNMENT,2026-08-06T12:58:23+00:00,UNALLOCATED,,,,,
SLCMP47-2221,2221,3349,154183709,2^154183709-1,STRUCTURAL_SCREEN_EXHAUSTED_PRIMALITY_UNASSIGNED,FIRST_SINGULARITY_SHELL_EXHAUSTED_PRIMALITY_UNASSIGNED,513,9595,9595,NO_RECORDED_FACTOR_PRP_OR_LL_RESULT_AND_NO_ACTIVE_GIMPS_ASSIGNMENT,2026-08-06T12:58:23+00:00,UNALLOCATED,,,,,
SLCMP47-2222,2222,3350,154183741,2^154183741-1,STRUCTURAL_SCREEN_EXHAUSTED_PRIMALITY_UNASSIGNED,FIRST_SINGULARITY_SHELL_EXHAUSTED_PRIMALITY_UNASSIGNED,513,9595,9595,NO_RECORDED_FACTOR_PRP_OR_LL_RESULT_AND_NO_ACTIVE_GIMPS_ASSIGNMENT,2026-08-06T12:58:23+00:00,UNALLOCATED,,,,,
SLCMP47-2223,2223,3351,154183793,2^154183793-1,STRUCTURAL_SCREEN_EXHAUSTED_PRIMALITY_UNASSIGNED,FIRST_SINGULARITY_SHELL_EXHAUSTED_PRIMALITY_UNASSIGNED,513,9595,9595,NO_RECORDED_FACTOR_PRP_OR_LL_RESULT_AND_NO_ACTIVE_GIMPS_ASSIGNMENT,2026-08-06T12:58:23+00:00,UNALLOCATED,,,,,
SLCMP47-2224,2224,3352,154184153,2^154184153-1,STRUCTURAL_SCREEN_EXHAUSTED_PRIMALITY_UNASSIGNED,FIRST_SINGULARITY_SHELL_EXHAUSTED_PRIMALITY_UNASSIGNED,513,9595,9595,NO_RECORDED_FACTOR_PRP_OR_LL_RESULT_AND_NO_ACTIVE_GIMPS_ASSIGNMENT,2026-08-06T12:58:23+00:00,UNALLOCATED,,,,,
SLCMP47-2225,2225,3353,154184171,2^154184171-1,STRUCTURAL_SCREEN_EXHAUSTED_PRIMALITY_UNASSIGNED,FIRST_SINGULARITY_SHELL_EXHAUSTED_PRIMALITY_UNASSIGNED,514,9595,9595,NO_RECORDED_FACTOR_PRP_OR_LL_RESULT_AND_NO_ACTIVE_GIMPS_ASSIGNMENT,2026-08-06T12:58:23+00:00,UNALLOCATED,,,,,
SLCMP47-2226,2226,3354,154184179,2^154184179-1,STRUCTURAL_SCREEN_EXHAUSTED_PRIMALITY_UNASSIGNED,FIRST_SINGULARITY_SHELL_EXHAUSTED_PRIMALITY_UNASSIGNED,514,9595,9595,NO_RECORDED_FACTOR_PRP_OR_LL_RESULT_AND_NO_ACTIVE_GIMPS_ASSIGNMENT,2026-08-06T12:58:23+00:00,UNALLOCATED,,,,,
SLCMP47-2227,2227,3355,154184189,2^154184189-1,STRUCTURAL_SCREEN_EXHAUSTED_PRIMALITY_UNASSIGNED,FIRST_SINGULARITY_SHELL_EXHAUSTED_PRIMALITY_UNASSIGNED,513,9595,9595,NO_RECORDED_FACTOR_PRP_OR_LL_RESULT_AND_NO_ACTIVE_GIMPS_ASSIGNMENT,2026-08-06T12:58:23+00:00,UNALLOCATED,,,,,
SLCMP47-2228,2228,3356,154184333,2^154184333-1,STRUCTURAL_SCREEN_EXHAUSTED_PRIMALITY_UNASSIGNED,FIRST_SINGULARITY_SHELL_EXHAUSTED_PRIMALITY_UNASSIGNED,513,9595,9595,NO_RECORDED_FACTOR_PRP_OR_LL_RESULT_AND_NO_ACTIVE_GIMPS_ASSIGNMENT,2026-08-06T12:58:23+00:00,UNALLOCATED,,,,,
SLCMP47-2229,2229,3357,154184377,2^154184377-1,STRUCTURAL_SCREEN_EXHAUSTED_PRIMALITY_UNASSIGNED,FIRST_SINGULARITY_SHELL_EXHAUSTED_PRIMALITY_UNASSIGNED,513,9595,9595,NO_RECORDED_FACTOR_PRP_OR_LL_RESULT_AND_NO_ACTIVE_GIMPS_ASSIGNMENT,2026-08-06T12:58:23+00:00,UNALLOCATED,,,,,
SLCMP47-2230,2230,3358,154184383,2^154184383-1,STRUCTURAL_SCREEN_EXHAUSTED_PRIMALITY_UNASSIGNED,FIRST_SINGULARITY_SHELL_EXHAUSTED_PRIMALITY_UNASSIGNED,514,9595,9595,NO_RECORDED_FACTOR_PRP_OR_LL_RESULT_AND_NO_ACTIVE_GIMPS_ASSIGNMENT,2026-08-06T12:58:23+00:00,UNALLOCATED,,,,,
SLCMP47-2231,2231,3359,154184389,2^154184389-1,STRUCTURAL_SCREEN_EXHAUSTED_PRIMALITY_UNASSIGNED,FIRST_SINGULARITY_SHELL_EXHAUSTED_PRIMALITY_UNASSIGNED,513,9595,9595,NO_RECORDED_FACTOR_PRP_OR_LL_RESULT_AND_NO_ACTIVE_GIMPS_ASSIGNMENT,2026-08-06T12:58:23+00:00,UNALLOCATED,,,,,
SLCMP47-2232,2232,3360,154184431,2^154184431-1,STRUCTURAL_SCREEN_EXHAUSTED_PRIMALITY_UNASSIGNED,FIRST_SINGULARITY_SHELL_EXHAUSTED_PRIMALITY_UNASSIGNED,514,9595,9595,NO_RECORDED_FACTOR_PRP_OR_LL_RESULT_AND_NO_ACTIVE_GIMPS_ASSIGNMENT,2026-08-06T12:58:23+00:00,UNALLOCATED,,,,,
SLCMP47-2233,2233,3361,154184453,2^154184453-1,STRUCTURAL_SCREEN_EXHAUSTED_PRIMALITY_UNASSIGNED,FIRST_SINGULARITY_SHELL_EXHAUSTED_PRIMALITY_UNASSIGNED,513,9595,9595,NO_RECORDED_FACTOR_PRP_OR_LL_RESULT_AND_NO_ACTIVE_GIMPS_ASSIGNMENT,2026-08-06T12:58:23+00:00,UNALLOCATED,,,,,
SLCMP47-2234,2234,3362,154184467,2^154184467-1,STRUCTURAL_SCREEN_EXHAUSTED_PRIMALITY_UNASSIGNED,FIRST_SINGULARITY_SHELL_EXHAUSTED_PRIMALITY_UNASSIGNED,514,9595,9595,NO_RECORDED_FACTOR_PRP_OR_LL_RESULT_AND_NO_ACTIVE_GIMPS_ASSIGNMENT,2026-08-06T12:58:23+00:00,UNALLOCATED,,,,,
SLCMP47-2235,2235,3363,154184497,2^154184497-1,STRUCTURAL_SCREEN_EXHAUSTED_PRIMALITY_UNASSIGNED,FIRST_SINGULARITY_SHELL_EXHAUSTED_PRIMALITY_UNASSIGNED,513,9595,9595,NO_RECORDED_FACTOR_PRP_OR_LL_RESULT_AND_NO_ACTIVE_GIMPS_ASSIGNMENT,2026-08-06T12:58:23+00:00,UNALLOCATED,,,,,
SLCMP47-2236,2236,3364,154184501,2^154184501-1,STRUCTURAL_SCREEN_EXHAUSTED_PRIMALITY_UNASSIGNED,FIRST_SINGULARITY_SHELL_EXHAUSTED_PRIMALITY_UNASSIGNED,513,9595,9595,NO_RECORDED_FACTOR_PRP_OR_LL_RESULT_AND_NO_ACTIVE_GIMPS_ASSIGNMENT,2026-08-06T12:58:23+00:00,UNALLOCATED,,,,,
SLCMP47-2237,2237,3365,154184521,2^154184521-1,STRUCTURAL_SCREEN_EXHAUSTED_PRIMALITY_UNASSIGNED,FIRST_SINGULARITY_SHELL_EXHAUSTED_PRIMALITY_UNASSIGNED,513,9595,9595,NO_RECORDED_FACTOR_PRP_OR_LL_RESULT_AND_NO_ACTIVE_GIMPS_ASSIGNMENT,2026-08-06T12:58:23+00:00,UNALLOCATED,,,,,
SLCMP47-2238,2238,3366,154184609,2^154184609-1,STRUCTURAL_SCREEN_EXHAUSTED_PRIMALITY_UNASSIGNED,FIRST_SINGULARITY_SHELL_EXHAUSTED_PRIMALITY_UNASSIGNED,513,9595,9595,NO_RECORDED_FACTOR_PRP_OR_LL_RESULT_AND_NO_ACTIVE_GIMPS_ASSIGNMENT,2026-08-06T12:58:23+00:00,UNALLOCATED,,,,,
SLCMP47-2239,2239,3367,154184651,2^154184651-1,STRUCTURAL_SCREEN_EXHAUSTED_PRIMALITY_UNASSIGNED,FIRST_SINGULARITY_SHELL_EXHAUSTED_PRIMALITY_UNASSIGNED,514,9595,9595,NO_RECORDED_FACTOR_PRP_OR_LL_RESULT_AND_NO_ACTIVE_GIMPS_ASSIGNMENT,2026-08-06T12:58:23+00:00,UNALLOCATED,,,,,
SLCMP47-2240,2240,3368,154184699,2^154184699-1,STRUCTURAL_SCREEN_EXHAUSTED_PRIMALITY_UNASSIGNED,FIRST_SINGULARITY_SHELL_EXHAUSTED_PRIMALITY_UNASSIGNED,514,9595,9595,NO_RECORDED_FACTOR_PRP_OR_LL_RESULT_AND_NO_ACTIVE_GIMPS_ASSIGNMENT,2026-08-06T12:58:23+00:00,UNALLOCATED,,,,,
SLCMP47-2241,2241,3369,154184707,2^154184707-1,STRUCTURAL_SCREEN_EXHAUSTED_PRIMALITY_UNASSIGNED,FIRST_SINGULARITY_SHELL_EXHAUSTED_PRIMALITY_UNASSIGNED,514,9595,9595,NO_RECORDED_FACTOR_PRP_OR_LL_RESULT_AND_NO_ACTIVE_GIMPS_ASSIGNMENT,2026-08-06T12:58:23+00:00,UNALLOCATED,,,,,
SLCMP47-2242,2242,3370,154184743,2^154184743-1,STRUCTURAL_SCREEN_EXHAUSTED_PRIMALITY_UNASSIGNED,FIRST_SINGULARITY_SHELL_EXHAUSTED_PRIMALITY_UNASSIGNED,514,9595,9595,NO_RECORDED_FACTOR_PRP_OR_LL_RESULT_AND_NO_ACTIVE_GIMPS_ASSIGNMENT,2026-08-06T12:58:23+00:00,UNALLOCATED,,,,,
SLCMP47-2243,2243,3371,154184749,2^154184749-1,STRUCTURAL_SCREEN_EXHAUSTED_PRIMALITY_UNASSIGNED,FIRST_SINGULARITY_SHELL_EXHAUSTED_PRIMALITY_UNASSIGNED,513,9595,9595,NO_RECORDED_FACTOR_PRP_OR_LL_RESULT_AND_NO_ACTIVE_GIMPS_ASSIGNMENT,2026-08-06T12:58:23+00:00,UNALLOCATED,,,,,
SLCMP47-2244,2244,3372,154184783,2^154184783-1,STRUCTURAL_SCREEN_EXHAUSTED_PRIMALITY_UNASSIGNED,FIRST_SINGULARITY_SHELL_EXHAUSTED_PRIMALITY_UNASSIGNED,514,9595,9595,NO_RECORDED_FACTOR_PRP_OR_LL_RESULT_AND_NO_ACTIVE_GIMPS_ASSIGNMENT,2026-08-06T12:58:23+00:00,UNALLOCATED,,,,,
SLCMP47-2245,2245,3373,154184819,2^154184819-1,STRUCTURAL_SCREEN_EXHAUSTED_PRIMALITY_UNASSIGNED,FIRST_SINGULARITY_SHELL_EXHAUSTED_PRIMALITY_UNASSIGNED,514,9595,9595,NO_RECORDED_FACTOR_PRP_OR_LL_RESULT_AND_NO_ACTIVE_GIMPS_ASSIGNMENT,2026-08-06T12:58:23+00:00,UNALLOCATED,,,,,
SLCMP47-2246,2246,3374,154184827,2^154184827-1,STRUCTURAL_SCREEN_EXHAUSTED_PRIMALITY_UNASSIGNED,FIRST_SINGULARITY_SHELL_EXHAUSTED_PRIMALITY_UNASSIGNED,514,9595,9595,NO_RECORDED_FACTOR_PRP_OR_LL_RESULT_AND_NO_ACTIVE_GIMPS_ASSIGNMENT,2026-08-06T12:58:23+00:00,UNALLOCATED,,,,,
SLCMP47-2247,2247,3375,154184857,2^154184857-1,STRUCTURAL_SCREEN_EXHAUSTED_PRIMALITY_UNASSIGNED,FIRST_SINGULARITY_SHELL_EXHAUSTED_PRIMALITY_UNASSIGNED,513,9595,9595,NO_RECORDED_FACTOR_PRP_OR_LL_RESULT_AND_NO_ACTIVE_GIMPS_ASSIGNMENT,2026-08-06T12:58:23+00:00,UNALLOCATED,,,,,
SLCMP47-2248,2248,3376,154184873,2^154184873-1,STRUCTURAL_SCREEN_EXHAUSTED_PRIMALITY_UNASSIGNED,FIRST_SINGULARITY_SHELL_EXHAUSTED_PRIMALITY_UNASSIGNED,513,9595,9595,NO_RECORDED_FACTOR_PRP_OR_LL_RESULT_AND_NO_ACTIVE_GIMPS_ASSIGNMENT,2026-08-06T12:58:23+00:00,UNALLOCATED,,,,,
SLCMP47-2249,2249,3377,154184879,2^154184879-1,STRUCTURAL_SCREEN_EXHAUSTED_PRIMALITY_UNASSIGNED,FIRST_SINGULARITY_SHELL_EXHAUSTED_PRIMALITY_UNASSIGNED,514,9595,9595,NO_RECORDED_FACTOR_PRP_OR_LL_RESULT_AND_NO_ACTIVE_GIMPS_ASSIGNMENT,2026-08-06T12:58:23+00:00,UNALLOCATED,,,,,
SLCMP47-2250,2250,3378,154184911,2^154184911-1,STRUCTURAL_SCREEN_EXHAUSTED_PRIMALITY_UNASSIGNED,FIRST_SINGULARITY_SHELL_EXHAUSTED_PRIMALITY_UNASSIGNED,514,9595,9595,NO_RECORDED_FACTOR_PRP_OR_LL_RESULT_AND_NO_ACTIVE_GIMPS_ASSIGNMENT,2026-08-06T12:58:23+00:00,UNALLOCATED,,,,,
SLCMP47-2251,2251,3379,154185047,2^154185047-1,STRUCTURAL_SCREEN_EXHAUSTED_PRIMALITY_UNASSIGNED,FIRST_SINGULARITY_SHELL_EXHAUSTED_PRIMALITY_UNASSIGNED,514,9595,9595,NO_RECORDED_FACTOR_PRP_OR_LL_RESULT_AND_NO_ACTIVE_GIMPS_ASSIGNMENT,2026-08-06T12:58:23+00:00,UNALLOCATED,,,,,
SLCMP47-2252,2252,3380,154185137,2^154185137-1,STRUCTURAL_SCREEN_EXHAUSTED_PRIMALITY_UNASSIGNED,FIRST_SINGULARITY_SHELL_EXHAUSTED_PRIMALITY_UNASSIGNED,513,9595,9595,NO_RECORDED_FACTOR_PRP_OR_LL_RESULT_AND_NO_ACTIVE_GIMPS_ASSIGNMENT,2026-08-06T12:58:23+00:00,UNALLOCATED,,,,,
SLCMP47-2253,2253,3381,154185149,2^154185149-1,STRUCTURAL_SCREEN_EXHAUSTED_PRIMALITY_UNASSIGNED,FIRST_SINGULARITY_SHELL_EXHAUSTED_PRIMALITY_UNASSIGNED,513,9595,9595,NO_RECORDED_FACTOR_PRP_OR_LL_RESULT_AND_NO_ACTIVE_GIMPS_ASSIGNMENT,2026-08-06T12:58:23+00:00,UNALLOCATED,,,,,
SLCMP47-2254,2254,3382,154185259,2^154185259-1,STRUCTURAL_SCREEN_EXHAUSTED_PRIMALITY_UNASSIGNED,FIRST_SINGULARITY_SHELL_EXHAUSTED_PRIMALITY_UNASSIGNED,514,9595,9595,NO_RECORDED_FACTOR_PRP_OR_LL_RESULT_AND_NO_ACTIVE_GIMPS_ASSIGNMENT,2026-08-06T12:58:23+00:00,UNALLOCATED,,,,,
SLCMP47-2255,2255,3383,154185277,2^154185277-1,STRUCTURAL_SCREEN_EXHAUSTED_PRIMALITY_UNASSIGNED,FIRST_SINGULARITY_SHELL_EXHAUSTED_PRIMALITY_UNASSIGNED,513,9595,9595,NO_RECORDED_FACTOR_PRP_OR_LL_RESULT_AND_NO_ACTIVE_GIMPS_ASSIGNMENT,2026-08-06T12:58:23+00:00,UNALLOCATED,,,,,
SLCMP47-2256,2256,3384,154185281,2^154185281-1,STRUCTURAL_SCREEN_EXHAUSTED_PRIMALITY_UNASSIGNED,FIRST_SINGULARITY_SHELL_EXHAUSTED_PRIMALITY_UNASSIGNED,513,9595,9595,NO_RECORDED_FACTOR_PRP_OR_LL_RESULT_AND_NO_ACTIVE_GIMPS_ASSIGNMENT,2026-08-06T12:58:23+00:00,UNALLOCATED,,,,,
SLCMP47-2257,2257,3385,154185299,2^154185299-1,STRUCTURAL_SCREEN_EXHAUSTED_PRIMALITY_UNASSIGNED,FIRST_SINGULARITY_SHELL_EXHAUSTED_PRIMALITY_UNASSIGNED,514,9595,9595,NO_RECORDED_FACTOR_PRP_OR_LL_RESULT_AND_NO_ACTIVE_GIMPS_ASSIGNMENT,2026-08-06T12:58:23+00:00,UNALLOCATED,,,,,
SLCMP47-2258,2258,3386,154185331,2^154185331-1,STRUCTURAL_SCREEN_EXHAUSTED_PRIMALITY_UNASSIGNED,FIRST_SINGULARITY_SHELL_EXHAUSTED_PRIMALITY_UNASSIGNED,514,9595,9595,NO_RECORDED_FACTOR_PRP_OR_LL_RESULT_AND_NO_ACTIVE_GIMPS_ASSIGNMENT,2026-08-06T12:58:23+00:00,UNALLOCATED,,,,,
SLCMP47-2259,2259,3387,154185377,2^154185377-1,STRUCTURAL_SCREEN_EXHAUSTED_PRIMALITY_UNASSIGNED,FIRST_SINGULARITY_SHELL_EXHAUSTED_PRIMALITY_UNASSIGNED,513,9595,9595,NO_RECORDED_FACTOR_PRP_OR_LL_RESULT_AND_NO_ACTIVE_GIMPS_ASSIGNMENT,2026-08-06T12:58:23+00:00,UNALLOCATED,,,,,
SLCMP47-2260,2260,3388,154185407,2^154185407-1,STRUCTURAL_SCREEN_EXHAUSTED_PRIMALITY_UNASSIGNED,FIRST_SINGULARITY_SHELL_EXHAUSTED_PRIMALITY_UNASSIGNED,514,9595,9595,NO_RECORDED_FACTOR_PRP_OR_LL_RESULT_AND_NO_ACTIVE_GIMPS_ASSIGNMENT,2026-08-06T12:58:23+00:00,UNALLOCATED,,,,,
SLCMP47-2261,2261,3389,154185443,2^154185443-1,STRUCTURAL_SCREEN_EXHAUSTED_PRIMALITY_UNASSIGNED,FIRST_SINGULARITY_SHELL_EXHAUSTED_PRIMALITY_UNASSIGNED,514,9595,9595,NO_RECORDED_FACTOR_PRP_OR_LL_RESULT_AND_NO_ACTIVE_GIMPS_ASSIGNMENT,2026-08-06T12:58:23+00:00,UNALLOCATED,,,,,
SLCMP47-2262,2262,3390,154185523,2^154185523-1,STRUCTURAL_SCREEN_EXHAUSTED_PRIMALITY_UNASSIGNED,FIRST_SINGULARITY_SHELL_EXHAUSTED_PRIMALITY_UNASSIGNED,514,9595,9595,NO_RECORDED_FACTOR_PRP_OR_LL_RESULT_AND_NO_ACTIVE_GIMPS_ASSIGNMENT,2026-08-06T12:58:23+00:00,UNALLOCATED,,,,,
SLCMP47-2263,2263,3391,154185587,2^154185587-1,STRUCTURAL_SCREEN_EXHAUSTED_PRIMALITY_UNASSIGNED,FIRST_SINGULARITY_SHELL_EXHAUSTED_PRIMALITY_UNASSIGNED,514,9595,9595,NO_RECORDED_FACTOR_PRP_OR_LL_RESULT_AND_NO_ACTIVE_GIMPS_ASSIGNMENT,2026-08-06T12:58:23+00:00,UNALLOCATED,,,,,
SLCMP47-2264,2264,3392,154185593,2^154185593-1,STRUCTURAL_SCREEN_EXHAUSTED_PRIMALITY_UNASSIGNED,FIRST_SINGULARITY_SHELL_EXHAUSTED_PRIMALITY_UNASSIGNED,513,9595,9595,NO_RECORDED_FACTOR_PRP_OR_LL_RESULT_AND_NO_ACTIVE_GIMPS_ASSIGNMENT,2026-08-06T12:58:23+00:00,UNALLOCATED,,,,,
SLCMP47-2265,2265,3393,154185677,2^154185677-1,STRUCTURAL_SCREEN_EXHAUSTED_PRIMALITY_UNASSIGNED,FIRST_SINGULARITY_SHELL_EXHAUSTED_PRIMALITY_UNASSIGNED,513,9595,9595,NO_RECORDED_FACTOR_PRP_OR_LL_RESULT_AND_NO_ACTIVE_GIMPS_ASSIGNMENT,2026-08-06T12:58:23+00:00,UNALLOCATED,,,,,
SLCMP47-2266,2266,3394,154185701,2^154185701-1,STRUCTURAL_SCREEN_EXHAUSTED_PRIMALITY_UNASSIGNED,FIRST_SINGULARITY_SHELL_EXHAUSTED_PRIMALITY_UNASSIGNED,513,9595,9595,NO_RECORDED_FACTOR_PRP_OR_LL_RESULT_AND_NO_ACTIVE_GIMPS_ASSIGNMENT,2026-08-06T12:58:23+00:00,UNALLOCATED,,,,,
SLCMP47-2267,2267,3395,154185719,2^154185719-1,STRUCTURAL_SCREEN_EXHAUSTED_PRIMALITY_UNASSIGNED,FIRST_SINGULARITY_SHELL_EXHAUSTED_PRIMALITY_UNASSIGNED,514,9595,9595,NO_RECORDED_FACTOR_PRP_OR_LL_RESULT_AND_NO_ACTIVE_GIMPS_ASSIGNMENT,2026-08-06T12:58:23+00:00,UNALLOCATED,,,,,
SLCMP47-2268,2268,3396,154185761,2^154185761-1,STRUCTURAL_SCREEN_EXHAUSTED_PRIMALITY_UNASSIGNED,FIRST_SINGULARITY_SHELL_EXHAUSTED_PRIMALITY_UNASSIGNED,513,9595,9595,NO_RECORDED_FACTOR_PRP_OR_LL_RESULT_AND_NO_ACTIVE_GIMPS_ASSIGNMENT,2026-08-06T12:58:23+00:00,UNALLOCATED,,,,,
SLCMP47-2269,2269,3397,154185769,2^154185769-1,STRUCTURAL_SCREEN_EXHAUSTED_PRIMALITY_UNASSIGNED,FIRST_SINGULARITY_SHELL_EXHAUSTED_PRIMALITY_UNASSIGNED,513,9595,9595,NO_RECORDED_FACTOR_PRP_OR_LL_RESULT_AND_NO_ACTIVE_GIMPS_ASSIGNMENT,2026-08-06T12:58:23+00:00,UNALLOCATED,,,,,
SLCMP47-2270,2270,3398,154185809,2^154185809-1,STRUCTURAL_SCREEN_EXHAUSTED_PRIMALITY_UNASSIGNED,FIRST_SINGULARITY_SHELL_EXHAUSTED_PRIMALITY_UNASSIGNED,513,9595,9595,NO_RECORDED_FACTOR_PRP_OR_LL_RESULT_AND_NO_ACTIVE_GIMPS_ASSIGNMENT,2026-08-06T12:58:23+00:00,UNALLOCATED,,,,,
SLCMP47-2271,2271,3399,154185907,2^154185907-1,STRUCTURAL_SCREEN_EXHAUSTED_PRIMALITY_UNASSIGNED,FIRST_SINGULARITY_SHELL_EXHAUSTED_PRIMALITY_UNASSIGNED,514,9595,9595,NO_RECORDED_FACTOR_PRP_OR_LL_RESULT_AND_NO_ACTIVE_GIMPS_ASSIGNMENT,2026-08-06T12:58:23+00:00,UNALLOCATED,,,,,
SLCMP47-2272,2272,3400,154186103,2^154186103-1,STRUCTURAL_SCREEN_EXHAUSTED_PRIMALITY_UNASSIGNED,FIRST_SINGULARITY_SHELL_EXHAUSTED_PRIMALITY_UNASSIGNED,514,9595,9595,NO_RECORDED_FACTOR_PRP_OR_LL_RESULT_AND_NO_ACTIVE_GIMPS_ASSIGNMENT,2026-08-06T12:58:23+00:00,UNALLOCATED,,,,,
SLCMP47-2273,2273,3401,154186133,2^154186133-1,STRUCTURAL_SCREEN_EXHAUSTED_PRIMALITY_UNASSIGNED,FIRST_SINGULARITY_SHELL_EXHAUSTED_PRIMALITY_UNASSIGNED,513,9595,9595,NO_RECORDED_FACTOR_PRP_OR_LL_RESULT_AND_NO_ACTIVE_GIMPS_ASSIGNMENT,2026-08-06T12:58:23+00:00,UNALLOCATED,,,,,
SLCMP47-2274,2274,3402,154186139,2^154186139-1,STRUCTURAL_SCREEN_EXHAUSTED_PRIMALITY_UNASSIGNED,FIRST_SINGULARITY_SHELL_EXHAUSTED_PRIMALITY_UNASSIGNED,514,9595,9595,NO_RECORDED_FACTOR_PRP_OR_LL_RESULT_AND_NO_ACTIVE_GIMPS_ASSIGNMENT,2026-08-06T12:58:23+00:00,UNALLOCATED,,,,,
SLCMP47-2275,2275,3403,154186163,2^154186163-1,STRUCTURAL_SCREEN_EXHAUSTED_PRIMALITY_UNASSIGNED,FIRST_SINGULARITY_SHELL_EXHAUSTED_PRIMALITY_UNASSIGNED,514,9595,9595,NO_RECORDED_FACTOR_PRP_OR_LL_RESULT_AND_NO_ACTIVE_GIMPS_ASSIGNMENT,2026-08-06T12:58:23+00:00,UNALLOCATED,,,,,
SLCMP47-2276,2276,3404,154186177,2^154186177-1,STRUCTURAL_SCREEN_EXHAUSTED_PRIMALITY_UNASSIGNED,FIRST_SINGULARITY_SHELL_EXHAUSTED_PRIMALITY_UNASSIGNED,513,9595,9595,NO_RECORDED_FACTOR_PRP_OR_LL_RESULT_AND_NO_ACTIVE_GIMPS_ASSIGNMENT,2026-08-06T12:58:23+00:00,UNALLOCATED,,,,,
SLCMP47-2277,2277,3405,154186189,2^154186189-1,STRUCTURAL_SCREEN_EXHAUSTED_PRIMALITY_UNASSIGNED,FIRST_SINGULARITY_SHELL_EXHAUSTED_PRIMALITY_UNASSIGNED,513,9595,9595,NO_RECORDED_FACTOR_PRP_OR_LL_RESULT_AND_NO_ACTIVE_GIMPS_ASSIGNMENT,2026-08-06T12:58:23+00:00,UNALLOCATED,,,,,
SLCMP47-2278,2278,3406,154186213,2^154186213-1,STRUCTURAL_SCREEN_EXHAUSTED_PRIMALITY_UNASSIGNED,FIRST_SINGULARITY_SHELL_EXHAUSTED_PRIMALITY_UNASSIGNED,513,9595,9595,NO_RECORDED_FACTOR_PRP_OR_LL_RESULT_AND_NO_ACTIVE_GIMPS_ASSIGNMENT,2026-08-06T12:58:23+00:00,UNALLOCATED,,,,,
SLCMP47-2279,2279,3407,154186259,2^154186259-1,STRUCTURAL_SCREEN_EXHAUSTED_PRIMALITY_UNASSIGNED,FIRST_SINGULARITY_SHELL_EXHAUSTED_PRIMALITY_UNASSIGNED,514,9595,9595,NO_RECORDED_FACTOR_PRP_OR_LL_RESULT_AND_NO_ACTIVE_GIMPS_ASSIGNMENT,2026-08-06T12:58:23+00:00,UNALLOCATED,,,,,
SLCMP47-2280,2280,3408,154186393,2^154186393-1,STRUCTURAL_SCREEN_EXHAUSTED_PRIMALITY_UNASSIGNED,FIRST_SINGULARITY_SHELL_EXHAUSTED_PRIMALITY_UNASSIGNED,513,9595,9595,NO_RECORDED_FACTOR_PRP_OR_LL_RESULT_AND_NO_ACTIVE_GIMPS_ASSIGNMENT,2026-08-06T12:58:23+00:00,UNALLOCATED,,,,,
SLCMP47-2281,2281,3409,154186397,2^154186397-1,STRUCTURAL_SCREEN_EXHAUSTED_PRIMALITY_UNASSIGNED,FIRST_SINGULARITY_SHELL_EXHAUSTED_PRIMALITY_UNASSIGNED,513,9595,9595,NO_RECORDED_FACTOR_PRP_OR_LL_RESULT_AND_NO_ACTIVE_GIMPS_ASSIGNMENT,2026-08-06T12:58:23+00:00,UNALLOCATED,,,,,
SLCMP47-2282,2282,3410,154186441,2^154186441-1,STRUCTURAL_SCREEN_EXHAUSTED_PRIMALITY_UNASSIGNED,FIRST_SINGULARITY_SHELL_EXHAUSTED_PRIMALITY_UNASSIGNED,513,9595,9595,NO_RECORDED_FACTOR_PRP_OR_LL_RESULT_AND_NO_ACTIVE_GIMPS_ASSIGNMENT,2026-08-06T12:58:23+00:00,UNALLOCATED,,,,,
SLCMP47-2283,2283,3411,154186471,2^154186471-1,STRUCTURAL_SCREEN_EXHAUSTED_PRIMALITY_UNASSIGNED,FIRST_SINGULARITY_SHELL_EXHAUSTED_PRIMALITY_UNASSIGNED,514,9595,9595,NO_RECORDED_FACTOR_PRP_OR_LL_RESULT_AND_NO_ACTIVE_GIMPS_ASSIGNMENT,2026-08-06T12:58:23+00:00,UNALLOCATED,,,,,
SLCMP47-2284,2284,3412,154186531,2^154186531-1,STRUCTURAL_SCREEN_EXHAUSTED_PRIMALITY_UNASSIGNED,FIRST_SINGULARITY_SHELL_EXHAUSTED_PRIMALITY_UNASSIGNED,514,9595,9595,NO_RECORDED_FACTOR_PRP_OR_LL_RESULT_AND_NO_ACTIVE_GIMPS_ASSIGNMENT,2026-08-06T12:58:23+00:00,UNALLOCATED,,,,,
SLCMP47-2285,2285,3413,154186547,2^154186547-1,STRUCTURAL_SCREEN_EXHAUSTED_PRIMALITY_UNASSIGNED,FIRST_SINGULARITY_SHELL_EXHAUSTED_PRIMALITY_UNASSIGNED,514,9595,9595,NO_RECORDED_FACTOR_PRP_OR_LL_RESULT_AND_NO_ACTIVE_GIMPS_ASSIGNMENT,2026-08-06T12:58:23+00:00,UNALLOCATED,,,,,
SLCMP47-2286,2286,3414,154186573,2^154186573-1,STRUCTURAL_SCREEN_EXHAUSTED_PRIMALITY_UNASSIGNED,FIRST_SINGULARITY_SHELL_EXHAUSTED_PRIMALITY_UNASSIGNED,513,9595,9595,NO_RECORDED_FACTOR_PRP_OR_LL_RESULT_AND_NO_ACTIVE_GIMPS_ASSIGNMENT,2026-08-06T12:58:23+00:00,UNALLOCATED,,,,,
SLCMP47-2287,2287,3415,154186663,2^154186663-1,STRUCTURAL_SCREEN_EXHAUSTED_PRIMALITY_UNASSIGNED,FIRST_SINGULARITY_SHELL_EXHAUSTED_PRIMALITY_UNASSIGNED,514,9595,9595,NO_RECORDED_FACTOR_PRP_OR_LL_RESULT_AND_NO_ACTIVE_GIMPS_ASSIGNMENT,2026-08-06T12:58:23+00:00,UNALLOCATED,,,,,
SLCMP47-2288,2288,3416,154186709,2^154186709-1,STRUCTURAL_SCREEN_EXHAUSTED_PRIMALITY_UNASSIGNED,FIRST_SINGULARITY_SHELL_EXHAUSTED_PRIMALITY_UNASSIGNED,513,9595,9595,NO_RECORDED_FACTOR_PRP_OR_LL_RESULT_AND_NO_ACTIVE_GIMPS_ASSIGNMENT,2026-08-06T12:58:23+00:00,UNALLOCATED,,,,,
SLCMP47-2289,2289,3417,154186727,2^154186727-1,STRUCTURAL_SCREEN_EXHAUSTED_PRIMALITY_UNASSIGNED,FIRST_SINGULARITY_SHELL_EXHAUSTED_PRIMALITY_UNASSIGNED,514,9595,9595,NO_RECORDED_FACTOR_PRP_OR_LL_RESULT_AND_NO_ACTIVE_GIMPS_ASSIGNMENT,2026-08-06T12:58:23+00:00,UNALLOCATED,,,,,
SLCMP47-2290,2290,3418,154186849,2^154186849-1,STRUCTURAL_SCREEN_EXHAUSTED_PRIMALITY_UNASSIGNED,FIRST_SINGULARITY_SHELL_EXHAUSTED_PRIMALITY_UNASSIGNED,513,9595,9595,NO_RECORDED_FACTOR_PRP_OR_LL_RESULT_AND_NO_ACTIVE_GIMPS_ASSIGNMENT,2026-08-06T12:58:23+00:00,UNALLOCATED,,,,,
SLCMP47-2291,2291,3419,154186853,2^154186853-1,STRUCTURAL_SCREEN_EXHAUSTED_PRIMALITY_UNASSIGNED,FIRST_SINGULARITY_SHELL_EXHAUSTED_PRIMALITY_UNASSIGNED,513,9595,9595,NO_RECORDED_FACTOR_PRP_OR_LL_RESULT_AND_NO_ACTIVE_GIMPS_ASSIGNMENT,2026-08-06T12:58:23+00:00,UNALLOCATED,,,,,
SLCMP47-2292,2292,3420,154186867,2^154186867-1,STRUCTURAL_SCREEN_EXHAUSTED_PRIMALITY_UNASSIGNED,FIRST_SINGULARITY_SHELL_EXHAUSTED_PRIMALITY_UNASSIGNED,514,9595,9595,NO_RECORDED_FACTOR_PRP_OR_LL_RESULT_AND_NO_ACTIVE_GIMPS_ASSIGNMENT,2026-08-06T12:58:23+00:00,UNALLOCATED,,,,,
SLCMP47-2293,2293,3421,154186933,2^154186933-1,STRUCTURAL_SCREEN_EXHAUSTED_PRIMALITY_UNASSIGNED,FIRST_SINGULARITY_SHELL_EXHAUSTED_PRIMALITY_UNASSIGNED,513,9595,9595,NO_RECORDED_FACTOR_PRP_OR_LL_RESULT_AND_NO_ACTIVE_GIMPS_ASSIGNMENT,2026-08-06T12:58:23+00:00,UNALLOCATED,,,,,
SLCMP47-2294,2294,3422,154186961,2^154186961-1,STRUCTURAL_SCREEN_EXHAUSTED_PRIMALITY_UNASSIGNED,FIRST_SINGULARITY_SHELL_EXHAUSTED_PRIMALITY_UNASSIGNED,513,9595,9595,NO_RECORDED_FACTOR_PRP_OR_LL_RESULT_AND_NO_ACTIVE_GIMPS_ASSIGNMENT,2026-08-06T12:58:23+00:00,UNALLOCATED,,,,,
SLCMP47-2295,2295,3423,154187179,2^154187179-1,STRUCTURAL_SCREEN_EXHAUSTED_PRIMALITY_UNASSIGNED,FIRST_SINGULARITY_SHELL_EXHAUSTED_PRIMALITY_UNASSIGNED,514,9595,9595,NO_RECORDED_FACTOR_PRP_OR_LL_RESULT_AND_NO_ACTIVE_GIMPS_ASSIGNMENT,2026-08-06T12:58:23+00:00,UNALLOCATED,,,,,
SLCMP47-2296,2296,3424,154187197,2^154187197-1,STRUCTURAL_SCREEN_EXHAUSTED_PRIMALITY_UNASSIGNED,FIRST_SINGULARITY_SHELL_EXHAUSTED_PRIMALITY_UNASSIGNED,513,9595,9595,NO_RECORDED_FACTOR_PRP_OR_LL_RESULT_AND_NO_ACTIVE_GIMPS_ASSIGNMENT,2026-08-06T12:58:23+00:00,UNALLOCATED,,,,,
SLCMP47-2297,2297,3425,154187219,2^154187219-1,STRUCTURAL_SCREEN_EXHAUSTED_PRIMALITY_UNASSIGNED,FIRST_SINGULARITY_SHELL_EXHAUSTED_PRIMALITY_UNASSIGNED,514,9595,9595,NO_RECORDED_FACTOR_PRP_OR_LL_RESULT_AND_NO_ACTIVE_GIMPS_ASSIGNMENT,2026-08-06T12:58:23+00:00,UNALLOCATED,,,,,
SLCMP47-2298,2298,3426,154187309,2^154187309-1,STRUCTURAL_SCREEN_EXHAUSTED_PRIMALITY_UNASSIGNED,FIRST_SINGULARITY_SHELL_EXHAUSTED_PRIMALITY_UNASSIGNED,513,9595,9595,NO_RECORDED_FACTOR_PRP_OR_LL_RESULT_AND_NO_ACTIVE_GIMPS_ASSIGNMENT,2026-08-06T12:58:23+00:00,UNALLOCATED,,,,,
SLCMP47-2299,2299,3427,154187311,2^154187311-1,STRUCTURAL_SCREEN_EXHAUSTED_PRIMALITY_UNASSIGNED,FIRST_SINGULARITY_SHELL_EXHAUSTED_PRIMALITY_UNASSIGNED,514,9595,9595,NO_RECORDED_FACTOR_PRP_OR_LL_RESULT_AND_NO_ACTIVE_GIMPS_ASSIGNMENT,2026-08-06T12:58:23+00:00,UNALLOCATED,,,,,
SLCMP47-2300,2300,3428,154187317,2^154187317-1,STRUCTURAL_SCREEN_EXHAUSTED_PRIMALITY_UNASSIGNED,FIRST_SINGULARITY_SHELL_EXHAUSTED_PRIMALITY_UNASSIGNED,513,9595,9595,NO_RECORDED_FACTOR_PRP_OR_LL_RESULT_AND_NO_ACTIVE_GIMPS_ASSIGNMENT,2026-08-06T12:58:23+00:00,UNALLOCATED,,,,,
SLCMP47-2301,2301,3429,154187323,2^154187323-1,STRUCTURAL_SCREEN_EXHAUSTED_PRIMALITY_UNASSIGNED,FIRST_SINGULARITY_SHELL_EXHAUSTED_PRIMALITY_UNASSIGNED,514,9595,9595,NO_RECORDED_FACTOR_PRP_OR_LL_RESULT_AND_NO_ACTIVE_GIMPS_ASSIGNMENT,2026-08-06T12:58:23+00:00,UNALLOCATED,,,,,
SLCMP47-2302,2302,3430,154187333,2^154187333-1,STRUCTURAL_SCREEN_EXHAUSTED_PRIMALITY_UNASSIGNED,FIRST_SINGULARITY_SHELL_EXHAUSTED_PRIMALITY_UNASSIGNED,513,9595,9595,NO_RECORDED_FACTOR_PRP_OR_LL_RESULT_AND_NO_ACTIVE_GIMPS_ASSIGNMENT,2026-08-06T12:58:23+00:00,UNALLOCATED,,,,,
SLCMP47-2303,2303,3431,154187477,2^154187477-1,STRUCTURAL_SCREEN_EXHAUSTED_PRIMALITY_UNASSIGNED,FIRST_SINGULARITY_SHELL_EXHAUSTED_PRIMALITY_UNASSIGNED,513,9595,9595,NO_RECORDED_FACTOR_PRP_OR_LL_RESULT_AND_NO_ACTIVE_GIMPS_ASSIGNMENT,2026-08-06T12:58:23+00:00,UNALLOCATED,,,,,
SLCMP47-2304,2304,3432,154187531,2^154187531-1,STRUCTURAL_SCREEN_EXHAUSTED_PRIMALITY_UNASSIGNED,FIRST_SINGULARITY_SHELL_EXHAUSTED_PRIMALITY_UNASSIGNED,514,9595,9595,NO_RECORDED_FACTOR_PRP_OR_LL_RESULT_AND_NO_ACTIVE_GIMPS_ASSIGNMENT,2026-08-06T12:58:23+00:00,UNALLOCATED,,,,,
SLCMP47-2305,2305,3433,154187599,2^154187599-1,STRUCTURAL_SCREEN_EXHAUSTED_PRIMALITY_UNASSIGNED,FIRST_SINGULARITY_SHELL_EXHAUSTED_PRIMALITY_UNASSIGNED,514,9595,9595,NO_RECORDED_FACTOR_PRP_OR_LL_RESULT_AND_NO_ACTIVE_GIMPS_ASSIGNMENT,2026-08-06T12:58:23+00:00,UNALLOCATED,,,,,
SLCMP47-2306,2306,3434,154187623,2^154187623-1,STRUCTURAL_SCREEN_EXHAUSTED_PRIMALITY_UNASSIGNED,FIRST_SINGULARITY_SHELL_EXHAUSTED_PRIMALITY_UNASSIGNED,514,9595,9595,NO_RECORDED_FACTOR_PRP_OR_LL_RESULT_AND_NO_ACTIVE_GIMPS_ASSIGNMENT,2026-08-06T12:58:23+00:00,UNALLOCATED,,,,,
SLCMP47-2307,2307,3435,154187633,2^154187633-1,STRUCTURAL_SCREEN_EXHAUSTED_PRIMALITY_UNASSIGNED,FIRST_SINGULARITY_SHELL_EXHAUSTED_PRIMALITY_UNASSIGNED,513,9595,9595,NO_RECORDED_FACTOR_PRP_OR_LL_RESULT_AND_NO_ACTIVE_GIMPS_ASSIGNMENT,2026-08-06T12:58:23+00:00,UNALLOCATED,,,,,
SLCMP47-2308,2308,3436,154187821,2^154187821-1,STRUCTURAL_SCREEN_EXHAUSTED_PRIMALITY_UNASSIGNED,FIRST_SINGULARITY_SHELL_EXHAUSTED_PRIMALITY_UNASSIGNED,513,9595,9595,NO_RECORDED_FACTOR_PRP_OR_LL_RESULT_AND_NO_ACTIVE_GIMPS_ASSIGNMENT,2026-08-06T12:58:23+00:00,UNALLOCATED,,,,,
SLCMP47-2309,2309,3437,154187861,2^154187861-1,STRUCTURAL_SCREEN_EXHAUSTED_PRIMALITY_UNASSIGNED,FIRST_SINGULARITY_SHELL_EXHAUSTED_PRIMALITY_UNASSIGNED,513,9595,9595,NO_RECORDED_FACTOR_PRP_OR_LL_RESULT_AND_NO_ACTIVE_GIMPS_ASSIGNMENT,2026-08-06T12:58:23+00:00,UNALLOCATED,,,,,
SLCMP47-2310,2310,3438,154187953,2^154187953-1,STRUCTURAL_SCREEN_EXHAUSTED_PRIMALITY_UNASSIGNED,FIRST_SINGULARITY_SHELL_EXHAUSTED_PRIMALITY_UNASSIGNED,513,9595,9595,NO_RECORDED_FACTOR_PRP_OR_LL_RESULT_AND_NO_ACTIVE_GIMPS_ASSIGNMENT,2026-08-06T12:58:23+00:00,UNALLOCATED,,,,,
SLCMP47-2311,2311,3439,154188007,2^154188007-1,STRUCTURAL_SCREEN_EXHAUSTED_PRIMALITY_UNASSIGNED,FIRST_SINGULARITY_SHELL_EXHAUSTED_PRIMALITY_UNASSIGNED,514,9595,9595,NO_RECORDED_FACTOR_PRP_OR_LL_RESULT_AND_NO_ACTIVE_GIMPS_ASSIGNMENT,2026-08-06T12:58:23+00:00,UNALLOCATED,,,,,
SLCMP47-2312,2312,3440,154188061,2^154188061-1,STRUCTURAL_SCREEN_EXHAUSTED_PRIMALITY_UNASSIGNED,FIRST_SINGULARITY_SHELL_EXHAUSTED_PRIMALITY_UNASSIGNED,513,9595,9595,NO_RECORDED_FACTOR_PRP_OR_LL_RESULT_AND_NO_ACTIVE_GIMPS_ASSIGNMENT,2026-08-06T12:58:23+00:00,UNALLOCATED,,,,,
SLCMP47-2313,2313,3441,154188071,2^154188071-1,STRUCTURAL_SCREEN_EXHAUSTED_PRIMALITY_UNASSIGNED,FIRST_SINGULARITY_SHELL_EXHAUSTED_PRIMALITY_UNASSIGNED,514,9595,9595,NO_RECORDED_FACTOR_PRP_OR_LL_RESULT_AND_NO_ACTIVE_GIMPS_ASSIGNMENT,2026-08-06T12:58:23+00:00,UNALLOCATED,,,,,
SLCMP47-2314,2314,3442,154188101,2^154188101-1,STRUCTURAL_SCREEN_EXHAUSTED_PRIMALITY_UNASSIGNED,FIRST_SINGULARITY_SHELL_EXHAUSTED_PRIMALITY_UNASSIGNED,513,9595,9595,NO_RECORDED_FACTOR_PRP_OR_LL_RESULT_AND_NO_ACTIVE_GIMPS_ASSIGNMENT,2026-08-06T12:58:23+00:00,UNALLOCATED,,,,,
SLCMP47-2315,2315,3443,154188127,2^154188127-1,STRUCTURAL_SCREEN_EXHAUSTED_PRIMALITY_UNASSIGNED,FIRST_SINGULARITY_SHELL_EXHAUSTED_PRIMALITY_UNASSIGNED,514,9595,9595,NO_RECORDED_FACTOR_PRP_OR_LL_RESULT_AND_NO_ACTIVE_GIMPS_ASSIGNMENT,2026-08-06T12:58:23+00:00,UNALLOCATED,,,,,
SLCMP47-2316,2316,3444,154188137,2^154188137-1,STRUCTURAL_SCREEN_EXHAUSTED_PRIMALITY_UNASSIGNED,FIRST_SINGULARITY_SHELL_EXHAUSTED_PRIMALITY_UNASSIGNED,513,9595,9595,NO_RECORDED_FACTOR_PRP_OR_LL_RESULT_AND_NO_ACTIVE_GIMPS_ASSIGNMENT,2026-08-06T12:58:23+00:00,UNALLOCATED,,,,,
SLCMP47-2317,2317,3445,154188143,2^154188143-1,STRUCTURAL_SCREEN_EXHAUSTED_PRIMALITY_UNASSIGNED,FIRST_SINGULARITY_SHELL_EXHAUSTED_PRIMALITY_UNASSIGNED,514,9595,9595,NO_RECORDED_FACTOR_PRP_OR_LL_RESULT_AND_NO_ACTIVE_GIMPS_ASSIGNMENT,2026-08-06T12:58:23+00:00,UNALLOCATED,,,,,
SLCMP47-2318,2318,3446,154188149,2^154188149-1,STRUCTURAL_SCREEN_EXHAUSTED_PRIMALITY_UNASSIGNED,FIRST_SINGULARITY_SHELL_EXHAUSTED_PRIMALITY_UNASSIGNED,513,9595,9595,NO_RECORDED_FACTOR_PRP_OR_LL_RESULT_AND_NO_ACTIVE_GIMPS_ASSIGNMENT,2026-08-06T12:58:23+00:00,UNALLOCATED,,,,,
SLCMP47-2319,2319,3447,154188259,2^154188259-1,STRUCTURAL_SCREEN_EXHAUSTED_PRIMALITY_UNASSIGNED,FIRST_SINGULARITY_SHELL_EXHAUSTED_PRIMALITY_UNASSIGNED,514,9595,9595,NO_RECORDED_FACTOR_PRP_OR_LL_RESULT_AND_NO_ACTIVE_GIMPS_ASSIGNMENT,2026-08-06T12:58:23+00:00,UNALLOCATED,,,,,
SLCMP47-2320,2320,3448,154188271,2^154188271-1,STRUCTURAL_SCREEN_EXHAUSTED_PRIMALITY_UNASSIGNED,FIRST_SINGULARITY_SHELL_EXHAUSTED_PRIMALITY_UNASSIGNED,514,9595,9595,NO_RECORDED_FACTOR_PRP_OR_LL_RESULT_AND_NO_ACTIVE_GIMPS_ASSIGNMENT,2026-08-06T12:58:23+00:00,UNALLOCATED,,,,,
SLCMP47-2321,2321,3449,154188347,2^154188347-1,STRUCTURAL_SCREEN_EXHAUSTED_PRIMALITY_UNASSIGNED,FIRST_SINGULARITY_SHELL_EXHAUSTED_PRIMALITY_UNASSIGNED,514,9595,9595,NO_RECORDED_FACTOR_PRP_OR_LL_RESULT_AND_NO_ACTIVE_GIMPS_ASSIGNMENT,2026-08-06T12:58:23+00:00,UNALLOCATED,,,,,
SLCMP47-2322,2322,3450,154188421,2^154188421-1,STRUCTURAL_SCREEN_EXHAUSTED_PRIMALITY_UNASSIGNED,FIRST_SINGULARITY_SHELL_EXHAUSTED_PRIMALITY_UNASSIGNED,513,9595,9595,NO_RECORDED_FACTOR_PRP_OR_LL_RESULT_AND_NO_ACTIVE_GIMPS_ASSIGNMENT,2026-08-06T12:58:23+00:00,UNALLOCATED,,,,,
SLCMP47-2323,2323,3451,154188469,2^154188469-1,STRUCTURAL_SCREEN_EXHAUSTED_PRIMALITY_UNASSIGNED,FIRST_SINGULARITY_SHELL_EXHAUSTED_PRIMALITY_UNASSIGNED,513,9595,9595,NO_RECORDED_FACTOR_PRP_OR_LL_RESULT_AND_NO_ACTIVE_GIMPS_ASSIGNMENT,2026-08-06T12:58:23+00:00,UNALLOCATED,,,,,
SLCMP47-2324,2324,3452,154188539,2^154188539-1,STRUCTURAL_SCREEN_EXHAUSTED_PRIMALITY_UNASSIGNED,FIRST_SINGULARITY_SHELL_EXHAUSTED_PRIMALITY_UNASSIGNED,514,9595,9595,NO_RECORDED_FACTOR_PRP_OR_LL_RESULT_AND_NO_ACTIVE_GIMPS_ASSIGNMENT,2026-08-06T12:58:23+00:00,UNALLOCATED,,,,,
SLCMP47-2325,2325,3453,154188569,2^154188569-1,STRUCTURAL_SCREEN_EXHAUSTED_PRIMALITY_UNASSIGNED,FIRST_SINGULARITY_SHELL_EXHAUSTED_PRIMALITY_UNASSIGNED,513,9595,9595,NO_RECORDED_FACTOR_PRP_OR_LL_RESULT_AND_NO_ACTIVE_GIMPS_ASSIGNMENT,2026-08-06T12:58:23+00:00,UNALLOCATED,,,,,
SLCMP47-2326,2326,3454,154188611,2^154188611-1,STRUCTURAL_SCREEN_EXHAUSTED_PRIMALITY_UNASSIGNED,FIRST_SINGULARITY_SHELL_EXHAUSTED_PRIMALITY_UNASSIGNED,514,9595,9595,NO_RECORDED_FACTOR_PRP_OR_LL_RESULT_AND_NO_ACTIVE_GIMPS_ASSIGNMENT,2026-08-06T12:58:23+00:00,UNALLOCATED,,,,,
SLCMP47-2327,2327,3455,154188689,2^154188689-1,STRUCTURAL_SCREEN_EXHAUSTED_PRIMALITY_UNASSIGNED,FIRST_SINGULARITY_SHELL_EXHAUSTED_PRIMALITY_UNASSIGNED,513,9595,9595,NO_RECORDED_FACTOR_PRP_OR_LL_RESULT_AND_NO_ACTIVE_GIMPS_ASSIGNMENT,2026-08-06T12:58:23+00:00,UNALLOCATED,,,,,
SLCMP47-2328,2328,3456,154188733,2^154188733-1,STRUCTURAL_SCREEN_EXHAUSTED_PRIMALITY_UNASSIGNED,FIRST_SINGULARITY_SHELL_EXHAUSTED_PRIMALITY_UNASSIGNED,513,9595,9595,NO_RECORDED_FACTOR_PRP_OR_LL_RESULT_AND_NO_ACTIVE_GIMPS_ASSIGNMENT,2026-08-06T12:58:23+00:00,UNALLOCATED,,,,,
SLCMP47-2329,2329,3457,154188739,2^154188739-1,STRUCTURAL_SCREEN_EXHAUSTED_PRIMALITY_UNASSIGNED,FIRST_SINGULARITY_SHELL_EXHAUSTED_PRIMALITY_UNASSIGNED,514,9595,9595,NO_RECORDED_FACTOR_PRP_OR_LL_RESULT_AND_NO_ACTIVE_GIMPS_ASSIGNMENT,2026-08-06T12:58:23+00:00,UNALLOCATED,,,,,
SLCMP47-2330,2330,3458,154188751,2^154188751-1,STRUCTURAL_SCREEN_EXHAUSTED_PRIMALITY_UNASSIGNED,FIRST_SINGULARITY_SHELL_EXHAUSTED_PRIMALITY_UNASSIGNED,514,9595,9595,NO_RECORDED_FACTOR_PRP_OR_LL_RESULT_AND_NO_ACTIVE_GIMPS_ASSIGNMENT,2026-08-06T12:58:23+00:00,UNALLOCATED,,,,,
SLCMP47-2331,2331,3459,154188763,2^154188763-1,STRUCTURAL_SCREEN_EXHAUSTED_PRIMALITY_UNASSIGNED,FIRST_SINGULARITY_SHELL_EXHAUSTED_PRIMALITY_UNASSIGNED,514,9595,9595,NO_RECORDED_FACTOR_PRP_OR_LL_RESULT_AND_NO_ACTIVE_GIMPS_ASSIGNMENT,2026-08-06T12:58:23+00:00,UNALLOCATED,,,,,
SLCMP47-2332,2332,3460,154188767,2^154188767-1,STRUCTURAL_SCREEN_EXHAUSTED_PRIMALITY_UNASSIGNED,FIRST_SINGULARITY_SHELL_EXHAUSTED_PRIMALITY_UNASSIGNED,514,9595,9595,NO_RECORDED_FACTOR_PRP_OR_LL_RESULT_AND_NO_ACTIVE_GIMPS_ASSIGNMENT,2026-08-06T12:58:23+00:00,UNALLOCATED,,,,,
SLCMP47-2333,2333,3461,154188877,2^154188877-1,STRUCTURAL_SCREEN_EXHAUSTED_PRIMALITY_UNASSIGNED,FIRST_SINGULARITY_SHELL_EXHAUSTED_PRIMALITY_UNASSIGNED,513,9595,9595,NO_RECORDED_FACTOR_PRP_OR_LL_RESULT_AND_NO_ACTIVE_GIMPS_ASSIGNMENT,2026-08-06T12:58:23+00:00,UNALLOCATED,,,,,
SLCMP47-2334,2334,3462,154188913,2^154188913-1,STRUCTURAL_SCREEN_EXHAUSTED_PRIMALITY_UNASSIGNED,FIRST_SINGULARITY_SHELL_EXHAUSTED_PRIMALITY_UNASSIGNED,513,9595,9595,NO_RECORDED_FACTOR_PRP_OR_LL_RESULT_AND_NO_ACTIVE_GIMPS_ASSIGNMENT,2026-08-06T12:58:23+00:00,UNALLOCATED,,,,,
SLCMP47-2335,2335,3463,154189037,2^154189037-1,STRUCTURAL_SCREEN_EXHAUSTED_PRIMALITY_UNASSIGNED,FIRST_SINGULARITY_SHELL_EXHAUSTED_PRIMALITY_UNASSIGNED,513,9595,9595,NO_RECORDED_FACTOR_PRP_OR_LL_RESULT_AND_NO_ACTIVE_GIMPS_ASSIGNMENT,2026-08-06T12:58:23+00:00,UNALLOCATED,,,,,
SLCMP47-2336,2336,3464,154189039,2^154189039-1,STRUCTURAL_SCREEN_EXHAUSTED_PRIMALITY_UNASSIGNED,FIRST_SINGULARITY_SHELL_EXHAUSTED_PRIMALITY_UNASSIGNED,514,9595,9595,NO_RECORDED_FACTOR_PRP_OR_LL_RESULT_AND_NO_ACTIVE_GIMPS_ASSIGNMENT,2026-08-06T12:58:23+00:00,UNALLOCATED,,,,,
SLCMP47-2337,2337,3465,154189159,2^154189159-1,STRUCTURAL_SCREEN_EXHAUSTED_PRIMALITY_UNASSIGNED,FIRST_SINGULARITY_SHELL_EXHAUSTED_PRIMALITY_UNASSIGNED,514,9595,9595,NO_RECORDED_FACTOR_PRP_OR_LL_RESULT_AND_NO_ACTIVE_GIMPS_ASSIGNMENT,2026-08-06T12:58:23+00:00,UNALLOCATED,,,,,
SLCMP47-2338,2338,3466,154189331,2^154189331-1,STRUCTURAL_SCREEN_EXHAUSTED_PRIMALITY_UNASSIGNED,FIRST_SINGULARITY_SHELL_EXHAUSTED_PRIMALITY_UNASSIGNED,514,9595,9595,NO_RECORDED_FACTOR_PRP_OR_LL_RESULT_AND_NO_ACTIVE_GIMPS_ASSIGNMENT,2026-08-06T12:58:23+00:00,UNALLOCATED,,,,,
SLCMP47-2339,2339,3467,154189411,2^154189411-1,STRUCTURAL_SCREEN_EXHAUSTED_PRIMALITY_UNASSIGNED,FIRST_SINGULARITY_SHELL_EXHAUSTED_PRIMALITY_UNASSIGNED,514,9595,9595,NO_RECORDED_FACTOR_PRP_OR_LL_RESULT_AND_NO_ACTIVE_GIMPS_ASSIGNMENT,2026-08-06T12:58:23+00:00,UNALLOCATED,,,,,
SLCMP47-2340,2340,3468,154189421,2^154189421-1,STRUCTURAL_SCREEN_EXHAUSTED_PRIMALITY_UNASSIGNED,FIRST_SINGULARITY_SHELL_EXHAUSTED_PRIMALITY_UNASSIGNED,513,9595,9595,NO_RECORDED_FACTOR_PRP_OR_LL_RESULT_AND_NO_ACTIVE_GIMPS_ASSIGNMENT,2026-08-06T12:58:23+00:00,UNALLOCATED,,,,,
SLCMP47-2341,2341,3469,154189459,2^154189459-1,STRUCTURAL_SCREEN_EXHAUSTED_PRIMALITY_UNASSIGNED,FIRST_SINGULARITY_SHELL_EXHAUSTED_PRIMALITY_UNASSIGNED,514,9595,9595,NO_RECORDED_FACTOR_PRP_OR_LL_RESULT_AND_NO_ACTIVE_GIMPS_ASSIGNMENT,2026-08-06T12:58:23+00:00,UNALLOCATED,,,,,
SLCMP47-2342,2342,3470,154189501,2^154189501-1,STRUCTURAL_SCREEN_EXHAUSTED_PRIMALITY_UNASSIGNED,FIRST_SINGULARITY_SHELL_EXHAUSTED_PRIMALITY_UNASSIGNED,513,9595,9595,NO_RECORDED_FACTOR_PRP_OR_LL_RESULT_AND_NO_ACTIVE_GIMPS_ASSIGNMENT,2026-08-06T12:58:23+00:00,UNALLOCATED,,,,,
SLCMP47-2343,2343,3471,154189583,2^154189583-1,STRUCTURAL_SCREEN_EXHAUSTED_PRIMALITY_UNASSIGNED,FIRST_SINGULARITY_SHELL_EXHAUSTED_PRIMALITY_UNASSIGNED,514,9595,9595,NO_RECORDED_FACTOR_PRP_OR_LL_RESULT_AND_NO_ACTIVE_GIMPS_ASSIGNMENT,2026-08-06T12:58:23+00:00,UNALLOCATED,,,,,
SLCMP47-2344,2344,3472,154189613,2^154189613-1,STRUCTURAL_SCREEN_EXHAUSTED_PRIMALITY_UNASSIGNED,FIRST_SINGULARITY_SHELL_EXHAUSTED_PRIMALITY_UNASSIGNED,513,9595,9595,NO_RECORDED_FACTOR_PRP_OR_LL_RESULT_AND_NO_ACTIVE_GIMPS_ASSIGNMENT,2026-08-06T12:58:23+00:00,UNALLOCATED,,,,,
SLCMP47-2345,2345,3473,154189669,2^154189669-1,STRUCTURAL_SCREEN_EXHAUSTED_PRIMALITY_UNASSIGNED,FIRST_SINGULARITY_SHELL_EXHAUSTED_PRIMALITY_UNASSIGNED,513,9595,9595,NO_RECORDED_FACTOR_PRP_OR_LL_RESULT_AND_NO_ACTIVE_GIMPS_ASSIGNMENT,2026-08-06T12:58:23+00:00,UNALLOCATED,,,,,
SLCMP47-2346,2346,3474,154189697,2^154189697-1,STRUCTURAL_SCREEN_EXHAUSTED_PRIMALITY_UNASSIGNED,FIRST_SINGULARITY_SHELL_EXHAUSTED_PRIMALITY_UNASSIGNED,513,9595,9595,NO_RECORDED_FACTOR_PRP_OR_LL_RESULT_AND_NO_ACTIVE_GIMPS_ASSIGNMENT,2026-08-06T12:58:23+00:00,UNALLOCATED,,,,,
SLCMP47-2347,2347,3475,154189709,2^154189709-1,STRUCTURAL_SCREEN_EXHAUSTED_PRIMALITY_UNASSIGNED,FIRST_SINGULARITY_SHELL_EXHAUSTED_PRIMALITY_UNASSIGNED,513,9595,9595,NO_RECORDED_FACTOR_PRP_OR_LL_RESULT_AND_NO_ACTIVE_GIMPS_ASSIGNMENT,2026-08-06T12:58:23+00:00,UNALLOCATED,,,,,
SLCMP47-2348,2348,3476,154189901,2^154189901-1,STRUCTURAL_SCREEN_EXHAUSTED_PRIMALITY_UNASSIGNED,FIRST_SINGULARITY_SHELL_EXHAUSTED_PRIMALITY_UNASSIGNED,513,9595,9595,NO_RECORDED_FACTOR_PRP_OR_LL_RESULT_AND_NO_ACTIVE_GIMPS_ASSIGNMENT,2026-08-06T12:58:23+00:00,UNALLOCATED,,,,,
SLCMP47-2349,2349,3477,154190077,2^154190077-1,STRUCTURAL_SCREEN_EXHAUSTED_PRIMALITY_UNASSIGNED,FIRST_SINGULARITY_SHELL_EXHAUSTED_PRIMALITY_UNASSIGNED,513,9595,9595,NO_RECORDED_FACTOR_PRP_OR_LL_RESULT_AND_NO_ACTIVE_GIMPS_ASSIGNMENT,2026-08-06T12:58:23+00:00,UNALLOCATED,,,,,
SLCMP47-2350,2350,3478,154190087,2^154190087-1,STRUCTURAL_SCREEN_EXHAUSTED_PRIMALITY_UNASSIGNED,FIRST_SINGULARITY_SHELL_EXHAUSTED_PRIMALITY_UNASSIGNED,514,9595,9595,NO_RECORDED_FACTOR_PRP_OR_LL_RESULT_AND_NO_ACTIVE_GIMPS_ASSIGNMENT,2026-08-06T12:58:23+00:00,UNALLOCATED,,,,,
SLCMP47-2351,2351,3479,154190143,2^154190143-1,STRUCTURAL_SCREEN_EXHAUSTED_PRIMALITY_UNASSIGNED,FIRST_SINGULARITY_SHELL_EXHAUSTED_PRIMALITY_UNASSIGNED,514,9595,9595,NO_RECORDED_FACTOR_PRP_OR_LL_RESULT_AND_NO_ACTIVE_GIMPS_ASSIGNMENT,2026-08-06T12:58:23+00:00,UNALLOCATED,,,,,
SLCMP47-2352,2352,3480,154190147,2^154190147-1,STRUCTURAL_SCREEN_EXHAUSTED_PRIMALITY_UNASSIGNED,FIRST_SINGULARITY_SHELL_EXHAUSTED_PRIMALITY_UNASSIGNED,514,9595,9595,NO_RECORDED_FACTOR_PRP_OR_LL_RESULT_AND_NO_ACTIVE_GIMPS_ASSIGNMENT,2026-08-06T12:58:23+00:00,UNALLOCATED,,,,,
SLCMP47-2353,2353,3481,154190237,2^154190237-1,STRUCTURAL_SCREEN_EXHAUSTED_PRIMALITY_UNASSIGNED,FIRST_SINGULARITY_SHELL_EXHAUSTED_PRIMALITY_UNASSIGNED,513,9595,9595,NO_RECORDED_FACTOR_PRP_OR_LL_RESULT_AND_NO_ACTIVE_GIMPS_ASSIGNMENT,2026-08-06T12:58:23+00:00,UNALLOCATED,,,,,
SLCMP47-2354,2354,3482,154190251,2^154190251-1,STRUCTURAL_SCREEN_EXHAUSTED_PRIMALITY_UNASSIGNED,FIRST_SINGULARITY_SHELL_EXHAUSTED_PRIMALITY_UNASSIGNED,514,9595,9595,NO_RECORDED_FACTOR_PRP_OR_LL_RESULT_AND_NO_ACTIVE_GIMPS_ASSIGNMENT,2026-08-06T12:58:23+00:00,UNALLOCATED,,,,,
SLCMP47-2355,2355,3483,154190287,2^154190287-1,STRUCTURAL_SCREEN_EXHAUSTED_PRIMALITY_UNASSIGNED,FIRST_SINGULARITY_SHELL_EXHAUSTED_PRIMALITY_UNASSIGNED,514,9595,9595,NO_RECORDED_FACTOR_PRP_OR_LL_RESULT_AND_NO_ACTIVE_GIMPS_ASSIGNMENT,2026-08-06T12:58:23+00:00,UNALLOCATED,,,,,
SLCMP47-2356,2356,3484,154190291,2^154190291-1,STRUCTURAL_SCREEN_EXHAUSTED_PRIMALITY_UNASSIGNED,FIRST_SINGULARITY_SHELL_EXHAUSTED_PRIMALITY_UNASSIGNED,514,9595,9595,NO_RECORDED_FACTOR_PRP_OR_LL_RESULT_AND_NO_ACTIVE_GIMPS_ASSIGNMENT,2026-08-06T12:58:23+00:00,UNALLOCATED,,,,,
SLCMP47-2357,2357,3485,154190369,2^154190369-1,STRUCTURAL_SCREEN_EXHAUSTED_PRIMALITY_UNASSIGNED,FIRST_SINGULARITY_SHELL_EXHAUSTED_PRIMALITY_UNASSIGNED,513,9595,9595,NO_RECORDED_FACTOR_PRP_OR_LL_RESULT_AND_NO_ACTIVE_GIMPS_ASSIGNMENT,2026-08-06T12:58:23+00:00,UNALLOCATED,,,,,
SLCMP47-2358,2358,3486,154190657,2^154190657-1,STRUCTURAL_SCREEN_EXHAUSTED_PRIMALITY_UNASSIGNED,FIRST_SINGULARITY_SHELL_EXHAUSTED_PRIMALITY_UNASSIGNED,513,9595,9595,NO_RECORDED_FACTOR_PRP_OR_LL_RESULT_AND_NO_ACTIVE_GIMPS_ASSIGNMENT,2026-08-06T12:58:23+00:00,UNALLOCATED,,,,,
SLCMP47-2359,2359,3487,154190669,2^154190669-1,STRUCTURAL_SCREEN_EXHAUSTED_PRIMALITY_UNASSIGNED,FIRST_SINGULARITY_SHELL_EXHAUSTED_PRIMALITY_UNASSIGNED,513,9595,9595,NO_RECORDED_FACTOR_PRP_OR_LL_RESULT_AND_NO_ACTIVE_GIMPS_ASSIGNMENT,2026-08-06T12:58:23+00:00,UNALLOCATED,,,,,
SLCMP47-2360,2360,3488,154190801,2^154190801-1,STRUCTURAL_SCREEN_EXHAUSTED_PRIMALITY_UNASSIGNED,FIRST_SINGULARITY_SHELL_EXHAUSTED_PRIMALITY_UNASSIGNED,513,9595,9595,NO_RECORDED_FACTOR_PRP_OR_LL_RESULT_AND_NO_ACTIVE_GIMPS_ASSIGNMENT,2026-08-06T12:58:23+00:00,UNALLOCATED,,,,,
SLCMP47-2361,2361,3489,154190837,2^154190837-1,STRUCTURAL_SCREEN_EXHAUSTED_PRIMALITY_UNASSIGNED,FIRST_SINGULARITY_SHELL_EXHAUSTED_PRIMALITY_UNASSIGNED,513,9595,9595,NO_RECORDED_FACTOR_PRP_OR_LL_RESULT_AND_NO_ACTIVE_GIMPS_ASSIGNMENT,2026-08-06T12:58:23+00:00,UNALLOCATED,,,,,
SLCMP47-2362,2362,3490,154190899,2^154190899-1,STRUCTURAL_SCREEN_EXHAUSTED_PRIMALITY_UNASSIGNED,FIRST_SINGULARITY_SHELL_EXHAUSTED_PRIMALITY_UNASSIGNED,514,9595,9595,NO_RECORDED_FACTOR_PRP_OR_LL_RESULT_AND_NO_ACTIVE_GIMPS_ASSIGNMENT,2026-08-06T12:58:23+00:00,UNALLOCATED,,,,,
SLCMP47-2363,2363,3491,154190923,2^154190923-1,STRUCTURAL_SCREEN_EXHAUSTED_PRIMALITY_UNASSIGNED,FIRST_SINGULARITY_SHELL_EXHAUSTED_PRIMALITY_UNASSIGNED,514,9595,9595,NO_RECORDED_FACTOR_PRP_OR_LL_RESULT_AND_NO_ACTIVE_GIMPS_ASSIGNMENT,2026-08-06T12:58:23+00:00,UNALLOCATED,,,,,
SLCMP47-2364,2364,3492,154191049,2^154191049-1,STRUCTURAL_SCREEN_EXHAUSTED_PRIMALITY_UNASSIGNED,FIRST_SINGULARITY_SHELL_EXHAUSTED_PRIMALITY_UNASSIGNED,513,9595,9595,NO_RECORDED_FACTOR_PRP_OR_LL_RESULT_AND_NO_ACTIVE_GIMPS_ASSIGNMENT,2026-08-06T12:58:23+00:00,UNALLOCATED,,,,,
SLCMP47-2365,2365,3493,154191091,2^154191091-1,STRUCTURAL_SCREEN_EXHAUSTED_PRIMALITY_UNASSIGNED,FIRST_SINGULARITY_SHELL_EXHAUSTED_PRIMALITY_UNASSIGNED,514,9595,9595,NO_RECORDED_FACTOR_PRP_OR_LL_RESULT_AND_NO_ACTIVE_GIMPS_ASSIGNMENT,2026-08-06T12:58:23+00:00,UNALLOCATED,,,,,
SLCMP47-2366,2366,3494,154191181,2^154191181-1,STRUCTURAL_SCREEN_EXHAUSTED_PRIMALITY_UNASSIGNED,FIRST_SINGULARITY_SHELL_EXHAUSTED_PRIMALITY_UNASSIGNED,513,9595,9595,NO_RECORDED_FACTOR_PRP_OR_LL_RESULT_AND_NO_ACTIVE_GIMPS_ASSIGNMENT,2026-08-06T12:58:23+00:00,UNALLOCATED,,,,,
SLCMP47-2367,2367,3495,154191281,2^154191281-1,STRUCTURAL_SCREEN_EXHAUSTED_PRIMALITY_UNASSIGNED,FIRST_SINGULARITY_SHELL_EXHAUSTED_PRIMALITY_UNASSIGNED,513,9595,9595,NO_RECORDED_FACTOR_PRP_OR_LL_RESULT_AND_NO_ACTIVE_GIMPS_ASSIGNMENT,2026-08-06T12:58:23+00:00,UNALLOCATED,,,,,
SLCMP47-2368,2368,3496,154191293,2^154191293-1,STRUCTURAL_SCREEN_EXHAUSTED_PRIMALITY_UNASSIGNED,FIRST_SINGULARITY_SHELL_EXHAUSTED_PRIMALITY_UNASSIGNED,513,9595,9595,NO_RECORDED_FACTOR_PRP_OR_LL_RESULT_AND_NO_ACTIVE_GIMPS_ASSIGNMENT,2026-08-06T12:58:23+00:00,UNALLOCATED,,,,,
SLCMP47-2369,2369,3497,154191299,2^154191299-1,STRUCTURAL_SCREEN_EXHAUSTED_PRIMALITY_UNASSIGNED,FIRST_SINGULARITY_SHELL_EXHAUSTED_PRIMALITY_UNASSIGNED,514,9595,9595,NO_RECORDED_FACTOR_PRP_OR_LL_RESULT_AND_NO_ACTIVE_GIMPS_ASSIGNMENT,2026-08-06T12:58:23+00:00,UNALLOCATED,,,,,
SLCMP47-2370,2370,3498,154191307,2^154191307-1,STRUCTURAL_SCREEN_EXHAUSTED_PRIMALITY_UNASSIGNED,FIRST_SINGULARITY_SHELL_EXHAUSTED_PRIMALITY_UNASSIGNED,514,9595,9595,NO_RECORDED_FACTOR_PRP_OR_LL_RESULT_AND_NO_ACTIVE_GIMPS_ASSIGNMENT,2026-08-06T12:58:23+00:00,UNALLOCATED,,,,,
SLCMP47-2371,2371,3499,154191311,2^154191311-1,STRUCTURAL_SCREEN_EXHAUSTED_PRIMALITY_UNASSIGNED,FIRST_SINGULARITY_SHELL_EXHAUSTED_PRIMALITY_UNASSIGNED,514,9595,9595,NO_RECORDED_FACTOR_PRP_OR_LL_RESULT_AND_NO_ACTIVE_GIMPS_ASSIGNMENT,2026-08-06T12:58:23+00:00,UNALLOCATED,,,,,
SLCMP47-2372,2372,3500,154191329,2^154191329-1,STRUCTURAL_SCREEN_EXHAUSTED_PRIMALITY_UNASSIGNED,FIRST_SINGULARITY_SHELL_EXHAUSTED_PRIMALITY_UNASSIGNED,513,9595,9595,NO_RECORDED_FACTOR_PRP_OR_LL_RESULT_AND_NO_ACTIVE_GIMPS_ASSIGNMENT,2026-08-06T12:58:23+00:00,UNALLOCATED,,,,,
SLCMP47-2373,2373,3501,154191337,2^154191337-1,STRUCTURAL_SCREEN_EXHAUSTED_PRIMALITY_UNASSIGNED,FIRST_SINGULARITY_SHELL_EXHAUSTED_PRIMALITY_UNASSIGNED,513,9595,9595,NO_RECORDED_FACTOR_PRP_OR_LL_RESULT_AND_NO_ACTIVE_GIMPS_ASSIGNMENT,2026-08-06T12:58:23+00:00,UNALLOCATED,,,,,
SLCMP47-2374,2374,3502,154191397,2^154191397-1,STRUCTURAL_SCREEN_EXHAUSTED_PRIMALITY_UNASSIGNED,FIRST_SINGULARITY_SHELL_EXHAUSTED_PRIMALITY_UNASSIGNED,513,9595,9595,NO_RECORDED_FACTOR_PRP_OR_LL_RESULT_AND_NO_ACTIVE_GIMPS_ASSIGNMENT,2026-08-06T12:58:23+00:00,UNALLOCATED,,,,,
SLCMP47-2375,2375,3503,154191407,2^154191407-1,STRUCTURAL_SCREEN_EXHAUSTED_PRIMALITY_UNASSIGNED,FIRST_SINGULARITY_SHELL_EXHAUSTED_PRIMALITY_UNASSIGNED,514,9595,9595,NO_RECORDED_FACTOR_PRP_OR_LL_RESULT_AND_NO_ACTIVE_GIMPS_ASSIGNMENT,2026-08-06T12:58:23+00:00,UNALLOCATED,,,,,
SLCMP47-2376,2376,3504,154191467,2^154191467-1,STRUCTURAL_SCREEN_EXHAUSTED_PRIMALITY_UNASSIGNED,FIRST_SINGULARITY_SHELL_EXHAUSTED_PRIMALITY_UNASSIGNED,514,9595,9595,NO_RECORDED_FACTOR_PRP_OR_LL_RESULT_AND_NO_ACTIVE_GIMPS_ASSIGNMENT,2026-08-06T12:58:23+00:00,UNALLOCATED,,,,,
SLCMP47-2377,2377,3505,154191493,2^154191493-1,STRUCTURAL_SCREEN_EXHAUSTED_PRIMALITY_UNASSIGNED,FIRST_SINGULARITY_SHELL_EXHAUSTED_PRIMALITY_UNASSIGNED,513,9595,9595,NO_RECORDED_FACTOR_PRP_OR_LL_RESULT_AND_NO_ACTIVE_GIMPS_ASSIGNMENT,2026-08-06T12:58:23+00:00,UNALLOCATED,,,,,
SLCMP47-2378,2378,3506,154191511,2^154191511-1,STRUCTURAL_SCREEN_EXHAUSTED_PRIMALITY_UNASSIGNED,FIRST_SINGULARITY_SHELL_EXHAUSTED_PRIMALITY_UNASSIGNED,514,9595,9595,NO_RECORDED_FACTOR_PRP_OR_LL_RESULT_AND_NO_ACTIVE_GIMPS_ASSIGNMENT,2026-08-06T12:58:23+00:00,UNALLOCATED,,,,,
SLCMP47-2379,2379,3507,154191571,2^154191571-1,STRUCTURAL_SCREEN_EXHAUSTED_PRIMALITY_UNASSIGNED,FIRST_SINGULARITY_SHELL_EXHAUSTED_PRIMALITY_UNASSIGNED,514,9595,9595,NO_RECORDED_FACTOR_PRP_OR_LL_RESULT_AND_NO_ACTIVE_GIMPS_ASSIGNMENT,2026-08-06T12:58:23+00:00,UNALLOCATED,,,,,
SLCMP47-2380,2380,3508,154191659,2^154191659-1,STRUCTURAL_SCREEN_EXHAUSTED_PRIMALITY_UNASSIGNED,FIRST_SINGULARITY_SHELL_EXHAUSTED_PRIMALITY_UNASSIGNED,514,9595,9595,NO_RECORDED_FACTOR_PRP_OR_LL_RESULT_AND_NO_ACTIVE_GIMPS_ASSIGNMENT,2026-08-06T12:58:23+00:00,UNALLOCATED,,,,,
SLCMP47-2381,2381,3509,154191677,2^154191677-1,STRUCTURAL_SCREEN_EXHAUSTED_PRIMALITY_UNASSIGNED,FIRST_SINGULARITY_SHELL_EXHAUSTED_PRIMALITY_UNASSIGNED,513,9595,9595,NO_RECORDED_FACTOR_PRP_OR_LL_RESULT_AND_NO_ACTIVE_GIMPS_ASSIGNMENT,2026-08-06T12:58:23+00:00,UNALLOCATED,,,,,
SLCMP47-2382,2382,3510,154191761,2^154191761-1,STRUCTURAL_SCREEN_EXHAUSTED_PRIMALITY_UNASSIGNED,FIRST_SINGULARITY_SHELL_EXHAUSTED_PRIMALITY_UNASSIGNED,513,9595,9595,NO_RECORDED_FACTOR_PRP_OR_LL_RESULT_AND_NO_ACTIVE_GIMPS_ASSIGNMENT,2026-08-06T12:58:23+00:00,UNALLOCATED,,,,,
SLCMP47-2383,2383,3511,154191803,2^154191803-1,STRUCTURAL_SCREEN_EXHAUSTED_PRIMALITY_UNASSIGNED,FIRST_SINGULARITY_SHELL_EXHAUSTED_PRIMALITY_UNASSIGNED,514,9595,9595,NO_RECORDED_FACTOR_PRP_OR_LL_RESULT_AND_NO_ACTIVE_GIMPS_ASSIGNMENT,2026-08-06T12:58:23+00:00,UNALLOCATED,,,,,
SLCMP47-2384,2384,3512,154191823,2^154191823-1,STRUCTURAL_SCREEN_EXHAUSTED_PRIMALITY_UNASSIGNED,FIRST_SINGULARITY_SHELL_EXHAUSTED_PRIMALITY_UNASSIGNED,514,9595,9595,NO_RECORDED_FACTOR_PRP_OR_LL_RESULT_AND_NO_ACTIVE_GIMPS_ASSIGNMENT,2026-08-06T12:58:23+00:00,UNALLOCATED,,,,,
SLCMP47-2385,2385,3513,154191833,2^154191833-1,STRUCTURAL_SCREEN_EXHAUSTED_PRIMALITY_UNASSIGNED,FIRST_SINGULARITY_SHELL_EXHAUSTED_PRIMALITY_UNASSIGNED,513,9595,9595,NO_RECORDED_FACTOR_PRP_OR_LL_RESULT_AND_NO_ACTIVE_GIMPS_ASSIGNMENT,2026-08-06T12:58:23+00:00,UNALLOCATED,,,,,
SLCMP47-2386,2386,3514,154191881,2^154191881-1,STRUCTURAL_SCREEN_EXHAUSTED_PRIMALITY_UNASSIGNED,FIRST_SINGULARITY_SHELL_EXHAUSTED_PRIMALITY_UNASSIGNED,513,9595,9595,NO_RECORDED_FACTOR_PRP_OR_LL_RESULT_AND_NO_ACTIVE_GIMPS_ASSIGNMENT,2026-08-06T12:58:23+00:00,UNALLOCATED,,,,,
SLCMP47-2387,2387,3515,154191889,2^154191889-1,STRUCTURAL_SCREEN_EXHAUSTED_PRIMALITY_UNASSIGNED,FIRST_SINGULARITY_SHELL_EXHAUSTED_PRIMALITY_UNASSIGNED,513,9595,9595,NO_RECORDED_FACTOR_PRP_OR_LL_RESULT_AND_NO_ACTIVE_GIMPS_ASSIGNMENT,2026-08-06T12:58:23+00:00,UNALLOCATED,,,,,
SLCMP47-2388,2388,3516,154191899,2^154191899-1,STRUCTURAL_SCREEN_EXHAUSTED_PRIMALITY_UNASSIGNED,FIRST_SINGULARITY_SHELL_EXHAUSTED_PRIMALITY_UNASSIGNED,514,9595,9595,NO_RECORDED_FACTOR_PRP_OR_LL_RESULT_AND_NO_ACTIVE_GIMPS_ASSIGNMENT,2026-08-06T12:58:23+00:00,UNALLOCATED,,,,,
SLCMP47-2389,2389,3517,154191979,2^154191979-1,STRUCTURAL_SCREEN_EXHAUSTED_PRIMALITY_UNASSIGNED,FIRST_SINGULARITY_SHELL_EXHAUSTED_PRIMALITY_UNASSIGNED,514,9595,9595,NO_RECORDED_FACTOR_PRP_OR_LL_RESULT_AND_NO_ACTIVE_GIMPS_ASSIGNMENT,2026-08-06T12:58:23+00:00,UNALLOCATED,,,,,
SLCMP47-2390,2390,3518,154192009,2^154192009-1,STRUCTURAL_SCREEN_EXHAUSTED_PRIMALITY_UNASSIGNED,FIRST_SINGULARITY_SHELL_EXHAUSTED_PRIMALITY_UNASSIGNED,513,9595,9595,NO_RECORDED_FACTOR_PRP_OR_LL_RESULT_AND_NO_ACTIVE_GIMPS_ASSIGNMENT,2026-08-06T12:58:23+00:00,UNALLOCATED,,,,,
SLCMP47-2391,2391,3519,154192147,2^154192147-1,STRUCTURAL_SCREEN_EXHAUSTED_PRIMALITY_UNASSIGNED,FIRST_SINGULARITY_SHELL_EXHAUSTED_PRIMALITY_UNASSIGNED,514,9595,9595,NO_RECORDED_FACTOR_PRP_OR_LL_RESULT_AND_NO_ACTIVE_GIMPS_ASSIGNMENT,2026-08-06T12:58:23+00:00,UNALLOCATED,,,,,
SLCMP47-2392,2392,3520,154192153,2^154192153-1,STRUCTURAL_SCREEN_EXHAUSTED_PRIMALITY_UNASSIGNED,FIRST_SINGULARITY_SHELL_EXHAUSTED_PRIMALITY_UNASSIGNED,513,9595,9595,NO_RECORDED_FACTOR_PRP_OR_LL_RESULT_AND_NO_ACTIVE_GIMPS_ASSIGNMENT,2026-08-06T12:58:23+00:00,UNALLOCATED,,,,,
SLCMP47-2393,2393,3521,154192183,2^154192183-1,STRUCTURAL_SCREEN_EXHAUSTED_PRIMALITY_UNASSIGNED,FIRST_SINGULARITY_SHELL_EXHAUSTED_PRIMALITY_UNASSIGNED,514,9595,9595,NO_RECORDED_FACTOR_PRP_OR_LL_RESULT_AND_NO_ACTIVE_GIMPS_ASSIGNMENT,2026-08-06T12:58:23+00:00,UNALLOCATED,,,,,
SLCMP47-2394,2394,3522,154192273,2^154192273-1,STRUCTURAL_SCREEN_EXHAUSTED_PRIMALITY_UNASSIGNED,FIRST_SINGULARITY_SHELL_EXHAUSTED_PRIMALITY_UNASSIGNED,513,9595,9595,NO_RECORDED_FACTOR_PRP_OR_LL_RESULT_AND_NO_ACTIVE_GIMPS_ASSIGNMENT,2026-08-06T12:58:23+00:00,UNALLOCATED,,,,,
SLCMP47-2395,2395,3523,154192303,2^154192303-1,STRUCTURAL_SCREEN_EXHAUSTED_PRIMALITY_UNASSIGNED,FIRST_SINGULARITY_SHELL_EXHAUSTED_PRIMALITY_UNASSIGNED,514,9595,9595,NO_RECORDED_FACTOR_PRP_OR_LL_RESULT_AND_NO_ACTIVE_GIMPS_ASSIGNMENT,2026-08-06T12:58:23+00:00,UNALLOCATED,,,,,
SLCMP47-2396,2396,3524,154192387,2^154192387-1,STRUCTURAL_SCREEN_EXHAUSTED_PRIMALITY_UNASSIGNED,FIRST_SINGULARITY_SHELL_EXHAUSTED_PRIMALITY_UNASSIGNED,514,9595,9595,NO_RECORDED_FACTOR_PRP_OR_LL_RESULT_AND_NO_ACTIVE_GIMPS_ASSIGNMENT,2026-08-06T12:58:23+00:00,UNALLOCATED,,,,,
SLCMP47-2397,2397,3525,154192421,2^154192421-1,STRUCTURAL_SCREEN_EXHAUSTED_PRIMALITY_UNASSIGNED,FIRST_SINGULARITY_SHELL_EXHAUSTED_PRIMALITY_UNASSIGNED,513,9595,9595,NO_RECORDED_FACTOR_PRP_OR_LL_RESULT_AND_NO_ACTIVE_GIMPS_ASSIGNMENT,2026-08-06T12:58:23+00:00,UNALLOCATED,,,,,
SLCMP47-2398,2398,3526,154192517,2^154192517-1,STRUCTURAL_SCREEN_EXHAUSTED_PRIMALITY_UNASSIGNED,FIRST_SINGULARITY_SHELL_EXHAUSTED_PRIMALITY_UNASSIGNED,513,9595,9595,NO_RECORDED_FACTOR_PRP_OR_LL_RESULT_AND_NO_ACTIVE_GIMPS_ASSIGNMENT,2026-08-06T12:58:23+00:00,UNALLOCATED,,,,,
SLCMP47-2399,2399,3527,154192531,2^154192531-1,STRUCTURAL_SCREEN_EXHAUSTED_PRIMALITY_UNASSIGNED,FIRST_SINGULARITY_SHELL_EXHAUSTED_PRIMALITY_UNASSIGNED,514,9595,9595,NO_RECORDED_FACTOR_PRP_OR_LL_RESULT_AND_NO_ACTIVE_GIMPS_ASSIGNMENT,2026-08-06T12:58:23+00:00,UNALLOCATED,,,,,
SLCMP47-2400,2400,3528,154192609,2^154192609-1,STRUCTURAL_SCREEN_EXHAUSTED_PRIMALITY_UNASSIGNED,FIRST_SINGULARITY_SHELL_EXHAUSTED_PRIMALITY_UNASSIGNED,513,9595,9595,NO_RECORDED_FACTOR_PRP_OR_LL_RESULT_AND_NO_ACTIVE_GIMPS_ASSIGNMENT,2026-08-06T12:58:23+00:00,UNALLOCATED,,,,,
SLCMP47-2401,2401,3529,154192637,2^154192637-1,STRUCTURAL_SCREEN_EXHAUSTED_PRIMALITY_UNASSIGNED,FIRST_SINGULARITY_SHELL_EXHAUSTED_PRIMALITY_UNASSIGNED,513,9595,9595,NO_RECORDED_FACTOR_PRP_OR_LL_RESULT_AND_NO_ACTIVE_GIMPS_ASSIGNMENT,2026-08-06T12:58:23+00:00,UNALLOCATED,,,,,
SLCMP47-2402,2402,3530,154192697,2^154192697-1,STRUCTURAL_SCREEN_EXHAUSTED_PRIMALITY_UNASSIGNED,FIRST_SINGULARITY_SHELL_EXHAUSTED_PRIMALITY_UNASSIGNED,513,9595,9595,NO_RECORDED_FACTOR_PRP_OR_LL_RESULT_AND_NO_ACTIVE_GIMPS_ASSIGNMENT,2026-08-06T12:58:23+00:00,UNALLOCATED,,,,,
SLCMP47-2403,2403,3531,154192781,2^154192781-1,STRUCTURAL_SCREEN_EXHAUSTED_PRIMALITY_UNASSIGNED,FIRST_SINGULARITY_SHELL_EXHAUSTED_PRIMALITY_UNASSIGNED,513,9595,9595,NO_RECORDED_FACTOR_PRP_OR_LL_RESULT_AND_NO_ACTIVE_GIMPS_ASSIGNMENT,2026-08-06T12:58:23+00:00,UNALLOCATED,,,,,
SLCMP47-2404,2404,3532,154192823,2^154192823-1,STRUCTURAL_SCREEN_EXHAUSTED_PRIMALITY_UNASSIGNED,FIRST_SINGULARITY_SHELL_EXHAUSTED_PRIMALITY_UNASSIGNED,514,9595,9595,NO_RECORDED_FACTOR_PRP_OR_LL_RESULT_AND_NO_ACTIVE_GIMPS_ASSIGNMENT,2026-08-06T12:58:23+00:00,UNALLOCATED,,,,,
SLCMP47-2405,2405,3533,154192837,2^154192837-1,STRUCTURAL_SCREEN_EXHAUSTED_PRIMALITY_UNASSIGNED,FIRST_SINGULARITY_SHELL_EXHAUSTED_PRIMALITY_UNASSIGNED,513,9595,9595,NO_RECORDED_FACTOR_PRP_OR_LL_RESULT_AND_NO_ACTIVE_GIMPS_ASSIGNMENT,2026-08-06T12:58:23+00:00,UNALLOCATED,,,,,
SLCMP47-2406,2406,3534,154192931,2^154192931-1,STRUCTURAL_SCREEN_EXHAUSTED_PRIMALITY_UNASSIGNED,FIRST_SINGULARITY_SHELL_EXHAUSTED_PRIMALITY_UNASSIGNED,514,9595,9595,NO_RECORDED_FACTOR_PRP_OR_LL_RESULT_AND_NO_ACTIVE_GIMPS_ASSIGNMENT,2026-08-06T12:58:23+00:00,UNALLOCATED,,,,,
SLCMP47-2407,2407,3535,154193021,2^154193021-1,STRUCTURAL_SCREEN_EXHAUSTED_PRIMALITY_UNASSIGNED,FIRST_SINGULARITY_SHELL_EXHAUSTED_PRIMALITY_UNASSIGNED,513,9595,9595,NO_RECORDED_FACTOR_PRP_OR_LL_RESULT_AND_NO_ACTIVE_GIMPS_ASSIGNMENT,2026-08-06T12:58:23+00:00,UNALLOCATED,,,,,
SLCMP47-2408,2408,3536,154193027,2^154193027-1,STRUCTURAL_SCREEN_EXHAUSTED_PRIMALITY_UNASSIGNED,FIRST_SINGULARITY_SHELL_EXHAUSTED_PRIMALITY_UNASSIGNED,514,9595,9595,NO_RECORDED_FACTOR_PRP_OR_LL_RESULT_AND_NO_ACTIVE_GIMPS_ASSIGNMENT,2026-08-06T12:58:23+00:00,UNALLOCATED,,,,,
SLCMP47-2409,2409,3537,154193131,2^154193131-1,STRUCTURAL_SCREEN_EXHAUSTED_PRIMALITY_UNASSIGNED,FIRST_SINGULARITY_SHELL_EXHAUSTED_PRIMALITY_UNASSIGNED,514,9595,9595,NO_RECORDED_FACTOR_PRP_OR_LL_RESULT_AND_NO_ACTIVE_GIMPS_ASSIGNMENT,2026-08-06T12:58:23+00:00,UNALLOCATED,,,,,
SLCMP47-2410,2410,3538,154193183,2^154193183-1,STRUCTURAL_SCREEN_EXHAUSTED_PRIMALITY_UNASSIGNED,FIRST_SINGULARITY_SHELL_EXHAUSTED_PRIMALITY_UNASSIGNED,514,9595,9595,NO_RECORDED_FACTOR_PRP_OR_LL_RESULT_AND_NO_ACTIVE_GIMPS_ASSIGNMENT,2026-08-06T12:58:23+00:00,UNALLOCATED,,,,,
SLCMP47-2411,2411,3539,154193233,2^154193233-1,STRUCTURAL_SCREEN_EXHAUSTED_PRIMALITY_UNASSIGNED,FIRST_SINGULARITY_SHELL_EXHAUSTED_PRIMALITY_UNASSIGNED,513,9595,9595,NO_RECORDED_FACTOR_PRP_OR_LL_RESULT_AND_NO_ACTIVE_GIMPS_ASSIGNMENT,2026-08-06T12:58:23+00:00,UNALLOCATED,,,,,
SLCMP47-2412,2412,3540,154193269,2^154193269-1,STRUCTURAL_SCREEN_EXHAUSTED_PRIMALITY_UNASSIGNED,FIRST_SINGULARITY_SHELL_EXHAUSTED_PRIMALITY_UNASSIGNED,513,9595,9595,NO_RECORDED_FACTOR_PRP_OR_LL_RESULT_AND_NO_ACTIVE_GIMPS_ASSIGNMENT,2026-08-06T12:58:23+00:00,UNALLOCATED,,,,,
SLCMP47-2413,2413,3541,154193437,2^154193437-1,STRUCTURAL_SCREEN_EXHAUSTED_PRIMALITY_UNASSIGNED,FIRST_SINGULARITY_SHELL_EXHAUSTED_PRIMALITY_UNASSIGNED,513,9595,9595,NO_RECORDED_FACTOR_PRP_OR_LL_RESULT_AND_NO_ACTIVE_GIMPS_ASSIGNMENT,2026-08-06T12:58:23+00:00,UNALLOCATED,,,,,
SLCMP47-2414,2414,3542,154193443,2^154193443-1,STRUCTURAL_SCREEN_EXHAUSTED_PRIMALITY_UNASSIGNED,FIRST_SINGULARITY_SHELL_EXHAUSTED_PRIMALITY_UNASSIGNED,514,9595,9595,NO_RECORDED_FACTOR_PRP_OR_LL_RESULT_AND_NO_ACTIVE_GIMPS_ASSIGNMENT,2026-08-06T12:58:23+00:00,UNALLOCATED,,,,,
SLCMP47-2415,2415,3543,154193563,2^154193563-1,STRUCTURAL_SCREEN_EXHAUSTED_PRIMALITY_UNASSIGNED,FIRST_SINGULARITY_SHELL_EXHAUSTED_PRIMALITY_UNASSIGNED,514,9595,9595,NO_RECORDED_FACTOR_PRP_OR_LL_RESULT_AND_NO_ACTIVE_GIMPS_ASSIGNMENT,2026-08-06T12:58:23+00:00,UNALLOCATED,,,,,
SLCMP47-2416,2416,3544,154193591,2^154193591-1,STRUCTURAL_SCREEN_EXHAUSTED_PRIMALITY_UNASSIGNED,FIRST_SINGULARITY_SHELL_EXHAUSTED_PRIMALITY_UNASSIGNED,514,9595,9595,NO_RECORDED_FACTOR_PRP_OR_LL_RESULT_AND_NO_ACTIVE_GIMPS_ASSIGNMENT,2026-08-06T12:58:23+00:00,UNALLOCATED,,,,,
SLCMP47-2417,2417,3545,154193623,2^154193623-1,STRUCTURAL_SCREEN_EXHAUSTED_PRIMALITY_UNASSIGNED,FIRST_SINGULARITY_SHELL_EXHAUSTED_PRIMALITY_UNASSIGNED,514,9595,9595,NO_RECORDED_FACTOR_PRP_OR_LL_RESULT_AND_NO_ACTIVE_GIMPS_ASSIGNMENT,2026-08-06T12:58:23+00:00,UNALLOCATED,,,,,
SLCMP47-2418,2418,3546,154193777,2^154193777-1,STRUCTURAL_SCREEN_EXHAUSTED_PRIMALITY_UNASSIGNED,FIRST_SINGULARITY_SHELL_EXHAUSTED_PRIMALITY_UNASSIGNED,513,9595,9595,NO_RECORDED_FACTOR_PRP_OR_LL_RESULT_AND_NO_ACTIVE_GIMPS_ASSIGNMENT,2026-08-06T12:58:23+00:00,UNALLOCATED,,,,,
SLCMP47-2419,2419,3547,154193779,2^154193779-1,STRUCTURAL_SCREEN_EXHAUSTED_PRIMALITY_UNASSIGNED,FIRST_SINGULARITY_SHELL_EXHAUSTED_PRIMALITY_UNASSIGNED,514,9595,9595,NO_RECORDED_FACTOR_PRP_OR_LL_RESULT_AND_NO_ACTIVE_GIMPS_ASSIGNMENT,2026-08-06T12:58:23+00:00,UNALLOCATED,,,,,
SLCMP47-2420,2420,3548,154193857,2^154193857-1,STRUCTURAL_SCREEN_EXHAUSTED_PRIMALITY_UNASSIGNED,FIRST_SINGULARITY_SHELL_EXHAUSTED_PRIMALITY_UNASSIGNED,513,9595,9595,NO_RECORDED_FACTOR_PRP_OR_LL_RESULT_AND_NO_ACTIVE_GIMPS_ASSIGNMENT,2026-08-06T12:58:23+00:00,UNALLOCATED,,,,,
SLCMP47-2421,2421,3549,154193953,2^154193953-1,STRUCTURAL_SCREEN_EXHAUSTED_PRIMALITY_UNASSIGNED,FIRST_SINGULARITY_SHELL_EXHAUSTED_PRIMALITY_UNASSIGNED,513,9595,9595,NO_RECORDED_FACTOR_PRP_OR_LL_RESULT_AND_NO_ACTIVE_GIMPS_ASSIGNMENT,2026-08-06T12:58:23+00:00,UNALLOCATED,,,,,
SLCMP47-2422,2422,3550,154194077,2^154194077-1,STRUCTURAL_SCREEN_EXHAUSTED_PRIMALITY_UNASSIGNED,FIRST_SINGULARITY_SHELL_EXHAUSTED_PRIMALITY_UNASSIGNED,513,9595,9595,NO_RECORDED_FACTOR_PRP_OR_LL_RESULT_AND_NO_ACTIVE_GIMPS_ASSIGNMENT,2026-08-06T12:58:23+00:00,UNALLOCATED,,,,,
SLCMP47-2423,2423,3551,154194083,2^154194083-1,STRUCTURAL_SCREEN_EXHAUSTED_PRIMALITY_UNASSIGNED,FIRST_SINGULARITY_SHELL_EXHAUSTED_PRIMALITY_UNASSIGNED,514,9595,9595,NO_RECORDED_FACTOR_PRP_OR_LL_RESULT_AND_NO_ACTIVE_GIMPS_ASSIGNMENT,2026-08-06T12:58:23+00:00,UNALLOCATED,,,,,
SLCMP47-2424,2424,3552,154194091,2^154194091-1,STRUCTURAL_SCREEN_EXHAUSTED_PRIMALITY_UNASSIGNED,FIRST_SINGULARITY_SHELL_EXHAUSTED_PRIMALITY_UNASSIGNED,514,9595,9595,NO_RECORDED_FACTOR_PRP_OR_LL_RESULT_AND_NO_ACTIVE_GIMPS_ASSIGNMENT,2026-08-06T12:58:23+00:00,UNALLOCATED,,,,,
SLCMP47-2425,2425,3553,154194113,2^154194113-1,STRUCTURAL_SCREEN_EXHAUSTED_PRIMALITY_UNASSIGNED,FIRST_SINGULARITY_SHELL_EXHAUSTED_PRIMALITY_UNASSIGNED,513,9595,9595,NO_RECORDED_FACTOR_PRP_OR_LL_RESULT_AND_NO_ACTIVE_GIMPS_ASSIGNMENT,2026-08-06T12:58:23+00:00,UNALLOCATED,,,,,
SLCMP47-2426,2426,3554,154194167,2^154194167-1,STRUCTURAL_SCREEN_EXHAUSTED_PRIMALITY_UNASSIGNED,FIRST_SINGULARITY_SHELL_EXHAUSTED_PRIMALITY_UNASSIGNED,514,9595,9595,NO_RECORDED_FACTOR_PRP_OR_LL_RESULT_AND_NO_ACTIVE_GIMPS_ASSIGNMENT,2026-08-06T12:58:23+00:00,UNALLOCATED,,,,,
SLCMP47-2427,2427,3555,154194181,2^154194181-1,STRUCTURAL_SCREEN_EXHAUSTED_PRIMALITY_UNASSIGNED,FIRST_SINGULARITY_SHELL_EXHAUSTED_PRIMALITY_UNASSIGNED,513,9595,9595,NO_RECORDED_FACTOR_PRP_OR_LL_RESULT_AND_NO_ACTIVE_GIMPS_ASSIGNMENT,2026-08-06T12:58:23+00:00,UNALLOCATED,,,,,
SLCMP47-2428,2428,3556,154194221,2^154194221-1,STRUCTURAL_SCREEN_EXHAUSTED_PRIMALITY_UNASSIGNED,FIRST_SINGULARITY_SHELL_EXHAUSTED_PRIMALITY_UNASSIGNED,513,9595,9595,NO_RECORDED_FACTOR_PRP_OR_LL_RESULT_AND_NO_ACTIVE_GIMPS_ASSIGNMENT,2026-08-06T12:58:23+00:00,UNALLOCATED,,,,,
SLCMP47-2429,2429,3557,154194349,2^154194349-1,STRUCTURAL_SCREEN_EXHAUSTED_PRIMALITY_UNASSIGNED,FIRST_SINGULARITY_SHELL_EXHAUSTED_PRIMALITY_UNASSIGNED,513,9595,9595,NO_RECORDED_FACTOR_PRP_OR_LL_RESULT_AND_NO_ACTIVE_GIMPS_ASSIGNMENT,2026-08-06T12:58:23+00:00,UNALLOCATED,,,,,
SLCMP47-2430,2430,3558,154194379,2^154194379-1,STRUCTURAL_SCREEN_EXHAUSTED_PRIMALITY_UNASSIGNED,FIRST_SINGULARITY_SHELL_EXHAUSTED_PRIMALITY_UNASSIGNED,514,9595,9595,NO_RECORDED_FACTOR_PRP_OR_LL_RESULT_AND_NO_ACTIVE_GIMPS_ASSIGNMENT,2026-08-06T12:58:23+00:00,UNALLOCATED,,,,,
SLCMP47-2431,2431,3559,154194409,2^154194409-1,STRUCTURAL_SCREEN_EXHAUSTED_PRIMALITY_UNASSIGNED,FIRST_SINGULARITY_SHELL_EXHAUSTED_PRIMALITY_UNASSIGNED,513,9595,9595,NO_RECORDED_FACTOR_PRP_OR_LL_RESULT_AND_NO_ACTIVE_GIMPS_ASSIGNMENT,2026-08-06T12:58:23+00:00,UNALLOCATED,,,,,
SLCMP47-2432,2432,3560,154194457,2^154194457-1,STRUCTURAL_SCREEN_EXHAUSTED_PRIMALITY_UNASSIGNED,FIRST_SINGULARITY_SHELL_EXHAUSTED_PRIMALITY_UNASSIGNED,513,9595,9595,NO_RECORDED_FACTOR_PRP_OR_LL_RESULT_AND_NO_ACTIVE_GIMPS_ASSIGNMENT,2026-08-06T12:58:23+00:00,UNALLOCATED,,,,,
SLCMP47-2433,2433,3561,154194499,2^154194499-1,STRUCTURAL_SCREEN_EXHAUSTED_PRIMALITY_UNASSIGNED,FIRST_SINGULARITY_SHELL_EXHAUSTED_PRIMALITY_UNASSIGNED,514,9595,9595,NO_RECORDED_FACTOR_PRP_OR_LL_RESULT_AND_NO_ACTIVE_GIMPS_ASSIGNMENT,2026-08-06T12:58:23+00:00,UNALLOCATED,,,,,
SLCMP47-2434,2434,3562,154194673,2^154194673-1,STRUCTURAL_SCREEN_EXHAUSTED_PRIMALITY_UNASSIGNED,FIRST_SINGULARITY_SHELL_EXHAUSTED_PRIMALITY_UNASSIGNED,513,9595,9595,NO_RECORDED_FACTOR_PRP_OR_LL_RESULT_AND_NO_ACTIVE_GIMPS_ASSIGNMENT,2026-08-06T12:58:23+00:00,UNALLOCATED,,,,,
SLCMP47-2435,2435,3563,154194749,2^154194749-1,STRUCTURAL_SCREEN_EXHAUSTED_PRIMALITY_UNASSIGNED,FIRST_SINGULARITY_SHELL_EXHAUSTED_PRIMALITY_UNASSIGNED,513,9595,9595,NO_RECORDED_FACTOR_PRP_OR_LL_RESULT_AND_NO_ACTIVE_GIMPS_ASSIGNMENT,2026-08-06T12:58:23+00:00,UNALLOCATED,,,,,
SLCMP47-2436,2436,3564,154194751,2^154194751-1,STRUCTURAL_SCREEN_EXHAUSTED_PRIMALITY_UNASSIGNED,FIRST_SINGULARITY_SHELL_EXHAUSTED_PRIMALITY_UNASSIGNED,514,9595,9595,NO_RECORDED_FACTOR_PRP_OR_LL_RESULT_AND_NO_ACTIVE_GIMPS_ASSIGNMENT,2026-08-06T12:58:23+00:00,UNALLOCATED,,,,,
SLCMP47-2437,2437,3565,154194839,2^154194839-1,STRUCTURAL_SCREEN_EXHAUSTED_PRIMALITY_UNASSIGNED,FIRST_SINGULARITY_SHELL_EXHAUSTED_PRIMALITY_UNASSIGNED,514,9595,9595,NO_RECORDED_FACTOR_PRP_OR_LL_RESULT_AND_NO_ACTIVE_GIMPS_ASSIGNMENT,2026-08-06T12:58:23+00:00,UNALLOCATED,,,,,
SLCMP47-2438,2438,3566,154194853,2^154194853-1,STRUCTURAL_SCREEN_EXHAUSTED_PRIMALITY_UNASSIGNED,FIRST_SINGULARITY_SHELL_EXHAUSTED_PRIMALITY_UNASSIGNED,513,9595,9595,NO_RECORDED_FACTOR_PRP_OR_LL_RESULT_AND_NO_ACTIVE_GIMPS_ASSIGNMENT,2026-08-06T12:58:23+00:00,UNALLOCATED,,,,,
SLCMP47-2439,2439,3567,154194923,2^154194923-1,STRUCTURAL_SCREEN_EXHAUSTED_PRIMALITY_UNASSIGNED,FIRST_SINGULARITY_SHELL_EXHAUSTED_PRIMALITY_UNASSIGNED,514,9595,9595,NO_RECORDED_FACTOR_PRP_OR_LL_RESULT_AND_NO_ACTIVE_GIMPS_ASSIGNMENT,2026-08-06T12:58:23+00:00,UNALLOCATED,,,,,
SLCMP47-2440,2440,3568,154195121,2^154195121-1,STRUCTURAL_SCREEN_EXHAUSTED_PRIMALITY_UNASSIGNED,FIRST_SINGULARITY_SHELL_EXHAUSTED_PRIMALITY_UNASSIGNED,513,9595,9595,NO_RECORDED_FACTOR_PRP_OR_LL_RESULT_AND_NO_ACTIVE_GIMPS_ASSIGNMENT,2026-08-06T12:58:23+00:00,UNALLOCATED,,,,,
SLCMP47-2441,2441,3569,154195133,2^154195133-1,STRUCTURAL_SCREEN_EXHAUSTED_PRIMALITY_UNASSIGNED,FIRST_SINGULARITY_SHELL_EXHAUSTED_PRIMALITY_UNASSIGNED,513,9595,9595,NO_RECORDED_FACTOR_PRP_OR_LL_RESULT_AND_NO_ACTIVE_GIMPS_ASSIGNMENT,2026-08-06T12:58:23+00:00,UNALLOCATED,,,,,
SLCMP47-2442,2442,3570,154195157,2^154195157-1,STRUCTURAL_SCREEN_EXHAUSTED_PRIMALITY_UNASSIGNED,FIRST_SINGULARITY_SHELL_EXHAUSTED_PRIMALITY_UNASSIGNED,513,9595,9595,NO_RECORDED_FACTOR_PRP_OR_LL_RESULT_AND_NO_ACTIVE_GIMPS_ASSIGNMENT,2026-08-06T12:58:23+00:00,UNALLOCATED,,,,,
SLCMP47-2443,2443,3571,154195163,2^154195163-1,STRUCTURAL_SCREEN_EXHAUSTED_PRIMALITY_UNASSIGNED,FIRST_SINGULARITY_SHELL_EXHAUSTED_PRIMALITY_UNASSIGNED,514,9595,9595,NO_RECORDED_FACTOR_PRP_OR_LL_RESULT_AND_NO_ACTIVE_GIMPS_ASSIGNMENT,2026-08-06T12:58:23+00:00,UNALLOCATED,,,,,
SLCMP47-2444,2444,3572,154195211,2^154195211-1,STRUCTURAL_SCREEN_EXHAUSTED_PRIMALITY_UNASSIGNED,FIRST_SINGULARITY_SHELL_EXHAUSTED_PRIMALITY_UNASSIGNED,514,9595,9595,NO_RECORDED_FACTOR_PRP_OR_LL_RESULT_AND_NO_ACTIVE_GIMPS_ASSIGNMENT,2026-08-06T12:58:23+00:00,UNALLOCATED,,,,,
SLCMP47-2445,2445,3573,154195231,2^154195231-1,STRUCTURAL_SCREEN_EXHAUSTED_PRIMALITY_UNASSIGNED,FIRST_SINGULARITY_SHELL_EXHAUSTED_PRIMALITY_UNASSIGNED,514,9595,9595,NO_RECORDED_FACTOR_PRP_OR_LL_RESULT_AND_NO_ACTIVE_GIMPS_ASSIGNMENT,2026-08-06T12:58:23+00:00,UNALLOCATED,,,,,
SLCMP47-2446,2446,3574,154195303,2^154195303-1,STRUCTURAL_SCREEN_EXHAUSTED_PRIMALITY_UNASSIGNED,FIRST_SINGULARITY_SHELL_EXHAUSTED_PRIMALITY_UNASSIGNED,514,9595,9595,NO_RECORDED_FACTOR_PRP_OR_LL_RESULT_AND_NO_ACTIVE_GIMPS_ASSIGNMENT,2026-08-06T12:58:23+00:00,UNALLOCATED,,,,,
SLCMP47-2447,2447,3575,154195309,2^154195309-1,STRUCTURAL_SCREEN_EXHAUSTED_PRIMALITY_UNASSIGNED,FIRST_SINGULARITY_SHELL_EXHAUSTED_PRIMALITY_UNASSIGNED,513,9595,9595,NO_RECORDED_FACTOR_PRP_OR_LL_RESULT_AND_NO_ACTIVE_GIMPS_ASSIGNMENT,2026-08-06T12:58:23+00:00,UNALLOCATED,,,,,
SLCMP47-2448,2448,3576,154195337,2^154195337-1,STRUCTURAL_SCREEN_EXHAUSTED_PRIMALITY_UNASSIGNED,FIRST_SINGULARITY_SHELL_EXHAUSTED_PRIMALITY_UNASSIGNED,513,9595,9595,NO_RECORDED_FACTOR_PRP_OR_LL_RESULT_AND_NO_ACTIVE_GIMPS_ASSIGNMENT,2026-08-06T12:58:23+00:00,UNALLOCATED,,,,,
SLCMP47-2449,2449,3577,154195343,2^154195343-1,STRUCTURAL_SCREEN_EXHAUSTED_PRIMALITY_UNASSIGNED,FIRST_SINGULARITY_SHELL_EXHAUSTED_PRIMALITY_UNASSIGNED,514,9595,9595,NO_RECORDED_FACTOR_PRP_OR_LL_RESULT_AND_NO_ACTIVE_GIMPS_ASSIGNMENT,2026-08-06T12:58:23+00:00,UNALLOCATED,,,,,
SLCMP47-2450,2450,3578,154195403,2^154195403-1,STRUCTURAL_SCREEN_EXHAUSTED_PRIMALITY_UNASSIGNED,FIRST_SINGULARITY_SHELL_EXHAUSTED_PRIMALITY_UNASSIGNED,514,9595,9595,NO_RECORDED_FACTOR_PRP_OR_LL_RESULT_AND_NO_ACTIVE_GIMPS_ASSIGNMENT,2026-08-06T12:58:23+00:00,UNALLOCATED,,,,,
SLCMP47-2451,2451,3579,154195411,2^154195411-1,STRUCTURAL_SCREEN_EXHAUSTED_PRIMALITY_UNASSIGNED,FIRST_SINGULARITY_SHELL_EXHAUSTED_PRIMALITY_UNASSIGNED,514,9595,9595,NO_RECORDED_FACTOR_PRP_OR_LL_RESULT_AND_NO_ACTIVE_GIMPS_ASSIGNMENT,2026-08-06T12:58:23+00:00,UNALLOCATED,,,,,
SLCMP47-2452,2452,3580,154195421,2^154195421-1,STRUCTURAL_SCREEN_EXHAUSTED_PRIMALITY_UNASSIGNED,FIRST_SINGULARITY_SHELL_EXHAUSTED_PRIMALITY_UNASSIGNED,513,9595,9595,NO_RECORDED_FACTOR_PRP_OR_LL_RESULT_AND_NO_ACTIVE_GIMPS_ASSIGNMENT,2026-08-06T12:58:23+00:00,UNALLOCATED,,,,,
SLCMP47-2453,2453,3581,154195493,2^154195493-1,STRUCTURAL_SCREEN_EXHAUSTED_PRIMALITY_UNASSIGNED,FIRST_SINGULARITY_SHELL_EXHAUSTED_PRIMALITY_UNASSIGNED,513,9595,9595,NO_RECORDED_FACTOR_PRP_OR_LL_RESULT_AND_NO_ACTIVE_GIMPS_ASSIGNMENT,2026-08-06T12:58:23+00:00,UNALLOCATED,,,,,
SLCMP47-2454,2454,3582,154195607,2^154195607-1,STRUCTURAL_SCREEN_EXHAUSTED_PRIMALITY_UNASSIGNED,FIRST_SINGULARITY_SHELL_EXHAUSTED_PRIMALITY_UNASSIGNED,514,9595,9595,NO_RECORDED_FACTOR_PRP_OR_LL_RESULT_AND_NO_ACTIVE_GIMPS_ASSIGNMENT,2026-08-06T12:58:23+00:00,UNALLOCATED,,,,,
SLCMP47-2455,2455,3583,154195819,2^154195819-1,STRUCTURAL_SCREEN_EXHAUSTED_PRIMALITY_UNASSIGNED,FIRST_SINGULARITY_SHELL_EXHAUSTED_PRIMALITY_UNASSIGNED,514,9595,9595,NO_RECORDED_FACTOR_PRP_OR_LL_RESULT_AND_NO_ACTIVE_GIMPS_ASSIGNMENT,2026-08-06T12:58:23+00:00,UNALLOCATED,,,,,
SLCMP47-2456,2456,3584,154195889,2^154195889-1,STRUCTURAL_SCREEN_EXHAUSTED_PRIMALITY_UNASSIGNED,FIRST_SINGULARITY_SHELL_EXHAUSTED_PRIMALITY_UNASSIGNED,513,9595,9595,NO_RECORDED_FACTOR_PRP_OR_LL_RESULT_AND_NO_ACTIVE_GIMPS_ASSIGNMENT,2026-08-06T12:58:23+00:00,UNALLOCATED,,,,,
SLCMP47-2457,2457,3585,154195903,2^154195903-1,STRUCTURAL_SCREEN_EXHAUSTED_PRIMALITY_UNASSIGNED,FIRST_SINGULARITY_SHELL_EXHAUSTED_PRIMALITY_UNASSIGNED,514,9595,9595,NO_RECORDED_FACTOR_PRP_OR_LL_RESULT_AND_NO_ACTIVE_GIMPS_ASSIGNMENT,2026-08-06T12:58:23+00:00,UNALLOCATED,,,,,
SLCMP47-2458,2458,3586,154195931,2^154195931-1,STRUCTURAL_SCREEN_EXHAUSTED_PRIMALITY_UNASSIGNED,FIRST_SINGULARITY_SHELL_EXHAUSTED_PRIMALITY_UNASSIGNED,514,9595,9595,NO_RECORDED_FACTOR_PRP_OR_LL_RESULT_AND_NO_ACTIVE_GIMPS_ASSIGNMENT,2026-08-06T12:58:23+00:00,UNALLOCATED,,,,,
SLCMP47-2459,2459,3587,154195949,2^154195949-1,STRUCTURAL_SCREEN_EXHAUSTED_PRIMALITY_UNASSIGNED,FIRST_SINGULARITY_SHELL_EXHAUSTED_PRIMALITY_UNASSIGNED,513,9595,9595,NO_RECORDED_FACTOR_PRP_OR_LL_RESULT_AND_NO_ACTIVE_GIMPS_ASSIGNMENT,2026-08-06T12:58:23+00:00,UNALLOCATED,,,,,
SLCMP47-2460,2460,3588,154195997,2^154195997-1,STRUCTURAL_SCREEN_EXHAUSTED_PRIMALITY_UNASSIGNED,FIRST_SINGULARITY_SHELL_EXHAUSTED_PRIMALITY_UNASSIGNED,513,9595,9595,NO_RECORDED_FACTOR_PRP_OR_LL_RESULT_AND_NO_ACTIVE_GIMPS_ASSIGNMENT,2026-08-06T12:58:23+00:00,UNALLOCATED,,,,,
SLCMP47-2461,2461,3589,154196023,2^154196023-1,STRUCTURAL_SCREEN_EXHAUSTED_PRIMALITY_UNASSIGNED,FIRST_SINGULARITY_SHELL_EXHAUSTED_PRIMALITY_UNASSIGNED,514,9595,9595,NO_RECORDED_FACTOR_PRP_OR_LL_RESULT_AND_NO_ACTIVE_GIMPS_ASSIGNMENT,2026-08-06T12:58:23+00:00,UNALLOCATED,,,,,
SLCMP47-2462,2462,3590,154196089,2^154196089-1,STRUCTURAL_SCREEN_EXHAUSTED_PRIMALITY_UNASSIGNED,FIRST_SINGULARITY_SHELL_EXHAUSTED_PRIMALITY_UNASSIGNED,513,9595,9595,NO_RECORDED_FACTOR_PRP_OR_LL_RESULT_AND_NO_ACTIVE_GIMPS_ASSIGNMENT,2026-08-06T12:58:23+00:00,UNALLOCATED,,,,,
SLCMP47-2463,2463,3591,154196179,2^154196179-1,STRUCTURAL_SCREEN_EXHAUSTED_PRIMALITY_UNASSIGNED,FIRST_SINGULARITY_SHELL_EXHAUSTED_PRIMALITY_UNASSIGNED,514,9595,9595,NO_RECORDED_FACTOR_PRP_OR_LL_RESULT_AND_NO_ACTIVE_GIMPS_ASSIGNMENT,2026-08-06T12:58:23+00:00,UNALLOCATED,,,,,
SLCMP47-2464,2464,3592,154196281,2^154196281-1,STRUCTURAL_SCREEN_EXHAUSTED_PRIMALITY_UNASSIGNED,FIRST_SINGULARITY_SHELL_EXHAUSTED_PRIMALITY_UNASSIGNED,513,9595,9595,NO_RECORDED_FACTOR_PRP_OR_LL_RESULT_AND_NO_ACTIVE_GIMPS_ASSIGNMENT,2026-08-06T12:58:23+00:00,UNALLOCATED,,,,,
SLCMP47-2465,2465,3593,154196299,2^154196299-1,STRUCTURAL_SCREEN_EXHAUSTED_PRIMALITY_UNASSIGNED,FIRST_SINGULARITY_SHELL_EXHAUSTED_PRIMALITY_UNASSIGNED,514,9595,9595,NO_RECORDED_FACTOR_PRP_OR_LL_RESULT_AND_NO_ACTIVE_GIMPS_ASSIGNMENT,2026-08-06T12:58:23+00:00,UNALLOCATED,,,,,
SLCMP47-2466,2466,3594,154196303,2^154196303-1,STRUCTURAL_SCREEN_EXHAUSTED_PRIMALITY_UNASSIGNED,FIRST_SINGULARITY_SHELL_EXHAUSTED_PRIMALITY_UNASSIGNED,514,9595,9595,NO_RECORDED_FACTOR_PRP_OR_LL_RESULT_AND_NO_ACTIVE_GIMPS_ASSIGNMENT,2026-08-06T12:58:23+00:00,UNALLOCATED,,,,,
SLCMP47-2467,2467,3595,154196411,2^154196411-1,STRUCTURAL_SCREEN_EXHAUSTED_PRIMALITY_UNASSIGNED,FIRST_SINGULARITY_SHELL_EXHAUSTED_PRIMALITY_UNASSIGNED,514,9595,9595,NO_RECORDED_FACTOR_PRP_OR_LL_RESULT_AND_NO_ACTIVE_GIMPS_ASSIGNMENT,2026-08-06T12:58:23+00:00,UNALLOCATED,,,,,
SLCMP47-2468,2468,3596,154196423,2^154196423-1,STRUCTURAL_SCREEN_EXHAUSTED_PRIMALITY_UNASSIGNED,FIRST_SINGULARITY_SHELL_EXHAUSTED_PRIMALITY_UNASSIGNED,514,9595,9595,NO_RECORDED_FACTOR_PRP_OR_LL_RESULT_AND_NO_ACTIVE_GIMPS_ASSIGNMENT,2026-08-06T12:58:23+00:00,UNALLOCATED,,,,,
SLCMP47-2469,2469,3597,154196521,2^154196521-1,STRUCTURAL_SCREEN_EXHAUSTED_PRIMALITY_UNASSIGNED,FIRST_SINGULARITY_SHELL_EXHAUSTED_PRIMALITY_UNASSIGNED,513,9595,9595,NO_RECORDED_FACTOR_PRP_OR_LL_RESULT_AND_NO_ACTIVE_GIMPS_ASSIGNMENT,2026-08-06T12:58:23+00:00,UNALLOCATED,,,,,
SLCMP47-2470,2470,3598,154196527,2^154196527-1,STRUCTURAL_SCREEN_EXHAUSTED_PRIMALITY_UNASSIGNED,FIRST_SINGULARITY_SHELL_EXHAUSTED_PRIMALITY_UNASSIGNED,514,9595,9595,NO_RECORDED_FACTOR_PRP_OR_LL_RESULT_AND_NO_ACTIVE_GIMPS_ASSIGNMENT,2026-08-06T12:58:23+00:00,UNALLOCATED,,,,,
SLCMP47-2471,2471,3599,154196587,2^154196587-1,STRUCTURAL_SCREEN_EXHAUSTED_PRIMALITY_UNASSIGNED,FIRST_SINGULARITY_SHELL_EXHAUSTED_PRIMALITY_UNASSIGNED,514,9595,9595,NO_RECORDED_FACTOR_PRP_OR_LL_RESULT_AND_NO_ACTIVE_GIMPS_ASSIGNMENT,2026-08-06T12:58:23+00:00,UNALLOCATED,,,,,
SLCMP47-2472,2472,3600,154196617,2^154196617-1,STRUCTURAL_SCREEN_EXHAUSTED_PRIMALITY_UNASSIGNED,FIRST_SINGULARITY_SHELL_EXHAUSTED_PRIMALITY_UNASSIGNED,513,9595,9595,NO_RECORDED_FACTOR_PRP_OR_LL_RESULT_AND_NO_ACTIVE_GIMPS_ASSIGNMENT,2026-08-06T12:58:23+00:00,UNALLOCATED,,,,,
SLCMP47-2473,2473,3601,154196629,2^154196629-1,STRUCTURAL_SCREEN_EXHAUSTED_PRIMALITY_UNASSIGNED,FIRST_SINGULARITY_SHELL_EXHAUSTED_PRIMALITY_UNASSIGNED,513,9595,9595,NO_RECORDED_FACTOR_PRP_OR_LL_RESULT_AND_NO_ACTIVE_GIMPS_ASSIGNMENT,2026-08-06T12:58:23+00:00,UNALLOCATED,,,,,
SLCMP47-2474,2474,3602,154196671,2^154196671-1,STRUCTURAL_SCREEN_EXHAUSTED_PRIMALITY_UNASSIGNED,FIRST_SINGULARITY_SHELL_EXHAUSTED_PRIMALITY_UNASSIGNED,514,9595,9595,NO_RECORDED_FACTOR_PRP_OR_LL_RESULT_AND_NO_ACTIVE_GIMPS_ASSIGNMENT,2026-08-06T12:58:23+00:00,UNALLOCATED,,,,,
SLCMP47-2475,2475,3603,154196773,2^154196773-1,STRUCTURAL_SCREEN_EXHAUSTED_PRIMALITY_UNASSIGNED,FIRST_SINGULARITY_SHELL_EXHAUSTED_PRIMALITY_UNASSIGNED,513,9595,9595,NO_RECORDED_FACTOR_PRP_OR_LL_RESULT_AND_NO_ACTIVE_GIMPS_ASSIGNMENT,2026-08-06T12:58:23+00:00,UNALLOCATED,,,,,
SLCMP47-2476,2476,3604,154196897,2^154196897-1,STRUCTURAL_SCREEN_EXHAUSTED_PRIMALITY_UNASSIGNED,FIRST_SINGULARITY_SHELL_EXHAUSTED_PRIMALITY_UNASSIGNED,513,9595,9595,NO_RECORDED_FACTOR_PRP_OR_LL_RESULT_AND_NO_ACTIVE_GIMPS_ASSIGNMENT,2026-08-06T12:58:23+00:00,UNALLOCATED,,,,,
SLCMP47-2477,2477,3605,154196909,2^154196909-1,STRUCTURAL_SCREEN_EXHAUSTED_PRIMALITY_UNASSIGNED,FIRST_SINGULARITY_SHELL_EXHAUSTED_PRIMALITY_UNASSIGNED,513,9595,9595,NO_RECORDED_FACTOR_PRP_OR_LL_RESULT_AND_NO_ACTIVE_GIMPS_ASSIGNMENT,2026-08-06T12:58:23+00:00,UNALLOCATED,,,,,
SLCMP47-2478,2478,3606,154196963,2^154196963-1,STRUCTURAL_SCREEN_EXHAUSTED_PRIMALITY_UNASSIGNED,FIRST_SINGULARITY_SHELL_EXHAUSTED_PRIMALITY_UNASSIGNED,514,9595,9595,NO_RECORDED_FACTOR_PRP_OR_LL_RESULT_AND_NO_ACTIVE_GIMPS_ASSIGNMENT,2026-08-06T12:58:23+00:00,UNALLOCATED,,,,,
SLCMP47-2479,2479,3607,154197041,2^154197041-1,STRUCTURAL_SCREEN_EXHAUSTED_PRIMALITY_UNASSIGNED,FIRST_SINGULARITY_SHELL_EXHAUSTED_PRIMALITY_UNASSIGNED,513,9595,9595,NO_RECORDED_FACTOR_PRP_OR_LL_RESULT_AND_NO_ACTIVE_GIMPS_ASSIGNMENT,2026-08-06T12:58:23+00:00,UNALLOCATED,,,,,
SLCMP47-2480,2480,3608,154197053,2^154197053-1,STRUCTURAL_SCREEN_EXHAUSTED_PRIMALITY_UNASSIGNED,FIRST_SINGULARITY_SHELL_EXHAUSTED_PRIMALITY_UNASSIGNED,513,9595,9595,NO_RECORDED_FACTOR_PRP_OR_LL_RESULT_AND_NO_ACTIVE_GIMPS_ASSIGNMENT,2026-08-06T12:58:23+00:00,UNALLOCATED,,,,,
SLCMP47-2481,2481,3609,154197067,2^154197067-1,STRUCTURAL_SCREEN_EXHAUSTED_PRIMALITY_UNASSIGNED,FIRST_SINGULARITY_SHELL_EXHAUSTED_PRIMALITY_UNASSIGNED,514,9595,9595,NO_RECORDED_FACTOR_PRP_OR_LL_RESULT_AND_NO_ACTIVE_GIMPS_ASSIGNMENT,2026-08-06T12:58:23+00:00,UNALLOCATED,,,,,
SLCMP47-2482,2482,3610,154197119,2^154197119-1,STRUCTURAL_SCREEN_EXHAUSTED_PRIMALITY_UNASSIGNED,FIRST_SINGULARITY_SHELL_EXHAUSTED_PRIMALITY_UNASSIGNED,514,9595,9595,NO_RECORDED_FACTOR_PRP_OR_LL_RESULT_AND_NO_ACTIVE_GIMPS_ASSIGNMENT,2026-08-06T12:58:23+00:00,UNALLOCATED,,,,,
SLCMP47-2483,2483,3611,154197133,2^154197133-1,STRUCTURAL_SCREEN_EXHAUSTED_PRIMALITY_UNASSIGNED,FIRST_SINGULARITY_SHELL_EXHAUSTED_PRIMALITY_UNASSIGNED,513,9595,9595,NO_RECORDED_FACTOR_PRP_OR_LL_RESULT_AND_NO_ACTIVE_GIMPS_ASSIGNMENT,2026-08-06T12:58:23+00:00,UNALLOCATED,,,,,
SLCMP47-2484,2484,3612,154197137,2^154197137-1,STRUCTURAL_SCREEN_EXHAUSTED_PRIMALITY_UNASSIGNED,FIRST_SINGULARITY_SHELL_EXHAUSTED_PRIMALITY_UNASSIGNED,513,9595,9595,NO_RECORDED_FACTOR_PRP_OR_LL_RESULT_AND_NO_ACTIVE_GIMPS_ASSIGNMENT,2026-08-06T12:58:23+00:00,UNALLOCATED,,,,,
SLCMP47-2485,2485,3613,154197139,2^154197139-1,STRUCTURAL_SCREEN_EXHAUSTED_PRIMALITY_UNASSIGNED,FIRST_SINGULARITY_SHELL_EXHAUSTED_PRIMALITY_UNASSIGNED,514,9595,9595,NO_RECORDED_FACTOR_PRP_OR_LL_RESULT_AND_NO_ACTIVE_GIMPS_ASSIGNMENT,2026-08-06T12:58:23+00:00,UNALLOCATED,,,,,
SLCMP47-2486,2486,3614,154197229,2^154197229-1,STRUCTURAL_SCREEN_EXHAUSTED_PRIMALITY_UNASSIGNED,FIRST_SINGULARITY_SHELL_EXHAUSTED_PRIMALITY_UNASSIGNED,513,9595,9595,NO_RECORDED_FACTOR_PRP_OR_LL_RESULT_AND_NO_ACTIVE_GIMPS_ASSIGNMENT,2026-08-06T12:58:23+00:00,UNALLOCATED,,,,,
SLCMP47-2487,2487,3615,154197289,2^154197289-1,STRUCTURAL_SCREEN_EXHAUSTED_PRIMALITY_UNASSIGNED,FIRST_SINGULARITY_SHELL_EXHAUSTED_PRIMALITY_UNASSIGNED,513,9595,9595,NO_RECORDED_FACTOR_PRP_OR_LL_RESULT_AND_NO_ACTIVE_GIMPS_ASSIGNMENT,2026-08-06T12:58:23+00:00,UNALLOCATED,,,,,
SLCMP47-2488,2488,3616,154197319,2^154197319-1,STRUCTURAL_SCREEN_EXHAUSTED_PRIMALITY_UNASSIGNED,FIRST_SINGULARITY_SHELL_EXHAUSTED_PRIMALITY_UNASSIGNED,514,9595,9595,NO_RECORDED_FACTOR_PRP_OR_LL_RESULT_AND_NO_ACTIVE_GIMPS_ASSIGNMENT,2026-08-06T12:58:23+00:00,UNALLOCATED,,,,,
SLCMP47-2489,2489,3617,154197409,2^154197409-1,STRUCTURAL_SCREEN_EXHAUSTED_PRIMALITY_UNASSIGNED,FIRST_SINGULARITY_SHELL_EXHAUSTED_PRIMALITY_UNASSIGNED,513,9595,9595,NO_RECORDED_FACTOR_PRP_OR_LL_RESULT_AND_NO_ACTIVE_GIMPS_ASSIGNMENT,2026-08-06T12:58:23+00:00,UNALLOCATED,,,,,
SLCMP47-2490,2490,3618,154197457,2^154197457-1,STRUCTURAL_SCREEN_EXHAUSTED_PRIMALITY_UNASSIGNED,FIRST_SINGULARITY_SHELL_EXHAUSTED_PRIMALITY_UNASSIGNED,513,9595,9595,NO_RECORDED_FACTOR_PRP_OR_LL_RESULT_AND_NO_ACTIVE_GIMPS_ASSIGNMENT,2026-08-06T12:58:23+00:00,UNALLOCATED,,,,,
SLCMP47-2491,2491,3619,154197541,2^154197541-1,STRUCTURAL_SCREEN_EXHAUSTED_PRIMALITY_UNASSIGNED,FIRST_SINGULARITY_SHELL_EXHAUSTED_PRIMALITY_UNASSIGNED,513,9595,9595,NO_RECORDED_FACTOR_PRP_OR_LL_RESULT_AND_NO_ACTIVE_GIMPS_ASSIGNMENT,2026-08-06T12:58:23+00:00,UNALLOCATED,,,,,
SLCMP47-2492,2492,3620,154197607,2^154197607-1,STRUCTURAL_SCREEN_EXHAUSTED_PRIMALITY_UNASSIGNED,FIRST_SINGULARITY_SHELL_EXHAUSTED_PRIMALITY_UNASSIGNED,514,9595,9595,NO_RECORDED_FACTOR_PRP_OR_LL_RESULT_AND_NO_ACTIVE_GIMPS_ASSIGNMENT,2026-08-06T12:58:23+00:00,UNALLOCATED,,,,,
SLCMP47-2493,2493,3621,154197731,2^154197731-1,STRUCTURAL_SCREEN_EXHAUSTED_PRIMALITY_UNASSIGNED,FIRST_SINGULARITY_SHELL_EXHAUSTED_PRIMALITY_UNASSIGNED,514,9595,9595,NO_RECORDED_FACTOR_PRP_OR_LL_RESULT_AND_NO_ACTIVE_GIMPS_ASSIGNMENT,2026-08-06T12:58:23+00:00,UNALLOCATED,,,,,
SLCMP47-2494,2494,3622,154197767,2^154197767-1,STRUCTURAL_SCREEN_EXHAUSTED_PRIMALITY_UNASSIGNED,FIRST_SINGULARITY_SHELL_EXHAUSTED_PRIMALITY_UNASSIGNED,514,9595,9595,NO_RECORDED_FACTOR_PRP_OR_LL_RESULT_AND_NO_ACTIVE_GIMPS_ASSIGNMENT,2026-08-06T12:58:23+00:00,UNALLOCATED,,,,,
SLCMP47-2495,2495,3623,154197859,2^154197859-1,STRUCTURAL_SCREEN_EXHAUSTED_PRIMALITY_UNASSIGNED,FIRST_SINGULARITY_SHELL_EXHAUSTED_PRIMALITY_UNASSIGNED,514,9595,9595,NO_RECORDED_FACTOR_PRP_OR_LL_RESULT_AND_NO_ACTIVE_GIMPS_ASSIGNMENT,2026-08-06T12:58:23+00:00,UNALLOCATED,,,,,
SLCMP47-2496,2496,3624,154197899,2^154197899-1,STRUCTURAL_SCREEN_EXHAUSTED_PRIMALITY_UNASSIGNED,FIRST_SINGULARITY_SHELL_EXHAUSTED_PRIMALITY_UNASSIGNED,514,9595,9595,NO_RECORDED_FACTOR_PRP_OR_LL_RESULT_AND_NO_ACTIVE_GIMPS_ASSIGNMENT,2026-08-06T12:58:23+00:00,UNALLOCATED,,,,,
SLCMP47-2497,2497,3625,154197949,2^154197949-1,STRUCTURAL_SCREEN_EXHAUSTED_PRIMALITY_UNASSIGNED,FIRST_SINGULARITY_SHELL_EXHAUSTED_PRIMALITY_UNASSIGNED,513,9595,9595,NO_RECORDED_FACTOR_PRP_OR_LL_RESULT_AND_NO_ACTIVE_GIMPS_ASSIGNMENT,2026-08-06T12:58:23+00:00,UNALLOCATED,,,,,
SLCMP47-2498,2498,3626,154197997,2^154197997-1,STRUCTURAL_SCREEN_EXHAUSTED_PRIMALITY_UNASSIGNED,FIRST_SINGULARITY_SHELL_EXHAUSTED_PRIMALITY_UNASSIGNED,513,9595,9595,NO_RECORDED_FACTOR_PRP_OR_LL_RESULT_AND_NO_ACTIVE_GIMPS_ASSIGNMENT,2026-08-06T12:58:23+00:00,UNALLOCATED,,,,,
SLCMP47-2499,2499,3627,154198019,2^154198019-1,STRUCTURAL_SCREEN_EXHAUSTED_PRIMALITY_UNASSIGNED,FIRST_SINGULARITY_SHELL_EXHAUSTED_PRIMALITY_UNASSIGNED,514,9595,9595,NO_RECORDED_FACTOR_PRP_OR_LL_RESULT_AND_NO_ACTIVE_GIMPS_ASSIGNMENT,2026-08-06T12:58:23+00:00,UNALLOCATED,,,,,
SLCMP47-2500,2500,3628,154198081,2^154198081-1,STRUCTURAL_SCREEN_EXHAUSTED_PRIMALITY_UNASSIGNED,FIRST_SINGULARITY_SHELL_EXHAUSTED_PRIMALITY_UNASSIGNED,513,9595,9595,NO_RECORDED_FACTOR_PRP_OR_LL_RESULT_AND_NO_ACTIVE_GIMPS_ASSIGNMENT,2026-08-06T12:58:23+00:00,UNALLOCATED,,,,,
SLCMP47-2501,2501,3629,154198153,2^154198153-1,STRUCTURAL_SCREEN_EXHAUSTED_PRIMALITY_UNASSIGNED,FIRST_SINGULARITY_SHELL_EXHAUSTED_PRIMALITY_UNASSIGNED,513,9595,9595,NO_RECORDED_FACTOR_PRP_OR_LL_RESULT_AND_NO_ACTIVE_GIMPS_ASSIGNMENT,2026-08-06T12:58:23+00:00,UNALLOCATED,,,,,
SLCMP47-2502,2502,3630,154198189,2^154198189-1,STRUCTURAL_SCREEN_EXHAUSTED_PRIMALITY_UNASSIGNED,FIRST_SINGULARITY_SHELL_EXHAUSTED_PRIMALITY_UNASSIGNED,513,9595,9595,NO_RECORDED_FACTOR_PRP_OR_LL_RESULT_AND_NO_ACTIVE_GIMPS_ASSIGNMENT,2026-08-06T12:58:23+00:00,UNALLOCATED,,,,,
SLCMP47-2503,2503,3631,154198237,2^154198237-1,STRUCTURAL_SCREEN_EXHAUSTED_PRIMALITY_UNASSIGNED,FIRST_SINGULARITY_SHELL_EXHAUSTED_PRIMALITY_UNASSIGNED,513,9595,9595,NO_RECORDED_FACTOR_PRP_OR_LL_RESULT_AND_NO_ACTIVE_GIMPS_ASSIGNMENT,2026-08-06T12:58:23+00:00,UNALLOCATED,,,,,
SLCMP47-2504,2504,3632,154198333,2^154198333-1,STRUCTURAL_SCREEN_EXHAUSTED_PRIMALITY_UNASSIGNED,FIRST_SINGULARITY_SHELL_EXHAUSTED_PRIMALITY_UNASSIGNED,513,9595,9595,NO_RECORDED_FACTOR_PRP_OR_LL_RESULT_AND_NO_ACTIVE_GIMPS_ASSIGNMENT,2026-08-06T12:58:23+00:00,UNALLOCATED,,,,,
SLCMP47-2505,2505,3633,154198427,2^154198427-1,STRUCTURAL_SCREEN_EXHAUSTED_PRIMALITY_UNASSIGNED,FIRST_SINGULARITY_SHELL_EXHAUSTED_PRIMALITY_UNASSIGNED,514,9595,9595,NO_RECORDED_FACTOR_PRP_OR_LL_RESULT_AND_NO_ACTIVE_GIMPS_ASSIGNMENT,2026-08-06T12:58:23+00:00,UNALLOCATED,,,,,
SLCMP47-2506,2506,3634,154198477,2^154198477-1,STRUCTURAL_SCREEN_EXHAUSTED_PRIMALITY_UNASSIGNED,FIRST_SINGULARITY_SHELL_EXHAUSTED_PRIMALITY_UNASSIGNED,513,9595,9595,NO_RECORDED_FACTOR_PRP_OR_LL_RESULT_AND_NO_ACTIVE_GIMPS_ASSIGNMENT,2026-08-06T12:58:23+00:00,UNALLOCATED,,,,,
SLCMP47-2507,2507,3635,154198501,2^154198501-1,STRUCTURAL_SCREEN_EXHAUSTED_PRIMALITY_UNASSIGNED,FIRST_SINGULARITY_SHELL_EXHAUSTED_PRIMALITY_UNASSIGNED,513,9595,9595,NO_RECORDED_FACTOR_PRP_OR_LL_RESULT_AND_NO_ACTIVE_GIMPS_ASSIGNMENT,2026-08-06T12:58:23+00:00,UNALLOCATED,,,,,
SLCMP47-2508,2508,3636,154198529,2^154198529-1,STRUCTURAL_SCREEN_EXHAUSTED_PRIMALITY_UNASSIGNED,FIRST_SINGULARITY_SHELL_EXHAUSTED_PRIMALITY_UNASSIGNED,513,9595,9595,NO_RECORDED_FACTOR_PRP_OR_LL_RESULT_AND_NO_ACTIVE_GIMPS_ASSIGNMENT,2026-08-06T12:58:23+00:00,UNALLOCATED,,,,,
SLCMP47-2509,2509,3637,154198657,2^154198657-1,STRUCTURAL_SCREEN_EXHAUSTED_PRIMALITY_UNASSIGNED,FIRST_SINGULARITY_SHELL_EXHAUSTED_PRIMALITY_UNASSIGNED,513,9595,9595,NO_RECORDED_FACTOR_PRP_OR_LL_RESULT_AND_NO_ACTIVE_GIMPS_ASSIGNMENT,2026-08-06T12:58:23+00:00,UNALLOCATED,,,,,
SLCMP47-2510,2510,3638,154198697,2^154198697-1,STRUCTURAL_SCREEN_EXHAUSTED_PRIMALITY_UNASSIGNED,FIRST_SINGULARITY_SHELL_EXHAUSTED_PRIMALITY_UNASSIGNED,513,9595,9595,NO_RECORDED_FACTOR_PRP_OR_LL_RESULT_AND_NO_ACTIVE_GIMPS_ASSIGNMENT,2026-08-06T12:58:23+00:00,UNALLOCATED,,,,,
SLCMP47-2511,2511,3639,154198853,2^154198853-1,STRUCTURAL_SCREEN_EXHAUSTED_PRIMALITY_UNASSIGNED,FIRST_SINGULARITY_SHELL_EXHAUSTED_PRIMALITY_UNASSIGNED,513,9595,9595,NO_RECORDED_FACTOR_PRP_OR_LL_RESULT_AND_NO_ACTIVE_GIMPS_ASSIGNMENT,2026-08-06T12:58:23+00:00,UNALLOCATED,,,,,
SLCMP47-2512,2512,3640,154198871,2^154198871-1,STRUCTURAL_SCREEN_EXHAUSTED_PRIMALITY_UNASSIGNED,FIRST_SINGULARITY_SHELL_EXHAUSTED_PRIMALITY_UNASSIGNED,514,9595,9595,NO_RECORDED_FACTOR_PRP_OR_LL_RESULT_AND_NO_ACTIVE_GIMPS_ASSIGNMENT,2026-08-06T12:58:23+00:00,UNALLOCATED,,,,,
SLCMP47-2513,2513,3641,154198873,2^154198873-1,STRUCTURAL_SCREEN_EXHAUSTED_PRIMALITY_UNASSIGNED,FIRST_SINGULARITY_SHELL_EXHAUSTED_PRIMALITY_UNASSIGNED,513,9595,9595,NO_RECORDED_FACTOR_PRP_OR_LL_RESULT_AND_NO_ACTIVE_GIMPS_ASSIGNMENT,2026-08-06T12:58:23+00:00,UNALLOCATED,,,,,
SLCMP47-2514,2514,3642,154198999,2^154198999-1,STRUCTURAL_SCREEN_EXHAUSTED_PRIMALITY_UNASSIGNED,FIRST_SINGULARITY_SHELL_EXHAUSTED_PRIMALITY_UNASSIGNED,514,9595,9595,NO_RECORDED_FACTOR_PRP_OR_LL_RESULT_AND_NO_ACTIVE_GIMPS_ASSIGNMENT,2026-08-06T12:58:23+00:00,UNALLOCATED,,,,,
SLCMP47-2515,2515,3643,154199047,2^154199047-1,STRUCTURAL_SCREEN_EXHAUSTED_PRIMALITY_UNASSIGNED,FIRST_SINGULARITY_SHELL_EXHAUSTED_PRIMALITY_UNASSIGNED,514,9595,9595,NO_RECORDED_FACTOR_PRP_OR_LL_RESULT_AND_NO_ACTIVE_GIMPS_ASSIGNMENT,2026-08-06T12:58:23+00:00,UNALLOCATED,,,,,
SLCMP47-2516,2516,3644,154199069,2^154199069-1,STRUCTURAL_SCREEN_EXHAUSTED_PRIMALITY_UNASSIGNED,FIRST_SINGULARITY_SHELL_EXHAUSTED_PRIMALITY_UNASSIGNED,513,9595,9595,NO_RECORDED_FACTOR_PRP_OR_LL_RESULT_AND_NO_ACTIVE_GIMPS_ASSIGNMENT,2026-08-06T12:58:23+00:00,UNALLOCATED,,,,,
SLCMP47-2517,2517,3645,154199113,2^154199113-1,STRUCTURAL_SCREEN_EXHAUSTED_PRIMALITY_UNASSIGNED,FIRST_SINGULARITY_SHELL_EXHAUSTED_PRIMALITY_UNASSIGNED,513,9595,9595,NO_RECORDED_FACTOR_PRP_OR_LL_RESULT_AND_NO_ACTIVE_GIMPS_ASSIGNMENT,2026-08-06T12:58:23+00:00,UNALLOCATED,,,,,
SLCMP47-2518,2518,3646,154199219,2^154199219-1,STRUCTURAL_SCREEN_EXHAUSTED_PRIMALITY_UNASSIGNED,FIRST_SINGULARITY_SHELL_EXHAUSTED_PRIMALITY_UNASSIGNED,514,9595,9595,NO_RECORDED_FACTOR_PRP_OR_LL_RESULT_AND_NO_ACTIVE_GIMPS_ASSIGNMENT,2026-08-06T12:58:23+00:00,UNALLOCATED,,,,,
SLCMP47-2519,2519,3647,154199327,2^154199327-1,STRUCTURAL_SCREEN_EXHAUSTED_PRIMALITY_UNASSIGNED,FIRST_SINGULARITY_SHELL_EXHAUSTED_PRIMALITY_UNASSIGNED,514,9595,9595,NO_RECORDED_FACTOR_PRP_OR_LL_RESULT_AND_NO_ACTIVE_GIMPS_ASSIGNMENT,2026-08-06T12:58:23+00:00,UNALLOCATED,,,,,
SLCMP47-2520,2520,3648,154199557,2^154199557-1,STRUCTURAL_SCREEN_EXHAUSTED_PRIMALITY_UNASSIGNED,FIRST_SINGULARITY_SHELL_EXHAUSTED_PRIMALITY_UNASSIGNED,513,9595,9595,NO_RECORDED_FACTOR_PRP_OR_LL_RESULT_AND_NO_ACTIVE_GIMPS_ASSIGNMENT,2026-08-06T12:58:23+00:00,UNALLOCATED,,,,,
SLCMP47-2521,2521,3649,154199597,2^154199597-1,STRUCTURAL_SCREEN_EXHAUSTED_PRIMALITY_UNASSIGNED,FIRST_SINGULARITY_SHELL_EXHAUSTED_PRIMALITY_UNASSIGNED,513,9595,9595,NO_RECORDED_FACTOR_PRP_OR_LL_RESULT_AND_NO_ACTIVE_GIMPS_ASSIGNMENT,2026-08-06T12:58:23+00:00,UNALLOCATED,,,,,
SLCMP47-2522,2522,3650,154199603,2^154199603-1,STRUCTURAL_SCREEN_EXHAUSTED_PRIMALITY_UNASSIGNED,FIRST_SINGULARITY_SHELL_EXHAUSTED_PRIMALITY_UNASSIGNED,514,9595,9595,NO_RECORDED_FACTOR_PRP_OR_LL_RESULT_AND_NO_ACTIVE_GIMPS_ASSIGNMENT,2026-08-06T12:58:23+00:00,UNALLOCATED,,,,,
SLCMP47-2523,2523,3651,154199713,2^154199713-1,STRUCTURAL_SCREEN_EXHAUSTED_PRIMALITY_UNASSIGNED,FIRST_SINGULARITY_SHELL_EXHAUSTED_PRIMALITY_UNASSIGNED,513,9595,9595,NO_RECORDED_FACTOR_PRP_OR_LL_RESULT_AND_NO_ACTIVE_GIMPS_ASSIGNMENT,2026-08-06T12:58:23+00:00,UNALLOCATED,,,,,
SLCMP47-2524,2524,3652,154199827,2^154199827-1,STRUCTURAL_SCREEN_EXHAUSTED_PRIMALITY_UNASSIGNED,FIRST_SINGULARITY_SHELL_EXHAUSTED_PRIMALITY_UNASSIGNED,514,9595,9595,NO_RECORDED_FACTOR_PRP_OR_LL_RESULT_AND_NO_ACTIVE_GIMPS_ASSIGNMENT,2026-08-06T12:58:23+00:00,UNALLOCATED,,,,,
SLCMP47-2525,2525,3653,154199923,2^154199923-1,STRUCTURAL_SCREEN_EXHAUSTED_PRIMALITY_UNASSIGNED,FIRST_SINGULARITY_SHELL_EXHAUSTED_PRIMALITY_UNASSIGNED,514,9595,9595,NO_RECORDED_FACTOR_PRP_OR_LL_RESULT_AND_NO_ACTIVE_GIMPS_ASSIGNMENT,2026-08-06T12:58:23+00:00,UNALLOCATED,,,,,
SLCMP47-2526,2526,3654,154199957,2^154199957-1,STRUCTURAL_SCREEN_EXHAUSTED_PRIMALITY_UNASSIGNED,FIRST_SINGULARITY_SHELL_EXHAUSTED_PRIMALITY_UNASSIGNED,513,9595,9595,NO_RECORDED_FACTOR_PRP_OR_LL_RESULT_AND_NO_ACTIVE_GIMPS_ASSIGNMENT,2026-08-06T12:58:23+00:00,UNALLOCATED,,,,,
SLCMP47-2527,2527,3655,154199999,2^154199999-1,STRUCTURAL_SCREEN_EXHAUSTED_PRIMALITY_UNASSIGNED,FIRST_SINGULARITY_SHELL_EXHAUSTED_PRIMALITY_UNASSIGNED,514,9595,9595,NO_RECORDED_FACTOR_PRP_OR_LL_RESULT_AND_NO_ACTIVE_GIMPS_ASSIGNMENT,2026-08-06T12:58:23+00:00,UNALLOCATED,,,,,
SLCMP47-2528,2528,3656,154200071,2^154200071-1,STRUCTURAL_SCREEN_EXHAUSTED_PRIMALITY_UNASSIGNED,FIRST_SINGULARITY_SHELL_EXHAUSTED_PRIMALITY_UNASSIGNED,514,9595,9595,NO_RECORDED_FACTOR_PRP_OR_LL_RESULT_AND_NO_ACTIVE_GIMPS_ASSIGNMENT,2026-08-06T12:58:23+00:00,UNALLOCATED,,,,,
SLCMP47-2529,2529,3657,154200197,2^154200197-1,STRUCTURAL_SCREEN_EXHAUSTED_PRIMALITY_UNASSIGNED,FIRST_SINGULARITY_SHELL_EXHAUSTED_PRIMALITY_UNASSIGNED,513,9595,9595,NO_RECORDED_FACTOR_PRP_OR_LL_RESULT_AND_NO_ACTIVE_GIMPS_ASSIGNMENT,2026-08-06T12:58:23+00:00,UNALLOCATED,,,,,
SLCMP47-2530,2530,3658,154200203,2^154200203-1,STRUCTURAL_SCREEN_EXHAUSTED_PRIMALITY_UNASSIGNED,FIRST_SINGULARITY_SHELL_EXHAUSTED_PRIMALITY_UNASSIGNED,514,9595,9595,NO_RECORDED_FACTOR_PRP_OR_LL_RESULT_AND_NO_ACTIVE_GIMPS_ASSIGNMENT,2026-08-06T12:58:23+00:00,UNALLOCATED,,,,,
SLCMP47-2531,2531,3659,154200223,2^154200223-1,STRUCTURAL_SCREEN_EXHAUSTED_PRIMALITY_UNASSIGNED,FIRST_SINGULARITY_SHELL_EXHAUSTED_PRIMALITY_UNASSIGNED,514,9595,9595,NO_RECORDED_FACTOR_PRP_OR_LL_RESULT_AND_NO_ACTIVE_GIMPS_ASSIGNMENT,2026-08-06T12:58:23+00:00,UNALLOCATED,,,,,
SLCMP47-2532,2532,3660,154200283,2^154200283-1,STRUCTURAL_SCREEN_EXHAUSTED_PRIMALITY_UNASSIGNED,FIRST_SINGULARITY_SHELL_EXHAUSTED_PRIMALITY_UNASSIGNED,514,9595,9595,NO_RECORDED_FACTOR_PRP_OR_LL_RESULT_AND_NO_ACTIVE_GIMPS_ASSIGNMENT,2026-08-06T12:58:23+00:00,UNALLOCATED,,,,,
SLCMP47-2533,2533,3661,154200289,2^154200289-1,STRUCTURAL_SCREEN_EXHAUSTED_PRIMALITY_UNASSIGNED,FIRST_SINGULARITY_SHELL_EXHAUSTED_PRIMALITY_UNASSIGNED,513,9595,9595,NO_RECORDED_FACTOR_PRP_OR_LL_RESULT_AND_NO_ACTIVE_GIMPS_ASSIGNMENT,2026-08-06T12:58:23+00:00,UNALLOCATED,,,,,
SLCMP47-2534,2534,3662,154200313,2^154200313-1,STRUCTURAL_SCREEN_EXHAUSTED_PRIMALITY_UNASSIGNED,FIRST_SINGULARITY_SHELL_EXHAUSTED_PRIMALITY_UNASSIGNED,513,9595,9595,NO_RECORDED_FACTOR_PRP_OR_LL_RESULT_AND_NO_ACTIVE_GIMPS_ASSIGNMENT,2026-08-06T12:58:23+00:00,UNALLOCATED,,,,,
SLCMP47-2535,2535,3663,154200317,2^154200317-1,STRUCTURAL_SCREEN_EXHAUSTED_PRIMALITY_UNASSIGNED,FIRST_SINGULARITY_SHELL_EXHAUSTED_PRIMALITY_UNASSIGNED,513,9595,9595,NO_RECORDED_FACTOR_PRP_OR_LL_RESULT_AND_NO_ACTIVE_GIMPS_ASSIGNMENT,2026-08-06T12:58:23+00:00,UNALLOCATED,,,,,
SLCMP47-2536,2536,3664,154200323,2^154200323-1,STRUCTURAL_SCREEN_EXHAUSTED_PRIMALITY_UNASSIGNED,FIRST_SINGULARITY_SHELL_EXHAUSTED_PRIMALITY_UNASSIGNED,514,9595,9595,NO_RECORDED_FACTOR_PRP_OR_LL_RESULT_AND_NO_ACTIVE_GIMPS_ASSIGNMENT,2026-08-06T12:58:23+00:00,UNALLOCATED,,,,,
SLCMP47-2537,2537,3665,154200439,2^154200439-1,STRUCTURAL_SCREEN_EXHAUSTED_PRIMALITY_UNASSIGNED,FIRST_SINGULARITY_SHELL_EXHAUSTED_PRIMALITY_UNASSIGNED,514,9595,9595,NO_RECORDED_FACTOR_PRP_OR_LL_RESULT_AND_NO_ACTIVE_GIMPS_ASSIGNMENT,2026-08-06T12:58:23+00:00,UNALLOCATED,,,,,
SLCMP47-2538,2538,3666,154200457,2^154200457-1,STRUCTURAL_SCREEN_EXHAUSTED_PRIMALITY_UNASSIGNED,FIRST_SINGULARITY_SHELL_EXHAUSTED_PRIMALITY_UNASSIGNED,513,9595,9595,NO_RECORDED_FACTOR_PRP_OR_LL_RESULT_AND_NO_ACTIVE_GIMPS_ASSIGNMENT,2026-08-06T12:58:23+00:00,UNALLOCATED,,,,,
SLCMP47-2539,2539,3667,154200463,2^154200463-1,STRUCTURAL_SCREEN_EXHAUSTED_PRIMALITY_UNASSIGNED,FIRST_SINGULARITY_SHELL_EXHAUSTED_PRIMALITY_UNASSIGNED,514,9595,9595,NO_RECORDED_FACTOR_PRP_OR_LL_RESULT_AND_NO_ACTIVE_GIMPS_ASSIGNMENT,2026-08-06T12:58:23+00:00,UNALLOCATED,,,,,
SLCMP47-2540,2540,3668,154200499,2^154200499-1,STRUCTURAL_SCREEN_EXHAUSTED_PRIMALITY_UNASSIGNED,FIRST_SINGULARITY_SHELL_EXHAUSTED_PRIMALITY_UNASSIGNED,514,9595,9595,NO_RECORDED_FACTOR_PRP_OR_LL_RESULT_AND_NO_ACTIVE_GIMPS_ASSIGNMENT,2026-08-06T12:58:23+00:00,UNALLOCATED,,,,,
SLCMP47-2541,2541,3669,154200521,2^154200521-1,STRUCTURAL_SCREEN_EXHAUSTED_PRIMALITY_UNASSIGNED,FIRST_SINGULARITY_SHELL_EXHAUSTED_PRIMALITY_UNASSIGNED,513,9595,9595,NO_RECORDED_FACTOR_PRP_OR_LL_RESULT_AND_NO_ACTIVE_GIMPS_ASSIGNMENT,2026-08-06T12:58:23+00:00,UNALLOCATED,,,,,
SLCMP47-2542,2542,3670,154200581,2^154200581-1,STRUCTURAL_SCREEN_EXHAUSTED_PRIMALITY_UNASSIGNED,FIRST_SINGULARITY_SHELL_EXHAUSTED_PRIMALITY_UNASSIGNED,513,9595,9595,NO_RECORDED_FACTOR_PRP_OR_LL_RESULT_AND_NO_ACTIVE_GIMPS_ASSIGNMENT,2026-08-06T12:58:23+00:00,UNALLOCATED,,,,,
SLCMP47-2543,2543,3671,154200731,2^154200731-1,STRUCTURAL_SCREEN_EXHAUSTED_PRIMALITY_UNASSIGNED,FIRST_SINGULARITY_SHELL_EXHAUSTED_PRIMALITY_UNASSIGNED,514,9595,9595,NO_RECORDED_FACTOR_PRP_OR_LL_RESULT_AND_NO_ACTIVE_GIMPS_ASSIGNMENT,2026-08-06T12:58:23+00:00,UNALLOCATED,,,,,
SLCMP47-2544,2544,3672,154200737,2^154200737-1,STRUCTURAL_SCREEN_EXHAUSTED_PRIMALITY_UNASSIGNED,FIRST_SINGULARITY_SHELL_EXHAUSTED_PRIMALITY_UNASSIGNED,513,9595,9595,NO_RECORDED_FACTOR_PRP_OR_LL_RESULT_AND_NO_ACTIVE_GIMPS_ASSIGNMENT,2026-08-06T12:58:23+00:00,UNALLOCATED,,,,,
SLCMP47-2545,2545,3673,154200821,2^154200821-1,STRUCTURAL_SCREEN_EXHAUSTED_PRIMALITY_UNASSIGNED,FIRST_SINGULARITY_SHELL_EXHAUSTED_PRIMALITY_UNASSIGNED,513,9595,9595,NO_RECORDED_FACTOR_PRP_OR_LL_RESULT_AND_NO_ACTIVE_GIMPS_ASSIGNMENT,2026-08-06T12:58:23+00:00,UNALLOCATED,,,,,
SLCMP47-2546,2546,3674,154200869,2^154200869-1,STRUCTURAL_SCREEN_EXHAUSTED_PRIMALITY_UNASSIGNED,FIRST_SINGULARITY_SHELL_EXHAUSTED_PRIMALITY_UNASSIGNED,513,9595,9595,NO_RECORDED_FACTOR_PRP_OR_LL_RESULT_AND_NO_ACTIVE_GIMPS_ASSIGNMENT,2026-08-06T12:58:23+00:00,UNALLOCATED,,,,,
SLCMP47-2547,2547,3675,154200983,2^154200983-1,STRUCTURAL_SCREEN_EXHAUSTED_PRIMALITY_UNASSIGNED,FIRST_SINGULARITY_SHELL_EXHAUSTED_PRIMALITY_UNASSIGNED,514,9595,9595,NO_RECORDED_FACTOR_PRP_OR_LL_RESULT_AND_NO_ACTIVE_GIMPS_ASSIGNMENT,2026-08-06T12:58:23+00:00,UNALLOCATED,,,,,
SLCMP47-2548,2548,3676,154201013,2^154201013-1,STRUCTURAL_SCREEN_EXHAUSTED_PRIMALITY_UNASSIGNED,FIRST_SINGULARITY_SHELL_EXHAUSTED_PRIMALITY_UNASSIGNED,513,9595,9595,NO_RECORDED_FACTOR_PRP_OR_LL_RESULT_AND_NO_ACTIVE_GIMPS_ASSIGNMENT,2026-08-06T12:58:23+00:00,UNALLOCATED,,,,,
SLCMP47-2549,2549,3677,154201081,2^154201081-1,STRUCTURAL_SCREEN_EXHAUSTED_PRIMALITY_UNASSIGNED,FIRST_SINGULARITY_SHELL_EXHAUSTED_PRIMALITY_UNASSIGNED,513,9595,9595,NO_RECORDED_FACTOR_PRP_OR_LL_RESULT_AND_NO_ACTIVE_GIMPS_ASSIGNMENT,2026-08-06T12:58:23+00:00,UNALLOCATED,,,,,
SLCMP47-2550,2550,3678,154201109,2^154201109-1,STRUCTURAL_SCREEN_EXHAUSTED_PRIMALITY_UNASSIGNED,FIRST_SINGULARITY_SHELL_EXHAUSTED_PRIMALITY_UNASSIGNED,513,9595,9595,NO_RECORDED_FACTOR_PRP_OR_LL_RESULT_AND_NO_ACTIVE_GIMPS_ASSIGNMENT,2026-08-06T12:58:23+00:00,UNALLOCATED,,,,,
SLCMP47-2551,2551,3679,154201141,2^154201141-1,STRUCTURAL_SCREEN_EXHAUSTED_PRIMALITY_UNASSIGNED,FIRST_SINGULARITY_SHELL_EXHAUSTED_PRIMALITY_UNASSIGNED,513,9595,9595,NO_RECORDED_FACTOR_PRP_OR_LL_RESULT_AND_NO_ACTIVE_GIMPS_ASSIGNMENT,2026-08-06T12:58:23+00:00,UNALLOCATED,,,,,
SLCMP47-2552,2552,3680,154201147,2^154201147-1,STRUCTURAL_SCREEN_EXHAUSTED_PRIMALITY_UNASSIGNED,FIRST_SINGULARITY_SHELL_EXHAUSTED_PRIMALITY_UNASSIGNED,514,9595,9595,NO_RECORDED_FACTOR_PRP_OR_LL_RESULT_AND_NO_ACTIVE_GIMPS_ASSIGNMENT,2026-08-06T12:58:23+00:00,UNALLOCATED,,,,,
SLCMP47-2553,2553,3681,154201171,2^154201171-1,STRUCTURAL_SCREEN_EXHAUSTED_PRIMALITY_UNASSIGNED,FIRST_SINGULARITY_SHELL_EXHAUSTED_PRIMALITY_UNASSIGNED,514,9595,9595,NO_RECORDED_FACTOR_PRP_OR_LL_RESULT_AND_NO_ACTIVE_GIMPS_ASSIGNMENT,2026-08-06T12:58:23+00:00,UNALLOCATED,,,,,
SLCMP47-2554,2554,3682,154201211,2^154201211-1,STRUCTURAL_SCREEN_EXHAUSTED_PRIMALITY_UNASSIGNED,FIRST_SINGULARITY_SHELL_EXHAUSTED_PRIMALITY_UNASSIGNED,514,9595,9595,NO_RECORDED_FACTOR_PRP_OR_LL_RESULT_AND_NO_ACTIVE_GIMPS_ASSIGNMENT,2026-08-06T12:58:23+00:00,UNALLOCATED,,,,,
SLCMP47-2555,2555,3683,154201261,2^154201261-1,STRUCTURAL_SCREEN_EXHAUSTED_PRIMALITY_UNASSIGNED,FIRST_SINGULARITY_SHELL_EXHAUSTED_PRIMALITY_UNASSIGNED,513,9595,9595,NO_RECORDED_FACTOR_PRP_OR_LL_RESULT_AND_NO_ACTIVE_GIMPS_ASSIGNMENT,2026-08-06T12:58:23+00:00,UNALLOCATED,,,,,
SLCMP47-2556,2556,3684,154201303,2^154201303-1,STRUCTURAL_SCREEN_EXHAUSTED_PRIMALITY_UNASSIGNED,FIRST_SINGULARITY_SHELL_EXHAUSTED_PRIMALITY_UNASSIGNED,514,9595,9595,NO_RECORDED_FACTOR_PRP_OR_LL_RESULT_AND_NO_ACTIVE_GIMPS_ASSIGNMENT,2026-08-06T12:58:23+00:00,UNALLOCATED,,,,,
SLCMP47-2557,2557,3685,154201357,2^154201357-1,STRUCTURAL_SCREEN_EXHAUSTED_PRIMALITY_UNASSIGNED,FIRST_SINGULARITY_SHELL_EXHAUSTED_PRIMALITY_UNASSIGNED,513,9595,9595,NO_RECORDED_FACTOR_PRP_OR_LL_RESULT_AND_NO_ACTIVE_GIMPS_ASSIGNMENT,2026-08-06T12:58:23+00:00,UNALLOCATED,,,,,
SLCMP47-2558,2558,3686,154201561,2^154201561-1,STRUCTURAL_SCREEN_EXHAUSTED_PRIMALITY_UNASSIGNED,FIRST_SINGULARITY_SHELL_EXHAUSTED_PRIMALITY_UNASSIGNED,513,9595,9595,NO_RECORDED_FACTOR_PRP_OR_LL_RESULT_AND_NO_ACTIVE_GIMPS_ASSIGNMENT,2026-08-06T12:58:23+00:00,UNALLOCATED,,,,,
SLCMP47-2559,2559,3687,154201693,2^154201693-1,STRUCTURAL_SCREEN_EXHAUSTED_PRIMALITY_UNASSIGNED,FIRST_SINGULARITY_SHELL_EXHAUSTED_PRIMALITY_UNASSIGNED,513,9595,9595,NO_RECORDED_FACTOR_PRP_OR_LL_RESULT_AND_NO_ACTIVE_GIMPS_ASSIGNMENT,2026-08-06T12:58:23+00:00,UNALLOCATED,,,,,
SLCMP47-2560,2560,3688,154201709,2^154201709-1,STRUCTURAL_SCREEN_EXHAUSTED_PRIMALITY_UNASSIGNED,FIRST_SINGULARITY_SHELL_EXHAUSTED_PRIMALITY_UNASSIGNED,513,9595,9595,NO_RECORDED_FACTOR_PRP_OR_LL_RESULT_AND_NO_ACTIVE_GIMPS_ASSIGNMENT,2026-08-06T12:58:23+00:00,UNALLOCATED,,,,,
SLCMP47-2561,2561,3689,154201909,2^154201909-1,STRUCTURAL_SCREEN_EXHAUSTED_PRIMALITY_UNASSIGNED,FIRST_SINGULARITY_SHELL_EXHAUSTED_PRIMALITY_UNASSIGNED,513,9595,9595,NO_RECORDED_FACTOR_PRP_OR_LL_RESULT_AND_NO_ACTIVE_GIMPS_ASSIGNMENT,2026-08-06T12:58:23+00:00,UNALLOCATED,,,,,
SLCMP47-2562,2562,3690,154201939,2^154201939-1,STRUCTURAL_SCREEN_EXHAUSTED_PRIMALITY_UNASSIGNED,FIRST_SINGULARITY_SHELL_EXHAUSTED_PRIMALITY_UNASSIGNED,514,9595,9595,NO_RECORDED_FACTOR_PRP_OR_LL_RESULT_AND_NO_ACTIVE_GIMPS_ASSIGNMENT,2026-08-06T12:58:23+00:00,UNALLOCATED,,,,,
SLCMP47-2563,2563,3691,154202093,2^154202093-1,STRUCTURAL_SCREEN_EXHAUSTED_PRIMALITY_UNASSIGNED,FIRST_SINGULARITY_SHELL_EXHAUSTED_PRIMALITY_UNASSIGNED,513,9595,9595,NO_RECORDED_FACTOR_PRP_OR_LL_RESULT_AND_NO_ACTIVE_GIMPS_ASSIGNMENT,2026-08-06T12:58:23+00:00,UNALLOCATED,,,,,
SLCMP47-2564,2564,3692,154202117,2^154202117-1,STRUCTURAL_SCREEN_EXHAUSTED_PRIMALITY_UNASSIGNED,FIRST_SINGULARITY_SHELL_EXHAUSTED_PRIMALITY_UNASSIGNED,513,9595,9595,NO_RECORDED_FACTOR_PRP_OR_LL_RESULT_AND_NO_ACTIVE_GIMPS_ASSIGNMENT,2026-08-06T12:58:23+00:00,UNALLOCATED,,,,,
SLCMP47-2565,2565,3693,154202149,2^154202149-1,STRUCTURAL_SCREEN_EXHAUSTED_PRIMALITY_UNASSIGNED,FIRST_SINGULARITY_SHELL_EXHAUSTED_PRIMALITY_UNASSIGNED,513,9595,9595,NO_RECORDED_FACTOR_PRP_OR_LL_RESULT_AND_NO_ACTIVE_GIMPS_ASSIGNMENT,2026-08-06T12:58:23+00:00,UNALLOCATED,,,,,
SLCMP47-2566,2566,3694,154202287,2^154202287-1,STRUCTURAL_SCREEN_EXHAUSTED_PRIMALITY_UNASSIGNED,FIRST_SINGULARITY_SHELL_EXHAUSTED_PRIMALITY_UNASSIGNED,514,9595,9595,NO_RECORDED_FACTOR_PRP_OR_LL_RESULT_AND_NO_ACTIVE_GIMPS_ASSIGNMENT,2026-08-06T12:58:23+00:00,UNALLOCATED,,,,,
SLCMP47-2567,2567,3695,154202333,2^154202333-1,STRUCTURAL_SCREEN_EXHAUSTED_PRIMALITY_UNASSIGNED,FIRST_SINGULARITY_SHELL_EXHAUSTED_PRIMALITY_UNASSIGNED,513,9595,9595,NO_RECORDED_FACTOR_PRP_OR_LL_RESULT_AND_NO_ACTIVE_GIMPS_ASSIGNMENT,2026-08-06T12:58:23+00:00,UNALLOCATED,,,,,
SLCMP47-2568,2568,3696,154202357,2^154202357-1,STRUCTURAL_SCREEN_EXHAUSTED_PRIMALITY_UNASSIGNED,FIRST_SINGULARITY_SHELL_EXHAUSTED_PRIMALITY_UNASSIGNED,513,9595,9595,NO_RECORDED_FACTOR_PRP_OR_LL_RESULT_AND_NO_ACTIVE_GIMPS_ASSIGNMENT,2026-08-06T12:58:23+00:00,UNALLOCATED,,,,,
SLCMP47-2569,2569,3697,154202467,2^154202467-1,STRUCTURAL_SCREEN_EXHAUSTED_PRIMALITY_UNASSIGNED,FIRST_SINGULARITY_SHELL_EXHAUSTED_PRIMALITY_UNASSIGNED,514,9595,9595,NO_RECORDED_FACTOR_PRP_OR_LL_RESULT_AND_NO_ACTIVE_GIMPS_ASSIGNMENT,2026-08-06T12:58:23+00:00,UNALLOCATED,,,,,
SLCMP47-2570,2570,3698,154202497,2^154202497-1,STRUCTURAL_SCREEN_EXHAUSTED_PRIMALITY_UNASSIGNED,FIRST_SINGULARITY_SHELL_EXHAUSTED_PRIMALITY_UNASSIGNED,513,9595,9595,NO_RECORDED_FACTOR_PRP_OR_LL_RESULT_AND_NO_ACTIVE_GIMPS_ASSIGNMENT,2026-08-06T12:58:23+00:00,UNALLOCATED,,,,,
SLCMP47-2571,2571,3699,154202533,2^154202533-1,STRUCTURAL_SCREEN_EXHAUSTED_PRIMALITY_UNASSIGNED,FIRST_SINGULARITY_SHELL_EXHAUSTED_PRIMALITY_UNASSIGNED,513,9595,9595,NO_RECORDED_FACTOR_PRP_OR_LL_RESULT_AND_NO_ACTIVE_GIMPS_ASSIGNMENT,2026-08-06T12:58:23+00:00,UNALLOCATED,,,,,
SLCMP47-2572,2572,3700,154202539,2^154202539-1,STRUCTURAL_SCREEN_EXHAUSTED_PRIMALITY_UNASSIGNED,FIRST_SINGULARITY_SHELL_EXHAUSTED_PRIMALITY_UNASSIGNED,514,9595,9595,NO_RECORDED_FACTOR_PRP_OR_LL_RESULT_AND_NO_ACTIVE_GIMPS_ASSIGNMENT,2026-08-06T12:58:23+00:00,UNALLOCATED,,,,,
SLCMP47-2573,2573,3701,154202567,2^154202567-1,STRUCTURAL_SCREEN_EXHAUSTED_PRIMALITY_UNASSIGNED,FIRST_SINGULARITY_SHELL_EXHAUSTED_PRIMALITY_UNASSIGNED,514,9595,9595,NO_RECORDED_FACTOR_PRP_OR_LL_RESULT_AND_NO_ACTIVE_GIMPS_ASSIGNMENT,2026-08-06T12:58:23+00:00,UNALLOCATED,,,,,
SLCMP47-2574,2574,3702,154202579,2^154202579-1,STRUCTURAL_SCREEN_EXHAUSTED_PRIMALITY_UNASSIGNED,FIRST_SINGULARITY_SHELL_EXHAUSTED_PRIMALITY_UNASSIGNED,514,9595,9595,NO_RECORDED_FACTOR_PRP_OR_LL_RESULT_AND_NO_ACTIVE_GIMPS_ASSIGNMENT,2026-08-06T12:58:23+00:00,UNALLOCATED,,,,,
SLCMP47-2575,2575,3703,154202641,2^154202641-1,STRUCTURAL_SCREEN_EXHAUSTED_PRIMALITY_UNASSIGNED,FIRST_SINGULARITY_SHELL_EXHAUSTED_PRIMALITY_UNASSIGNED,513,9595,9595,NO_RECORDED_FACTOR_PRP_OR_LL_RESULT_AND_NO_ACTIVE_GIMPS_ASSIGNMENT,2026-08-06T12:58:23+00:00,UNALLOCATED,,,,,
SLCMP47-2576,2576,3704,154202669,2^154202669-1,STRUCTURAL_SCREEN_EXHAUSTED_PRIMALITY_UNASSIGNED,FIRST_SINGULARITY_SHELL_EXHAUSTED_PRIMALITY_UNASSIGNED,513,9595,9595,NO_RECORDED_FACTOR_PRP_OR_LL_RESULT_AND_NO_ACTIVE_GIMPS_ASSIGNMENT,2026-08-06T12:58:23+00:00,UNALLOCATED,,,,,
SLCMP47-2577,2577,3705,154202921,2^154202921-1,STRUCTURAL_SCREEN_EXHAUSTED_PRIMALITY_UNASSIGNED,FIRST_SINGULARITY_SHELL_EXHAUSTED_PRIMALITY_UNASSIGNED,513,9595,9595,NO_RECORDED_FACTOR_PRP_OR_LL_RESULT_AND_NO_ACTIVE_GIMPS_ASSIGNMENT,2026-08-06T12:58:23+00:00,UNALLOCATED,,,,,
SLCMP47-2578,2578,3706,154202929,2^154202929-1,STRUCTURAL_SCREEN_EXHAUSTED_PRIMALITY_UNASSIGNED,FIRST_SINGULARITY_SHELL_EXHAUSTED_PRIMALITY_UNASSIGNED,513,9595,9595,NO_RECORDED_FACTOR_PRP_OR_LL_RESULT_AND_NO_ACTIVE_GIMPS_ASSIGNMENT,2026-08-06T12:58:23+00:00,UNALLOCATED,,,,,
SLCMP47-2579,2579,3707,154202989,2^154202989-1,STRUCTURAL_SCREEN_EXHAUSTED_PRIMALITY_UNASSIGNED,FIRST_SINGULARITY_SHELL_EXHAUSTED_PRIMALITY_UNASSIGNED,513,9595,9595,NO_RECORDED_FACTOR_PRP_OR_LL_RESULT_AND_NO_ACTIVE_GIMPS_ASSIGNMENT,2026-08-06T12:58:23+00:00,UNALLOCATED,,,,,
SLCMP47-2580,2580,3708,154203001,2^154203001-1,STRUCTURAL_SCREEN_EXHAUSTED_PRIMALITY_UNASSIGNED,FIRST_SINGULARITY_SHELL_EXHAUSTED_PRIMALITY_UNASSIGNED,513,9595,9595,NO_RECORDED_FACTOR_PRP_OR_LL_RESULT_AND_NO_ACTIVE_GIMPS_ASSIGNMENT,2026-08-06T12:58:23+00:00,UNALLOCATED,,,,,
SLCMP47-2581,2581,3709,154203067,2^154203067-1,STRUCTURAL_SCREEN_EXHAUSTED_PRIMALITY_UNASSIGNED,FIRST_SINGULARITY_SHELL_EXHAUSTED_PRIMALITY_UNASSIGNED,514,9595,9595,NO_RECORDED_FACTOR_PRP_OR_LL_RESULT_AND_NO_ACTIVE_GIMPS_ASSIGNMENT,2026-08-06T12:58:23+00:00,UNALLOCATED,,,,,
SLCMP47-2582,2582,3710,154203097,2^154203097-1,STRUCTURAL_SCREEN_EXHAUSTED_PRIMALITY_UNASSIGNED,FIRST_SINGULARITY_SHELL_EXHAUSTED_PRIMALITY_UNASSIGNED,513,9595,9595,NO_RECORDED_FACTOR_PRP_OR_LL_RESULT_AND_NO_ACTIVE_GIMPS_ASSIGNMENT,2026-08-06T12:58:23+00:00,UNALLOCATED,,,,,
SLCMP47-2583,2583,3711,154203151,2^154203151-1,STRUCTURAL_SCREEN_EXHAUSTED_PRIMALITY_UNASSIGNED,FIRST_SINGULARITY_SHELL_EXHAUSTED_PRIMALITY_UNASSIGNED,514,9595,9595,NO_RECORDED_FACTOR_PRP_OR_LL_RESULT_AND_NO_ACTIVE_GIMPS_ASSIGNMENT,2026-08-06T12:58:23+00:00,UNALLOCATED,,,,,
SLCMP47-2584,2584,3712,154203197,2^154203197-1,STRUCTURAL_SCREEN_EXHAUSTED_PRIMALITY_UNASSIGNED,FIRST_SINGULARITY_SHELL_EXHAUSTED_PRIMALITY_UNASSIGNED,513,9595,9595,NO_RECORDED_FACTOR_PRP_OR_LL_RESULT_AND_NO_ACTIVE_GIMPS_ASSIGNMENT,2026-08-06T12:58:23+00:00,UNALLOCATED,,,,,
SLCMP47-2585,2585,3713,154203251,2^154203251-1,STRUCTURAL_SCREEN_EXHAUSTED_PRIMALITY_UNASSIGNED,FIRST_SINGULARITY_SHELL_EXHAUSTED_PRIMALITY_UNASSIGNED,514,9595,9595,NO_RECORDED_FACTOR_PRP_OR_LL_RESULT_AND_NO_ACTIVE_GIMPS_ASSIGNMENT,2026-08-06T12:58:23+00:00,UNALLOCATED,,,,,
SLCMP47-2586,2586,3714,154203307,2^154203307-1,STRUCTURAL_SCREEN_EXHAUSTED_PRIMALITY_UNASSIGNED,FIRST_SINGULARITY_SHELL_EXHAUSTED_PRIMALITY_UNASSIGNED,514,9595,9595,NO_RECORDED_FACTOR_PRP_OR_LL_RESULT_AND_NO_ACTIVE_GIMPS_ASSIGNMENT,2026-08-06T12:58:23+00:00,UNALLOCATED,,,,,
SLCMP47-2587,2587,3715,154203397,2^154203397-1,STRUCTURAL_SCREEN_EXHAUSTED_PRIMALITY_UNASSIGNED,FIRST_SINGULARITY_SHELL_EXHAUSTED_PRIMALITY_UNASSIGNED,513,9595,9595,NO_RECORDED_FACTOR_PRP_OR_LL_RESULT_AND_NO_ACTIVE_GIMPS_ASSIGNMENT,2026-08-06T12:58:23+00:00,UNALLOCATED,,,,,
SLCMP47-2588,2588,3716,154203433,2^154203433-1,STRUCTURAL_SCREEN_EXHAUSTED_PRIMALITY_UNASSIGNED,FIRST_SINGULARITY_SHELL_EXHAUSTED_PRIMALITY_UNASSIGNED,513,9595,9595,NO_RECORDED_FACTOR_PRP_OR_LL_RESULT_AND_NO_ACTIVE_GIMPS_ASSIGNMENT,2026-08-06T12:58:23+00:00,UNALLOCATED,,,,,
SLCMP47-2589,2589,3717,154203473,2^154203473-1,STRUCTURAL_SCREEN_EXHAUSTED_PRIMALITY_UNASSIGNED,FIRST_SINGULARITY_SHELL_EXHAUSTED_PRIMALITY_UNASSIGNED,513,9595,9595,NO_RECORDED_FACTOR_PRP_OR_LL_RESULT_AND_NO_ACTIVE_GIMPS_ASSIGNMENT,2026-08-06T12:58:23+00:00,UNALLOCATED,,,,,
SLCMP47-2590,2590,3718,154203479,2^154203479-1,STRUCTURAL_SCREEN_EXHAUSTED_PRIMALITY_UNASSIGNED,FIRST_SINGULARITY_SHELL_EXHAUSTED_PRIMALITY_UNASSIGNED,514,9595,9595,NO_RECORDED_FACTOR_PRP_OR_LL_RESULT_AND_NO_ACTIVE_GIMPS_ASSIGNMENT,2026-08-06T12:58:23+00:00,UNALLOCATED,,,,,
SLCMP47-2591,2591,3719,154203541,2^154203541-1,STRUCTURAL_SCREEN_EXHAUSTED_PRIMALITY_UNASSIGNED,FIRST_SINGULARITY_SHELL_EXHAUSTED_PRIMALITY_UNASSIGNED,513,9595,9595,NO_RECORDED_FACTOR_PRP_OR_LL_RESULT_AND_NO_ACTIVE_GIMPS_ASSIGNMENT,2026-08-06T12:58:23+00:00,UNALLOCATED,,,,,
SLCMP47-2592,2592,3720,154203571,2^154203571-1,STRUCTURAL_SCREEN_EXHAUSTED_PRIMALITY_UNASSIGNED,FIRST_SINGULARITY_SHELL_EXHAUSTED_PRIMALITY_UNASSIGNED,514,9595,9595,NO_RECORDED_FACTOR_PRP_OR_LL_RESULT_AND_NO_ACTIVE_GIMPS_ASSIGNMENT,2026-08-06T12:58:23+00:00,UNALLOCATED,,,,,
SLCMP47-2593,2593,3721,154203619,2^154203619-1,STRUCTURAL_SCREEN_EXHAUSTED_PRIMALITY_UNASSIGNED,FIRST_SINGULARITY_SHELL_EXHAUSTED_PRIMALITY_UNASSIGNED,514,9595,9595,NO_RECORDED_FACTOR_PRP_OR_LL_RESULT_AND_NO_ACTIVE_GIMPS_ASSIGNMENT,2026-08-06T12:58:23+00:00,UNALLOCATED,,,,,
SLCMP47-2594,2594,3722,154203691,2^154203691-1,STRUCTURAL_SCREEN_EXHAUSTED_PRIMALITY_UNASSIGNED,FIRST_SINGULARITY_SHELL_EXHAUSTED_PRIMALITY_UNASSIGNED,514,9595,9595,NO_RECORDED_FACTOR_PRP_OR_LL_RESULT_AND_NO_ACTIVE_GIMPS_ASSIGNMENT,2026-08-06T12:58:23+00:00,UNALLOCATED,,,,,
SLCMP47-2595,2595,3723,154203727,2^154203727-1,STRUCTURAL_SCREEN_EXHAUSTED_PRIMALITY_UNASSIGNED,FIRST_SINGULARITY_SHELL_EXHAUSTED_PRIMALITY_UNASSIGNED,514,9595,9595,NO_RECORDED_FACTOR_PRP_OR_LL_RESULT_AND_NO_ACTIVE_GIMPS_ASSIGNMENT,2026-08-06T12:58:23+00:00,UNALLOCATED,,,,,
SLCMP47-2596,2596,3724,154203743,2^154203743-1,STRUCTURAL_SCREEN_EXHAUSTED_PRIMALITY_UNASSIGNED,FIRST_SINGULARITY_SHELL_EXHAUSTED_PRIMALITY_UNASSIGNED,514,9595,9595,NO_RECORDED_FACTOR_PRP_OR_LL_RESULT_AND_NO_ACTIVE_GIMPS_ASSIGNMENT,2026-08-06T12:58:23+00:00,UNALLOCATED,,,,,
SLCMP47-2597,2597,3725,154203811,2^154203811-1,STRUCTURAL_SCREEN_EXHAUSTED_PRIMALITY_UNASSIGNED,FIRST_SINGULARITY_SHELL_EXHAUSTED_PRIMALITY_UNASSIGNED,514,9595,9595,NO_RECORDED_FACTOR_PRP_OR_LL_RESULT_AND_NO_ACTIVE_GIMPS_ASSIGNMENT,2026-08-06T12:58:23+00:00,UNALLOCATED,,,,,
SLCMP47-2598,2598,3726,154203887,2^154203887-1,STRUCTURAL_SCREEN_EXHAUSTED_PRIMALITY_UNASSIGNED,FIRST_SINGULARITY_SHELL_EXHAUSTED_PRIMALITY_UNASSIGNED,514,9595,9595,NO_RECORDED_FACTOR_PRP_OR_LL_RESULT_AND_NO_ACTIVE_GIMPS_ASSIGNMENT,2026-08-06T12:58:23+00:00,UNALLOCATED,,,,,
SLCMP47-2599,2599,3727,154204027,2^154204027-1,STRUCTURAL_SCREEN_EXHAUSTED_PRIMALITY_UNASSIGNED,FIRST_SINGULARITY_SHELL_EXHAUSTED_PRIMALITY_UNASSIGNED,514,9595,9595,NO_RECORDED_FACTOR_PRP_OR_LL_RESULT_AND_NO_ACTIVE_GIMPS_ASSIGNMENT,2026-08-06T12:58:23+00:00,UNALLOCATED,,,,,
SLCMP47-2600,2600,3728,154204079,2^154204079-1,STRUCTURAL_SCREEN_EXHAUSTED_PRIMALITY_UNASSIGNED,FIRST_SINGULARITY_SHELL_EXHAUSTED_PRIMALITY_UNASSIGNED,514,9595,9595,NO_RECORDED_FACTOR_PRP_OR_LL_RESULT_AND_NO_ACTIVE_GIMPS_ASSIGNMENT,2026-08-06T12:58:23+00:00,UNALLOCATED,,,,,
SLCMP47-2601,2601,3729,154204117,2^154204117-1,STRUCTURAL_SCREEN_EXHAUSTED_PRIMALITY_UNASSIGNED,FIRST_SINGULARITY_SHELL_EXHAUSTED_PRIMALITY_UNASSIGNED,513,9595,9595,NO_RECORDED_FACTOR_PRP_OR_LL_RESULT_AND_NO_ACTIVE_GIMPS_ASSIGNMENT,2026-08-06T12:58:23+00:00,UNALLOCATED,,,,,
SLCMP47-2602,2602,3730,154204187,2^154204187-1,STRUCTURAL_SCREEN_EXHAUSTED_PRIMALITY_UNASSIGNED,FIRST_SINGULARITY_SHELL_EXHAUSTED_PRIMALITY_UNASSIGNED,514,9595,9595,NO_RECORDED_FACTOR_PRP_OR_LL_RESULT_AND_NO_ACTIVE_GIMPS_ASSIGNMENT,2026-08-06T12:58:23+00:00,UNALLOCATED,,,,,
SLCMP47-2603,2603,3731,154204307,2^154204307-1,STRUCTURAL_SCREEN_EXHAUSTED_PRIMALITY_UNASSIGNED,FIRST_SINGULARITY_SHELL_EXHAUSTED_PRIMALITY_UNASSIGNED,514,9595,9595,NO_RECORDED_FACTOR_PRP_OR_LL_RESULT_AND_NO_ACTIVE_GIMPS_ASSIGNMENT,2026-08-06T12:58:23+00:00,UNALLOCATED,,,,,
SLCMP47-2604,2604,3732,154204367,2^154204367-1,STRUCTURAL_SCREEN_EXHAUSTED_PRIMALITY_UNASSIGNED,FIRST_SINGULARITY_SHELL_EXHAUSTED_PRIMALITY_UNASSIGNED,514,9595,9595,NO_RECORDED_FACTOR_PRP_OR_LL_RESULT_AND_NO_ACTIVE_GIMPS_ASSIGNMENT,2026-08-06T12:58:23+00:00,UNALLOCATED,,,,,
SLCMP47-2605,2605,3733,154204387,2^154204387-1,STRUCTURAL_SCREEN_EXHAUSTED_PRIMALITY_UNASSIGNED,FIRST_SINGULARITY_SHELL_EXHAUSTED_PRIMALITY_UNASSIGNED,514,9595,9595,NO_RECORDED_FACTOR_PRP_OR_LL_RESULT_AND_NO_ACTIVE_GIMPS_ASSIGNMENT,2026-08-06T12:58:23+00:00,UNALLOCATED,,,,,
SLCMP47-2606,2606,3734,154204409,2^154204409-1,STRUCTURAL_SCREEN_EXHAUSTED_PRIMALITY_UNASSIGNED,FIRST_SINGULARITY_SHELL_EXHAUSTED_PRIMALITY_UNASSIGNED,513,9595,9595,NO_RECORDED_FACTOR_PRP_OR_LL_RESULT_AND_NO_ACTIVE_GIMPS_ASSIGNMENT,2026-08-06T12:58:23+00:00,UNALLOCATED,,,,,
SLCMP47-2607,2607,3735,154204451,2^154204451-1,STRUCTURAL_SCREEN_EXHAUSTED_PRIMALITY_UNASSIGNED,FIRST_SINGULARITY_SHELL_EXHAUSTED_PRIMALITY_UNASSIGNED,514,9595,9595,NO_RECORDED_FACTOR_PRP_OR_LL_RESULT_AND_NO_ACTIVE_GIMPS_ASSIGNMENT,2026-08-06T12:58:23+00:00,UNALLOCATED,,,,,
SLCMP47-2608,2608,3736,154204511,2^154204511-1,STRUCTURAL_SCREEN_EXHAUSTED_PRIMALITY_UNASSIGNED,FIRST_SINGULARITY_SHELL_EXHAUSTED_PRIMALITY_UNASSIGNED,514,9595,9595,NO_RECORDED_FACTOR_PRP_OR_LL_RESULT_AND_NO_ACTIVE_GIMPS_ASSIGNMENT,2026-08-06T12:58:23+00:00,UNALLOCATED,,,,,
SLCMP47-2609,2609,3737,154204553,2^154204553-1,STRUCTURAL_SCREEN_EXHAUSTED_PRIMALITY_UNASSIGNED,FIRST_SINGULARITY_SHELL_EXHAUSTED_PRIMALITY_UNASSIGNED,513,9595,9595,NO_RECORDED_FACTOR_PRP_OR_LL_RESULT_AND_NO_ACTIVE_GIMPS_ASSIGNMENT,2026-08-06T12:58:23+00:00,UNALLOCATED,,,,,
SLCMP47-2610,2610,3738,154204601,2^154204601-1,STRUCTURAL_SCREEN_EXHAUSTED_PRIMALITY_UNASSIGNED,FIRST_SINGULARITY_SHELL_EXHAUSTED_PRIMALITY_UNASSIGNED,513,9595,9595,NO_RECORDED_FACTOR_PRP_OR_LL_RESULT_AND_NO_ACTIVE_GIMPS_ASSIGNMENT,2026-08-06T12:58:23+00:00,UNALLOCATED,,,,,
SLCMP47-2611,2611,3739,154204643,2^154204643-1,STRUCTURAL_SCREEN_EXHAUSTED_PRIMALITY_UNASSIGNED,FIRST_SINGULARITY_SHELL_EXHAUSTED_PRIMALITY_UNASSIGNED,514,9595,9595,NO_RECORDED_FACTOR_PRP_OR_LL_RESULT_AND_NO_ACTIVE_GIMPS_ASSIGNMENT,2026-08-06T12:58:23+00:00,UNALLOCATED,,,,,
SLCMP47-2612,2612,3740,154204663,2^154204663-1,STRUCTURAL_SCREEN_EXHAUSTED_PRIMALITY_UNASSIGNED,FIRST_SINGULARITY_SHELL_EXHAUSTED_PRIMALITY_UNASSIGNED,514,9595,9595,NO_RECORDED_FACTOR_PRP_OR_LL_RESULT_AND_NO_ACTIVE_GIMPS_ASSIGNMENT,2026-08-06T12:58:23+00:00,UNALLOCATED,,,,,
SLCMP47-2613,2613,3741,154204681,2^154204681-1,STRUCTURAL_SCREEN_EXHAUSTED_PRIMALITY_UNASSIGNED,FIRST_SINGULARITY_SHELL_EXHAUSTED_PRIMALITY_UNASSIGNED,513,9595,9595,NO_RECORDED_FACTOR_PRP_OR_LL_RESULT_AND_NO_ACTIVE_GIMPS_ASSIGNMENT,2026-08-06T12:58:23+00:00,UNALLOCATED,,,,,
SLCMP47-2614,2614,3742,154204709,2^154204709-1,STRUCTURAL_SCREEN_EXHAUSTED_PRIMALITY_UNASSIGNED,FIRST_SINGULARITY_SHELL_EXHAUSTED_PRIMALITY_UNASSIGNED,513,9595,9595,NO_RECORDED_FACTOR_PRP_OR_LL_RESULT_AND_NO_ACTIVE_GIMPS_ASSIGNMENT,2026-08-06T12:58:23+00:00,UNALLOCATED,,,,,
SLCMP47-2615,2615,3743,154204711,2^154204711-1,STRUCTURAL_SCREEN_EXHAUSTED_PRIMALITY_UNASSIGNED,FIRST_SINGULARITY_SHELL_EXHAUSTED_PRIMALITY_UNASSIGNED,514,9595,9595,NO_RECORDED_FACTOR_PRP_OR_LL_RESULT_AND_NO_ACTIVE_GIMPS_ASSIGNMENT,2026-08-06T12:58:23+00:00,UNALLOCATED,,,,,
SLCMP47-2616,2616,3744,154204717,2^154204717-1,STRUCTURAL_SCREEN_EXHAUSTED_PRIMALITY_UNASSIGNED,FIRST_SINGULARITY_SHELL_EXHAUSTED_PRIMALITY_UNASSIGNED,513,9595,9595,NO_RECORDED_FACTOR_PRP_OR_LL_RESULT_AND_NO_ACTIVE_GIMPS_ASSIGNMENT,2026-08-06T12:58:23+00:00,UNALLOCATED,,,,,
SLCMP47-2617,2617,3745,154204781,2^154204781-1,STRUCTURAL_SCREEN_EXHAUSTED_PRIMALITY_UNASSIGNED,FIRST_SINGULARITY_SHELL_EXHAUSTED_PRIMALITY_UNASSIGNED,513,9595,9595,NO_RECORDED_FACTOR_PRP_OR_LL_RESULT_AND_NO_ACTIVE_GIMPS_ASSIGNMENT,2026-08-06T12:58:23+00:00,UNALLOCATED,,,,,
SLCMP47-2618,2618,3746,154204783,2^154204783-1,STRUCTURAL_SCREEN_EXHAUSTED_PRIMALITY_UNASSIGNED,FIRST_SINGULARITY_SHELL_EXHAUSTED_PRIMALITY_UNASSIGNED,514,9595,9595,NO_RECORDED_FACTOR_PRP_OR_LL_RESULT_AND_NO_ACTIVE_GIMPS_ASSIGNMENT,2026-08-06T12:58:23+00:00,UNALLOCATED,,,,,
SLCMP47-2619,2619,3747,154204849,2^154204849-1,STRUCTURAL_SCREEN_EXHAUSTED_PRIMALITY_UNASSIGNED,FIRST_SINGULARITY_SHELL_EXHAUSTED_PRIMALITY_UNASSIGNED,513,9595,9595,NO_RECORDED_FACTOR_PRP_OR_LL_RESULT_AND_NO_ACTIVE_GIMPS_ASSIGNMENT,2026-08-06T12:58:23+00:00,UNALLOCATED,,,,,
SLCMP47-2620,2620,3748,154204879,2^154204879-1,STRUCTURAL_SCREEN_EXHAUSTED_PRIMALITY_UNASSIGNED,FIRST_SINGULARITY_SHELL_EXHAUSTED_PRIMALITY_UNASSIGNED,514,9595,9595,NO_RECORDED_FACTOR_PRP_OR_LL_RESULT_AND_NO_ACTIVE_GIMPS_ASSIGNMENT,2026-08-06T12:58:23+00:00,UNALLOCATED,,,,,
SLCMP47-2621,2621,3749,154204891,2^154204891-1,STRUCTURAL_SCREEN_EXHAUSTED_PRIMALITY_UNASSIGNED,FIRST_SINGULARITY_SHELL_EXHAUSTED_PRIMALITY_UNASSIGNED,514,9595,9595,NO_RECORDED_FACTOR_PRP_OR_LL_RESULT_AND_NO_ACTIVE_GIMPS_ASSIGNMENT,2026-08-06T12:58:23+00:00,UNALLOCATED,,,,,
SLCMP47-2622,2622,3750,154204907,2^154204907-1,STRUCTURAL_SCREEN_EXHAUSTED_PRIMALITY_UNASSIGNED,FIRST_SINGULARITY_SHELL_EXHAUSTED_PRIMALITY_UNASSIGNED,514,9595,9595,NO_RECORDED_FACTOR_PRP_OR_LL_RESULT_AND_NO_ACTIVE_GIMPS_ASSIGNMENT,2026-08-06T12:58:23+00:00,UNALLOCATED,,,,,
SLCMP47-2623,2623,3751,154204927,2^154204927-1,STRUCTURAL_SCREEN_EXHAUSTED_PRIMALITY_UNASSIGNED,FIRST_SINGULARITY_SHELL_EXHAUSTED_PRIMALITY_UNASSIGNED,514,9595,9595,NO_RECORDED_FACTOR_PRP_OR_LL_RESULT_AND_NO_ACTIVE_GIMPS_ASSIGNMENT,2026-08-06T12:58:23+00:00,UNALLOCATED,,,,,
SLCMP47-2624,2624,3752,154204991,2^154204991-1,STRUCTURAL_SCREEN_EXHAUSTED_PRIMALITY_UNASSIGNED,FIRST_SINGULARITY_SHELL_EXHAUSTED_PRIMALITY_UNASSIGNED,514,9595,9595,NO_RECORDED_FACTOR_PRP_OR_LL_RESULT_AND_NO_ACTIVE_GIMPS_ASSIGNMENT,2026-08-06T12:58:23+00:00,UNALLOCATED,,,,,
SLCMP47-2625,2625,3753,154205003,2^154205003-1,STRUCTURAL_SCREEN_EXHAUSTED_PRIMALITY_UNASSIGNED,FIRST_SINGULARITY_SHELL_EXHAUSTED_PRIMALITY_UNASSIGNED,514,9595,9595,NO_RECORDED_FACTOR_PRP_OR_LL_RESULT_AND_NO_ACTIVE_GIMPS_ASSIGNMENT,2026-08-06T12:58:23+00:00,UNALLOCATED,,,,,
SLCMP47-2626,2626,3754,154205027,2^154205027-1,STRUCTURAL_SCREEN_EXHAUSTED_PRIMALITY_UNASSIGNED,FIRST_SINGULARITY_SHELL_EXHAUSTED_PRIMALITY_UNASSIGNED,514,9595,9595,NO_RECORDED_FACTOR_PRP_OR_LL_RESULT_AND_NO_ACTIVE_GIMPS_ASSIGNMENT,2026-08-06T12:58:23+00:00,UNALLOCATED,,,,,
SLCMP47-2627,2627,3755,154205033,2^154205033-1,STRUCTURAL_SCREEN_EXHAUSTED_PRIMALITY_UNASSIGNED,FIRST_SINGULARITY_SHELL_EXHAUSTED_PRIMALITY_UNASSIGNED,513,9595,9595,NO_RECORDED_FACTOR_PRP_OR_LL_RESULT_AND_NO_ACTIVE_GIMPS_ASSIGNMENT,2026-08-06T12:58:23+00:00,UNALLOCATED,,,,,
SLCMP47-2628,2628,3756,154205047,2^154205047-1,STRUCTURAL_SCREEN_EXHAUSTED_PRIMALITY_UNASSIGNED,FIRST_SINGULARITY_SHELL_EXHAUSTED_PRIMALITY_UNASSIGNED,514,9595,9595,NO_RECORDED_FACTOR_PRP_OR_LL_RESULT_AND_NO_ACTIVE_GIMPS_ASSIGNMENT,2026-08-06T12:58:23+00:00,UNALLOCATED,,,,,
SLCMP47-2629,2629,3757,154205063,2^154205063-1,STRUCTURAL_SCREEN_EXHAUSTED_PRIMALITY_UNASSIGNED,FIRST_SINGULARITY_SHELL_EXHAUSTED_PRIMALITY_UNASSIGNED,514,9595,9595,NO_RECORDED_FACTOR_PRP_OR_LL_RESULT_AND_NO_ACTIVE_GIMPS_ASSIGNMENT,2026-08-06T12:58:23+00:00,UNALLOCATED,,,,,
SLCMP47-2630,2630,3758,154205281,2^154205281-1,STRUCTURAL_SCREEN_EXHAUSTED_PRIMALITY_UNASSIGNED,FIRST_SINGULARITY_SHELL_EXHAUSTED_PRIMALITY_UNASSIGNED,513,9595,9595,NO_RECORDED_FACTOR_PRP_OR_LL_RESULT_AND_NO_ACTIVE_GIMPS_ASSIGNMENT,2026-08-06T12:58:23+00:00,UNALLOCATED,,,,,
SLCMP47-2631,2631,3759,154205347,2^154205347-1,STRUCTURAL_SCREEN_EXHAUSTED_PRIMALITY_UNASSIGNED,FIRST_SINGULARITY_SHELL_EXHAUSTED_PRIMALITY_UNASSIGNED,514,9595,9595,NO_RECORDED_FACTOR_PRP_OR_LL_RESULT_AND_NO_ACTIVE_GIMPS_ASSIGNMENT,2026-08-06T12:58:23+00:00,UNALLOCATED,,,,,
SLCMP47-2632,2632,3760,154205411,2^154205411-1,STRUCTURAL_SCREEN_EXHAUSTED_PRIMALITY_UNASSIGNED,FIRST_SINGULARITY_SHELL_EXHAUSTED_PRIMALITY_UNASSIGNED,514,9595,9595,NO_RECORDED_FACTOR_PRP_OR_LL_RESULT_AND_NO_ACTIVE_GIMPS_ASSIGNMENT,2026-08-06T12:58:23+00:00,UNALLOCATED,,,,,
SLCMP47-2633,2633,3761,154205531,2^154205531-1,STRUCTURAL_SCREEN_EXHAUSTED_PRIMALITY_UNASSIGNED,FIRST_SINGULARITY_SHELL_EXHAUSTED_PRIMALITY_UNASSIGNED,514,9595,9595,NO_RECORDED_FACTOR_PRP_OR_LL_RESULT_AND_NO_ACTIVE_GIMPS_ASSIGNMENT,2026-08-06T12:58:23+00:00,UNALLOCATED,,,,,
SLCMP47-2634,2634,3762,154205533,2^154205533-1,STRUCTURAL_SCREEN_EXHAUSTED_PRIMALITY_UNASSIGNED,FIRST_SINGULARITY_SHELL_EXHAUSTED_PRIMALITY_UNASSIGNED,513,9595,9595,NO_RECORDED_FACTOR_PRP_OR_LL_RESULT_AND_NO_ACTIVE_GIMPS_ASSIGNMENT,2026-08-06T12:58:23+00:00,UNALLOCATED,,,,,
SLCMP47-2635,2635,3763,154205641,2^154205641-1,STRUCTURAL_SCREEN_EXHAUSTED_PRIMALITY_UNASSIGNED,FIRST_SINGULARITY_SHELL_EXHAUSTED_PRIMALITY_UNASSIGNED,513,9595,9595,NO_RECORDED_FACTOR_PRP_OR_LL_RESULT_AND_NO_ACTIVE_GIMPS_ASSIGNMENT,2026-08-06T12:58:23+00:00,UNALLOCATED,,,,,
SLCMP47-2636,2636,3764,154205717,2^154205717-1,STRUCTURAL_SCREEN_EXHAUSTED_PRIMALITY_UNASSIGNED,FIRST_SINGULARITY_SHELL_EXHAUSTED_PRIMALITY_UNASSIGNED,513,9595,9595,NO_RECORDED_FACTOR_PRP_OR_LL_RESULT_AND_NO_ACTIVE_GIMPS_ASSIGNMENT,2026-08-06T12:58:23+00:00,UNALLOCATED,,,,,
SLCMP47-2637,2637,3765,154205771,2^154205771-1,STRUCTURAL_SCREEN_EXHAUSTED_PRIMALITY_UNASSIGNED,FIRST_SINGULARITY_SHELL_EXHAUSTED_PRIMALITY_UNASSIGNED,514,9595,9595,NO_RECORDED_FACTOR_PRP_OR_LL_RESULT_AND_NO_ACTIVE_GIMPS_ASSIGNMENT,2026-08-06T12:58:23+00:00,UNALLOCATED,,,,,
SLCMP47-2638,2638,3766,154205773,2^154205773-1,STRUCTURAL_SCREEN_EXHAUSTED_PRIMALITY_UNASSIGNED,FIRST_SINGULARITY_SHELL_EXHAUSTED_PRIMALITY_UNASSIGNED,513,9595,9595,NO_RECORDED_FACTOR_PRP_OR_LL_RESULT_AND_NO_ACTIVE_GIMPS_ASSIGNMENT,2026-08-06T12:58:23+00:00,UNALLOCATED,,,,,
SLCMP47-2639,2639,3767,154205893,2^154205893-1,STRUCTURAL_SCREEN_EXHAUSTED_PRIMALITY_UNASSIGNED,FIRST_SINGULARITY_SHELL_EXHAUSTED_PRIMALITY_UNASSIGNED,513,9595,9595,NO_RECORDED_FACTOR_PRP_OR_LL_RESULT_AND_NO_ACTIVE_GIMPS_ASSIGNMENT,2026-08-06T12:58:23+00:00,UNALLOCATED,,,,,
SLCMP47-2640,2640,3768,154205941,2^154205941-1,STRUCTURAL_SCREEN_EXHAUSTED_PRIMALITY_UNASSIGNED,FIRST_SINGULARITY_SHELL_EXHAUSTED_PRIMALITY_UNASSIGNED,513,9595,9595,NO_RECORDED_FACTOR_PRP_OR_LL_RESULT_AND_NO_ACTIVE_GIMPS_ASSIGNMENT,2026-08-06T12:58:23+00:00,UNALLOCATED,,,,,
SLCMP47-2641,2641,3769,154205971,2^154205971-1,STRUCTURAL_SCREEN_EXHAUSTED_PRIMALITY_UNASSIGNED,FIRST_SINGULARITY_SHELL_EXHAUSTED_PRIMALITY_UNASSIGNED,514,9595,9595,NO_RECORDED_FACTOR_PRP_OR_LL_RESULT_AND_NO_ACTIVE_GIMPS_ASSIGNMENT,2026-08-06T12:58:23+00:00,UNALLOCATED,,,,,
SLCMP47-2642,2642,3770,154205983,2^154205983-1,STRUCTURAL_SCREEN_EXHAUSTED_PRIMALITY_UNASSIGNED,FIRST_SINGULARITY_SHELL_EXHAUSTED_PRIMALITY_UNASSIGNED,514,9595,9595,NO_RECORDED_FACTOR_PRP_OR_LL_RESULT_AND_NO_ACTIVE_GIMPS_ASSIGNMENT,2026-08-06T12:58:23+00:00,UNALLOCATED,,,,,
SLCMP47-2643,2643,3771,154206001,2^154206001-1,STRUCTURAL_SCREEN_EXHAUSTED_PRIMALITY_UNASSIGNED,FIRST_SINGULARITY_SHELL_EXHAUSTED_PRIMALITY_UNASSIGNED,513,9595,9595,NO_RECORDED_FACTOR_PRP_OR_LL_RESULT_AND_NO_ACTIVE_GIMPS_ASSIGNMENT,2026-08-06T12:58:23+00:00,UNALLOCATED,,,,,
SLCMP47-2644,2644,3772,154206161,2^154206161-1,STRUCTURAL_SCREEN_EXHAUSTED_PRIMALITY_UNASSIGNED,FIRST_SINGULARITY_SHELL_EXHAUSTED_PRIMALITY_UNASSIGNED,513,9595,9595,NO_RECORDED_FACTOR_PRP_OR_LL_RESULT_AND_NO_ACTIVE_GIMPS_ASSIGNMENT,2026-08-06T12:58:23+00:00,UNALLOCATED,,,,,
SLCMP47-2645,2645,3773,154206181,2^154206181-1,STRUCTURAL_SCREEN_EXHAUSTED_PRIMALITY_UNASSIGNED,FIRST_SINGULARITY_SHELL_EXHAUSTED_PRIMALITY_UNASSIGNED,513,9595,9595,NO_RECORDED_FACTOR_PRP_OR_LL_RESULT_AND_NO_ACTIVE_GIMPS_ASSIGNMENT,2026-08-06T12:58:23+00:00,UNALLOCATED,,,,,
SLCMP47-2646,2646,3774,154206287,2^154206287-1,STRUCTURAL_SCREEN_EXHAUSTED_PRIMALITY_UNASSIGNED,FIRST_SINGULARITY_SHELL_EXHAUSTED_PRIMALITY_UNASSIGNED,514,9595,9595,NO_RECORDED_FACTOR_PRP_OR_LL_RESULT_AND_NO_ACTIVE_GIMPS_ASSIGNMENT,2026-08-06T12:58:23+00:00,UNALLOCATED,,,,,
SLCMP47-2647,2647,3775,154206323,2^154206323-1,STRUCTURAL_SCREEN_EXHAUSTED_PRIMALITY_UNASSIGNED,FIRST_SINGULARITY_SHELL_EXHAUSTED_PRIMALITY_UNASSIGNED,514,9595,9595,NO_RECORDED_FACTOR_PRP_OR_LL_RESULT_AND_NO_ACTIVE_GIMPS_ASSIGNMENT,2026-08-06T12:58:23+00:00,UNALLOCATED,,,,,
SLCMP47-2648,2648,3776,154206419,2^154206419-1,STRUCTURAL_SCREEN_EXHAUSTED_PRIMALITY_UNASSIGNED,FIRST_SINGULARITY_SHELL_EXHAUSTED_PRIMALITY_UNASSIGNED,514,9595,9595,NO_RECORDED_FACTOR_PRP_OR_LL_RESULT_AND_NO_ACTIVE_GIMPS_ASSIGNMENT,2026-08-06T12:58:23+00:00,UNALLOCATED,,,,,
SLCMP47-2649,2649,3777,154206583,2^154206583-1,STRUCTURAL_SCREEN_EXHAUSTED_PRIMALITY_UNASSIGNED,FIRST_SINGULARITY_SHELL_EXHAUSTED_PRIMALITY_UNASSIGNED,514,9595,9595,NO_RECORDED_FACTOR_PRP_OR_LL_RESULT_AND_NO_ACTIVE_GIMPS_ASSIGNMENT,2026-08-06T12:58:23+00:00,UNALLOCATED,,,,,
SLCMP47-2650,2650,3778,154206593,2^154206593-1,STRUCTURAL_SCREEN_EXHAUSTED_PRIMALITY_UNASSIGNED,FIRST_SINGULARITY_SHELL_EXHAUSTED_PRIMALITY_UNASSIGNED,513,9595,9595,NO_RECORDED_FACTOR_PRP_OR_LL_RESULT_AND_NO_ACTIVE_GIMPS_ASSIGNMENT,2026-08-06T12:58:23+00:00,UNALLOCATED,,,,,
SLCMP47-2651,2651,3779,154206653,2^154206653-1,STRUCTURAL_SCREEN_EXHAUSTED_PRIMALITY_UNASSIGNED,FIRST_SINGULARITY_SHELL_EXHAUSTED_PRIMALITY_UNASSIGNED,513,9595,9595,NO_RECORDED_FACTOR_PRP_OR_LL_RESULT_AND_NO_ACTIVE_GIMPS_ASSIGNMENT,2026-08-06T12:58:23+00:00,UNALLOCATED,,,,,
SLCMP47-2652,2652,3780,154206683,2^154206683-1,STRUCTURAL_SCREEN_EXHAUSTED_PRIMALITY_UNASSIGNED,FIRST_SINGULARITY_SHELL_EXHAUSTED_PRIMALITY_UNASSIGNED,514,9595,9595,NO_RECORDED_FACTOR_PRP_OR_LL_RESULT_AND_NO_ACTIVE_GIMPS_ASSIGNMENT,2026-08-06T12:58:23+00:00,UNALLOCATED,,,,,
SLCMP47-2653,2653,3781,154206761,2^154206761-1,STRUCTURAL_SCREEN_EXHAUSTED_PRIMALITY_UNASSIGNED,FIRST_SINGULARITY_SHELL_EXHAUSTED_PRIMALITY_UNASSIGNED,513,9595,9595,NO_RECORDED_FACTOR_PRP_OR_LL_RESULT_AND_NO_ACTIVE_GIMPS_ASSIGNMENT,2026-08-06T12:58:23+00:00,UNALLOCATED,,,,,
SLCMP47-2654,2654,3782,154206797,2^154206797-1,STRUCTURAL_SCREEN_EXHAUSTED_PRIMALITY_UNASSIGNED,FIRST_SINGULARITY_SHELL_EXHAUSTED_PRIMALITY_UNASSIGNED,513,9595,9595,NO_RECORDED_FACTOR_PRP_OR_LL_RESULT_AND_NO_ACTIVE_GIMPS_ASSIGNMENT,2026-08-06T12:58:23+00:00,UNALLOCATED,,,,,
SLCMP47-2655,2655,3783,154206809,2^154206809-1,STRUCTURAL_SCREEN_EXHAUSTED_PRIMALITY_UNASSIGNED,FIRST_SINGULARITY_SHELL_EXHAUSTED_PRIMALITY_UNASSIGNED,513,9595,9595,NO_RECORDED_FACTOR_PRP_OR_LL_RESULT_AND_NO_ACTIVE_GIMPS_ASSIGNMENT,2026-08-06T12:58:23+00:00,UNALLOCATED,,,,,
SLCMP47-2656,2656,3784,154206823,2^154206823-1,STRUCTURAL_SCREEN_EXHAUSTED_PRIMALITY_UNASSIGNED,FIRST_SINGULARITY_SHELL_EXHAUSTED_PRIMALITY_UNASSIGNED,514,9595,9595,NO_RECORDED_FACTOR_PRP_OR_LL_RESULT_AND_NO_ACTIVE_GIMPS_ASSIGNMENT,2026-08-06T12:58:23+00:00,UNALLOCATED,,,,,
SLCMP47-2657,2657,3785,154206887,2^154206887-1,STRUCTURAL_SCREEN_EXHAUSTED_PRIMALITY_UNASSIGNED,FIRST_SINGULARITY_SHELL_EXHAUSTED_PRIMALITY_UNASSIGNED,514,9595,9595,NO_RECORDED_FACTOR_PRP_OR_LL_RESULT_AND_NO_ACTIVE_GIMPS_ASSIGNMENT,2026-08-06T12:58:23+00:00,UNALLOCATED,,,,,
SLCMP47-2658,2658,3786,154206967,2^154206967-1,STRUCTURAL_SCREEN_EXHAUSTED_PRIMALITY_UNASSIGNED,FIRST_SINGULARITY_SHELL_EXHAUSTED_PRIMALITY_UNASSIGNED,514,9595,9595,NO_RECORDED_FACTOR_PRP_OR_LL_RESULT_AND_NO_ACTIVE_GIMPS_ASSIGNMENT,2026-08-06T12:58:23+00:00,UNALLOCATED,,,,,
SLCMP47-2659,2659,3787,154206977,2^154206977-1,STRUCTURAL_SCREEN_EXHAUSTED_PRIMALITY_UNASSIGNED,FIRST_SINGULARITY_SHELL_EXHAUSTED_PRIMALITY_UNASSIGNED,513,9595,9595,NO_RECORDED_FACTOR_PRP_OR_LL_RESULT_AND_NO_ACTIVE_GIMPS_ASSIGNMENT,2026-08-06T12:58:23+00:00,UNALLOCATED,,,,,
SLCMP47-2660,2660,3788,154207003,2^154207003-1,STRUCTURAL_SCREEN_EXHAUSTED_PRIMALITY_UNASSIGNED,FIRST_SINGULARITY_SHELL_EXHAUSTED_PRIMALITY_UNASSIGNED,514,9595,9595,NO_RECORDED_FACTOR_PRP_OR_LL_RESULT_AND_NO_ACTIVE_GIMPS_ASSIGNMENT,2026-08-06T12:58:23+00:00,UNALLOCATED,,,,,
SLCMP47-2661,2661,3789,154207013,2^154207013-1,STRUCTURAL_SCREEN_EXHAUSTED_PRIMALITY_UNASSIGNED,FIRST_SINGULARITY_SHELL_EXHAUSTED_PRIMALITY_UNASSIGNED,513,9595,9595,NO_RECORDED_FACTOR_PRP_OR_LL_RESULT_AND_NO_ACTIVE_GIMPS_ASSIGNMENT,2026-08-06T12:58:23+00:00,UNALLOCATED,,,,,
SLCMP47-2662,2662,3790,154207093,2^154207093-1,STRUCTURAL_SCREEN_EXHAUSTED_PRIMALITY_UNASSIGNED,FIRST_SINGULARITY_SHELL_EXHAUSTED_PRIMALITY_UNASSIGNED,513,9595,9595,NO_RECORDED_FACTOR_PRP_OR_LL_RESULT_AND_NO_ACTIVE_GIMPS_ASSIGNMENT,2026-08-06T12:58:23+00:00,UNALLOCATED,,,,,
SLCMP47-2663,2663,3791,154207117,2^154207117-1,STRUCTURAL_SCREEN_EXHAUSTED_PRIMALITY_UNASSIGNED,FIRST_SINGULARITY_SHELL_EXHAUSTED_PRIMALITY_UNASSIGNED,513,9595,9595,NO_RECORDED_FACTOR_PRP_OR_LL_RESULT_AND_NO_ACTIVE_GIMPS_ASSIGNMENT,2026-08-06T12:58:23+00:00,UNALLOCATED,,,,,
SLCMP47-2664,2664,3792,154207201,2^154207201-1,STRUCTURAL_SCREEN_EXHAUSTED_PRIMALITY_UNASSIGNED,FIRST_SINGULARITY_SHELL_EXHAUSTED_PRIMALITY_UNASSIGNED,513,9595,9595,NO_RECORDED_FACTOR_PRP_OR_LL_RESULT_AND_NO_ACTIVE_GIMPS_ASSIGNMENT,2026-08-06T12:58:23+00:00,UNALLOCATED,,,,,
SLCMP47-2665,2665,3793,154207253,2^154207253-1,STRUCTURAL_SCREEN_EXHAUSTED_PRIMALITY_UNASSIGNED,FIRST_SINGULARITY_SHELL_EXHAUSTED_PRIMALITY_UNASSIGNED,513,9595,9595,NO_RECORDED_FACTOR_PRP_OR_LL_RESULT_AND_NO_ACTIVE_GIMPS_ASSIGNMENT,2026-08-06T12:58:23+00:00,UNALLOCATED,,,,,
SLCMP47-2666,2666,3794,154207259,2^154207259-1,STRUCTURAL_SCREEN_EXHAUSTED_PRIMALITY_UNASSIGNED,FIRST_SINGULARITY_SHELL_EXHAUSTED_PRIMALITY_UNASSIGNED,514,9595,9595,NO_RECORDED_FACTOR_PRP_OR_LL_RESULT_AND_NO_ACTIVE_GIMPS_ASSIGNMENT,2026-08-06T12:58:23+00:00,UNALLOCATED,,,,,
SLCMP47-2667,2667,3795,154207309,2^154207309-1,STRUCTURAL_SCREEN_EXHAUSTED_PRIMALITY_UNASSIGNED,FIRST_SINGULARITY_SHELL_EXHAUSTED_PRIMALITY_UNASSIGNED,513,9595,9595,NO_RECORDED_FACTOR_PRP_OR_LL_RESULT_AND_NO_ACTIVE_GIMPS_ASSIGNMENT,2026-08-06T12:58:23+00:00,UNALLOCATED,,,,,
SLCMP47-2668,2668,3796,154207397,2^154207397-1,STRUCTURAL_SCREEN_EXHAUSTED_PRIMALITY_UNASSIGNED,FIRST_SINGULARITY_SHELL_EXHAUSTED_PRIMALITY_UNASSIGNED,513,9595,9595,NO_RECORDED_FACTOR_PRP_OR_LL_RESULT_AND_NO_ACTIVE_GIMPS_ASSIGNMENT,2026-08-06T12:58:23+00:00,UNALLOCATED,,,,,
SLCMP47-2669,2669,3797,154207409,2^154207409-1,STRUCTURAL_SCREEN_EXHAUSTED_PRIMALITY_UNASSIGNED,FIRST_SINGULARITY_SHELL_EXHAUSTED_PRIMALITY_UNASSIGNED,513,9595,9595,NO_RECORDED_FACTOR_PRP_OR_LL_RESULT_AND_NO_ACTIVE_GIMPS_ASSIGNMENT,2026-08-06T12:58:23+00:00,UNALLOCATED,,,,,
SLCMP47-2670,2670,3798,154207429,2^154207429-1,STRUCTURAL_SCREEN_EXHAUSTED_PRIMALITY_UNASSIGNED,FIRST_SINGULARITY_SHELL_EXHAUSTED_PRIMALITY_UNASSIGNED,513,9595,9595,NO_RECORDED_FACTOR_PRP_OR_LL_RESULT_AND_NO_ACTIVE_GIMPS_ASSIGNMENT,2026-08-06T12:58:23+00:00,UNALLOCATED,,,,,
SLCMP47-2671,2671,3799,154207643,2^154207643-1,STRUCTURAL_SCREEN_EXHAUSTED_PRIMALITY_UNASSIGNED,FIRST_SINGULARITY_SHELL_EXHAUSTED_PRIMALITY_UNASSIGNED,514,9595,9595,NO_RECORDED_FACTOR_PRP_OR_LL_RESULT_AND_NO_ACTIVE_GIMPS_ASSIGNMENT,2026-08-06T12:58:23+00:00,UNALLOCATED,,,,,
SLCMP47-2672,2672,3800,154207681,2^154207681-1,STRUCTURAL_SCREEN_EXHAUSTED_PRIMALITY_UNASSIGNED,FIRST_SINGULARITY_SHELL_EXHAUSTED_PRIMALITY_UNASSIGNED,513,9595,9595,NO_RECORDED_FACTOR_PRP_OR_LL_RESULT_AND_NO_ACTIVE_GIMPS_ASSIGNMENT,2026-08-06T12:58:23+00:00,UNALLOCATED,,,,,
SLCMP47-2673,2673,3801,154207771,2^154207771-1,STRUCTURAL_SCREEN_EXHAUSTED_PRIMALITY_UNASSIGNED,FIRST_SINGULARITY_SHELL_EXHAUSTED_PRIMALITY_UNASSIGNED,514,9595,9595,NO_RECORDED_FACTOR_PRP_OR_LL_RESULT_AND_NO_ACTIVE_GIMPS_ASSIGNMENT,2026-08-06T12:58:23+00:00,UNALLOCATED,,,,,
SLCMP47-2674,2674,3802,154207777,2^154207777-1,STRUCTURAL_SCREEN_EXHAUSTED_PRIMALITY_UNASSIGNED,FIRST_SINGULARITY_SHELL_EXHAUSTED_PRIMALITY_UNASSIGNED,513,9595,9595,NO_RECORDED_FACTOR_PRP_OR_LL_RESULT_AND_NO_ACTIVE_GIMPS_ASSIGNMENT,2026-08-06T12:58:23+00:00,UNALLOCATED,,,,,
SLCMP47-2675,2675,3803,154207783,2^154207783-1,STRUCTURAL_SCREEN_EXHAUSTED_PRIMALITY_UNASSIGNED,FIRST_SINGULARITY_SHELL_EXHAUSTED_PRIMALITY_UNASSIGNED,514,9595,9595,NO_RECORDED_FACTOR_PRP_OR_LL_RESULT_AND_NO_ACTIVE_GIMPS_ASSIGNMENT,2026-08-06T12:58:23+00:00,UNALLOCATED,,,,,
SLCMP47-2676,2676,3804,154207843,2^154207843-1,STRUCTURAL_SCREEN_EXHAUSTED_PRIMALITY_UNASSIGNED,FIRST_SINGULARITY_SHELL_EXHAUSTED_PRIMALITY_UNASSIGNED,514,9595,9595,NO_RECORDED_FACTOR_PRP_OR_LL_RESULT_AND_NO_ACTIVE_GIMPS_ASSIGNMENT,2026-08-06T12:58:23+00:00,UNALLOCATED,,,,,
SLCMP47-2677,2677,3805,154207883,2^154207883-1,STRUCTURAL_SCREEN_EXHAUSTED_PRIMALITY_UNASSIGNED,FIRST_SINGULARITY_SHELL_EXHAUSTED_PRIMALITY_UNASSIGNED,514,9595,9595,NO_RECORDED_FACTOR_PRP_OR_LL_RESULT_AND_NO_ACTIVE_GIMPS_ASSIGNMENT,2026-08-06T12:58:23+00:00,UNALLOCATED,,,,,
SLCMP47-2678,2678,3806,154208143,2^154208143-1,STRUCTURAL_SCREEN_EXHAUSTED_PRIMALITY_UNASSIGNED,FIRST_SINGULARITY_SHELL_EXHAUSTED_PRIMALITY_UNASSIGNED,514,9595,9595,NO_RECORDED_FACTOR_PRP_OR_LL_RESULT_AND_NO_ACTIVE_GIMPS_ASSIGNMENT,2026-08-06T12:58:23+00:00,UNALLOCATED,,,,,
SLCMP47-2679,2679,3807,154208189,2^154208189-1,STRUCTURAL_SCREEN_EXHAUSTED_PRIMALITY_UNASSIGNED,FIRST_SINGULARITY_SHELL_EXHAUSTED_PRIMALITY_UNASSIGNED,513,9595,9595,NO_RECORDED_FACTOR_PRP_OR_LL_RESULT_AND_NO_ACTIVE_GIMPS_ASSIGNMENT,2026-08-06T12:58:23+00:00,UNALLOCATED,,,,,
SLCMP47-2680,2680,3808,154208213,2^154208213-1,STRUCTURAL_SCREEN_EXHAUSTED_PRIMALITY_UNASSIGNED,FIRST_SINGULARITY_SHELL_EXHAUSTED_PRIMALITY_UNASSIGNED,513,9595,9595,NO_RECORDED_FACTOR_PRP_OR_LL_RESULT_AND_NO_ACTIVE_GIMPS_ASSIGNMENT,2026-08-06T12:58:23+00:00,UNALLOCATED,,,,,
SLCMP47-2681,2681,3809,154208227,2^154208227-1,STRUCTURAL_SCREEN_EXHAUSTED_PRIMALITY_UNASSIGNED,FIRST_SINGULARITY_SHELL_EXHAUSTED_PRIMALITY_UNASSIGNED,514,9595,9595,NO_RECORDED_FACTOR_PRP_OR_LL_RESULT_AND_NO_ACTIVE_GIMPS_ASSIGNMENT,2026-08-06T12:58:23+00:00,UNALLOCATED,,,,,
SLCMP47-2682,2682,3810,154208317,2^154208317-1,STRUCTURAL_SCREEN_EXHAUSTED_PRIMALITY_UNASSIGNED,FIRST_SINGULARITY_SHELL_EXHAUSTED_PRIMALITY_UNASSIGNED,513,9595,9595,NO_RECORDED_FACTOR_PRP_OR_LL_RESULT_AND_NO_ACTIVE_GIMPS_ASSIGNMENT,2026-08-06T12:58:23+00:00,UNALLOCATED,,,,,
SLCMP47-2683,2683,3811,154208381,2^154208381-1,STRUCTURAL_SCREEN_EXHAUSTED_PRIMALITY_UNASSIGNED,FIRST_SINGULARITY_SHELL_EXHAUSTED_PRIMALITY_UNASSIGNED,513,9595,9595,NO_RECORDED_FACTOR_PRP_OR_LL_RESULT_AND_NO_ACTIVE_GIMPS_ASSIGNMENT,2026-08-06T12:58:23+00:00,UNALLOCATED,,,,,
SLCMP47-2684,2684,3812,154208447,2^154208447-1,STRUCTURAL_SCREEN_EXHAUSTED_PRIMALITY_UNASSIGNED,FIRST_SINGULARITY_SHELL_EXHAUSTED_PRIMALITY_UNASSIGNED,514,9595,9595,NO_RECORDED_FACTOR_PRP_OR_LL_RESULT_AND_NO_ACTIVE_GIMPS_ASSIGNMENT,2026-08-06T12:58:23+00:00,UNALLOCATED,,,,,
SLCMP47-2685,2685,3813,154208471,2^154208471-1,STRUCTURAL_SCREEN_EXHAUSTED_PRIMALITY_UNASSIGNED,FIRST_SINGULARITY_SHELL_EXHAUSTED_PRIMALITY_UNASSIGNED,514,9595,9595,NO_RECORDED_FACTOR_PRP_OR_LL_RESULT_AND_NO_ACTIVE_GIMPS_ASSIGNMENT,2026-08-06T12:58:23+00:00,UNALLOCATED,,,,,
SLCMP47-2686,2686,3814,154208531,2^154208531-1,STRUCTURAL_SCREEN_EXHAUSTED_PRIMALITY_UNASSIGNED,FIRST_SINGULARITY_SHELL_EXHAUSTED_PRIMALITY_UNASSIGNED,514,9595,9595,NO_RECORDED_FACTOR_PRP_OR_LL_RESULT_AND_NO_ACTIVE_GIMPS_ASSIGNMENT,2026-08-06T12:58:23+00:00,UNALLOCATED,,,,,
SLCMP47-2687,2687,3815,154208569,2^154208569-1,STRUCTURAL_SCREEN_EXHAUSTED_PRIMALITY_UNASSIGNED,FIRST_SINGULARITY_SHELL_EXHAUSTED_PRIMALITY_UNASSIGNED,513,9595,9595,NO_RECORDED_FACTOR_PRP_OR_LL_RESULT_AND_NO_ACTIVE_GIMPS_ASSIGNMENT,2026-08-06T12:58:23+00:00,UNALLOCATED,,,,,
SLCMP47-2688,2688,3816,154208753,2^154208753-1,STRUCTURAL_SCREEN_EXHAUSTED_PRIMALITY_UNASSIGNED,FIRST_SINGULARITY_SHELL_EXHAUSTED_PRIMALITY_UNASSIGNED,513,9595,9595,NO_RECORDED_FACTOR_PRP_OR_LL_RESULT_AND_NO_ACTIVE_GIMPS_ASSIGNMENT,2026-08-06T12:58:23+00:00,UNALLOCATED,,,,,
SLCMP47-2689,2689,3817,154208867,2^154208867-1,STRUCTURAL_SCREEN_EXHAUSTED_PRIMALITY_UNASSIGNED,FIRST_SINGULARITY_SHELL_EXHAUSTED_PRIMALITY_UNASSIGNED,514,9595,9595,NO_RECORDED_FACTOR_PRP_OR_LL_RESULT_AND_NO_ACTIVE_GIMPS_ASSIGNMENT,2026-08-06T12:58:23+00:00,UNALLOCATED,,,,,
SLCMP47-2690,2690,3818,154209113,2^154209113-1,STRUCTURAL_SCREEN_EXHAUSTED_PRIMALITY_UNASSIGNED,FIRST_SINGULARITY_SHELL_EXHAUSTED_PRIMALITY_UNASSIGNED,513,9595,9595,NO_RECORDED_FACTOR_PRP_OR_LL_RESULT_AND_NO_ACTIVE_GIMPS_ASSIGNMENT,2026-08-06T12:58:23+00:00,UNALLOCATED,,,,,
SLCMP47-2691,2691,3819,154209127,2^154209127-1,STRUCTURAL_SCREEN_EXHAUSTED_PRIMALITY_UNASSIGNED,FIRST_SINGULARITY_SHELL_EXHAUSTED_PRIMALITY_UNASSIGNED,514,9595,9595,NO_RECORDED_FACTOR_PRP_OR_LL_RESULT_AND_NO_ACTIVE_GIMPS_ASSIGNMENT,2026-08-06T12:58:23+00:00,UNALLOCATED,,,,,
SLCMP47-2692,2692,3820,154209157,2^154209157-1,STRUCTURAL_SCREEN_EXHAUSTED_PRIMALITY_UNASSIGNED,FIRST_SINGULARITY_SHELL_EXHAUSTED_PRIMALITY_UNASSIGNED,513,9595,9595,NO_RECORDED_FACTOR_PRP_OR_LL_RESULT_AND_NO_ACTIVE_GIMPS_ASSIGNMENT,2026-08-06T12:58:23+00:00,UNALLOCATED,,,,,
SLCMP47-2693,2693,3821,154209161,2^154209161-1,STRUCTURAL_SCREEN_EXHAUSTED_PRIMALITY_UNASSIGNED,FIRST_SINGULARITY_SHELL_EXHAUSTED_PRIMALITY_UNASSIGNED,513,9595,9595,NO_RECORDED_FACTOR_PRP_OR_LL_RESULT_AND_NO_ACTIVE_GIMPS_ASSIGNMENT,2026-08-06T12:58:23+00:00,UNALLOCATED,,,,,
SLCMP47-2694,2694,3822,154209163,2^154209163-1,STRUCTURAL_SCREEN_EXHAUSTED_PRIMALITY_UNASSIGNED,FIRST_SINGULARITY_SHELL_EXHAUSTED_PRIMALITY_UNASSIGNED,514,9595,9595,NO_RECORDED_FACTOR_PRP_OR_LL_RESULT_AND_NO_ACTIVE_GIMPS_ASSIGNMENT,2026-08-06T12:58:23+00:00,UNALLOCATED,,,,,
SLCMP47-2695,2695,3823,154209173,2^154209173-1,STRUCTURAL_SCREEN_EXHAUSTED_PRIMALITY_UNASSIGNED,FIRST_SINGULARITY_SHELL_EXHAUSTED_PRIMALITY_UNASSIGNED,513,9595,9595,NO_RECORDED_FACTOR_PRP_OR_LL_RESULT_AND_NO_ACTIVE_GIMPS_ASSIGNMENT,2026-08-06T12:58:23+00:00,UNALLOCATED,,,,,
SLCMP47-2696,2696,3824,154209197,2^154209197-1,STRUCTURAL_SCREEN_EXHAUSTED_PRIMALITY_UNASSIGNED,FIRST_SINGULARITY_SHELL_EXHAUSTED_PRIMALITY_UNASSIGNED,513,9595,9595,NO_RECORDED_FACTOR_PRP_OR_LL_RESULT_AND_NO_ACTIVE_GIMPS_ASSIGNMENT,2026-08-06T12:58:23+00:00,UNALLOCATED,,,,,
SLCMP47-2697,2697,3825,154209271,2^154209271-1,STRUCTURAL_SCREEN_EXHAUSTED_PRIMALITY_UNASSIGNED,FIRST_SINGULARITY_SHELL_EXHAUSTED_PRIMALITY_UNASSIGNED,514,9595,9595,NO_RECORDED_FACTOR_PRP_OR_LL_RESULT_AND_NO_ACTIVE_GIMPS_ASSIGNMENT,2026-08-06T12:58:23+00:00,UNALLOCATED,,,,,
SLCMP47-2698,2698,3826,154209313,2^154209313-1,STRUCTURAL_SCREEN_EXHAUSTED_PRIMALITY_UNASSIGNED,FIRST_SINGULARITY_SHELL_EXHAUSTED_PRIMALITY_UNASSIGNED,513,9595,9595,NO_RECORDED_FACTOR_PRP_OR_LL_RESULT_AND_NO_ACTIVE_GIMPS_ASSIGNMENT,2026-08-06T12:58:23+00:00,UNALLOCATED,,,,,
SLCMP47-2699,2699,3827,154209331,2^154209331-1,STRUCTURAL_SCREEN_EXHAUSTED_PRIMALITY_UNASSIGNED,FIRST_SINGULARITY_SHELL_EXHAUSTED_PRIMALITY_UNASSIGNED,514,9595,9595,NO_RECORDED_FACTOR_PRP_OR_LL_RESULT_AND_NO_ACTIVE_GIMPS_ASSIGNMENT,2026-08-06T12:58:23+00:00,UNALLOCATED,,,,,
SLCMP47-2700,2700,3828,154209337,2^154209337-1,STRUCTURAL_SCREEN_EXHAUSTED_PRIMALITY_UNASSIGNED,FIRST_SINGULARITY_SHELL_EXHAUSTED_PRIMALITY_UNASSIGNED,513,9595,9595,NO_RECORDED_FACTOR_PRP_OR_LL_RESULT_AND_NO_ACTIVE_GIMPS_ASSIGNMENT,2026-08-06T12:58:23+00:00,UNALLOCATED,,,,,
SLCMP47-2701,2701,3829,154209413,2^154209413-1,STRUCTURAL_SCREEN_EXHAUSTED_PRIMALITY_UNASSIGNED,FIRST_SINGULARITY_SHELL_EXHAUSTED_PRIMALITY_UNASSIGNED,513,9595,9595,NO_RECORDED_FACTOR_PRP_OR_LL_RESULT_AND_NO_ACTIVE_GIMPS_ASSIGNMENT,2026-08-06T12:58:23+00:00,UNALLOCATED,,,,,
SLCMP47-2702,2702,3830,154209467,2^154209467-1,STRUCTURAL_SCREEN_EXHAUSTED_PRIMALITY_UNASSIGNED,FIRST_SINGULARITY_SHELL_EXHAUSTED_PRIMALITY_UNASSIGNED,514,9595,9595,NO_RECORDED_FACTOR_PRP_OR_LL_RESULT_AND_NO_ACTIVE_GIMPS_ASSIGNMENT,2026-08-06T12:58:23+00:00,UNALLOCATED,,,,,
SLCMP47-2703,2703,3831,154209479,2^154209479-1,STRUCTURAL_SCREEN_EXHAUSTED_PRIMALITY_UNASSIGNED,FIRST_SINGULARITY_SHELL_EXHAUSTED_PRIMALITY_UNASSIGNED,514,9595,9595,NO_RECORDED_FACTOR_PRP_OR_LL_RESULT_AND_NO_ACTIVE_GIMPS_ASSIGNMENT,2026-08-06T12:58:23+00:00,UNALLOCATED,,,,,
SLCMP47-2704,2704,3832,154209521,2^154209521-1,STRUCTURAL_SCREEN_EXHAUSTED_PRIMALITY_UNASSIGNED,FIRST_SINGULARITY_SHELL_EXHAUSTED_PRIMALITY_UNASSIGNED,513,9595,9595,NO_RECORDED_FACTOR_PRP_OR_LL_RESULT_AND_NO_ACTIVE_GIMPS_ASSIGNMENT,2026-08-06T12:58:23+00:00,UNALLOCATED,,,,,
SLCMP47-2705,2705,3833,154209541,2^154209541-1,STRUCTURAL_SCREEN_EXHAUSTED_PRIMALITY_UNASSIGNED,FIRST_SINGULARITY_SHELL_EXHAUSTED_PRIMALITY_UNASSIGNED,513,9595,9595,NO_RECORDED_FACTOR_PRP_OR_LL_RESULT_AND_NO_ACTIVE_GIMPS_ASSIGNMENT,2026-08-06T12:58:23+00:00,UNALLOCATED,,,,,
SLCMP47-2706,2706,3834,154209553,2^154209553-1,STRUCTURAL_SCREEN_EXHAUSTED_PRIMALITY_UNASSIGNED,FIRST_SINGULARITY_SHELL_EXHAUSTED_PRIMALITY_UNASSIGNED,513,9595,9595,NO_RECORDED_FACTOR_PRP_OR_LL_RESULT_AND_NO_ACTIVE_GIMPS_ASSIGNMENT,2026-08-06T12:58:23+00:00,UNALLOCATED,,,,,
SLCMP47-2707,2707,3835,154209557,2^154209557-1,STRUCTURAL_SCREEN_EXHAUSTED_PRIMALITY_UNASSIGNED,FIRST_SINGULARITY_SHELL_EXHAUSTED_PRIMALITY_UNASSIGNED,513,9595,9595,NO_RECORDED_FACTOR_PRP_OR_LL_RESULT_AND_NO_ACTIVE_GIMPS_ASSIGNMENT,2026-08-06T12:58:23+00:00,UNALLOCATED,,,,,
SLCMP47-2708,2708,3836,154209607,2^154209607-1,STRUCTURAL_SCREEN_EXHAUSTED_PRIMALITY_UNASSIGNED,FIRST_SINGULARITY_SHELL_EXHAUSTED_PRIMALITY_UNASSIGNED,514,9595,9595,NO_RECORDED_FACTOR_PRP_OR_LL_RESULT_AND_NO_ACTIVE_GIMPS_ASSIGNMENT,2026-08-06T12:58:23+00:00,UNALLOCATED,,,,,
SLCMP47-2709,2709,3837,154209619,2^154209619-1,STRUCTURAL_SCREEN_EXHAUSTED_PRIMALITY_UNASSIGNED,FIRST_SINGULARITY_SHELL_EXHAUSTED_PRIMALITY_UNASSIGNED,514,9595,9595,NO_RECORDED_FACTOR_PRP_OR_LL_RESULT_AND_NO_ACTIVE_GIMPS_ASSIGNMENT,2026-08-06T12:58:23+00:00,UNALLOCATED,,,,,
SLCMP47-2710,2710,3838,154209683,2^154209683-1,STRUCTURAL_SCREEN_EXHAUSTED_PRIMALITY_UNASSIGNED,FIRST_SINGULARITY_SHELL_EXHAUSTED_PRIMALITY_UNASSIGNED,514,9595,9595,NO_RECORDED_FACTOR_PRP_OR_LL_RESULT_AND_NO_ACTIVE_GIMPS_ASSIGNMENT,2026-08-06T12:58:23+00:00,UNALLOCATED,,,,,
SLCMP47-2711,2711,3839,154209689,2^154209689-1,STRUCTURAL_SCREEN_EXHAUSTED_PRIMALITY_UNASSIGNED,FIRST_SINGULARITY_SHELL_EXHAUSTED_PRIMALITY_UNASSIGNED,513,9595,9595,NO_RECORDED_FACTOR_PRP_OR_LL_RESULT_AND_NO_ACTIVE_GIMPS_ASSIGNMENT,2026-08-06T12:58:23+00:00,UNALLOCATED,,,,,
SLCMP47-2712,2712,3840,154209793,2^154209793-1,STRUCTURAL_SCREEN_EXHAUSTED_PRIMALITY_UNASSIGNED,FIRST_SINGULARITY_SHELL_EXHAUSTED_PRIMALITY_UNASSIGNED,513,9595,9595,NO_RECORDED_FACTOR_PRP_OR_LL_RESULT_AND_NO_ACTIVE_GIMPS_ASSIGNMENT,2026-08-06T12:58:23+00:00,UNALLOCATED,,,,,
SLCMP47-2713,2713,3841,154209823,2^154209823-1,STRUCTURAL_SCREEN_EXHAUSTED_PRIMALITY_UNASSIGNED,FIRST_SINGULARITY_SHELL_EXHAUSTED_PRIMALITY_UNASSIGNED,514,9595,9595,NO_RECORDED_FACTOR_PRP_OR_LL_RESULT_AND_NO_ACTIVE_GIMPS_ASSIGNMENT,2026-08-06T12:58:23+00:00,UNALLOCATED,,,,,
SLCMP47-2714,2714,3842,154209859,2^154209859-1,STRUCTURAL_SCREEN_EXHAUSTED_PRIMALITY_UNASSIGNED,FIRST_SINGULARITY_SHELL_EXHAUSTED_PRIMALITY_UNASSIGNED,514,9595,9595,NO_RECORDED_FACTOR_PRP_OR_LL_RESULT_AND_NO_ACTIVE_GIMPS_ASSIGNMENT,2026-08-06T12:58:23+00:00,UNALLOCATED,,,,,
SLCMP47-2715,2715,3843,154210031,2^154210031-1,STRUCTURAL_SCREEN_EXHAUSTED_PRIMALITY_UNASSIGNED,FIRST_SINGULARITY_SHELL_EXHAUSTED_PRIMALITY_UNASSIGNED,514,9595,9595,NO_RECORDED_FACTOR_PRP_OR_LL_RESULT_AND_NO_ACTIVE_GIMPS_ASSIGNMENT,2026-08-06T12:58:23+00:00,UNALLOCATED,,,,,
SLCMP47-2716,2716,3844,154210201,2^154210201-1,STRUCTURAL_SCREEN_EXHAUSTED_PRIMALITY_UNASSIGNED,FIRST_SINGULARITY_SHELL_EXHAUSTED_PRIMALITY_UNASSIGNED,513,9595,9595,NO_RECORDED_FACTOR_PRP_OR_LL_RESULT_AND_NO_ACTIVE_GIMPS_ASSIGNMENT,2026-08-06T12:58:23+00:00,UNALLOCATED,,,,,
SLCMP47-2717,2717,3845,154210241,2^154210241-1,STRUCTURAL_SCREEN_EXHAUSTED_PRIMALITY_UNASSIGNED,FIRST_SINGULARITY_SHELL_EXHAUSTED_PRIMALITY_UNASSIGNED,513,9595,9595,NO_RECORDED_FACTOR_PRP_OR_LL_RESULT_AND_NO_ACTIVE_GIMPS_ASSIGNMENT,2026-08-06T12:58:23+00:00,UNALLOCATED,,,,,
SLCMP47-2718,2718,3846,154210253,2^154210253-1,STRUCTURAL_SCREEN_EXHAUSTED_PRIMALITY_UNASSIGNED,FIRST_SINGULARITY_SHELL_EXHAUSTED_PRIMALITY_UNASSIGNED,513,9595,9595,NO_RECORDED_FACTOR_PRP_OR_LL_RESULT_AND_NO_ACTIVE_GIMPS_ASSIGNMENT,2026-08-06T12:58:23+00:00,UNALLOCATED,,,,,
SLCMP47-2719,2719,3847,154210361,2^154210361-1,STRUCTURAL_SCREEN_EXHAUSTED_PRIMALITY_UNASSIGNED,FIRST_SINGULARITY_SHELL_EXHAUSTED_PRIMALITY_UNASSIGNED,513,9595,9595,NO_RECORDED_FACTOR_PRP_OR_LL_RESULT_AND_NO_ACTIVE_GIMPS_ASSIGNMENT,2026-08-06T12:58:23+00:00,UNALLOCATED,,,,,
SLCMP47-2720,2720,3848,154210373,2^154210373-1,STRUCTURAL_SCREEN_EXHAUSTED_PRIMALITY_UNASSIGNED,FIRST_SINGULARITY_SHELL_EXHAUSTED_PRIMALITY_UNASSIGNED,513,9595,9595,NO_RECORDED_FACTOR_PRP_OR_LL_RESULT_AND_NO_ACTIVE_GIMPS_ASSIGNMENT,2026-08-06T12:58:23+00:00,UNALLOCATED,,,,,
SLCMP47-2721,2721,3849,154210387,2^154210387-1,STRUCTURAL_SCREEN_EXHAUSTED_PRIMALITY_UNASSIGNED,FIRST_SINGULARITY_SHELL_EXHAUSTED_PRIMALITY_UNASSIGNED,514,9595,9595,NO_RECORDED_FACTOR_PRP_OR_LL_RESULT_AND_NO_ACTIVE_GIMPS_ASSIGNMENT,2026-08-06T12:58:23+00:00,UNALLOCATED,,,,,
SLCMP47-2722,2722,3850,154210447,2^154210447-1,STRUCTURAL_SCREEN_EXHAUSTED_PRIMALITY_UNASSIGNED,FIRST_SINGULARITY_SHELL_EXHAUSTED_PRIMALITY_UNASSIGNED,514,9595,9595,NO_RECORDED_FACTOR_PRP_OR_LL_RESULT_AND_NO_ACTIVE_GIMPS_ASSIGNMENT,2026-08-06T12:58:23+00:00,UNALLOCATED,,,,,
SLCMP47-2723,2723,3851,154210577,2^154210577-1,STRUCTURAL_SCREEN_EXHAUSTED_PRIMALITY_UNASSIGNED,FIRST_SINGULARITY_SHELL_EXHAUSTED_PRIMALITY_UNASSIGNED,513,9595,9595,NO_RECORDED_FACTOR_PRP_OR_LL_RESULT_AND_NO_ACTIVE_GIMPS_ASSIGNMENT,2026-08-06T12:58:23+00:00,UNALLOCATED,,,,,
SLCMP47-2724,2724,3852,154210729,2^154210729-1,STRUCTURAL_SCREEN_EXHAUSTED_PRIMALITY_UNASSIGNED,FIRST_SINGULARITY_SHELL_EXHAUSTED_PRIMALITY_UNASSIGNED,513,9595,9595,NO_RECORDED_FACTOR_PRP_OR_LL_RESULT_AND_NO_ACTIVE_GIMPS_ASSIGNMENT,2026-08-06T12:58:23+00:00,UNALLOCATED,,,,,
SLCMP47-2725,2725,3853,154210781,2^154210781-1,STRUCTURAL_SCREEN_EXHAUSTED_PRIMALITY_UNASSIGNED,FIRST_SINGULARITY_SHELL_EXHAUSTED_PRIMALITY_UNASSIGNED,513,9595,9595,NO_RECORDED_FACTOR_PRP_OR_LL_RESULT_AND_NO_ACTIVE_GIMPS_ASSIGNMENT,2026-08-06T12:58:23+00:00,UNALLOCATED,,,,,
SLCMP47-2726,2726,3854,154210843,2^154210843-1,STRUCTURAL_SCREEN_EXHAUSTED_PRIMALITY_UNASSIGNED,FIRST_SINGULARITY_SHELL_EXHAUSTED_PRIMALITY_UNASSIGNED,514,9595,9595,NO_RECORDED_FACTOR_PRP_OR_LL_RESULT_AND_NO_ACTIVE_GIMPS_ASSIGNMENT,2026-08-06T12:58:23+00:00,UNALLOCATED,,,,,
SLCMP47-2727,2727,3855,154210873,2^154210873-1,STRUCTURAL_SCREEN_EXHAUSTED_PRIMALITY_UNASSIGNED,FIRST_SINGULARITY_SHELL_EXHAUSTED_PRIMALITY_UNASSIGNED,513,9595,9595,NO_RECORDED_FACTOR_PRP_OR_LL_RESULT_AND_NO_ACTIVE_GIMPS_ASSIGNMENT,2026-08-06T12:58:23+00:00,UNALLOCATED,,,,,
SLCMP47-2728,2728,3856,154210907,2^154210907-1,STRUCTURAL_SCREEN_EXHAUSTED_PRIMALITY_UNASSIGNED,FIRST_SINGULARITY_SHELL_EXHAUSTED_PRIMALITY_UNASSIGNED,514,9595,9595,NO_RECORDED_FACTOR_PRP_OR_LL_RESULT_AND_NO_ACTIVE_GIMPS_ASSIGNMENT,2026-08-06T12:58:23+00:00,UNALLOCATED,,,,,
SLCMP47-2729,2729,3857,154210921,2^154210921-1,STRUCTURAL_SCREEN_EXHAUSTED_PRIMALITY_UNASSIGNED,FIRST_SINGULARITY_SHELL_EXHAUSTED_PRIMALITY_UNASSIGNED,513,9595,9595,NO_RECORDED_FACTOR_PRP_OR_LL_RESULT_AND_NO_ACTIVE_GIMPS_ASSIGNMENT,2026-08-06T12:58:23+00:00,UNALLOCATED,,,,,
SLCMP47-2730,2730,3858,154210937,2^154210937-1,STRUCTURAL_SCREEN_EXHAUSTED_PRIMALITY_UNASSIGNED,FIRST_SINGULARITY_SHELL_EXHAUSTED_PRIMALITY_UNASSIGNED,513,9595,9595,NO_RECORDED_FACTOR_PRP_OR_LL_RESULT_AND_NO_ACTIVE_GIMPS_ASSIGNMENT,2026-08-06T12:58:23+00:00,UNALLOCATED,,,,,
SLCMP47-2731,2731,3859,154211039,2^154211039-1,STRUCTURAL_SCREEN_EXHAUSTED_PRIMALITY_UNASSIGNED,FIRST_SINGULARITY_SHELL_EXHAUSTED_PRIMALITY_UNASSIGNED,514,9595,9595,NO_RECORDED_FACTOR_PRP_OR_LL_RESULT_AND_NO_ACTIVE_GIMPS_ASSIGNMENT,2026-08-06T12:58:23+00:00,UNALLOCATED,,,,,
SLCMP47-2732,2732,3860,154211047,2^154211047-1,STRUCTURAL_SCREEN_EXHAUSTED_PRIMALITY_UNASSIGNED,FIRST_SINGULARITY_SHELL_EXHAUSTED_PRIMALITY_UNASSIGNED,514,9595,9595,NO_RECORDED_FACTOR_PRP_OR_LL_RESULT_AND_NO_ACTIVE_GIMPS_ASSIGNMENT,2026-08-06T12:58:23+00:00,UNALLOCATED,,,,,
SLCMP47-2733,2733,3861,154211107,2^154211107-1,STRUCTURAL_SCREEN_EXHAUSTED_PRIMALITY_UNASSIGNED,FIRST_SINGULARITY_SHELL_EXHAUSTED_PRIMALITY_UNASSIGNED,514,9595,9595,NO_RECORDED_FACTOR_PRP_OR_LL_RESULT_AND_NO_ACTIVE_GIMPS_ASSIGNMENT,2026-08-06T12:58:23+00:00,UNALLOCATED,,,,,
SLCMP47-2734,2734,3862,154211177,2^154211177-1,STRUCTURAL_SCREEN_EXHAUSTED_PRIMALITY_UNASSIGNED,FIRST_SINGULARITY_SHELL_EXHAUSTED_PRIMALITY_UNASSIGNED,513,9595,9595,NO_RECORDED_FACTOR_PRP_OR_LL_RESULT_AND_NO_ACTIVE_GIMPS_ASSIGNMENT,2026-08-06T12:58:23+00:00,UNALLOCATED,,,,,
SLCMP47-2735,2735,3863,154211303,2^154211303-1,STRUCTURAL_SCREEN_EXHAUSTED_PRIMALITY_UNASSIGNED,FIRST_SINGULARITY_SHELL_EXHAUSTED_PRIMALITY_UNASSIGNED,514,9595,9595,NO_RECORDED_FACTOR_PRP_OR_LL_RESULT_AND_NO_ACTIVE_GIMPS_ASSIGNMENT,2026-08-06T12:58:23+00:00,UNALLOCATED,,,,,
SLCMP47-2736,2736,3864,154211363,2^154211363-1,STRUCTURAL_SCREEN_EXHAUSTED_PRIMALITY_UNASSIGNED,FIRST_SINGULARITY_SHELL_EXHAUSTED_PRIMALITY_UNASSIGNED,514,9595,9595,NO_RECORDED_FACTOR_PRP_OR_LL_RESULT_AND_NO_ACTIVE_GIMPS_ASSIGNMENT,2026-08-06T12:58:23+00:00,UNALLOCATED,,,,,
SLCMP47-2737,2737,3865,154211399,2^154211399-1,STRUCTURAL_SCREEN_EXHAUSTED_PRIMALITY_UNASSIGNED,FIRST_SINGULARITY_SHELL_EXHAUSTED_PRIMALITY_UNASSIGNED,514,9595,9595,NO_RECORDED_FACTOR_PRP_OR_LL_RESULT_AND_NO_ACTIVE_GIMPS_ASSIGNMENT,2026-08-06T12:58:23+00:00,UNALLOCATED,,,,,
SLCMP47-2738,2738,3866,154211423,2^154211423-1,STRUCTURAL_SCREEN_EXHAUSTED_PRIMALITY_UNASSIGNED,FIRST_SINGULARITY_SHELL_EXHAUSTED_PRIMALITY_UNASSIGNED,514,9595,9595,NO_RECORDED_FACTOR_PRP_OR_LL_RESULT_AND_NO_ACTIVE_GIMPS_ASSIGNMENT,2026-08-06T12:58:23+00:00,UNALLOCATED,,,,,
SLCMP47-2739,2739,3867,154211441,2^154211441-1,STRUCTURAL_SCREEN_EXHAUSTED_PRIMALITY_UNASSIGNED,FIRST_SINGULARITY_SHELL_EXHAUSTED_PRIMALITY_UNASSIGNED,513,9595,9595,NO_RECORDED_FACTOR_PRP_OR_LL_RESULT_AND_NO_ACTIVE_GIMPS_ASSIGNMENT,2026-08-06T12:58:23+00:00,UNALLOCATED,,,,,
SLCMP47-2740,2740,3868,154211443,2^154211443-1,STRUCTURAL_SCREEN_EXHAUSTED_PRIMALITY_UNASSIGNED,FIRST_SINGULARITY_SHELL_EXHAUSTED_PRIMALITY_UNASSIGNED,514,9595,9595,NO_RECORDED_FACTOR_PRP_OR_LL_RESULT_AND_NO_ACTIVE_GIMPS_ASSIGNMENT,2026-08-06T12:58:23+00:00,UNALLOCATED,,,,,
SLCMP47-2741,2741,3869,154211521,2^154211521-1,STRUCTURAL_SCREEN_EXHAUSTED_PRIMALITY_UNASSIGNED,FIRST_SINGULARITY_SHELL_EXHAUSTED_PRIMALITY_UNASSIGNED,513,9595,9595,NO_RECORDED_FACTOR_PRP_OR_LL_RESULT_AND_NO_ACTIVE_GIMPS_ASSIGNMENT,2026-08-06T12:58:23+00:00,UNALLOCATED,,,,,
SLCMP47-2742,2742,3870,154211569,2^154211569-1,STRUCTURAL_SCREEN_EXHAUSTED_PRIMALITY_UNASSIGNED,FIRST_SINGULARITY_SHELL_EXHAUSTED_PRIMALITY_UNASSIGNED,513,9595,9595,NO_RECORDED_FACTOR_PRP_OR_LL_RESULT_AND_NO_ACTIVE_GIMPS_ASSIGNMENT,2026-08-06T12:58:23+00:00,UNALLOCATED,,,,,
SLCMP47-2743,2743,3871,154211587,2^154211587-1,STRUCTURAL_SCREEN_EXHAUSTED_PRIMALITY_UNASSIGNED,FIRST_SINGULARITY_SHELL_EXHAUSTED_PRIMALITY_UNASSIGNED,514,9595,9595,NO_RECORDED_FACTOR_PRP_OR_LL_RESULT_AND_NO_ACTIVE_GIMPS_ASSIGNMENT,2026-08-06T12:58:23+00:00,UNALLOCATED,,,,,
SLCMP47-2744,2744,3872,154211677,2^154211677-1,STRUCTURAL_SCREEN_EXHAUSTED_PRIMALITY_UNASSIGNED,FIRST_SINGULARITY_SHELL_EXHAUSTED_PRIMALITY_UNASSIGNED,513,9595,9595,NO_RECORDED_FACTOR_PRP_OR_LL_RESULT_AND_NO_ACTIVE_GIMPS_ASSIGNMENT,2026-08-06T12:58:23+00:00,UNALLOCATED,,,,,
SLCMP47-2745,2745,3873,154211719,2^154211719-1,STRUCTURAL_SCREEN_EXHAUSTED_PRIMALITY_UNASSIGNED,FIRST_SINGULARITY_SHELL_EXHAUSTED_PRIMALITY_UNASSIGNED,514,9595,9595,NO_RECORDED_FACTOR_PRP_OR_LL_RESULT_AND_NO_ACTIVE_GIMPS_ASSIGNMENT,2026-08-06T12:58:23+00:00,UNALLOCATED,,,,,
SLCMP47-2746,2746,3874,154211741,2^154211741-1,STRUCTURAL_SCREEN_EXHAUSTED_PRIMALITY_UNASSIGNED,FIRST_SINGULARITY_SHELL_EXHAUSTED_PRIMALITY_UNASSIGNED,513,9595,9595,NO_RECORDED_FACTOR_PRP_OR_LL_RESULT_AND_NO_ACTIVE_GIMPS_ASSIGNMENT,2026-08-06T12:58:23+00:00,UNALLOCATED,,,,,
SLCMP47-2747,2747,3875,154211753,2^154211753-1,STRUCTURAL_SCREEN_EXHAUSTED_PRIMALITY_UNASSIGNED,FIRST_SINGULARITY_SHELL_EXHAUSTED_PRIMALITY_UNASSIGNED,513,9595,9595,NO_RECORDED_FACTOR_PRP_OR_LL_RESULT_AND_NO_ACTIVE_GIMPS_ASSIGNMENT,2026-08-06T12:58:23+00:00,UNALLOCATED,,,,,
SLCMP47-2748,2748,3876,154211767,2^154211767-1,STRUCTURAL_SCREEN_EXHAUSTED_PRIMALITY_UNASSIGNED,FIRST_SINGULARITY_SHELL_EXHAUSTED_PRIMALITY_UNASSIGNED,514,9595,9595,NO_RECORDED_FACTOR_PRP_OR_LL_RESULT_AND_NO_ACTIVE_GIMPS_ASSIGNMENT,2026-08-06T12:58:23+00:00,UNALLOCATED,,,,,
SLCMP47-2749,2749,3877,154211773,2^154211773-1,STRUCTURAL_SCREEN_EXHAUSTED_PRIMALITY_UNASSIGNED,FIRST_SINGULARITY_SHELL_EXHAUSTED_PRIMALITY_UNASSIGNED,513,9595,9595,NO_RECORDED_FACTOR_PRP_OR_LL_RESULT_AND_NO_ACTIVE_GIMPS_ASSIGNMENT,2026-08-06T12:58:23+00:00,UNALLOCATED,,,,,
SLCMP47-2750,2750,3878,154211779,2^154211779-1,STRUCTURAL_SCREEN_EXHAUSTED_PRIMALITY_UNASSIGNED,FIRST_SINGULARITY_SHELL_EXHAUSTED_PRIMALITY_UNASSIGNED,514,9595,9595,NO_RECORDED_FACTOR_PRP_OR_LL_RESULT_AND_NO_ACTIVE_GIMPS_ASSIGNMENT,2026-08-06T12:58:23+00:00,UNALLOCATED,,,,,
SLCMP47-2751,2751,3879,154211801,2^154211801-1,STRUCTURAL_SCREEN_EXHAUSTED_PRIMALITY_UNASSIGNED,FIRST_SINGULARITY_SHELL_EXHAUSTED_PRIMALITY_UNASSIGNED,513,9595,9595,NO_RECORDED_FACTOR_PRP_OR_LL_RESULT_AND_NO_ACTIVE_GIMPS_ASSIGNMENT,2026-08-06T12:58:23+00:00,UNALLOCATED,,,,,
SLCMP47-2752,2752,3880,154211867,2^154211867-1,STRUCTURAL_SCREEN_EXHAUSTED_PRIMALITY_UNASSIGNED,FIRST_SINGULARITY_SHELL_EXHAUSTED_PRIMALITY_UNASSIGNED,514,9595,9595,NO_RECORDED_FACTOR_PRP_OR_LL_RESULT_AND_NO_ACTIVE_GIMPS_ASSIGNMENT,2026-08-06T12:58:23+00:00,UNALLOCATED,,,,,
SLCMP47-2753,2753,3881,154212067,2^154212067-1,STRUCTURAL_SCREEN_EXHAUSTED_PRIMALITY_UNASSIGNED,FIRST_SINGULARITY_SHELL_EXHAUSTED_PRIMALITY_UNASSIGNED,514,9595,9595,NO_RECORDED_FACTOR_PRP_OR_LL_RESULT_AND_NO_ACTIVE_GIMPS_ASSIGNMENT,2026-08-06T12:58:23+00:00,UNALLOCATED,,,,,
SLCMP47-2754,2754,3882,154212103,2^154212103-1,STRUCTURAL_SCREEN_EXHAUSTED_PRIMALITY_UNASSIGNED,FIRST_SINGULARITY_SHELL_EXHAUSTED_PRIMALITY_UNASSIGNED,514,9595,9595,NO_RECORDED_FACTOR_PRP_OR_LL_RESULT_AND_NO_ACTIVE_GIMPS_ASSIGNMENT,2026-08-06T12:58:23+00:00,UNALLOCATED,,,,,
SLCMP47-2755,2755,3883,154212167,2^154212167-1,STRUCTURAL_SCREEN_EXHAUSTED_PRIMALITY_UNASSIGNED,FIRST_SINGULARITY_SHELL_EXHAUSTED_PRIMALITY_UNASSIGNED,514,9595,9595,NO_RECORDED_FACTOR_PRP_OR_LL_RESULT_AND_NO_ACTIVE_GIMPS_ASSIGNMENT,2026-08-06T12:58:23+00:00,UNALLOCATED,,,,,
SLCMP47-2756,2756,3884,154212173,2^154212173-1,STRUCTURAL_SCREEN_EXHAUSTED_PRIMALITY_UNASSIGNED,FIRST_SINGULARITY_SHELL_EXHAUSTED_PRIMALITY_UNASSIGNED,513,9595,9595,NO_RECORDED_FACTOR_PRP_OR_LL_RESULT_AND_NO_ACTIVE_GIMPS_ASSIGNMENT,2026-08-06T12:58:23+00:00,UNALLOCATED,,,,,
SLCMP47-2757,2757,3885,154212251,2^154212251-1,STRUCTURAL_SCREEN_EXHAUSTED_PRIMALITY_UNASSIGNED,FIRST_SINGULARITY_SHELL_EXHAUSTED_PRIMALITY_UNASSIGNED,514,9595,9595,NO_RECORDED_FACTOR_PRP_OR_LL_RESULT_AND_NO_ACTIVE_GIMPS_ASSIGNMENT,2026-08-06T12:58:23+00:00,UNALLOCATED,,,,,
SLCMP47-2758,2758,3886,154212413,2^154212413-1,STRUCTURAL_SCREEN_EXHAUSTED_PRIMALITY_UNASSIGNED,FIRST_SINGULARITY_SHELL_EXHAUSTED_PRIMALITY_UNASSIGNED,513,9595,9595,NO_RECORDED_FACTOR_PRP_OR_LL_RESULT_AND_NO_ACTIVE_GIMPS_ASSIGNMENT,2026-08-06T12:58:23+00:00,UNALLOCATED,,,,,
SLCMP47-2759,2759,3887,154212431,2^154212431-1,STRUCTURAL_SCREEN_EXHAUSTED_PRIMALITY_UNASSIGNED,FIRST_SINGULARITY_SHELL_EXHAUSTED_PRIMALITY_UNASSIGNED,514,9595,9595,NO_RECORDED_FACTOR_PRP_OR_LL_RESULT_AND_NO_ACTIVE_GIMPS_ASSIGNMENT,2026-08-06T12:58:23+00:00,UNALLOCATED,,,,,
SLCMP47-2760,2760,3888,154212473,2^154212473-1,STRUCTURAL_SCREEN_EXHAUSTED_PRIMALITY_UNASSIGNED,FIRST_SINGULARITY_SHELL_EXHAUSTED_PRIMALITY_UNASSIGNED,513,9595,9595,NO_RECORDED_FACTOR_PRP_OR_LL_RESULT_AND_NO_ACTIVE_GIMPS_ASSIGNMENT,2026-08-06T12:58:23+00:00,UNALLOCATED,,,,,
SLCMP47-2761,2761,3889,154212511,2^154212511-1,STRUCTURAL_SCREEN_EXHAUSTED_PRIMALITY_UNASSIGNED,FIRST_SINGULARITY_SHELL_EXHAUSTED_PRIMALITY_UNASSIGNED,514,9595,9595,NO_RECORDED_FACTOR_PRP_OR_LL_RESULT_AND_NO_ACTIVE_GIMPS_ASSIGNMENT,2026-08-06T12:58:23+00:00,UNALLOCATED,,,,,
SLCMP47-2762,2762,3890,154212581,2^154212581-1,STRUCTURAL_SCREEN_EXHAUSTED_PRIMALITY_UNASSIGNED,FIRST_SINGULARITY_SHELL_EXHAUSTED_PRIMALITY_UNASSIGNED,513,9595,9595,NO_RECORDED_FACTOR_PRP_OR_LL_RESULT_AND_NO_ACTIVE_GIMPS_ASSIGNMENT,2026-08-06T12:58:23+00:00,UNALLOCATED,,,,,
SLCMP47-2763,2763,3891,154212601,2^154212601-1,STRUCTURAL_SCREEN_EXHAUSTED_PRIMALITY_UNASSIGNED,FIRST_SINGULARITY_SHELL_EXHAUSTED_PRIMALITY_UNASSIGNED,513,9595,9595,NO_RECORDED_FACTOR_PRP_OR_LL_RESULT_AND_NO_ACTIVE_GIMPS_ASSIGNMENT,2026-08-06T12:58:23+00:00,UNALLOCATED,,,,,
SLCMP47-2764,2764,3892,154212649,2^154212649-1,STRUCTURAL_SCREEN_EXHAUSTED_PRIMALITY_UNASSIGNED,FIRST_SINGULARITY_SHELL_EXHAUSTED_PRIMALITY_UNASSIGNED,513,9595,9595,NO_RECORDED_FACTOR_PRP_OR_LL_RESULT_AND_NO_ACTIVE_GIMPS_ASSIGNMENT,2026-08-06T12:58:23+00:00,UNALLOCATED,,,,,
SLCMP47-2765,2765,3893,154212673,2^154212673-1,STRUCTURAL_SCREEN_EXHAUSTED_PRIMALITY_UNASSIGNED,FIRST_SINGULARITY_SHELL_EXHAUSTED_PRIMALITY_UNASSIGNED,513,9595,9595,NO_RECORDED_FACTOR_PRP_OR_LL_RESULT_AND_NO_ACTIVE_GIMPS_ASSIGNMENT,2026-08-06T12:58:23+00:00,UNALLOCATED,,,,,
SLCMP47-2766,2766,3894,154212679,2^154212679-1,STRUCTURAL_SCREEN_EXHAUSTED_PRIMALITY_UNASSIGNED,FIRST_SINGULARITY_SHELL_EXHAUSTED_PRIMALITY_UNASSIGNED,514,9595,9595,NO_RECORDED_FACTOR_PRP_OR_LL_RESULT_AND_NO_ACTIVE_GIMPS_ASSIGNMENT,2026-08-06T12:58:23+00:00,UNALLOCATED,,,,,
SLCMP47-2767,2767,3895,154212701,2^154212701-1,STRUCTURAL_SCREEN_EXHAUSTED_PRIMALITY_UNASSIGNED,FIRST_SINGULARITY_SHELL_EXHAUSTED_PRIMALITY_UNASSIGNED,513,9595,9595,NO_RECORDED_FACTOR_PRP_OR_LL_RESULT_AND_NO_ACTIVE_GIMPS_ASSIGNMENT,2026-08-06T12:58:23+00:00,UNALLOCATED,,,,,
SLCMP47-2768,2768,3896,154212757,2^154212757-1,STRUCTURAL_SCREEN_EXHAUSTED_PRIMALITY_UNASSIGNED,FIRST_SINGULARITY_SHELL_EXHAUSTED_PRIMALITY_UNASSIGNED,513,9595,9595,NO_RECORDED_FACTOR_PRP_OR_LL_RESULT_AND_NO_ACTIVE_GIMPS_ASSIGNMENT,2026-08-06T12:58:23+00:00,UNALLOCATED,,,,,
SLCMP47-2769,2769,3897,154212809,2^154212809-1,STRUCTURAL_SCREEN_EXHAUSTED_PRIMALITY_UNASSIGNED,FIRST_SINGULARITY_SHELL_EXHAUSTED_PRIMALITY_UNASSIGNED,513,9595,9595,NO_RECORDED_FACTOR_PRP_OR_LL_RESULT_AND_NO_ACTIVE_GIMPS_ASSIGNMENT,2026-08-06T12:58:23+00:00,UNALLOCATED,,,,,
SLCMP47-2770,2770,3898,154212823,2^154212823-1,STRUCTURAL_SCREEN_EXHAUSTED_PRIMALITY_UNASSIGNED,FIRST_SINGULARITY_SHELL_EXHAUSTED_PRIMALITY_UNASSIGNED,514,9595,9595,NO_RECORDED_FACTOR_PRP_OR_LL_RESULT_AND_NO_ACTIVE_GIMPS_ASSIGNMENT,2026-08-06T12:58:23+00:00,UNALLOCATED,,,,,
SLCMP47-2771,2771,3899,154212847,2^154212847-1,STRUCTURAL_SCREEN_EXHAUSTED_PRIMALITY_UNASSIGNED,FIRST_SINGULARITY_SHELL_EXHAUSTED_PRIMALITY_UNASSIGNED,514,9595,9595,NO_RECORDED_FACTOR_PRP_OR_LL_RESULT_AND_NO_ACTIVE_GIMPS_ASSIGNMENT,2026-08-06T12:58:23+00:00,UNALLOCATED,,,,,
SLCMP47-2772,2772,3900,154212853,2^154212853-1,STRUCTURAL_SCREEN_EXHAUSTED_PRIMALITY_UNASSIGNED,FIRST_SINGULARITY_SHELL_EXHAUSTED_PRIMALITY_UNASSIGNED,513,9595,9595,NO_RECORDED_FACTOR_PRP_OR_LL_RESULT_AND_NO_ACTIVE_GIMPS_ASSIGNMENT,2026-08-06T12:58:23+00:00,UNALLOCATED,,,,,
SLCMP47-2773,2773,3901,154212869,2^154212869-1,STRUCTURAL_SCREEN_EXHAUSTED_PRIMALITY_UNASSIGNED,FIRST_SINGULARITY_SHELL_EXHAUSTED_PRIMALITY_UNASSIGNED,513,9595,9595,NO_RECORDED_FACTOR_PRP_OR_LL_RESULT_AND_NO_ACTIVE_GIMPS_ASSIGNMENT,2026-08-06T12:58:23+00:00,UNALLOCATED,,,,,
SLCMP47-2774,2774,3902,154212889,2^154212889-1,STRUCTURAL_SCREEN_EXHAUSTED_PRIMALITY_UNASSIGNED,FIRST_SINGULARITY_SHELL_EXHAUSTED_PRIMALITY_UNASSIGNED,513,9595,9595,NO_RECORDED_FACTOR_PRP_OR_LL_RESULT_AND_NO_ACTIVE_GIMPS_ASSIGNMENT,2026-08-06T12:58:23+00:00,UNALLOCATED,,,,,
SLCMP47-2775,2775,3903,154212991,2^154212991-1,STRUCTURAL_SCREEN_EXHAUSTED_PRIMALITY_UNASSIGNED,FIRST_SINGULARITY_SHELL_EXHAUSTED_PRIMALITY_UNASSIGNED,514,9595,9595,NO_RECORDED_FACTOR_PRP_OR_LL_RESULT_AND_NO_ACTIVE_GIMPS_ASSIGNMENT,2026-08-06T12:58:23+00:00,UNALLOCATED,,,,,
SLCMP47-2776,2776,3904,154213099,2^154213099-1,STRUCTURAL_SCREEN_EXHAUSTED_PRIMALITY_UNASSIGNED,FIRST_SINGULARITY_SHELL_EXHAUSTED_PRIMALITY_UNASSIGNED,514,9595,9595,NO_RECORDED_FACTOR_PRP_OR_LL_RESULT_AND_NO_ACTIVE_GIMPS_ASSIGNMENT,2026-08-06T12:58:23+00:00,UNALLOCATED,,,,,
SLCMP47-2777,2777,3905,154213181,2^154213181-1,STRUCTURAL_SCREEN_EXHAUSTED_PRIMALITY_UNASSIGNED,FIRST_SINGULARITY_SHELL_EXHAUSTED_PRIMALITY_UNASSIGNED,513,9595,9595,NO_RECORDED_FACTOR_PRP_OR_LL_RESULT_AND_NO_ACTIVE_GIMPS_ASSIGNMENT,2026-08-06T12:58:23+00:00,UNALLOCATED,,,,,
SLCMP47-2778,2778,3906,154213187,2^154213187-1,STRUCTURAL_SCREEN_EXHAUSTED_PRIMALITY_UNASSIGNED,FIRST_SINGULARITY_SHELL_EXHAUSTED_PRIMALITY_UNASSIGNED,514,9595,9595,NO_RECORDED_FACTOR_PRP_OR_LL_RESULT_AND_NO_ACTIVE_GIMPS_ASSIGNMENT,2026-08-06T12:58:23+00:00,UNALLOCATED,,,,,
SLCMP47-2779,2779,3907,154213243,2^154213243-1,STRUCTURAL_SCREEN_EXHAUSTED_PRIMALITY_UNASSIGNED,FIRST_SINGULARITY_SHELL_EXHAUSTED_PRIMALITY_UNASSIGNED,514,9595,9595,NO_RECORDED_FACTOR_PRP_OR_LL_RESULT_AND_NO_ACTIVE_GIMPS_ASSIGNMENT,2026-08-06T12:58:23+00:00,UNALLOCATED,,,,,
SLCMP47-2780,2780,3908,154213399,2^154213399-1,STRUCTURAL_SCREEN_EXHAUSTED_PRIMALITY_UNASSIGNED,FIRST_SINGULARITY_SHELL_EXHAUSTED_PRIMALITY_UNASSIGNED,514,9595,9595,NO_RECORDED_FACTOR_PRP_OR_LL_RESULT_AND_NO_ACTIVE_GIMPS_ASSIGNMENT,2026-08-06T12:58:23+00:00,UNALLOCATED,,,,,
SLCMP47-2781,2781,3909,154213483,2^154213483-1,STRUCTURAL_SCREEN_EXHAUSTED_PRIMALITY_UNASSIGNED,FIRST_SINGULARITY_SHELL_EXHAUSTED_PRIMALITY_UNASSIGNED,514,9595,9595,NO_RECORDED_FACTOR_PRP_OR_LL_RESULT_AND_NO_ACTIVE_GIMPS_ASSIGNMENT,2026-08-06T12:58:23+00:00,UNALLOCATED,,,,,
SLCMP47-2782,2782,3910,154213529,2^154213529-1,STRUCTURAL_SCREEN_EXHAUSTED_PRIMALITY_UNASSIGNED,FIRST_SINGULARITY_SHELL_EXHAUSTED_PRIMALITY_UNASSIGNED,513,9595,9595,NO_RECORDED_FACTOR_PRP_OR_LL_RESULT_AND_NO_ACTIVE_GIMPS_ASSIGNMENT,2026-08-06T12:58:23+00:00,UNALLOCATED,,,,,
SLCMP47-2783,2783,3911,154213951,2^154213951-1,STRUCTURAL_SCREEN_EXHAUSTED_PRIMALITY_UNASSIGNED,FIRST_SINGULARITY_SHELL_EXHAUSTED_PRIMALITY_UNASSIGNED,514,9595,9595,NO_RECORDED_FACTOR_PRP_OR_LL_RESULT_AND_NO_ACTIVE_GIMPS_ASSIGNMENT,2026-08-06T12:58:23+00:00,UNALLOCATED,,,,,
SLCMP47-2784,2784,3912,154213981,2^154213981-1,STRUCTURAL_SCREEN_EXHAUSTED_PRIMALITY_UNASSIGNED,FIRST_SINGULARITY_SHELL_EXHAUSTED_PRIMALITY_UNASSIGNED,513,9595,9595,NO_RECORDED_FACTOR_PRP_OR_LL_RESULT_AND_NO_ACTIVE_GIMPS_ASSIGNMENT,2026-08-06T12:58:23+00:00,UNALLOCATED,,,,,
SLCMP47-2785,2785,3913,154214009,2^154214009-1,STRUCTURAL_SCREEN_EXHAUSTED_PRIMALITY_UNASSIGNED,FIRST_SINGULARITY_SHELL_EXHAUSTED_PRIMALITY_UNASSIGNED,513,9595,9595,NO_RECORDED_FACTOR_PRP_OR_LL_RESULT_AND_NO_ACTIVE_GIMPS_ASSIGNMENT,2026-08-06T12:58:23+00:00,UNALLOCATED,,,,,
SLCMP47-2786,2786,3914,154214029,2^154214029-1,STRUCTURAL_SCREEN_EXHAUSTED_PRIMALITY_UNASSIGNED,FIRST_SINGULARITY_SHELL_EXHAUSTED_PRIMALITY_UNASSIGNED,513,9595,9595,NO_RECORDED_FACTOR_PRP_OR_LL_RESULT_AND_NO_ACTIVE_GIMPS_ASSIGNMENT,2026-08-06T12:58:23+00:00,UNALLOCATED,,,,,
SLCMP47-2787,2787,3915,154214041,2^154214041-1,STRUCTURAL_SCREEN_EXHAUSTED_PRIMALITY_UNASSIGNED,FIRST_SINGULARITY_SHELL_EXHAUSTED_PRIMALITY_UNASSIGNED,513,9595,9595,NO_RECORDED_FACTOR_PRP_OR_LL_RESULT_AND_NO_ACTIVE_GIMPS_ASSIGNMENT,2026-08-06T12:58:23+00:00,UNALLOCATED,,,,,
SLCMP47-2788,2788,3916,154214107,2^154214107-1,STRUCTURAL_SCREEN_EXHAUSTED_PRIMALITY_UNASSIGNED,FIRST_SINGULARITY_SHELL_EXHAUSTED_PRIMALITY_UNASSIGNED,514,9595,9595,NO_RECORDED_FACTOR_PRP_OR_LL_RESULT_AND_NO_ACTIVE_GIMPS_ASSIGNMENT,2026-08-06T12:58:23+00:00,UNALLOCATED,,,,,
SLCMP47-2789,2789,3917,154214143,2^154214143-1,STRUCTURAL_SCREEN_EXHAUSTED_PRIMALITY_UNASSIGNED,FIRST_SINGULARITY_SHELL_EXHAUSTED_PRIMALITY_UNASSIGNED,514,9595,9595,NO_RECORDED_FACTOR_PRP_OR_LL_RESULT_AND_NO_ACTIVE_GIMPS_ASSIGNMENT,2026-08-06T12:58:23+00:00,UNALLOCATED,,,,,
SLCMP47-2790,2790,3918,154214183,2^154214183-1,STRUCTURAL_SCREEN_EXHAUSTED_PRIMALITY_UNASSIGNED,FIRST_SINGULARITY_SHELL_EXHAUSTED_PRIMALITY_UNASSIGNED,514,9595,9595,NO_RECORDED_FACTOR_PRP_OR_LL_RESULT_AND_NO_ACTIVE_GIMPS_ASSIGNMENT,2026-08-06T12:58:23+00:00,UNALLOCATED,,,,,
SLCMP47-2791,2791,3919,154214231,2^154214231-1,STRUCTURAL_SCREEN_EXHAUSTED_PRIMALITY_UNASSIGNED,FIRST_SINGULARITY_SHELL_EXHAUSTED_PRIMALITY_UNASSIGNED,514,9595,9595,NO_RECORDED_FACTOR_PRP_OR_LL_RESULT_AND_NO_ACTIVE_GIMPS_ASSIGNMENT,2026-08-06T12:58:23+00:00,UNALLOCATED,,,,,
SLCMP47-2792,2792,3920,154214251,2^154214251-1,STRUCTURAL_SCREEN_EXHAUSTED_PRIMALITY_UNASSIGNED,FIRST_SINGULARITY_SHELL_EXHAUSTED_PRIMALITY_UNASSIGNED,514,9595,9595,NO_RECORDED_FACTOR_PRP_OR_LL_RESULT_AND_NO_ACTIVE_GIMPS_ASSIGNMENT,2026-08-06T12:58:23+00:00,UNALLOCATED,,,,,
SLCMP47-2793,2793,3921,154214321,2^154214321-1,STRUCTURAL_SCREEN_EXHAUSTED_PRIMALITY_UNASSIGNED,FIRST_SINGULARITY_SHELL_EXHAUSTED_PRIMALITY_UNASSIGNED,513,9595,9595,NO_RECORDED_FACTOR_PRP_OR_LL_RESULT_AND_NO_ACTIVE_GIMPS_ASSIGNMENT,2026-08-06T12:58:23+00:00,UNALLOCATED,,,,,
SLCMP47-2794,2794,3922,154214323,2^154214323-1,STRUCTURAL_SCREEN_EXHAUSTED_PRIMALITY_UNASSIGNED,FIRST_SINGULARITY_SHELL_EXHAUSTED_PRIMALITY_UNASSIGNED,514,9595,9595,NO_RECORDED_FACTOR_PRP_OR_LL_RESULT_AND_NO_ACTIVE_GIMPS_ASSIGNMENT,2026-08-06T12:58:23+00:00,UNALLOCATED,,,,,
SLCMP47-2795,2795,3923,154214371,2^154214371-1,STRUCTURAL_SCREEN_EXHAUSTED_PRIMALITY_UNASSIGNED,FIRST_SINGULARITY_SHELL_EXHAUSTED_PRIMALITY_UNASSIGNED,514,9595,9595,NO_RECORDED_FACTOR_PRP_OR_LL_RESULT_AND_NO_ACTIVE_GIMPS_ASSIGNMENT,2026-08-06T12:58:23+00:00,UNALLOCATED,,,,,
SLCMP47-2796,2796,3924,154214419,2^154214419-1,STRUCTURAL_SCREEN_EXHAUSTED_PRIMALITY_UNASSIGNED,FIRST_SINGULARITY_SHELL_EXHAUSTED_PRIMALITY_UNASSIGNED,514,9595,9595,NO_RECORDED_FACTOR_PRP_OR_LL_RESULT_AND_NO_ACTIVE_GIMPS_ASSIGNMENT,2026-08-06T12:58:23+00:00,UNALLOCATED,,,,,
SLCMP47-2797,2797,3925,154214513,2^154214513-1,STRUCTURAL_SCREEN_EXHAUSTED_PRIMALITY_UNASSIGNED,FIRST_SINGULARITY_SHELL_EXHAUSTED_PRIMALITY_UNASSIGNED,513,9595,9595,NO_RECORDED_FACTOR_PRP_OR_LL_RESULT_AND_NO_ACTIVE_GIMPS_ASSIGNMENT,2026-08-06T12:58:23+00:00,UNALLOCATED,,,,,
SLCMP47-2798,2798,3926,154214549,2^154214549-1,STRUCTURAL_SCREEN_EXHAUSTED_PRIMALITY_UNASSIGNED,FIRST_SINGULARITY_SHELL_EXHAUSTED_PRIMALITY_UNASSIGNED,513,9595,9595,NO_RECORDED_FACTOR_PRP_OR_LL_RESULT_AND_NO_ACTIVE_GIMPS_ASSIGNMENT,2026-08-06T12:58:23+00:00,UNALLOCATED,,,,,
SLCMP47-2799,2799,3927,154214569,2^154214569-1,STRUCTURAL_SCREEN_EXHAUSTED_PRIMALITY_UNASSIGNED,FIRST_SINGULARITY_SHELL_EXHAUSTED_PRIMALITY_UNASSIGNED,513,9595,9595,NO_RECORDED_FACTOR_PRP_OR_LL_RESULT_AND_NO_ACTIVE_GIMPS_ASSIGNMENT,2026-08-06T12:58:23+00:00,UNALLOCATED,,,,,
SLCMP47-2800,2800,3928,154214611,2^154214611-1,STRUCTURAL_SCREEN_EXHAUSTED_PRIMALITY_UNASSIGNED,FIRST_SINGULARITY_SHELL_EXHAUSTED_PRIMALITY_UNASSIGNED,514,9595,9595,NO_RECORDED_FACTOR_PRP_OR_LL_RESULT_AND_NO_ACTIVE_GIMPS_ASSIGNMENT,2026-08-06T12:58:23+00:00,UNALLOCATED,,,,,
SLCMP47-2801,2801,3929,154214777,2^154214777-1,STRUCTURAL_SCREEN_EXHAUSTED_PRIMALITY_UNASSIGNED,FIRST_SINGULARITY_SHELL_EXHAUSTED_PRIMALITY_UNASSIGNED,513,9595,9595,NO_RECORDED_FACTOR_PRP_OR_LL_RESULT_AND_NO_ACTIVE_GIMPS_ASSIGNMENT,2026-08-06T12:58:23+00:00,UNALLOCATED,,,,,
SLCMP47-2802,2802,3930,154214791,2^154214791-1,STRUCTURAL_SCREEN_EXHAUSTED_PRIMALITY_UNASSIGNED,FIRST_SINGULARITY_SHELL_EXHAUSTED_PRIMALITY_UNASSIGNED,514,9595,9595,NO_RECORDED_FACTOR_PRP_OR_LL_RESULT_AND_NO_ACTIVE_GIMPS_ASSIGNMENT,2026-08-06T12:58:23+00:00,UNALLOCATED,,,,,
SLCMP47-2803,2803,3931,154214857,2^154214857-1,STRUCTURAL_SCREEN_EXHAUSTED_PRIMALITY_UNASSIGNED,FIRST_SINGULARITY_SHELL_EXHAUSTED_PRIMALITY_UNASSIGNED,513,9595,9595,NO_RECORDED_FACTOR_PRP_OR_LL_RESULT_AND_NO_ACTIVE_GIMPS_ASSIGNMENT,2026-08-06T12:58:23+00:00,UNALLOCATED,,,,,
SLCMP47-2804,2804,3932,154214867,2^154214867-1,STRUCTURAL_SCREEN_EXHAUSTED_PRIMALITY_UNASSIGNED,FIRST_SINGULARITY_SHELL_EXHAUSTED_PRIMALITY_UNASSIGNED,514,9595,9595,NO_RECORDED_FACTOR_PRP_OR_LL_RESULT_AND_NO_ACTIVE_GIMPS_ASSIGNMENT,2026-08-06T12:58:23+00:00,UNALLOCATED,,,,,
SLCMP47-2805,2805,3933,154215043,2^154215043-1,STRUCTURAL_SCREEN_EXHAUSTED_PRIMALITY_UNASSIGNED,FIRST_SINGULARITY_SHELL_EXHAUSTED_PRIMALITY_UNASSIGNED,514,9595,9595,NO_RECORDED_FACTOR_PRP_OR_LL_RESULT_AND_NO_ACTIVE_GIMPS_ASSIGNMENT,2026-08-06T12:58:23+00:00,UNALLOCATED,,,,,
SLCMP47-2806,2806,3934,154215181,2^154215181-1,STRUCTURAL_SCREEN_EXHAUSTED_PRIMALITY_UNASSIGNED,FIRST_SINGULARITY_SHELL_EXHAUSTED_PRIMALITY_UNASSIGNED,513,9595,9595,NO_RECORDED_FACTOR_PRP_OR_LL_RESULT_AND_NO_ACTIVE_GIMPS_ASSIGNMENT,2026-08-06T12:58:23+00:00,UNALLOCATED,,,,,
SLCMP47-2807,2807,3935,154215199,2^154215199-1,STRUCTURAL_SCREEN_EXHAUSTED_PRIMALITY_UNASSIGNED,FIRST_SINGULARITY_SHELL_EXHAUSTED_PRIMALITY_UNASSIGNED,514,9595,9595,NO_RECORDED_FACTOR_PRP_OR_LL_RESULT_AND_NO_ACTIVE_GIMPS_ASSIGNMENT,2026-08-06T12:58:23+00:00,UNALLOCATED,,,,,
SLCMP47-2808,2808,3936,154215221,2^154215221-1,STRUCTURAL_SCREEN_EXHAUSTED_PRIMALITY_UNASSIGNED,FIRST_SINGULARITY_SHELL_EXHAUSTED_PRIMALITY_UNASSIGNED,513,9595,9595,NO_RECORDED_FACTOR_PRP_OR_LL_RESULT_AND_NO_ACTIVE_GIMPS_ASSIGNMENT,2026-08-06T12:58:23+00:00,UNALLOCATED,,,,,
SLCMP47-2809,2809,3937,154215431,2^154215431-1,STRUCTURAL_SCREEN_EXHAUSTED_PRIMALITY_UNASSIGNED,FIRST_SINGULARITY_SHELL_EXHAUSTED_PRIMALITY_UNASSIGNED,514,9595,9595,NO_RECORDED_FACTOR_PRP_OR_LL_RESULT_AND_NO_ACTIVE_GIMPS_ASSIGNMENT,2026-08-06T12:58:23+00:00,UNALLOCATED,,,,,
SLCMP47-2810,2810,3938,154215461,2^154215461-1,STRUCTURAL_SCREEN_EXHAUSTED_PRIMALITY_UNASSIGNED,FIRST_SINGULARITY_SHELL_EXHAUSTED_PRIMALITY_UNASSIGNED,513,9595,9595,NO_RECORDED_FACTOR_PRP_OR_LL_RESULT_AND_NO_ACTIVE_GIMPS_ASSIGNMENT,2026-08-06T12:58:23+00:00,UNALLOCATED,,,,,
SLCMP47-2811,2811,3939,154215491,2^154215491-1,STRUCTURAL_SCREEN_EXHAUSTED_PRIMALITY_UNASSIGNED,FIRST_SINGULARITY_SHELL_EXHAUSTED_PRIMALITY_UNASSIGNED,514,9595,9595,NO_RECORDED_FACTOR_PRP_OR_LL_RESULT_AND_NO_ACTIVE_GIMPS_ASSIGNMENT,2026-08-06T12:58:23+00:00,UNALLOCATED,,,,,
SLCMP47-2812,2812,3940,154215497,2^154215497-1,STRUCTURAL_SCREEN_EXHAUSTED_PRIMALITY_UNASSIGNED,FIRST_SINGULARITY_SHELL_EXHAUSTED_PRIMALITY_UNASSIGNED,513,9595,9595,NO_RECORDED_FACTOR_PRP_OR_LL_RESULT_AND_NO_ACTIVE_GIMPS_ASSIGNMENT,2026-08-06T12:58:23+00:00,UNALLOCATED,,,,,
SLCMP47-2813,2813,3941,154215583,2^154215583-1,STRUCTURAL_SCREEN_EXHAUSTED_PRIMALITY_UNASSIGNED,FIRST_SINGULARITY_SHELL_EXHAUSTED_PRIMALITY_UNASSIGNED,514,9595,9595,NO_RECORDED_FACTOR_PRP_OR_LL_RESULT_AND_NO_ACTIVE_GIMPS_ASSIGNMENT,2026-08-06T12:58:23+00:00,UNALLOCATED,,,,,
SLCMP47-2814,2814,3942,154215623,2^154215623-1,STRUCTURAL_SCREEN_EXHAUSTED_PRIMALITY_UNASSIGNED,FIRST_SINGULARITY_SHELL_EXHAUSTED_PRIMALITY_UNASSIGNED,514,9595,9595,NO_RECORDED_FACTOR_PRP_OR_LL_RESULT_AND_NO_ACTIVE_GIMPS_ASSIGNMENT,2026-08-06T12:58:23+00:00,UNALLOCATED,,,,,
SLCMP47-2815,2815,3943,154215641,2^154215641-1,STRUCTURAL_SCREEN_EXHAUSTED_PRIMALITY_UNASSIGNED,FIRST_SINGULARITY_SHELL_EXHAUSTED_PRIMALITY_UNASSIGNED,513,9595,9595,NO_RECORDED_FACTOR_PRP_OR_LL_RESULT_AND_NO_ACTIVE_GIMPS_ASSIGNMENT,2026-08-06T12:58:23+00:00,UNALLOCATED,,,,,
SLCMP47-2816,2816,3944,154215643,2^154215643-1,STRUCTURAL_SCREEN_EXHAUSTED_PRIMALITY_UNASSIGNED,FIRST_SINGULARITY_SHELL_EXHAUSTED_PRIMALITY_UNASSIGNED,514,9595,9595,NO_RECORDED_FACTOR_PRP_OR_LL_RESULT_AND_NO_ACTIVE_GIMPS_ASSIGNMENT,2026-08-06T12:58:23+00:00,UNALLOCATED,,,,,
SLCMP47-2817,2817,3945,154215701,2^154215701-1,STRUCTURAL_SCREEN_EXHAUSTED_PRIMALITY_UNASSIGNED,FIRST_SINGULARITY_SHELL_EXHAUSTED_PRIMALITY_UNASSIGNED,513,9595,9595,NO_RECORDED_FACTOR_PRP_OR_LL_RESULT_AND_NO_ACTIVE_GIMPS_ASSIGNMENT,2026-08-06T12:58:23+00:00,UNALLOCATED,,,,,
SLCMP47-2818,2818,3946,154215757,2^154215757-1,STRUCTURAL_SCREEN_EXHAUSTED_PRIMALITY_UNASSIGNED,FIRST_SINGULARITY_SHELL_EXHAUSTED_PRIMALITY_UNASSIGNED,513,9595,9595,NO_RECORDED_FACTOR_PRP_OR_LL_RESULT_AND_NO_ACTIVE_GIMPS_ASSIGNMENT,2026-08-06T12:58:23+00:00,UNALLOCATED,,,,,
SLCMP47-2819,2819,3947,154215811,2^154215811-1,STRUCTURAL_SCREEN_EXHAUSTED_PRIMALITY_UNASSIGNED,FIRST_SINGULARITY_SHELL_EXHAUSTED_PRIMALITY_UNASSIGNED,514,9595,9595,NO_RECORDED_FACTOR_PRP_OR_LL_RESULT_AND_NO_ACTIVE_GIMPS_ASSIGNMENT,2026-08-06T12:58:23+00:00,UNALLOCATED,,,,,
SLCMP47-2820,2820,3948,154215899,2^154215899-1,STRUCTURAL_SCREEN_EXHAUSTED_PRIMALITY_UNASSIGNED,FIRST_SINGULARITY_SHELL_EXHAUSTED_PRIMALITY_UNASSIGNED,514,9595,9595,NO_RECORDED_FACTOR_PRP_OR_LL_RESULT_AND_NO_ACTIVE_GIMPS_ASSIGNMENT,2026-08-06T12:58:23+00:00,UNALLOCATED,,,,,
SLCMP47-2821,2821,3949,154216177,2^154216177-1,STRUCTURAL_SCREEN_EXHAUSTED_PRIMALITY_UNASSIGNED,FIRST_SINGULARITY_SHELL_EXHAUSTED_PRIMALITY_UNASSIGNED,513,9595,9595,NO_RECORDED_FACTOR_PRP_OR_LL_RESULT_AND_NO_ACTIVE_GIMPS_ASSIGNMENT,2026-08-06T12:58:23+00:00,UNALLOCATED,,,,,
SLCMP47-2822,2822,3950,154216277,2^154216277-1,STRUCTURAL_SCREEN_EXHAUSTED_PRIMALITY_UNASSIGNED,FIRST_SINGULARITY_SHELL_EXHAUSTED_PRIMALITY_UNASSIGNED,513,9595,9595,NO_RECORDED_FACTOR_PRP_OR_LL_RESULT_AND_NO_ACTIVE_GIMPS_ASSIGNMENT,2026-08-06T12:58:23+00:00,UNALLOCATED,,,,,
SLCMP47-2823,2823,3951,154216291,2^154216291-1,STRUCTURAL_SCREEN_EXHAUSTED_PRIMALITY_UNASSIGNED,FIRST_SINGULARITY_SHELL_EXHAUSTED_PRIMALITY_UNASSIGNED,514,9595,9595,NO_RECORDED_FACTOR_PRP_OR_LL_RESULT_AND_NO_ACTIVE_GIMPS_ASSIGNMENT,2026-08-06T12:58:23+00:00,UNALLOCATED,,,,,
SLCMP47-2824,2824,3952,154216523,2^154216523-1,STRUCTURAL_SCREEN_EXHAUSTED_PRIMALITY_UNASSIGNED,FIRST_SINGULARITY_SHELL_EXHAUSTED_PRIMALITY_UNASSIGNED,514,9595,9595,NO_RECORDED_FACTOR_PRP_OR_LL_RESULT_AND_NO_ACTIVE_GIMPS_ASSIGNMENT,2026-08-06T12:58:23+00:00,UNALLOCATED,,,,,
SLCMP47-2825,2825,3953,154216549,2^154216549-1,STRUCTURAL_SCREEN_EXHAUSTED_PRIMALITY_UNASSIGNED,FIRST_SINGULARITY_SHELL_EXHAUSTED_PRIMALITY_UNASSIGNED,513,9595,9595,NO_RECORDED_FACTOR_PRP_OR_LL_RESULT_AND_NO_ACTIVE_GIMPS_ASSIGNMENT,2026-08-06T12:58:23+00:00,UNALLOCATED,,,,,
SLCMP47-2826,2826,3954,154216589,2^154216589-1,STRUCTURAL_SCREEN_EXHAUSTED_PRIMALITY_UNASSIGNED,FIRST_SINGULARITY_SHELL_EXHAUSTED_PRIMALITY_UNASSIGNED,513,9595,9595,NO_RECORDED_FACTOR_PRP_OR_LL_RESULT_AND_NO_ACTIVE_GIMPS_ASSIGNMENT,2026-08-06T12:58:23+00:00,UNALLOCATED,,,,,
SLCMP47-2827,2827,3955,154216607,2^154216607-1,STRUCTURAL_SCREEN_EXHAUSTED_PRIMALITY_UNASSIGNED,FIRST_SINGULARITY_SHELL_EXHAUSTED_PRIMALITY_UNASSIGNED,514,9595,9595,NO_RECORDED_FACTOR_PRP_OR_LL_RESULT_AND_NO_ACTIVE_GIMPS_ASSIGNMENT,2026-08-06T12:58:23+00:00,UNALLOCATED,,,,,
SLCMP47-2828,2828,3956,154216627,2^154216627-1,STRUCTURAL_SCREEN_EXHAUSTED_PRIMALITY_UNASSIGNED,FIRST_SINGULARITY_SHELL_EXHAUSTED_PRIMALITY_UNASSIGNED,514,9595,9595,NO_RECORDED_FACTOR_PRP_OR_LL_RESULT_AND_NO_ACTIVE_GIMPS_ASSIGNMENT,2026-08-06T12:58:23+00:00,UNALLOCATED,,,,,
SLCMP47-2829,2829,3957,154216831,2^154216831-1,STRUCTURAL_SCREEN_EXHAUSTED_PRIMALITY_UNASSIGNED,FIRST_SINGULARITY_SHELL_EXHAUSTED_PRIMALITY_UNASSIGNED,514,9595,9595,NO_RECORDED_FACTOR_PRP_OR_LL_RESULT_AND_NO_ACTIVE_GIMPS_ASSIGNMENT,2026-08-06T12:58:23+00:00,UNALLOCATED,,,,,
SLCMP47-2830,2830,3958,154216849,2^154216849-1,STRUCTURAL_SCREEN_EXHAUSTED_PRIMALITY_UNASSIGNED,FIRST_SINGULARITY_SHELL_EXHAUSTED_PRIMALITY_UNASSIGNED,513,9595,9595,NO_RECORDED_FACTOR_PRP_OR_LL_RESULT_AND_NO_ACTIVE_GIMPS_ASSIGNMENT,2026-08-06T12:58:23+00:00,UNALLOCATED,,,,,
SLCMP47-2831,2831,3959,154216961,2^154216961-1,STRUCTURAL_SCREEN_EXHAUSTED_PRIMALITY_UNASSIGNED,FIRST_SINGULARITY_SHELL_EXHAUSTED_PRIMALITY_UNASSIGNED,513,9595,9595,NO_RECORDED_FACTOR_PRP_OR_LL_RESULT_AND_NO_ACTIVE_GIMPS_ASSIGNMENT,2026-08-06T12:58:23+00:00,UNALLOCATED,,,,,
SLCMP47-2832,2832,3960,154216987,2^154216987-1,STRUCTURAL_SCREEN_EXHAUSTED_PRIMALITY_UNASSIGNED,FIRST_SINGULARITY_SHELL_EXHAUSTED_PRIMALITY_UNASSIGNED,514,9595,9595,NO_RECORDED_FACTOR_PRP_OR_LL_RESULT_AND_NO_ACTIVE_GIMPS_ASSIGNMENT,2026-08-06T12:58:23+00:00,UNALLOCATED,,,,,
SLCMP47-2833,2833,3961,154217087,2^154217087-1,STRUCTURAL_SCREEN_EXHAUSTED_PRIMALITY_UNASSIGNED,FIRST_SINGULARITY_SHELL_EXHAUSTED_PRIMALITY_UNASSIGNED,514,9595,9595,NO_RECORDED_FACTOR_PRP_OR_LL_RESULT_AND_NO_ACTIVE_GIMPS_ASSIGNMENT,2026-08-06T12:58:23+00:00,UNALLOCATED,,,,,
SLCMP47-2834,2834,3962,154217137,2^154217137-1,STRUCTURAL_SCREEN_EXHAUSTED_PRIMALITY_UNASSIGNED,FIRST_SINGULARITY_SHELL_EXHAUSTED_PRIMALITY_UNASSIGNED,513,9595,9595,NO_RECORDED_FACTOR_PRP_OR_LL_RESULT_AND_NO_ACTIVE_GIMPS_ASSIGNMENT,2026-08-06T12:58:23+00:00,UNALLOCATED,,,,,
SLCMP47-2835,2835,3963,154217197,2^154217197-1,STRUCTURAL_SCREEN_EXHAUSTED_PRIMALITY_UNASSIGNED,FIRST_SINGULARITY_SHELL_EXHAUSTED_PRIMALITY_UNASSIGNED,513,9595,9595,NO_RECORDED_FACTOR_PRP_OR_LL_RESULT_AND_NO_ACTIVE_GIMPS_ASSIGNMENT,2026-08-06T12:58:23+00:00,UNALLOCATED,,,,,
SLCMP47-2836,2836,3964,154217263,2^154217263-1,STRUCTURAL_SCREEN_EXHAUSTED_PRIMALITY_UNASSIGNED,FIRST_SINGULARITY_SHELL_EXHAUSTED_PRIMALITY_UNASSIGNED,514,9595,9595,NO_RECORDED_FACTOR_PRP_OR_LL_RESULT_AND_NO_ACTIVE_GIMPS_ASSIGNMENT,2026-08-06T12:58:23+00:00,UNALLOCATED,,,,,
SLCMP47-2837,2837,3965,154217267,2^154217267-1,STRUCTURAL_SCREEN_EXHAUSTED_PRIMALITY_UNASSIGNED,FIRST_SINGULARITY_SHELL_EXHAUSTED_PRIMALITY_UNASSIGNED,514,9595,9595,NO_RECORDED_FACTOR_PRP_OR_LL_RESULT_AND_NO_ACTIVE_GIMPS_ASSIGNMENT,2026-08-06T12:58:23+00:00,UNALLOCATED,,,,,
SLCMP47-2838,2838,3966,154217381,2^154217381-1,STRUCTURAL_SCREEN_EXHAUSTED_PRIMALITY_UNASSIGNED,FIRST_SINGULARITY_SHELL_EXHAUSTED_PRIMALITY_UNASSIGNED,513,9595,9595,NO_RECORDED_FACTOR_PRP_OR_LL_RESULT_AND_NO_ACTIVE_GIMPS_ASSIGNMENT,2026-08-06T12:58:23+00:00,UNALLOCATED,,,,,
SLCMP47-2839,2839,3967,154217477,2^154217477-1,STRUCTURAL_SCREEN_EXHAUSTED_PRIMALITY_UNASSIGNED,FIRST_SINGULARITY_SHELL_EXHAUSTED_PRIMALITY_UNASSIGNED,513,9595,9595,NO_RECORDED_FACTOR_PRP_OR_LL_RESULT_AND_NO_ACTIVE_GIMPS_ASSIGNMENT,2026-08-06T12:58:23+00:00,UNALLOCATED,,,,,
SLCMP47-2840,2840,3968,154217521,2^154217521-1,STRUCTURAL_SCREEN_EXHAUSTED_PRIMALITY_UNASSIGNED,FIRST_SINGULARITY_SHELL_EXHAUSTED_PRIMALITY_UNASSIGNED,513,9595,9595,NO_RECORDED_FACTOR_PRP_OR_LL_RESULT_AND_NO_ACTIVE_GIMPS_ASSIGNMENT,2026-08-06T12:58:23+00:00,UNALLOCATED,,,,,
SLCMP47-2841,2841,3969,154217527,2^154217527-1,STRUCTURAL_SCREEN_EXHAUSTED_PRIMALITY_UNASSIGNED,FIRST_SINGULARITY_SHELL_EXHAUSTED_PRIMALITY_UNASSIGNED,514,9595,9595,NO_RECORDED_FACTOR_PRP_OR_LL_RESULT_AND_NO_ACTIVE_GIMPS_ASSIGNMENT,2026-08-06T12:58:23+00:00,UNALLOCATED,,,,,
SLCMP47-2842,2842,3970,154217551,2^154217551-1,STRUCTURAL_SCREEN_EXHAUSTED_PRIMALITY_UNASSIGNED,FIRST_SINGULARITY_SHELL_EXHAUSTED_PRIMALITY_UNASSIGNED,514,9595,9595,NO_RECORDED_FACTOR_PRP_OR_LL_RESULT_AND_NO_ACTIVE_GIMPS_ASSIGNMENT,2026-08-06T12:58:23+00:00,UNALLOCATED,,,,,
SLCMP47-2843,2843,3971,154217641,2^154217641-1,STRUCTURAL_SCREEN_EXHAUSTED_PRIMALITY_UNASSIGNED,FIRST_SINGULARITY_SHELL_EXHAUSTED_PRIMALITY_UNASSIGNED,513,9595,9595,NO_RECORDED_FACTOR_PRP_OR_LL_RESULT_AND_NO_ACTIVE_GIMPS_ASSIGNMENT,2026-08-06T12:58:23+00:00,UNALLOCATED,,,,,
SLCMP47-2844,2844,3972,154217689,2^154217689-1,STRUCTURAL_SCREEN_EXHAUSTED_PRIMALITY_UNASSIGNED,FIRST_SINGULARITY_SHELL_EXHAUSTED_PRIMALITY_UNASSIGNED,513,9595,9595,NO_RECORDED_FACTOR_PRP_OR_LL_RESULT_AND_NO_ACTIVE_GIMPS_ASSIGNMENT,2026-08-06T12:58:23+00:00,UNALLOCATED,,,,,
SLCMP47-2845,2845,3973,154217729,2^154217729-1,STRUCTURAL_SCREEN_EXHAUSTED_PRIMALITY_UNASSIGNED,FIRST_SINGULARITY_SHELL_EXHAUSTED_PRIMALITY_UNASSIGNED,513,9595,9595,NO_RECORDED_FACTOR_PRP_OR_LL_RESULT_AND_NO_ACTIVE_GIMPS_ASSIGNMENT,2026-08-06T12:58:23+00:00,UNALLOCATED,,,,,
SLCMP47-2846,2846,3974,154217741,2^154217741-1,STRUCTURAL_SCREEN_EXHAUSTED_PRIMALITY_UNASSIGNED,FIRST_SINGULARITY_SHELL_EXHAUSTED_PRIMALITY_UNASSIGNED,513,9595,9595,NO_RECORDED_FACTOR_PRP_OR_LL_RESULT_AND_NO_ACTIVE_GIMPS_ASSIGNMENT,2026-08-06T12:58:23+00:00,UNALLOCATED,,,,,
SLCMP47-2847,2847,3975,154217771,2^154217771-1,STRUCTURAL_SCREEN_EXHAUSTED_PRIMALITY_UNASSIGNED,FIRST_SINGULARITY_SHELL_EXHAUSTED_PRIMALITY_UNASSIGNED,514,9595,9595,NO_RECORDED_FACTOR_PRP_OR_LL_RESULT_AND_NO_ACTIVE_GIMPS_ASSIGNMENT,2026-08-06T12:58:23+00:00,UNALLOCATED,,,,,
SLCMP47-2848,2848,3976,154217827,2^154217827-1,STRUCTURAL_SCREEN_EXHAUSTED_PRIMALITY_UNASSIGNED,FIRST_SINGULARITY_SHELL_EXHAUSTED_PRIMALITY_UNASSIGNED,514,9595,9595,NO_RECORDED_FACTOR_PRP_OR_LL_RESULT_AND_NO_ACTIVE_GIMPS_ASSIGNMENT,2026-08-06T12:58:23+00:00,UNALLOCATED,,,,,
SLCMP47-2849,2849,3977,154217879,2^154217879-1,STRUCTURAL_SCREEN_EXHAUSTED_PRIMALITY_UNASSIGNED,FIRST_SINGULARITY_SHELL_EXHAUSTED_PRIMALITY_UNASSIGNED,514,9595,9595,NO_RECORDED_FACTOR_PRP_OR_LL_RESULT_AND_NO_ACTIVE_GIMPS_ASSIGNMENT,2026-08-06T12:58:23+00:00,UNALLOCATED,,,,,
SLCMP47-2850,2850,3978,154217929,2^154217929-1,STRUCTURAL_SCREEN_EXHAUSTED_PRIMALITY_UNASSIGNED,FIRST_SINGULARITY_SHELL_EXHAUSTED_PRIMALITY_UNASSIGNED,513,9595,9595,NO_RECORDED_FACTOR_PRP_OR_LL_RESULT_AND_NO_ACTIVE_GIMPS_ASSIGNMENT,2026-08-06T12:58:23+00:00,UNALLOCATED,,,,,
SLCMP47-2851,2851,3979,154217939,2^154217939-1,STRUCTURAL_SCREEN_EXHAUSTED_PRIMALITY_UNASSIGNED,FIRST_SINGULARITY_SHELL_EXHAUSTED_PRIMALITY_UNASSIGNED,514,9595,9595,NO_RECORDED_FACTOR_PRP_OR_LL_RESULT_AND_NO_ACTIVE_GIMPS_ASSIGNMENT,2026-08-06T12:58:23+00:00,UNALLOCATED,,,,,
SLCMP47-2852,2852,3980,154217957,2^154217957-1,STRUCTURAL_SCREEN_EXHAUSTED_PRIMALITY_UNASSIGNED,FIRST_SINGULARITY_SHELL_EXHAUSTED_PRIMALITY_UNASSIGNED,513,9595,9595,NO_RECORDED_FACTOR_PRP_OR_LL_RESULT_AND_NO_ACTIVE_GIMPS_ASSIGNMENT,2026-08-06T12:58:23+00:00,UNALLOCATED,,,,,
SLCMP47-2853,2853,3981,154217977,2^154217977-1,STRUCTURAL_SCREEN_EXHAUSTED_PRIMALITY_UNASSIGNED,FIRST_SINGULARITY_SHELL_EXHAUSTED_PRIMALITY_UNASSIGNED,513,9595,9595,NO_RECORDED_FACTOR_PRP_OR_LL_RESULT_AND_NO_ACTIVE_GIMPS_ASSIGNMENT,2026-08-06T12:58:23+00:00,UNALLOCATED,,,,,
SLCMP47-2854,2854,3982,154218017,2^154218017-1,STRUCTURAL_SCREEN_EXHAUSTED_PRIMALITY_UNASSIGNED,FIRST_SINGULARITY_SHELL_EXHAUSTED_PRIMALITY_UNASSIGNED,513,9595,9595,NO_RECORDED_FACTOR_PRP_OR_LL_RESULT_AND_NO_ACTIVE_GIMPS_ASSIGNMENT,2026-08-06T12:58:23+00:00,UNALLOCATED,,,,,
SLCMP47-2855,2855,3983,154218037,2^154218037-1,STRUCTURAL_SCREEN_EXHAUSTED_PRIMALITY_UNASSIGNED,FIRST_SINGULARITY_SHELL_EXHAUSTED_PRIMALITY_UNASSIGNED,513,9595,9595,NO_RECORDED_FACTOR_PRP_OR_LL_RESULT_AND_NO_ACTIVE_GIMPS_ASSIGNMENT,2026-08-06T12:58:23+00:00,UNALLOCATED,,,,,
SLCMP47-2856,2856,3984,154218083,2^154218083-1,STRUCTURAL_SCREEN_EXHAUSTED_PRIMALITY_UNASSIGNED,FIRST_SINGULARITY_SHELL_EXHAUSTED_PRIMALITY_UNASSIGNED,514,9595,9595,NO_RECORDED_FACTOR_PRP_OR_LL_RESULT_AND_NO_ACTIVE_GIMPS_ASSIGNMENT,2026-08-06T12:58:23+00:00,UNALLOCATED,,,,,
SLCMP47-2857,2857,3985,154218209,2^154218209-1,STRUCTURAL_SCREEN_EXHAUSTED_PRIMALITY_UNASSIGNED,FIRST_SINGULARITY_SHELL_EXHAUSTED_PRIMALITY_UNASSIGNED,513,9595,9595,NO_RECORDED_FACTOR_PRP_OR_LL_RESULT_AND_NO_ACTIVE_GIMPS_ASSIGNMENT,2026-08-06T12:58:23+00:00,UNALLOCATED,,,,,
SLCMP47-2858,2858,3986,154218359,2^154218359-1,STRUCTURAL_SCREEN_EXHAUSTED_PRIMALITY_UNASSIGNED,FIRST_SINGULARITY_SHELL_EXHAUSTED_PRIMALITY_UNASSIGNED,514,9595,9595,NO_RECORDED_FACTOR_PRP_OR_LL_RESULT_AND_NO_ACTIVE_GIMPS_ASSIGNMENT,2026-08-06T12:58:23+00:00,UNALLOCATED,,,,,
SLCMP47-2859,2859,3987,154218367,2^154218367-1,STRUCTURAL_SCREEN_EXHAUSTED_PRIMALITY_UNASSIGNED,FIRST_SINGULARITY_SHELL_EXHAUSTED_PRIMALITY_UNASSIGNED,514,9595,9595,NO_RECORDED_FACTOR_PRP_OR_LL_RESULT_AND_NO_ACTIVE_GIMPS_ASSIGNMENT,2026-08-06T12:58:23+00:00,UNALLOCATED,,,,,
SLCMP47-2860,2860,3988,154218419,2^154218419-1,STRUCTURAL_SCREEN_EXHAUSTED_PRIMALITY_UNASSIGNED,FIRST_SINGULARITY_SHELL_EXHAUSTED_PRIMALITY_UNASSIGNED,514,9595,9595,NO_RECORDED_FACTOR_PRP_OR_LL_RESULT_AND_NO_ACTIVE_GIMPS_ASSIGNMENT,2026-08-06T12:58:23+00:00,UNALLOCATED,,,,,
SLCMP47-2861,2861,3989,154218437,2^154218437-1,STRUCTURAL_SCREEN_EXHAUSTED_PRIMALITY_UNASSIGNED,FIRST_SINGULARITY_SHELL_EXHAUSTED_PRIMALITY_UNASSIGNED,513,9595,9595,NO_RECORDED_FACTOR_PRP_OR_LL_RESULT_AND_NO_ACTIVE_GIMPS_ASSIGNMENT,2026-08-06T12:58:23+00:00,UNALLOCATED,,,,,
SLCMP47-2862,2862,3990,154218487,2^154218487-1,STRUCTURAL_SCREEN_EXHAUSTED_PRIMALITY_UNASSIGNED,FIRST_SINGULARITY_SHELL_EXHAUSTED_PRIMALITY_UNASSIGNED,514,9595,9595,NO_RECORDED_FACTOR_PRP_OR_LL_RESULT_AND_NO_ACTIVE_GIMPS_ASSIGNMENT,2026-08-06T12:58:23+00:00,UNALLOCATED,,,,,
SLCMP47-2863,2863,3991,154218593,2^154218593-1,STRUCTURAL_SCREEN_EXHAUSTED_PRIMALITY_UNASSIGNED,FIRST_SINGULARITY_SHELL_EXHAUSTED_PRIMALITY_UNASSIGNED,513,9595,9595,NO_RECORDED_FACTOR_PRP_OR_LL_RESULT_AND_NO_ACTIVE_GIMPS_ASSIGNMENT,2026-08-06T12:58:23+00:00,UNALLOCATED,,,,,
SLCMP47-2864,2864,3992,154218689,2^154218689-1,STRUCTURAL_SCREEN_EXHAUSTED_PRIMALITY_UNASSIGNED,FIRST_SINGULARITY_SHELL_EXHAUSTED_PRIMALITY_UNASSIGNED,513,9595,9595,NO_RECORDED_FACTOR_PRP_OR_LL_RESULT_AND_NO_ACTIVE_GIMPS_ASSIGNMENT,2026-08-06T12:58:23+00:00,UNALLOCATED,,,,,
SLCMP47-2865,2865,3993,154218751,2^154218751-1,STRUCTURAL_SCREEN_EXHAUSTED_PRIMALITY_UNASSIGNED,FIRST_SINGULARITY_SHELL_EXHAUSTED_PRIMALITY_UNASSIGNED,514,9595,9595,NO_RECORDED_FACTOR_PRP_OR_LL_RESULT_AND_NO_ACTIVE_GIMPS_ASSIGNMENT,2026-08-06T12:58:23+00:00,UNALLOCATED,,,,,
SLCMP47-2866,2866,3994,154218853,2^154218853-1,STRUCTURAL_SCREEN_EXHAUSTED_PRIMALITY_UNASSIGNED,FIRST_SINGULARITY_SHELL_EXHAUSTED_PRIMALITY_UNASSIGNED,513,9595,9595,NO_RECORDED_FACTOR_PRP_OR_LL_RESULT_AND_NO_ACTIVE_GIMPS_ASSIGNMENT,2026-08-06T12:58:23+00:00,UNALLOCATED,,,,,
SLCMP47-2867,2867,3995,154218859,2^154218859-1,STRUCTURAL_SCREEN_EXHAUSTED_PRIMALITY_UNASSIGNED,FIRST_SINGULARITY_SHELL_EXHAUSTED_PRIMALITY_UNASSIGNED,514,9595,9595,NO_RECORDED_FACTOR_PRP_OR_LL_RESULT_AND_NO_ACTIVE_GIMPS_ASSIGNMENT,2026-08-06T12:58:23+00:00,UNALLOCATED,,,,,
SLCMP47-2868,2868,3996,154218863,2^154218863-1,STRUCTURAL_SCREEN_EXHAUSTED_PRIMALITY_UNASSIGNED,FIRST_SINGULARITY_SHELL_EXHAUSTED_PRIMALITY_UNASSIGNED,514,9595,9595,NO_RECORDED_FACTOR_PRP_OR_LL_RESULT_AND_NO_ACTIVE_GIMPS_ASSIGNMENT,2026-08-06T12:58:23+00:00,UNALLOCATED,,,,,
SLCMP47-2869,2869,3997,154218871,2^154218871-1,STRUCTURAL_SCREEN_EXHAUSTED_PRIMALITY_UNASSIGNED,FIRST_SINGULARITY_SHELL_EXHAUSTED_PRIMALITY_UNASSIGNED,514,9595,9595,NO_RECORDED_FACTOR_PRP_OR_LL_RESULT_AND_NO_ACTIVE_GIMPS_ASSIGNMENT,2026-08-06T12:58:23+00:00,UNALLOCATED,,,,,
SLCMP47-2870,2870,3998,154218901,2^154218901-1,STRUCTURAL_SCREEN_EXHAUSTED_PRIMALITY_UNASSIGNED,FIRST_SINGULARITY_SHELL_EXHAUSTED_PRIMALITY_UNASSIGNED,513,9595,9595,NO_RECORDED_FACTOR_PRP_OR_LL_RESULT_AND_NO_ACTIVE_GIMPS_ASSIGNMENT,2026-08-06T12:58:23+00:00,UNALLOCATED,,,,,
SLCMP47-2871,2871,3999,154219001,2^154219001-1,STRUCTURAL_SCREEN_EXHAUSTED_PRIMALITY_UNASSIGNED,FIRST_SINGULARITY_SHELL_EXHAUSTED_PRIMALITY_UNASSIGNED,513,9595,9595,NO_RECORDED_FACTOR_PRP_OR_LL_RESULT_AND_NO_ACTIVE_GIMPS_ASSIGNMENT,2026-08-06T12:58:23+00:00,UNALLOCATED,,,,,
SLCMP47-2872,2872,4000,154219073,2^154219073-1,STRUCTURAL_SCREEN_EXHAUSTED_PRIMALITY_UNASSIGNED,FIRST_SINGULARITY_SHELL_EXHAUSTED_PRIMALITY_UNASSIGNED,513,9595,9595,NO_RECORDED_FACTOR_PRP_OR_LL_RESULT_AND_NO_ACTIVE_GIMPS_ASSIGNMENT,2026-08-06T12:58:23+00:00,UNALLOCATED,,,,,
SLCMP47-2873,2873,4001,154219099,2^154219099-1,STRUCTURAL_SCREEN_EXHAUSTED_PRIMALITY_UNASSIGNED,FIRST_SINGULARITY_SHELL_EXHAUSTED_PRIMALITY_UNASSIGNED,514,9595,9595,NO_RECORDED_FACTOR_PRP_OR_LL_RESULT_AND_NO_ACTIVE_GIMPS_ASSIGNMENT,2026-08-06T12:58:23+00:00,UNALLOCATED,,,,,
SLCMP47-2874,2874,4002,154219183,2^154219183-1,STRUCTURAL_SCREEN_EXHAUSTED_PRIMALITY_UNASSIGNED,FIRST_SINGULARITY_SHELL_EXHAUSTED_PRIMALITY_UNASSIGNED,514,9595,9595,NO_RECORDED_FACTOR_PRP_OR_LL_RESULT_AND_NO_ACTIVE_GIMPS_ASSIGNMENT,2026-08-06T12:58:23+00:00,UNALLOCATED,,,,,
SLCMP47-2875,2875,4003,154219213,2^154219213-1,STRUCTURAL_SCREEN_EXHAUSTED_PRIMALITY_UNASSIGNED,FIRST_SINGULARITY_SHELL_EXHAUSTED_PRIMALITY_UNASSIGNED,513,9595,9595,NO_RECORDED_FACTOR_PRP_OR_LL_RESULT_AND_NO_ACTIVE_GIMPS_ASSIGNMENT,2026-08-06T12:58:23+00:00,UNALLOCATED,,,,,
SLCMP47-2876,2876,4004,154219369,2^154219369-1,STRUCTURAL_SCREEN_EXHAUSTED_PRIMALITY_UNASSIGNED,FIRST_SINGULARITY_SHELL_EXHAUSTED_PRIMALITY_UNASSIGNED,513,9595,9595,NO_RECORDED_FACTOR_PRP_OR_LL_RESULT_AND_NO_ACTIVE_GIMPS_ASSIGNMENT,2026-08-06T12:58:23+00:00,UNALLOCATED,,,,,
SLCMP47-2877,2877,4005,154219397,2^154219397-1,STRUCTURAL_SCREEN_EXHAUSTED_PRIMALITY_UNASSIGNED,FIRST_SINGULARITY_SHELL_EXHAUSTED_PRIMALITY_UNASSIGNED,513,9595,9595,NO_RECORDED_FACTOR_PRP_OR_LL_RESULT_AND_NO_ACTIVE_GIMPS_ASSIGNMENT,2026-08-06T12:58:23+00:00,UNALLOCATED,,,,,
SLCMP47-2878,2878,4006,154219411,2^154219411-1,STRUCTURAL_SCREEN_EXHAUSTED_PRIMALITY_UNASSIGNED,FIRST_SINGULARITY_SHELL_EXHAUSTED_PRIMALITY_UNASSIGNED,514,9595,9595,NO_RECORDED_FACTOR_PRP_OR_LL_RESULT_AND_NO_ACTIVE_GIMPS_ASSIGNMENT,2026-08-06T12:58:23+00:00,UNALLOCATED,,,,,
SLCMP47-2879,2879,4007,154219511,2^154219511-1,STRUCTURAL_SCREEN_EXHAUSTED_PRIMALITY_UNASSIGNED,FIRST_SINGULARITY_SHELL_EXHAUSTED_PRIMALITY_UNASSIGNED,514,9595,9595,NO_RECORDED_FACTOR_PRP_OR_LL_RESULT_AND_NO_ACTIVE_GIMPS_ASSIGNMENT,2026-08-06T12:58:23+00:00,UNALLOCATED,,,,,
SLCMP47-2880,2880,4008,154219537,2^154219537-1,STRUCTURAL_SCREEN_EXHAUSTED_PRIMALITY_UNASSIGNED,FIRST_SINGULARITY_SHELL_EXHAUSTED_PRIMALITY_UNASSIGNED,513,9595,9595,NO_RECORDED_FACTOR_PRP_OR_LL_RESULT_AND_NO_ACTIVE_GIMPS_ASSIGNMENT,2026-08-06T12:58:23+00:00,UNALLOCATED,,,,,
SLCMP47-2881,2881,4009,154219547,2^154219547-1,STRUCTURAL_SCREEN_EXHAUSTED_PRIMALITY_UNASSIGNED,FIRST_SINGULARITY_SHELL_EXHAUSTED_PRIMALITY_UNASSIGNED,514,9595,9595,NO_RECORDED_FACTOR_PRP_OR_LL_RESULT_AND_NO_ACTIVE_GIMPS_ASSIGNMENT,2026-08-06T12:58:23+00:00,UNALLOCATED,,,,,
SLCMP47-2882,2882,4010,154219601,2^154219601-1,STRUCTURAL_SCREEN_EXHAUSTED_PRIMALITY_UNASSIGNED,FIRST_SINGULARITY_SHELL_EXHAUSTED_PRIMALITY_UNASSIGNED,513,9595,9595,NO_RECORDED_FACTOR_PRP_OR_LL_RESULT_AND_NO_ACTIVE_GIMPS_ASSIGNMENT,2026-08-06T12:58:23+00:00,UNALLOCATED,,,,,
SLCMP47-2883,2883,4011,154219673,2^154219673-1,STRUCTURAL_SCREEN_EXHAUSTED_PRIMALITY_UNASSIGNED,FIRST_SINGULARITY_SHELL_EXHAUSTED_PRIMALITY_UNASSIGNED,513,9595,9595,NO_RECORDED_FACTOR_PRP_OR_LL_RESULT_AND_NO_ACTIVE_GIMPS_ASSIGNMENT,2026-08-06T12:58:23+00:00,UNALLOCATED,,,,,
SLCMP47-2884,2884,4012,154219691,2^154219691-1,STRUCTURAL_SCREEN_EXHAUSTED_PRIMALITY_UNASSIGNED,FIRST_SINGULARITY_SHELL_EXHAUSTED_PRIMALITY_UNASSIGNED,514,9595,9595,NO_RECORDED_FACTOR_PRP_OR_LL_RESULT_AND_NO_ACTIVE_GIMPS_ASSIGNMENT,2026-08-06T12:58:23+00:00,UNALLOCATED,,,,,
SLCMP47-2885,2885,4014,154220047,2^154220047-1,STRUCTURAL_SCREEN_EXHAUSTED_PRIMALITY_UNASSIGNED,FIRST_SINGULARITY_SHELL_EXHAUSTED_PRIMALITY_UNASSIGNED,514,9595,9595,NO_RECORDED_FACTOR_PRP_OR_LL_RESULT_AND_NO_ACTIVE_GIMPS_ASSIGNMENT,2026-08-06T12:58:23+00:00,UNALLOCATED,,,,,
SLCMP47-2886,2886,4015,154220153,2^154220153-1,STRUCTURAL_SCREEN_EXHAUSTED_PRIMALITY_UNASSIGNED,FIRST_SINGULARITY_SHELL_EXHAUSTED_PRIMALITY_UNASSIGNED,513,9595,9595,NO_RECORDED_FACTOR_PRP_OR_LL_RESULT_AND_NO_ACTIVE_GIMPS_ASSIGNMENT,2026-08-06T12:58:23+00:00,UNALLOCATED,,,,,
SLCMP47-2887,2887,4016,154220239,2^154220239-1,STRUCTURAL_SCREEN_EXHAUSTED_PRIMALITY_UNASSIGNED,FIRST_SINGULARITY_SHELL_EXHAUSTED_PRIMALITY_UNASSIGNED,514,9595,9595,NO_RECORDED_FACTOR_PRP_OR_LL_RESULT_AND_NO_ACTIVE_GIMPS_ASSIGNMENT,2026-08-06T12:58:23+00:00,UNALLOCATED,,,,,
SLCMP47-2888,2888,4017,154220249,2^154220249-1,STRUCTURAL_SCREEN_EXHAUSTED_PRIMALITY_UNASSIGNED,FIRST_SINGULARITY_SHELL_EXHAUSTED_PRIMALITY_UNASSIGNED,513,9595,9595,NO_RECORDED_FACTOR_PRP_OR_LL_RESULT_AND_NO_ACTIVE_GIMPS_ASSIGNMENT,2026-08-06T12:58:23+00:00,UNALLOCATED,,,,,
SLCMP47-2889,2889,4018,154220263,2^154220263-1,STRUCTURAL_SCREEN_EXHAUSTED_PRIMALITY_UNASSIGNED,FIRST_SINGULARITY_SHELL_EXHAUSTED_PRIMALITY_UNASSIGNED,514,9595,9595,NO_RECORDED_FACTOR_PRP_OR_LL_RESULT_AND_NO_ACTIVE_GIMPS_ASSIGNMENT,2026-08-06T12:58:23+00:00,UNALLOCATED,,,,,
SLCMP47-2890,2890,4019,154220293,2^154220293-1,STRUCTURAL_SCREEN_EXHAUSTED_PRIMALITY_UNASSIGNED,FIRST_SINGULARITY_SHELL_EXHAUSTED_PRIMALITY_UNASSIGNED,513,9595,9595,NO_RECORDED_FACTOR_PRP_OR_LL_RESULT_AND_NO_ACTIVE_GIMPS_ASSIGNMENT,2026-08-06T12:58:23+00:00,UNALLOCATED,,,,,
SLCMP47-2891,2891,4020,154220327,2^154220327-1,STRUCTURAL_SCREEN_EXHAUSTED_PRIMALITY_UNASSIGNED,FIRST_SINGULARITY_SHELL_EXHAUSTED_PRIMALITY_UNASSIGNED,514,9595,9595,NO_RECORDED_FACTOR_PRP_OR_LL_RESULT_AND_NO_ACTIVE_GIMPS_ASSIGNMENT,2026-08-06T12:58:23+00:00,UNALLOCATED,,,,,
SLCMP47-2892,2892,4021,154220371,2^154220371-1,STRUCTURAL_SCREEN_EXHAUSTED_PRIMALITY_UNASSIGNED,FIRST_SINGULARITY_SHELL_EXHAUSTED_PRIMALITY_UNASSIGNED,514,9595,9595,NO_RECORDED_FACTOR_PRP_OR_LL_RESULT_AND_NO_ACTIVE_GIMPS_ASSIGNMENT,2026-08-06T12:58:23+00:00,UNALLOCATED,,,,,
SLCMP47-2893,2893,4022,154220389,2^154220389-1,STRUCTURAL_SCREEN_EXHAUSTED_PRIMALITY_UNASSIGNED,FIRST_SINGULARITY_SHELL_EXHAUSTED_PRIMALITY_UNASSIGNED,513,9595,9595,NO_RECORDED_FACTOR_PRP_OR_LL_RESULT_AND_NO_ACTIVE_GIMPS_ASSIGNMENT,2026-08-06T12:58:23+00:00,UNALLOCATED,,,,,
SLCMP47-2894,2894,4023,154220431,2^154220431-1,STRUCTURAL_SCREEN_EXHAUSTED_PRIMALITY_UNASSIGNED,FIRST_SINGULARITY_SHELL_EXHAUSTED_PRIMALITY_UNASSIGNED,514,9595,9595,NO_RECORDED_FACTOR_PRP_OR_LL_RESULT_AND_NO_ACTIVE_GIMPS_ASSIGNMENT,2026-08-06T12:58:23+00:00,UNALLOCATED,,,,,
SLCMP47-2895,2895,4024,154220527,2^154220527-1,STRUCTURAL_SCREEN_EXHAUSTED_PRIMALITY_UNASSIGNED,FIRST_SINGULARITY_SHELL_EXHAUSTED_PRIMALITY_UNASSIGNED,514,9595,9595,NO_RECORDED_FACTOR_PRP_OR_LL_RESULT_AND_NO_ACTIVE_GIMPS_ASSIGNMENT,2026-08-06T12:58:23+00:00,UNALLOCATED,,,,,
SLCMP47-2896,2896,4025,154220593,2^154220593-1,STRUCTURAL_SCREEN_EXHAUSTED_PRIMALITY_UNASSIGNED,FIRST_SINGULARITY_SHELL_EXHAUSTED_PRIMALITY_UNASSIGNED,513,9595,9595,NO_RECORDED_FACTOR_PRP_OR_LL_RESULT_AND_NO_ACTIVE_GIMPS_ASSIGNMENT,2026-08-06T12:58:23+00:00,UNALLOCATED,,,,,
SLCMP47-2897,2897,4026,154220743,2^154220743-1,STRUCTURAL_SCREEN_EXHAUSTED_PRIMALITY_UNASSIGNED,FIRST_SINGULARITY_SHELL_EXHAUSTED_PRIMALITY_UNASSIGNED,514,9595,9595,NO_RECORDED_FACTOR_PRP_OR_LL_RESULT_AND_NO_ACTIVE_GIMPS_ASSIGNMENT,2026-08-06T12:58:23+00:00,UNALLOCATED,,,,,
SLCMP47-2898,2898,4027,154220761,2^154220761-1,STRUCTURAL_SCREEN_EXHAUSTED_PRIMALITY_UNASSIGNED,FIRST_SINGULARITY_SHELL_EXHAUSTED_PRIMALITY_UNASSIGNED,513,9595,9595,NO_RECORDED_FACTOR_PRP_OR_LL_RESULT_AND_NO_ACTIVE_GIMPS_ASSIGNMENT,2026-08-06T12:58:23+00:00,UNALLOCATED,,,,,
SLCMP47-2899,2899,4028,154220827,2^154220827-1,STRUCTURAL_SCREEN_EXHAUSTED_PRIMALITY_UNASSIGNED,FIRST_SINGULARITY_SHELL_EXHAUSTED_PRIMALITY_UNASSIGNED,514,9595,9595,NO_RECORDED_FACTOR_PRP_OR_LL_RESULT_AND_NO_ACTIVE_GIMPS_ASSIGNMENT,2026-08-06T12:58:23+00:00,UNALLOCATED,,,,,
SLCMP47-2900,2900,4029,154220881,2^154220881-1,STRUCTURAL_SCREEN_EXHAUSTED_PRIMALITY_UNASSIGNED,FIRST_SINGULARITY_SHELL_EXHAUSTED_PRIMALITY_UNASSIGNED,513,9595,9595,NO_RECORDED_FACTOR_PRP_OR_LL_RESULT_AND_NO_ACTIVE_GIMPS_ASSIGNMENT,2026-08-06T12:58:23+00:00,UNALLOCATED,,,,,
SLCMP47-2901,2901,4030,154220887,2^154220887-1,STRUCTURAL_SCREEN_EXHAUSTED_PRIMALITY_UNASSIGNED,FIRST_SINGULARITY_SHELL_EXHAUSTED_PRIMALITY_UNASSIGNED,514,9595,9595,NO_RECORDED_FACTOR_PRP_OR_LL_RESULT_AND_NO_ACTIVE_GIMPS_ASSIGNMENT,2026-08-06T12:58:23+00:00,UNALLOCATED,,,,,
SLCMP47-2902,2902,4031,154220933,2^154220933-1,STRUCTURAL_SCREEN_EXHAUSTED_PRIMALITY_UNASSIGNED,FIRST_SINGULARITY_SHELL_EXHAUSTED_PRIMALITY_UNASSIGNED,513,9595,9595,NO_RECORDED_FACTOR_PRP_OR_LL_RESULT_AND_NO_ACTIVE_GIMPS_ASSIGNMENT,2026-08-06T12:58:23+00:00,UNALLOCATED,,,,,
SLCMP47-2903,2903,4032,154220999,2^154220999-1,STRUCTURAL_SCREEN_EXHAUSTED_PRIMALITY_UNASSIGNED,FIRST_SINGULARITY_SHELL_EXHAUSTED_PRIMALITY_UNASSIGNED,514,9595,9595,NO_RECORDED_FACTOR_PRP_OR_LL_RESULT_AND_NO_ACTIVE_GIMPS_ASSIGNMENT,2026-08-06T12:58:23+00:00,UNALLOCATED,,,,,
SLCMP47-2904,2904,4033,154221007,2^154221007-1,STRUCTURAL_SCREEN_EXHAUSTED_PRIMALITY_UNASSIGNED,FIRST_SINGULARITY_SHELL_EXHAUSTED_PRIMALITY_UNASSIGNED,514,9595,9595,NO_RECORDED_FACTOR_PRP_OR_LL_RESULT_AND_NO_ACTIVE_GIMPS_ASSIGNMENT,2026-08-06T12:58:23+00:00,UNALLOCATED,,,,,
SLCMP47-2905,2905,4034,154221013,2^154221013-1,STRUCTURAL_SCREEN_EXHAUSTED_PRIMALITY_UNASSIGNED,FIRST_SINGULARITY_SHELL_EXHAUSTED_PRIMALITY_UNASSIGNED,513,9595,9595,NO_RECORDED_FACTOR_PRP_OR_LL_RESULT_AND_NO_ACTIVE_GIMPS_ASSIGNMENT,2026-08-06T12:58:23+00:00,UNALLOCATED,,,,,
SLCMP47-2906,2906,4035,154221019,2^154221019-1,STRUCTURAL_SCREEN_EXHAUSTED_PRIMALITY_UNASSIGNED,FIRST_SINGULARITY_SHELL_EXHAUSTED_PRIMALITY_UNASSIGNED,514,9595,9595,NO_RECORDED_FACTOR_PRP_OR_LL_RESULT_AND_NO_ACTIVE_GIMPS_ASSIGNMENT,2026-08-06T12:58:23+00:00,UNALLOCATED,,,,,
SLCMP47-2907,2907,4036,154221163,2^154221163-1,STRUCTURAL_SCREEN_EXHAUSTED_PRIMALITY_UNASSIGNED,FIRST_SINGULARITY_SHELL_EXHAUSTED_PRIMALITY_UNASSIGNED,514,9595,9595,NO_RECORDED_FACTOR_PRP_OR_LL_RESULT_AND_NO_ACTIVE_GIMPS_ASSIGNMENT,2026-08-06T12:58:23+00:00,UNALLOCATED,,,,,
SLCMP47-2908,2908,4037,154221259,2^154221259-1,STRUCTURAL_SCREEN_EXHAUSTED_PRIMALITY_UNASSIGNED,FIRST_SINGULARITY_SHELL_EXHAUSTED_PRIMALITY_UNASSIGNED,514,9595,9595,NO_RECORDED_FACTOR_PRP_OR_LL_RESULT_AND_NO_ACTIVE_GIMPS_ASSIGNMENT,2026-08-06T12:58:23+00:00,UNALLOCATED,,,,,
SLCMP47-2909,2909,4038,154221269,2^154221269-1,STRUCTURAL_SCREEN_EXHAUSTED_PRIMALITY_UNASSIGNED,FIRST_SINGULARITY_SHELL_EXHAUSTED_PRIMALITY_UNASSIGNED,513,9595,9595,NO_RECORDED_FACTOR_PRP_OR_LL_RESULT_AND_NO_ACTIVE_GIMPS_ASSIGNMENT,2026-08-06T12:58:23+00:00,UNALLOCATED,,,,,
SLCMP47-2910,2910,4039,154221289,2^154221289-1,STRUCTURAL_SCREEN_EXHAUSTED_PRIMALITY_UNASSIGNED,FIRST_SINGULARITY_SHELL_EXHAUSTED_PRIMALITY_UNASSIGNED,513,9595,9595,NO_RECORDED_FACTOR_PRP_OR_LL_RESULT_AND_NO_ACTIVE_GIMPS_ASSIGNMENT,2026-08-06T12:58:23+00:00,UNALLOCATED,,,,,
SLCMP47-2911,2911,4040,154221313,2^154221313-1,STRUCTURAL_SCREEN_EXHAUSTED_PRIMALITY_UNASSIGNED,FIRST_SINGULARITY_SHELL_EXHAUSTED_PRIMALITY_UNASSIGNED,513,9595,9595,NO_RECORDED_FACTOR_PRP_OR_LL_RESULT_AND_NO_ACTIVE_GIMPS_ASSIGNMENT,2026-08-06T12:58:23+00:00,UNALLOCATED,,,,,
SLCMP47-2912,2912,4041,154221329,2^154221329-1,STRUCTURAL_SCREEN_EXHAUSTED_PRIMALITY_UNASSIGNED,FIRST_SINGULARITY_SHELL_EXHAUSTED_PRIMALITY_UNASSIGNED,513,9595,9595,NO_RECORDED_FACTOR_PRP_OR_LL_RESULT_AND_NO_ACTIVE_GIMPS_ASSIGNMENT,2026-08-06T12:58:23+00:00,UNALLOCATED,,,,,
SLCMP47-2913,2913,4042,154221341,2^154221341-1,STRUCTURAL_SCREEN_EXHAUSTED_PRIMALITY_UNASSIGNED,FIRST_SINGULARITY_SHELL_EXHAUSTED_PRIMALITY_UNASSIGNED,513,9595,9595,NO_RECORDED_FACTOR_PRP_OR_LL_RESULT_AND_NO_ACTIVE_GIMPS_ASSIGNMENT,2026-08-06T12:58:23+00:00,UNALLOCATED,,,,,
SLCMP47-2914,2914,4043,154221343,2^154221343-1,STRUCTURAL_SCREEN_EXHAUSTED_PRIMALITY_UNASSIGNED,FIRST_SINGULARITY_SHELL_EXHAUSTED_PRIMALITY_UNASSIGNED,514,9595,9595,NO_RECORDED_FACTOR_PRP_OR_LL_RESULT_AND_NO_ACTIVE_GIMPS_ASSIGNMENT,2026-08-06T12:58:23+00:00,UNALLOCATED,,,,,
SLCMP47-2915,2915,4044,154221413,2^154221413-1,STRUCTURAL_SCREEN_EXHAUSTED_PRIMALITY_UNASSIGNED,FIRST_SINGULARITY_SHELL_EXHAUSTED_PRIMALITY_UNASSIGNED,513,9595,9595,NO_RECORDED_FACTOR_PRP_OR_LL_RESULT_AND_NO_ACTIVE_GIMPS_ASSIGNMENT,2026-08-06T12:58:23+00:00,UNALLOCATED,,,,,
SLCMP47-2916,2916,4045,154221421,2^154221421-1,STRUCTURAL_SCREEN_EXHAUSTED_PRIMALITY_UNASSIGNED,FIRST_SINGULARITY_SHELL_EXHAUSTED_PRIMALITY_UNASSIGNED,513,9595,9595,NO_RECORDED_FACTOR_PRP_OR_LL_RESULT_AND_NO_ACTIVE_GIMPS_ASSIGNMENT,2026-08-06T12:58:23+00:00,UNALLOCATED,,,,,
SLCMP47-2917,2917,4046,154221577,2^154221577-1,STRUCTURAL_SCREEN_EXHAUSTED_PRIMALITY_UNASSIGNED,FIRST_SINGULARITY_SHELL_EXHAUSTED_PRIMALITY_UNASSIGNED,513,9595,9595,NO_RECORDED_FACTOR_PRP_OR_LL_RESULT_AND_NO_ACTIVE_GIMPS_ASSIGNMENT,2026-08-06T12:58:23+00:00,UNALLOCATED,,,,,
SLCMP47-2918,2918,4047,154221589,2^154221589-1,STRUCTURAL_SCREEN_EXHAUSTED_PRIMALITY_UNASSIGNED,FIRST_SINGULARITY_SHELL_EXHAUSTED_PRIMALITY_UNASSIGNED,513,9595,9595,NO_RECORDED_FACTOR_PRP_OR_LL_RESULT_AND_NO_ACTIVE_GIMPS_ASSIGNMENT,2026-08-06T12:58:23+00:00,UNALLOCATED,,,,,
SLCMP47-2919,2919,4048,154221707,2^154221707-1,STRUCTURAL_SCREEN_EXHAUSTED_PRIMALITY_UNASSIGNED,FIRST_SINGULARITY_SHELL_EXHAUSTED_PRIMALITY_UNASSIGNED,514,9595,9595,NO_RECORDED_FACTOR_PRP_OR_LL_RESULT_AND_NO_ACTIVE_GIMPS_ASSIGNMENT,2026-08-06T12:58:23+00:00,UNALLOCATED,,,,,
SLCMP47-2920,2920,4049,154221709,2^154221709-1,STRUCTURAL_SCREEN_EXHAUSTED_PRIMALITY_UNASSIGNED,FIRST_SINGULARITY_SHELL_EXHAUSTED_PRIMALITY_UNASSIGNED,513,9595,9595,NO_RECORDED_FACTOR_PRP_OR_LL_RESULT_AND_NO_ACTIVE_GIMPS_ASSIGNMENT,2026-08-06T12:58:23+00:00,UNALLOCATED,,,,,
SLCMP47-2921,2921,4050,154221853,2^154221853-1,STRUCTURAL_SCREEN_EXHAUSTED_PRIMALITY_UNASSIGNED,FIRST_SINGULARITY_SHELL_EXHAUSTED_PRIMALITY_UNASSIGNED,513,9595,9595,NO_RECORDED_FACTOR_PRP_OR_LL_RESULT_AND_NO_ACTIVE_GIMPS_ASSIGNMENT,2026-08-06T12:58:23+00:00,UNALLOCATED,,,,,
SLCMP47-2922,2922,4051,154221901,2^154221901-1,STRUCTURAL_SCREEN_EXHAUSTED_PRIMALITY_UNASSIGNED,FIRST_SINGULARITY_SHELL_EXHAUSTED_PRIMALITY_UNASSIGNED,513,9595,9595,NO_RECORDED_FACTOR_PRP_OR_LL_RESULT_AND_NO_ACTIVE_GIMPS_ASSIGNMENT,2026-08-06T12:58:23+00:00,UNALLOCATED,,,,,
SLCMP47-2923,2923,4052,154221911,2^154221911-1,STRUCTURAL_SCREEN_EXHAUSTED_PRIMALITY_UNASSIGNED,FIRST_SINGULARITY_SHELL_EXHAUSTED_PRIMALITY_UNASSIGNED,514,9595,9595,NO_RECORDED_FACTOR_PRP_OR_LL_RESULT_AND_NO_ACTIVE_GIMPS_ASSIGNMENT,2026-08-06T12:58:23+00:00,UNALLOCATED,,,,,
SLCMP47-2924,2924,4053,154221919,2^154221919-1,STRUCTURAL_SCREEN_EXHAUSTED_PRIMALITY_UNASSIGNED,FIRST_SINGULARITY_SHELL_EXHAUSTED_PRIMALITY_UNASSIGNED,514,9595,9595,NO_RECORDED_FACTOR_PRP_OR_LL_RESULT_AND_NO_ACTIVE_GIMPS_ASSIGNMENT,2026-08-06T12:58:23+00:00,UNALLOCATED,,,,,
SLCMP47-2925,2925,4054,154221953,2^154221953-1,STRUCTURAL_SCREEN_EXHAUSTED_PRIMALITY_UNASSIGNED,FIRST_SINGULARITY_SHELL_EXHAUSTED_PRIMALITY_UNASSIGNED,513,9595,9595,NO_RECORDED_FACTOR_PRP_OR_LL_RESULT_AND_NO_ACTIVE_GIMPS_ASSIGNMENT,2026-08-06T12:58:23+00:00,UNALLOCATED,,,,,
SLCMP47-2926,2926,4056,154222099,2^154222099-1,STRUCTURAL_SCREEN_EXHAUSTED_PRIMALITY_UNASSIGNED,FIRST_SINGULARITY_SHELL_EXHAUSTED_PRIMALITY_UNASSIGNED,514,9595,9595,NO_RECORDED_FACTOR_PRP_OR_LL_RESULT_AND_NO_ACTIVE_GIMPS_ASSIGNMENT,2026-08-06T12:58:23+00:00,UNALLOCATED,,,,,
SLCMP47-2927,2927,4057,154222109,2^154222109-1,STRUCTURAL_SCREEN_EXHAUSTED_PRIMALITY_UNASSIGNED,FIRST_SINGULARITY_SHELL_EXHAUSTED_PRIMALITY_UNASSIGNED,513,9595,9595,NO_RECORDED_FACTOR_PRP_OR_LL_RESULT_AND_NO_ACTIVE_GIMPS_ASSIGNMENT,2026-08-06T12:58:23+00:00,UNALLOCATED,,,,,
SLCMP47-2928,2928,4058,154222121,2^154222121-1,STRUCTURAL_SCREEN_EXHAUSTED_PRIMALITY_UNASSIGNED,FIRST_SINGULARITY_SHELL_EXHAUSTED_PRIMALITY_UNASSIGNED,513,9595,9595,NO_RECORDED_FACTOR_PRP_OR_LL_RESULT_AND_NO_ACTIVE_GIMPS_ASSIGNMENT,2026-08-06T12:58:23+00:00,UNALLOCATED,,,,,
SLCMP47-2929,2929,4059,154222129,2^154222129-1,STRUCTURAL_SCREEN_EXHAUSTED_PRIMALITY_UNASSIGNED,FIRST_SINGULARITY_SHELL_EXHAUSTED_PRIMALITY_UNASSIGNED,513,9595,9595,NO_RECORDED_FACTOR_PRP_OR_LL_RESULT_AND_NO_ACTIVE_GIMPS_ASSIGNMENT,2026-08-06T12:58:23+00:00,UNALLOCATED,,,,,
SLCMP47-2930,2930,4060,154222139,2^154222139-1,STRUCTURAL_SCREEN_EXHAUSTED_PRIMALITY_UNASSIGNED,FIRST_SINGULARITY_SHELL_EXHAUSTED_PRIMALITY_UNASSIGNED,514,9595,9595,NO_RECORDED_FACTOR_PRP_OR_LL_RESULT_AND_NO_ACTIVE_GIMPS_ASSIGNMENT,2026-08-06T12:58:23+00:00,UNALLOCATED,,,,,
SLCMP47-2931,2931,4061,154222163,2^154222163-1,STRUCTURAL_SCREEN_EXHAUSTED_PRIMALITY_UNASSIGNED,FIRST_SINGULARITY_SHELL_EXHAUSTED_PRIMALITY_UNASSIGNED,514,9595,9595,NO_RECORDED_FACTOR_PRP_OR_LL_RESULT_AND_NO_ACTIVE_GIMPS_ASSIGNMENT,2026-08-06T12:58:23+00:00,UNALLOCATED,,,,,
SLCMP47-2932,2932,4062,154222171,2^154222171-1,STRUCTURAL_SCREEN_EXHAUSTED_PRIMALITY_UNASSIGNED,FIRST_SINGULARITY_SHELL_EXHAUSTED_PRIMALITY_UNASSIGNED,514,9595,9595,NO_RECORDED_FACTOR_PRP_OR_LL_RESULT_AND_NO_ACTIVE_GIMPS_ASSIGNMENT,2026-08-06T12:58:23+00:00,UNALLOCATED,,,,,
SLCMP47-2933,2933,4063,154222219,2^154222219-1,STRUCTURAL_SCREEN_EXHAUSTED_PRIMALITY_UNASSIGNED,FIRST_SINGULARITY_SHELL_EXHAUSTED_PRIMALITY_UNASSIGNED,514,9595,9595,NO_RECORDED_FACTOR_PRP_OR_LL_RESULT_AND_NO_ACTIVE_GIMPS_ASSIGNMENT,2026-08-06T12:58:23+00:00,UNALLOCATED,,,,,
SLCMP47-2934,2934,4064,154222231,2^154222231-1,STRUCTURAL_SCREEN_EXHAUSTED_PRIMALITY_UNASSIGNED,FIRST_SINGULARITY_SHELL_EXHAUSTED_PRIMALITY_UNASSIGNED,514,9595,9595,NO_RECORDED_FACTOR_PRP_OR_LL_RESULT_AND_NO_ACTIVE_GIMPS_ASSIGNMENT,2026-08-06T12:58:23+00:00,UNALLOCATED,,,,,
SLCMP47-2935,2935,4065,154222267,2^154222267-1,STRUCTURAL_SCREEN_EXHAUSTED_PRIMALITY_UNASSIGNED,FIRST_SINGULARITY_SHELL_EXHAUSTED_PRIMALITY_UNASSIGNED,514,9595,9595,NO_RECORDED_FACTOR_PRP_OR_LL_RESULT_AND_NO_ACTIVE_GIMPS_ASSIGNMENT,2026-08-06T12:58:23+00:00,UNALLOCATED,,,,,
SLCMP47-2936,2936,4066,154222309,2^154222309-1,STRUCTURAL_SCREEN_EXHAUSTED_PRIMALITY_UNASSIGNED,FIRST_SINGULARITY_SHELL_EXHAUSTED_PRIMALITY_UNASSIGNED,513,9595,9595,NO_RECORDED_FACTOR_PRP_OR_LL_RESULT_AND_NO_ACTIVE_GIMPS_ASSIGNMENT,2026-08-06T12:58:23+00:00,UNALLOCATED,,,,,
SLCMP47-2937,2937,4067,154222403,2^154222403-1,STRUCTURAL_SCREEN_EXHAUSTED_PRIMALITY_UNASSIGNED,FIRST_SINGULARITY_SHELL_EXHAUSTED_PRIMALITY_UNASSIGNED,514,9595,9595,NO_RECORDED_FACTOR_PRP_OR_LL_RESULT_AND_NO_ACTIVE_GIMPS_ASSIGNMENT,2026-08-06T12:58:23+00:00,UNALLOCATED,,,,,
SLCMP47-2938,2938,4068,154222459,2^154222459-1,STRUCTURAL_SCREEN_EXHAUSTED_PRIMALITY_UNASSIGNED,FIRST_SINGULARITY_SHELL_EXHAUSTED_PRIMALITY_UNASSIGNED,514,9595,9595,NO_RECORDED_FACTOR_PRP_OR_LL_RESULT_AND_NO_ACTIVE_GIMPS_ASSIGNMENT,2026-08-06T12:58:23+00:00,UNALLOCATED,,,,,
SLCMP47-2939,2939,4069,154222507,2^154222507-1,STRUCTURAL_SCREEN_EXHAUSTED_PRIMALITY_UNASSIGNED,FIRST_SINGULARITY_SHELL_EXHAUSTED_PRIMALITY_UNASSIGNED,514,9595,9595,NO_RECORDED_FACTOR_PRP_OR_LL_RESULT_AND_NO_ACTIVE_GIMPS_ASSIGNMENT,2026-08-06T12:58:23+00:00,UNALLOCATED,,,,,
SLCMP47-2940,2940,4070,154222511,2^154222511-1,STRUCTURAL_SCREEN_EXHAUSTED_PRIMALITY_UNASSIGNED,FIRST_SINGULARITY_SHELL_EXHAUSTED_PRIMALITY_UNASSIGNED,514,9595,9595,NO_RECORDED_FACTOR_PRP_OR_LL_RESULT_AND_NO_ACTIVE_GIMPS_ASSIGNMENT,2026-08-06T12:58:23+00:00,UNALLOCATED,,,,,
SLCMP47-2941,2941,4071,154222517,2^154222517-1,STRUCTURAL_SCREEN_EXHAUSTED_PRIMALITY_UNASSIGNED,FIRST_SINGULARITY_SHELL_EXHAUSTED_PRIMALITY_UNASSIGNED,513,9595,9595,NO_RECORDED_FACTOR_PRP_OR_LL_RESULT_AND_NO_ACTIVE_GIMPS_ASSIGNMENT,2026-08-06T12:58:23+00:00,UNALLOCATED,,,,,
SLCMP47-2942,2942,4072,154222597,2^154222597-1,STRUCTURAL_SCREEN_EXHAUSTED_PRIMALITY_UNASSIGNED,FIRST_SINGULARITY_SHELL_EXHAUSTED_PRIMALITY_UNASSIGNED,513,9595,9595,NO_RECORDED_FACTOR_PRP_OR_LL_RESULT_AND_NO_ACTIVE_GIMPS_ASSIGNMENT,2026-08-06T12:58:23+00:00,UNALLOCATED,,,,,
SLCMP47-2943,2943,4073,154222687,2^154222687-1,STRUCTURAL_SCREEN_EXHAUSTED_PRIMALITY_UNASSIGNED,FIRST_SINGULARITY_SHELL_EXHAUSTED_PRIMALITY_UNASSIGNED,514,9595,9595,NO_RECORDED_FACTOR_PRP_OR_LL_RESULT_AND_NO_ACTIVE_GIMPS_ASSIGNMENT,2026-08-06T12:58:23+00:00,UNALLOCATED,,,,,
SLCMP47-2944,2944,4074,154222693,2^154222693-1,STRUCTURAL_SCREEN_EXHAUSTED_PRIMALITY_UNASSIGNED,FIRST_SINGULARITY_SHELL_EXHAUSTED_PRIMALITY_UNASSIGNED,513,9595,9595,NO_RECORDED_FACTOR_PRP_OR_LL_RESULT_AND_NO_ACTIVE_GIMPS_ASSIGNMENT,2026-08-06T12:58:23+00:00,UNALLOCATED,,,,,
SLCMP47-2945,2945,4075,154222711,2^154222711-1,STRUCTURAL_SCREEN_EXHAUSTED_PRIMALITY_UNASSIGNED,FIRST_SINGULARITY_SHELL_EXHAUSTED_PRIMALITY_UNASSIGNED,514,9595,9595,NO_RECORDED_FACTOR_PRP_OR_LL_RESULT_AND_NO_ACTIVE_GIMPS_ASSIGNMENT,2026-08-06T12:58:23+00:00,UNALLOCATED,,,,,
SLCMP47-2946,2946,4076,154222777,2^154222777-1,STRUCTURAL_SCREEN_EXHAUSTED_PRIMALITY_UNASSIGNED,FIRST_SINGULARITY_SHELL_EXHAUSTED_PRIMALITY_UNASSIGNED,513,9595,9595,NO_RECORDED_FACTOR_PRP_OR_LL_RESULT_AND_NO_ACTIVE_GIMPS_ASSIGNMENT,2026-08-06T12:58:23+00:00,UNALLOCATED,,,,,
SLCMP47-2947,2947,4077,154222781,2^154222781-1,STRUCTURAL_SCREEN_EXHAUSTED_PRIMALITY_UNASSIGNED,FIRST_SINGULARITY_SHELL_EXHAUSTED_PRIMALITY_UNASSIGNED,513,9595,9595,NO_RECORDED_FACTOR_PRP_OR_LL_RESULT_AND_NO_ACTIVE_GIMPS_ASSIGNMENT,2026-08-06T12:58:23+00:00,UNALLOCATED,,,,,
SLCMP47-2948,2948,4078,154222847,2^154222847-1,STRUCTURAL_SCREEN_EXHAUSTED_PRIMALITY_UNASSIGNED,FIRST_SINGULARITY_SHELL_EXHAUSTED_PRIMALITY_UNASSIGNED,514,9595,9595,NO_RECORDED_FACTOR_PRP_OR_LL_RESULT_AND_NO_ACTIVE_GIMPS_ASSIGNMENT,2026-08-06T12:58:23+00:00,UNALLOCATED,,,,,
SLCMP47-2949,2949,4079,154222973,2^154222973-1,STRUCTURAL_SCREEN_EXHAUSTED_PRIMALITY_UNASSIGNED,FIRST_SINGULARITY_SHELL_EXHAUSTED_PRIMALITY_UNASSIGNED,513,9595,9595,NO_RECORDED_FACTOR_PRP_OR_LL_RESULT_AND_NO_ACTIVE_GIMPS_ASSIGNMENT,2026-08-06T12:58:23+00:00,UNALLOCATED,,,,,
SLCMP47-2950,2950,4080,154223093,2^154223093-1,STRUCTURAL_SCREEN_EXHAUSTED_PRIMALITY_UNASSIGNED,FIRST_SINGULARITY_SHELL_EXHAUSTED_PRIMALITY_UNASSIGNED,513,9595,9595,NO_RECORDED_FACTOR_PRP_OR_LL_RESULT_AND_NO_ACTIVE_GIMPS_ASSIGNMENT,2026-08-06T12:58:23+00:00,UNALLOCATED,,,,,
SLCMP47-2951,2951,4081,154223117,2^154223117-1,STRUCTURAL_SCREEN_EXHAUSTED_PRIMALITY_UNASSIGNED,FIRST_SINGULARITY_SHELL_EXHAUSTED_PRIMALITY_UNASSIGNED,513,9595,9595,NO_RECORDED_FACTOR_PRP_OR_LL_RESULT_AND_NO_ACTIVE_GIMPS_ASSIGNMENT,2026-08-06T12:58:23+00:00,UNALLOCATED,,,,,
SLCMP47-2952,2952,4082,154223159,2^154223159-1,STRUCTURAL_SCREEN_EXHAUSTED_PRIMALITY_UNASSIGNED,FIRST_SINGULARITY_SHELL_EXHAUSTED_PRIMALITY_UNASSIGNED,514,9595,9595,NO_RECORDED_FACTOR_PRP_OR_LL_RESULT_AND_NO_ACTIVE_GIMPS_ASSIGNMENT,2026-08-06T12:58:23+00:00,UNALLOCATED,,,,,
SLCMP47-2953,2953,4083,154223219,2^154223219-1,STRUCTURAL_SCREEN_EXHAUSTED_PRIMALITY_UNASSIGNED,FIRST_SINGULARITY_SHELL_EXHAUSTED_PRIMALITY_UNASSIGNED,514,9595,9595,NO_RECORDED_FACTOR_PRP_OR_LL_RESULT_AND_NO_ACTIVE_GIMPS_ASSIGNMENT,2026-08-06T12:58:23+00:00,UNALLOCATED,,,,,
SLCMP47-2954,2954,4084,154223243,2^154223243-1,STRUCTURAL_SCREEN_EXHAUSTED_PRIMALITY_UNASSIGNED,FIRST_SINGULARITY_SHELL_EXHAUSTED_PRIMALITY_UNASSIGNED,514,9595,9595,NO_RECORDED_FACTOR_PRP_OR_LL_RESULT_AND_NO_ACTIVE_GIMPS_ASSIGNMENT,2026-08-06T12:58:23+00:00,UNALLOCATED,,,,,
SLCMP47-2955,2955,4085,154223261,2^154223261-1,STRUCTURAL_SCREEN_EXHAUSTED_PRIMALITY_UNASSIGNED,FIRST_SINGULARITY_SHELL_EXHAUSTED_PRIMALITY_UNASSIGNED,513,9595,9595,NO_RECORDED_FACTOR_PRP_OR_LL_RESULT_AND_NO_ACTIVE_GIMPS_ASSIGNMENT,2026-08-06T12:58:23+00:00,UNALLOCATED,,,,,
SLCMP47-2956,2956,4086,154223291,2^154223291-1,STRUCTURAL_SCREEN_EXHAUSTED_PRIMALITY_UNASSIGNED,FIRST_SINGULARITY_SHELL_EXHAUSTED_PRIMALITY_UNASSIGNED,514,9595,9595,NO_RECORDED_FACTOR_PRP_OR_LL_RESULT_AND_NO_ACTIVE_GIMPS_ASSIGNMENT,2026-08-06T12:58:23+00:00,UNALLOCATED,,,,,
SLCMP47-2957,2957,4087,154223297,2^154223297-1,STRUCTURAL_SCREEN_EXHAUSTED_PRIMALITY_UNASSIGNED,FIRST_SINGULARITY_SHELL_EXHAUSTED_PRIMALITY_UNASSIGNED,513,9595,9595,NO_RECORDED_FACTOR_PRP_OR_LL_RESULT_AND_NO_ACTIVE_GIMPS_ASSIGNMENT,2026-08-06T12:58:23+00:00,UNALLOCATED,,,,,
SLCMP47-2958,2958,4088,154223369,2^154223369-1,STRUCTURAL_SCREEN_EXHAUSTED_PRIMALITY_UNASSIGNED,FIRST_SINGULARITY_SHELL_EXHAUSTED_PRIMALITY_UNASSIGNED,513,9595,9595,NO_RECORDED_FACTOR_PRP_OR_LL_RESULT_AND_NO_ACTIVE_GIMPS_ASSIGNMENT,2026-08-06T12:58:23+00:00,UNALLOCATED,,,,,
SLCMP47-2959,2959,4089,154223389,2^154223389-1,STRUCTURAL_SCREEN_EXHAUSTED_PRIMALITY_UNASSIGNED,FIRST_SINGULARITY_SHELL_EXHAUSTED_PRIMALITY_UNASSIGNED,513,9595,9595,NO_RECORDED_FACTOR_PRP_OR_LL_RESULT_AND_NO_ACTIVE_GIMPS_ASSIGNMENT,2026-08-06T12:58:23+00:00,UNALLOCATED,,,,,
SLCMP47-2960,2960,4090,154223429,2^154223429-1,STRUCTURAL_SCREEN_EXHAUSTED_PRIMALITY_UNASSIGNED,FIRST_SINGULARITY_SHELL_EXHAUSTED_PRIMALITY_UNASSIGNED,513,9595,9595,NO_RECORDED_FACTOR_PRP_OR_LL_RESULT_AND_NO_ACTIVE_GIMPS_ASSIGNMENT,2026-08-06T12:58:23+00:00,UNALLOCATED,,,,,
SLCMP47-2961,2961,4091,154223539,2^154223539-1,STRUCTURAL_SCREEN_EXHAUSTED_PRIMALITY_UNASSIGNED,FIRST_SINGULARITY_SHELL_EXHAUSTED_PRIMALITY_UNASSIGNED,514,9595,9595,NO_RECORDED_FACTOR_PRP_OR_LL_RESULT_AND_NO_ACTIVE_GIMPS_ASSIGNMENT,2026-08-06T12:58:23+00:00,UNALLOCATED,,,,,
SLCMP47-2962,2962,4092,154223557,2^154223557-1,STRUCTURAL_SCREEN_EXHAUSTED_PRIMALITY_UNASSIGNED,FIRST_SINGULARITY_SHELL_EXHAUSTED_PRIMALITY_UNASSIGNED,513,9595,9595,NO_RECORDED_FACTOR_PRP_OR_LL_RESULT_AND_NO_ACTIVE_GIMPS_ASSIGNMENT,2026-08-06T12:58:23+00:00,UNALLOCATED,,,,,
SLCMP47-2963,2963,4093,154223567,2^154223567-1,STRUCTURAL_SCREEN_EXHAUSTED_PRIMALITY_UNASSIGNED,FIRST_SINGULARITY_SHELL_EXHAUSTED_PRIMALITY_UNASSIGNED,514,9595,9595,NO_RECORDED_FACTOR_PRP_OR_LL_RESULT_AND_NO_ACTIVE_GIMPS_ASSIGNMENT,2026-08-06T12:58:23+00:00,UNALLOCATED,,,,,
SLCMP47-2964,2964,4094,154223633,2^154223633-1,STRUCTURAL_SCREEN_EXHAUSTED_PRIMALITY_UNASSIGNED,FIRST_SINGULARITY_SHELL_EXHAUSTED_PRIMALITY_UNASSIGNED,513,9595,9595,NO_RECORDED_FACTOR_PRP_OR_LL_RESULT_AND_NO_ACTIVE_GIMPS_ASSIGNMENT,2026-08-06T12:58:23+00:00,UNALLOCATED,,,,,
SLCMP47-2965,2965,4095,154223747,2^154223747-1,STRUCTURAL_SCREEN_EXHAUSTED_PRIMALITY_UNASSIGNED,FIRST_SINGULARITY_SHELL_EXHAUSTED_PRIMALITY_UNASSIGNED,514,9595,9595,NO_RECORDED_FACTOR_PRP_OR_LL_RESULT_AND_NO_ACTIVE_GIMPS_ASSIGNMENT,2026-08-06T12:58:23+00:00,UNALLOCATED,,,,,
SLCMP47-2966,2966,4096,154223789,2^154223789-1,STRUCTURAL_SCREEN_EXHAUSTED_PRIMALITY_UNASSIGNED,FIRST_SINGULARITY_SHELL_EXHAUSTED_PRIMALITY_UNASSIGNED,513,9595,9595,NO_RECORDED_FACTOR_PRP_OR_LL_RESULT_AND_NO_ACTIVE_GIMPS_ASSIGNMENT,2026-08-06T12:58:23+00:00,UNALLOCATED,,,,,
SLCMP47-2967,2967,4097,154223833,2^154223833-1,STRUCTURAL_SCREEN_EXHAUSTED_PRIMALITY_UNASSIGNED,FIRST_SINGULARITY_SHELL_EXHAUSTED_PRIMALITY_UNASSIGNED,513,9595,9595,NO_RECORDED_FACTOR_PRP_OR_LL_RESULT_AND_NO_ACTIVE_GIMPS_ASSIGNMENT,2026-08-06T12:58:23+00:00,UNALLOCATED,,,,,
SLCMP47-2968,2968,4098,154223957,2^154223957-1,STRUCTURAL_SCREEN_EXHAUSTED_PRIMALITY_UNASSIGNED,FIRST_SINGULARITY_SHELL_EXHAUSTED_PRIMALITY_UNASSIGNED,513,9595,9595,NO_RECORDED_FACTOR_PRP_OR_LL_RESULT_AND_NO_ACTIVE_GIMPS_ASSIGNMENT,2026-08-06T12:58:23+00:00,UNALLOCATED,,,,,
SLCMP47-2969,2969,4099,154223981,2^154223981-1,STRUCTURAL_SCREEN_EXHAUSTED_PRIMALITY_UNASSIGNED,FIRST_SINGULARITY_SHELL_EXHAUSTED_PRIMALITY_UNASSIGNED,513,9595,9595,NO_RECORDED_FACTOR_PRP_OR_LL_RESULT_AND_NO_ACTIVE_GIMPS_ASSIGNMENT,2026-08-06T12:58:23+00:00,UNALLOCATED,,,,,
SLCMP47-2970,2970,4100,154224079,2^154224079-1,STRUCTURAL_SCREEN_EXHAUSTED_PRIMALITY_UNASSIGNED,FIRST_SINGULARITY_SHELL_EXHAUSTED_PRIMALITY_UNASSIGNED,514,9595,9595,NO_RECORDED_FACTOR_PRP_OR_LL_RESULT_AND_NO_ACTIVE_GIMPS_ASSIGNMENT,2026-08-06T12:58:23+00:00,UNALLOCATED,,,,,
SLCMP47-2971,2971,4101,154224167,2^154224167-1,STRUCTURAL_SCREEN_EXHAUSTED_PRIMALITY_UNASSIGNED,FIRST_SINGULARITY_SHELL_EXHAUSTED_PRIMALITY_UNASSIGNED,514,9595,9595,NO_RECORDED_FACTOR_PRP_OR_LL_RESULT_AND_NO_ACTIVE_GIMPS_ASSIGNMENT,2026-08-06T12:58:23+00:00,UNALLOCATED,,,,,
SLCMP47-2972,2972,4102,154224229,2^154224229-1,STRUCTURAL_SCREEN_EXHAUSTED_PRIMALITY_UNASSIGNED,FIRST_SINGULARITY_SHELL_EXHAUSTED_PRIMALITY_UNASSIGNED,513,9595,9595,NO_RECORDED_FACTOR_PRP_OR_LL_RESULT_AND_NO_ACTIVE_GIMPS_ASSIGNMENT,2026-08-06T12:58:23+00:00,UNALLOCATED,,,,,
SLCMP47-2973,2973,4103,154224307,2^154224307-1,STRUCTURAL_SCREEN_EXHAUSTED_PRIMALITY_UNASSIGNED,FIRST_SINGULARITY_SHELL_EXHAUSTED_PRIMALITY_UNASSIGNED,514,9595,9595,NO_RECORDED_FACTOR_PRP_OR_LL_RESULT_AND_NO_ACTIVE_GIMPS_ASSIGNMENT,2026-08-06T12:58:23+00:00,UNALLOCATED,,,,,
SLCMP47-2974,2974,4104,154224449,2^154224449-1,STRUCTURAL_SCREEN_EXHAUSTED_PRIMALITY_UNASSIGNED,FIRST_SINGULARITY_SHELL_EXHAUSTED_PRIMALITY_UNASSIGNED,513,9595,9595,NO_RECORDED_FACTOR_PRP_OR_LL_RESULT_AND_NO_ACTIVE_GIMPS_ASSIGNMENT,2026-08-06T12:58:23+00:00,UNALLOCATED,,,,,
SLCMP47-2975,2975,4105,154224461,2^154224461-1,STRUCTURAL_SCREEN_EXHAUSTED_PRIMALITY_UNASSIGNED,FIRST_SINGULARITY_SHELL_EXHAUSTED_PRIMALITY_UNASSIGNED,513,9595,9595,NO_RECORDED_FACTOR_PRP_OR_LL_RESULT_AND_NO_ACTIVE_GIMPS_ASSIGNMENT,2026-08-06T12:58:23+00:00,UNALLOCATED,,,,,
SLCMP47-2976,2976,4106,154224467,2^154224467-1,STRUCTURAL_SCREEN_EXHAUSTED_PRIMALITY_UNASSIGNED,FIRST_SINGULARITY_SHELL_EXHAUSTED_PRIMALITY_UNASSIGNED,514,9595,9595,NO_RECORDED_FACTOR_PRP_OR_LL_RESULT_AND_NO_ACTIVE_GIMPS_ASSIGNMENT,2026-08-06T12:58:23+00:00,UNALLOCATED,,,,,
SLCMP47-2977,2977,4107,154224533,2^154224533-1,STRUCTURAL_SCREEN_EXHAUSTED_PRIMALITY_UNASSIGNED,FIRST_SINGULARITY_SHELL_EXHAUSTED_PRIMALITY_UNASSIGNED,513,9595,9595,NO_RECORDED_FACTOR_PRP_OR_LL_RESULT_AND_NO_ACTIVE_GIMPS_ASSIGNMENT,2026-08-06T12:58:23+00:00,UNALLOCATED,,,,,
SLCMP47-2978,2978,4108,154224607,2^154224607-1,STRUCTURAL_SCREEN_EXHAUSTED_PRIMALITY_UNASSIGNED,FIRST_SINGULARITY_SHELL_EXHAUSTED_PRIMALITY_UNASSIGNED,514,9595,9595,NO_RECORDED_FACTOR_PRP_OR_LL_RESULT_AND_NO_ACTIVE_GIMPS_ASSIGNMENT,2026-08-06T12:58:23+00:00,UNALLOCATED,,,,,
SLCMP47-2979,2979,4109,154224619,2^154224619-1,STRUCTURAL_SCREEN_EXHAUSTED_PRIMALITY_UNASSIGNED,FIRST_SINGULARITY_SHELL_EXHAUSTED_PRIMALITY_UNASSIGNED,514,9595,9595,NO_RECORDED_FACTOR_PRP_OR_LL_RESULT_AND_NO_ACTIVE_GIMPS_ASSIGNMENT,2026-08-06T12:58:23+00:00,UNALLOCATED,,,,,
SLCMP47-2980,2980,4110,154224661,2^154224661-1,STRUCTURAL_SCREEN_EXHAUSTED_PRIMALITY_UNASSIGNED,FIRST_SINGULARITY_SHELL_EXHAUSTED_PRIMALITY_UNASSIGNED,513,9595,9595,NO_RECORDED_FACTOR_PRP_OR_LL_RESULT_AND_NO_ACTIVE_GIMPS_ASSIGNMENT,2026-08-06T12:58:23+00:00,UNALLOCATED,,,,,
SLCMP47-2981,2981,4111,154224751,2^154224751-1,STRUCTURAL_SCREEN_EXHAUSTED_PRIMALITY_UNASSIGNED,FIRST_SINGULARITY_SHELL_EXHAUSTED_PRIMALITY_UNASSIGNED,514,9595,9595,NO_RECORDED_FACTOR_PRP_OR_LL_RESULT_AND_NO_ACTIVE_GIMPS_ASSIGNMENT,2026-08-06T12:58:23+00:00,UNALLOCATED,,,,,
SLCMP47-2982,2982,4112,154224779,2^154224779-1,STRUCTURAL_SCREEN_EXHAUSTED_PRIMALITY_UNASSIGNED,FIRST_SINGULARITY_SHELL_EXHAUSTED_PRIMALITY_UNASSIGNED,514,9595,9595,NO_RECORDED_FACTOR_PRP_OR_LL_RESULT_AND_NO_ACTIVE_GIMPS_ASSIGNMENT,2026-08-06T12:58:23+00:00,UNALLOCATED,,,,,
SLCMP47-2983,2983,4113,154224823,2^154224823-1,STRUCTURAL_SCREEN_EXHAUSTED_PRIMALITY_UNASSIGNED,FIRST_SINGULARITY_SHELL_EXHAUSTED_PRIMALITY_UNASSIGNED,514,9595,9595,NO_RECORDED_FACTOR_PRP_OR_LL_RESULT_AND_NO_ACTIVE_GIMPS_ASSIGNMENT,2026-08-06T12:58:23+00:00,UNALLOCATED,,,,,
SLCMP47-2984,2984,4114,154224853,2^154224853-1,STRUCTURAL_SCREEN_EXHAUSTED_PRIMALITY_UNASSIGNED,FIRST_SINGULARITY_SHELL_EXHAUSTED_PRIMALITY_UNASSIGNED,513,9595,9595,NO_RECORDED_FACTOR_PRP_OR_LL_RESULT_AND_NO_ACTIVE_GIMPS_ASSIGNMENT,2026-08-06T12:58:23+00:00,UNALLOCATED,,,,,
SLCMP47-2985,2985,4115,154224911,2^154224911-1,STRUCTURAL_SCREEN_EXHAUSTED_PRIMALITY_UNASSIGNED,FIRST_SINGULARITY_SHELL_EXHAUSTED_PRIMALITY_UNASSIGNED,514,9595,9595,NO_RECORDED_FACTOR_PRP_OR_LL_RESULT_AND_NO_ACTIVE_GIMPS_ASSIGNMENT,2026-08-06T12:58:23+00:00,UNALLOCATED,,,,,
SLCMP47-2986,2986,4117,154225007,2^154225007-1,STRUCTURAL_SCREEN_EXHAUSTED_PRIMALITY_UNASSIGNED,FIRST_SINGULARITY_SHELL_EXHAUSTED_PRIMALITY_UNASSIGNED,514,9595,9595,NO_RECORDED_FACTOR_PRP_OR_LL_RESULT_AND_NO_ACTIVE_GIMPS_ASSIGNMENT,2026-08-06T12:58:23+00:00,UNALLOCATED,,,,,
SLCMP47-2987,2987,4118,154225061,2^154225061-1,STRUCTURAL_SCREEN_EXHAUSTED_PRIMALITY_UNASSIGNED,FIRST_SINGULARITY_SHELL_EXHAUSTED_PRIMALITY_UNASSIGNED,513,9595,9595,NO_RECORDED_FACTOR_PRP_OR_LL_RESULT_AND_NO_ACTIVE_GIMPS_ASSIGNMENT,2026-08-06T12:58:23+00:00,UNALLOCATED,,,,,
SLCMP47-2988,2988,4119,154225073,2^154225073-1,STRUCTURAL_SCREEN_EXHAUSTED_PRIMALITY_UNASSIGNED,FIRST_SINGULARITY_SHELL_EXHAUSTED_PRIMALITY_UNASSIGNED,513,9595,9595,NO_RECORDED_FACTOR_PRP_OR_LL_RESULT_AND_NO_ACTIVE_GIMPS_ASSIGNMENT,2026-08-06T12:58:23+00:00,UNALLOCATED,,,,,
SLCMP47-2989,2989,4120,154225157,2^154225157-1,STRUCTURAL_SCREEN_EXHAUSTED_PRIMALITY_UNASSIGNED,FIRST_SINGULARITY_SHELL_EXHAUSTED_PRIMALITY_UNASSIGNED,513,9595,9595,NO_RECORDED_FACTOR_PRP_OR_LL_RESULT_AND_NO_ACTIVE_GIMPS_ASSIGNMENT,2026-08-06T12:58:23+00:00,UNALLOCATED,,,,,
SLCMP47-2990,2990,4121,154225187,2^154225187-1,STRUCTURAL_SCREEN_EXHAUSTED_PRIMALITY_UNASSIGNED,FIRST_SINGULARITY_SHELL_EXHAUSTED_PRIMALITY_UNASSIGNED,514,9595,9595,NO_RECORDED_FACTOR_PRP_OR_LL_RESULT_AND_NO_ACTIVE_GIMPS_ASSIGNMENT,2026-08-06T12:58:23+00:00,UNALLOCATED,,,,,
SLCMP47-2991,2991,4122,154225259,2^154225259-1,STRUCTURAL_SCREEN_EXHAUSTED_PRIMALITY_UNASSIGNED,FIRST_SINGULARITY_SHELL_EXHAUSTED_PRIMALITY_UNASSIGNED,514,9595,9595,NO_RECORDED_FACTOR_PRP_OR_LL_RESULT_AND_NO_ACTIVE_GIMPS_ASSIGNMENT,2026-08-06T12:58:23+00:00,UNALLOCATED,,,,,
SLCMP47-2992,2992,4123,154225363,2^154225363-1,STRUCTURAL_SCREEN_EXHAUSTED_PRIMALITY_UNASSIGNED,FIRST_SINGULARITY_SHELL_EXHAUSTED_PRIMALITY_UNASSIGNED,514,9595,9595,NO_RECORDED_FACTOR_PRP_OR_LL_RESULT_AND_NO_ACTIVE_GIMPS_ASSIGNMENT,2026-08-06T12:58:23+00:00,UNALLOCATED,,,,,
SLCMP47-2993,2993,4124,154225367,2^154225367-1,STRUCTURAL_SCREEN_EXHAUSTED_PRIMALITY_UNASSIGNED,FIRST_SINGULARITY_SHELL_EXHAUSTED_PRIMALITY_UNASSIGNED,514,9595,9595,NO_RECORDED_FACTOR_PRP_OR_LL_RESULT_AND_NO_ACTIVE_GIMPS_ASSIGNMENT,2026-08-06T12:58:23+00:00,UNALLOCATED,,,,,
SLCMP47-2994,2994,4125,154225457,2^154225457-1,STRUCTURAL_SCREEN_EXHAUSTED_PRIMALITY_UNASSIGNED,FIRST_SINGULARITY_SHELL_EXHAUSTED_PRIMALITY_UNASSIGNED,513,9595,9595,NO_RECORDED_FACTOR_PRP_OR_LL_RESULT_AND_NO_ACTIVE_GIMPS_ASSIGNMENT,2026-08-06T12:58:23+00:00,UNALLOCATED,,,,,
SLCMP47-2995,2995,4126,154225499,2^154225499-1,STRUCTURAL_SCREEN_EXHAUSTED_PRIMALITY_UNASSIGNED,FIRST_SINGULARITY_SHELL_EXHAUSTED_PRIMALITY_UNASSIGNED,514,9595,9595,NO_RECORDED_FACTOR_PRP_OR_LL_RESULT_AND_NO_ACTIVE_GIMPS_ASSIGNMENT,2026-08-06T12:58:23+00:00,UNALLOCATED,,,,,
SLCMP47-2996,2996,4127,154225639,2^154225639-1,STRUCTURAL_SCREEN_EXHAUSTED_PRIMALITY_UNASSIGNED,FIRST_SINGULARITY_SHELL_EXHAUSTED_PRIMALITY_UNASSIGNED,514,9595,9595,NO_RECORDED_FACTOR_PRP_OR_LL_RESULT_AND_NO_ACTIVE_GIMPS_ASSIGNMENT,2026-08-06T12:58:23+00:00,UNALLOCATED,,,,,
SLCMP47-2997,2997,4128,154225727,2^154225727-1,STRUCTURAL_SCREEN_EXHAUSTED_PRIMALITY_UNASSIGNED,FIRST_SINGULARITY_SHELL_EXHAUSTED_PRIMALITY_UNASSIGNED,514,9595,9595,NO_RECORDED_FACTOR_PRP_OR_LL_RESULT_AND_NO_ACTIVE_GIMPS_ASSIGNMENT,2026-08-06T12:58:23+00:00,UNALLOCATED,,,,,
SLCMP47-2998,2998,4129,154225733,2^154225733-1,STRUCTURAL_SCREEN_EXHAUSTED_PRIMALITY_UNASSIGNED,FIRST_SINGULARITY_SHELL_EXHAUSTED_PRIMALITY_UNASSIGNED,513,9595,9595,NO_RECORDED_FACTOR_PRP_OR_LL_RESULT_AND_NO_ACTIVE_GIMPS_ASSIGNMENT,2026-08-06T12:58:23+00:00,UNALLOCATED,,,,,
SLCMP47-2999,2999,4131,154225891,2^154225891-1,STRUCTURAL_SCREEN_EXHAUSTED_PRIMALITY_UNASSIGNED,FIRST_SINGULARITY_SHELL_EXHAUSTED_PRIMALITY_UNASSIGNED,514,9595,9595,NO_RECORDED_FACTOR_PRP_OR_LL_RESULT_AND_NO_ACTIVE_GIMPS_ASSIGNMENT,2026-08-06T12:58:23+00:00,UNALLOCATED,,,,,
SLCMP47-3000,3000,4133,154226351,2^154226351-1,STRUCTURAL_SCREEN_EXHAUSTED_PRIMALITY_UNASSIGNED,FIRST_SINGULARITY_SHELL_EXHAUSTED_PRIMALITY_UNASSIGNED,514,9595,9595,NO_RECORDED_FACTOR_PRP_OR_LL_RESULT_AND_NO_ACTIVE_GIMPS_ASSIGNMENT,2026-08-06T12:58:23+00:00,UNALLOCATED,,,,,
SLCMP47-3001,3001,4134,154226383,2^154226383-1,STRUCTURAL_SCREEN_EXHAUSTED_PRIMALITY_UNASSIGNED,FIRST_SINGULARITY_SHELL_EXHAUSTED_PRIMALITY_UNASSIGNED,514,9595,9595,NO_RECORDED_FACTOR_PRP_OR_LL_RESULT_AND_NO_ACTIVE_GIMPS_ASSIGNMENT,2026-08-06T12:58:23+00:00,UNALLOCATED,,,,,
SLCMP47-3002,3002,4135,154226489,2^154226489-1,STRUCTURAL_SCREEN_EXHAUSTED_PRIMALITY_UNASSIGNED,FIRST_SINGULARITY_SHELL_EXHAUSTED_PRIMALITY_UNASSIGNED,513,9595,9595,NO_RECORDED_FACTOR_PRP_OR_LL_RESULT_AND_NO_ACTIVE_GIMPS_ASSIGNMENT,2026-08-06T12:58:23+00:00,UNALLOCATED,,,,,
SLCMP47-3003,3003,4136,154226497,2^154226497-1,STRUCTURAL_SCREEN_EXHAUSTED_PRIMALITY_UNASSIGNED,FIRST_SINGULARITY_SHELL_EXHAUSTED_PRIMALITY_UNASSIGNED,513,9595,9595,NO_RECORDED_FACTOR_PRP_OR_LL_RESULT_AND_NO_ACTIVE_GIMPS_ASSIGNMENT,2026-08-06T12:58:23+00:00,UNALLOCATED,,,,,
SLCMP47-3004,3004,4137,154226521,2^154226521-1,STRUCTURAL_SCREEN_EXHAUSTED_PRIMALITY_UNASSIGNED,FIRST_SINGULARITY_SHELL_EXHAUSTED_PRIMALITY_UNASSIGNED,513,9595,9595,NO_RECORDED_FACTOR_PRP_OR_LL_RESULT_AND_NO_ACTIVE_GIMPS_ASSIGNMENT,2026-08-06T12:58:23+00:00,UNALLOCATED,,,,,
SLCMP47-3005,3005,4138,154226603,2^154226603-1,STRUCTURAL_SCREEN_EXHAUSTED_PRIMALITY_UNASSIGNED,FIRST_SINGULARITY_SHELL_EXHAUSTED_PRIMALITY_UNASSIGNED,514,9595,9595,NO_RECORDED_FACTOR_PRP_OR_LL_RESULT_AND_NO_ACTIVE_GIMPS_ASSIGNMENT,2026-08-06T12:58:23+00:00,UNALLOCATED,,,,,
SLCMP47-3006,3006,4139,154226617,2^154226617-1,STRUCTURAL_SCREEN_EXHAUSTED_PRIMALITY_UNASSIGNED,FIRST_SINGULARITY_SHELL_EXHAUSTED_PRIMALITY_UNASSIGNED,513,9595,9595,NO_RECORDED_FACTOR_PRP_OR_LL_RESULT_AND_NO_ACTIVE_GIMPS_ASSIGNMENT,2026-08-06T12:58:23+00:00,UNALLOCATED,,,,,
SLCMP47-3007,3007,4140,154226623,2^154226623-1,STRUCTURAL_SCREEN_EXHAUSTED_PRIMALITY_UNASSIGNED,FIRST_SINGULARITY_SHELL_EXHAUSTED_PRIMALITY_UNASSIGNED,514,9595,9595,NO_RECORDED_FACTOR_PRP_OR_LL_RESULT_AND_NO_ACTIVE_GIMPS_ASSIGNMENT,2026-08-06T12:58:23+00:00,UNALLOCATED,,,,,
SLCMP47-3008,3008,4141,154226651,2^154226651-1,STRUCTURAL_SCREEN_EXHAUSTED_PRIMALITY_UNASSIGNED,FIRST_SINGULARITY_SHELL_EXHAUSTED_PRIMALITY_UNASSIGNED,514,9595,9595,NO_RECORDED_FACTOR_PRP_OR_LL_RESULT_AND_NO_ACTIVE_GIMPS_ASSIGNMENT,2026-08-06T12:58:23+00:00,UNALLOCATED,,,,,
SLCMP47-3009,3009,4142,154226687,2^154226687-1,STRUCTURAL_SCREEN_EXHAUSTED_PRIMALITY_UNASSIGNED,FIRST_SINGULARITY_SHELL_EXHAUSTED_PRIMALITY_UNASSIGNED,514,9595,9595,NO_RECORDED_FACTOR_PRP_OR_LL_RESULT_AND_NO_ACTIVE_GIMPS_ASSIGNMENT,2026-08-06T12:58:23+00:00,UNALLOCATED,,,,,
SLCMP47-3010,3010,4143,154226701,2^154226701-1,STRUCTURAL_SCREEN_EXHAUSTED_PRIMALITY_UNASSIGNED,FIRST_SINGULARITY_SHELL_EXHAUSTED_PRIMALITY_UNASSIGNED,513,9595,9595,NO_RECORDED_FACTOR_PRP_OR_LL_RESULT_AND_NO_ACTIVE_GIMPS_ASSIGNMENT,2026-08-06T12:58:23+00:00,UNALLOCATED,,,,,
SLCMP47-3011,3011,4144,154226711,2^154226711-1,STRUCTURAL_SCREEN_EXHAUSTED_PRIMALITY_UNASSIGNED,FIRST_SINGULARITY_SHELL_EXHAUSTED_PRIMALITY_UNASSIGNED,514,9595,9595,NO_RECORDED_FACTOR_PRP_OR_LL_RESULT_AND_NO_ACTIVE_GIMPS_ASSIGNMENT,2026-08-06T12:58:23+00:00,UNALLOCATED,,,,,
SLCMP47-3012,3012,4145,154226867,2^154226867-1,STRUCTURAL_SCREEN_EXHAUSTED_PRIMALITY_UNASSIGNED,FIRST_SINGULARITY_SHELL_EXHAUSTED_PRIMALITY_UNASSIGNED,514,9595,9595,NO_RECORDED_FACTOR_PRP_OR_LL_RESULT_AND_NO_ACTIVE_GIMPS_ASSIGNMENT,2026-08-06T12:58:23+00:00,UNALLOCATED,,,,,
SLCMP47-3013,3013,4146,154226869,2^154226869-1,STRUCTURAL_SCREEN_EXHAUSTED_PRIMALITY_UNASSIGNED,FIRST_SINGULARITY_SHELL_EXHAUSTED_PRIMALITY_UNASSIGNED,513,9595,9595,NO_RECORDED_FACTOR_PRP_OR_LL_RESULT_AND_NO_ACTIVE_GIMPS_ASSIGNMENT,2026-08-06T12:58:23+00:00,UNALLOCATED,,,,,
SLCMP47-3014,3014,4147,154226903,2^154226903-1,STRUCTURAL_SCREEN_EXHAUSTED_PRIMALITY_UNASSIGNED,FIRST_SINGULARITY_SHELL_EXHAUSTED_PRIMALITY_UNASSIGNED,514,9595,9595,NO_RECORDED_FACTOR_PRP_OR_LL_RESULT_AND_NO_ACTIVE_GIMPS_ASSIGNMENT,2026-08-06T12:58:23+00:00,UNALLOCATED,,,,,
SLCMP47-3015,3015,4148,154226923,2^154226923-1,STRUCTURAL_SCREEN_EXHAUSTED_PRIMALITY_UNASSIGNED,FIRST_SINGULARITY_SHELL_EXHAUSTED_PRIMALITY_UNASSIGNED,514,9595,9595,NO_RECORDED_FACTOR_PRP_OR_LL_RESULT_AND_NO_ACTIVE_GIMPS_ASSIGNMENT,2026-08-06T12:58:23+00:00,UNALLOCATED,,,,,
SLCMP47-3016,3016,4149,154226929,2^154226929-1,STRUCTURAL_SCREEN_EXHAUSTED_PRIMALITY_UNASSIGNED,FIRST_SINGULARITY_SHELL_EXHAUSTED_PRIMALITY_UNASSIGNED,513,9595,9595,NO_RECORDED_FACTOR_PRP_OR_LL_RESULT_AND_NO_ACTIVE_GIMPS_ASSIGNMENT,2026-08-06T12:58:23+00:00,UNALLOCATED,,,,,
SLCMP47-3017,3017,4150,154226999,2^154226999-1,STRUCTURAL_SCREEN_EXHAUSTED_PRIMALITY_UNASSIGNED,FIRST_SINGULARITY_SHELL_EXHAUSTED_PRIMALITY_UNASSIGNED,514,9595,9595,NO_RECORDED_FACTOR_PRP_OR_LL_RESULT_AND_NO_ACTIVE_GIMPS_ASSIGNMENT,2026-08-06T12:58:23+00:00,UNALLOCATED,,,,,
SLCMP47-3018,3018,4151,154227013,2^154227013-1,STRUCTURAL_SCREEN_EXHAUSTED_PRIMALITY_UNASSIGNED,FIRST_SINGULARITY_SHELL_EXHAUSTED_PRIMALITY_UNASSIGNED,513,9595,9595,NO_RECORDED_FACTOR_PRP_OR_LL_RESULT_AND_NO_ACTIVE_GIMPS_ASSIGNMENT,2026-08-06T12:58:23+00:00,UNALLOCATED,,,,,
SLCMP47-3019,3019,4152,154227019,2^154227019-1,STRUCTURAL_SCREEN_EXHAUSTED_PRIMALITY_UNASSIGNED,FIRST_SINGULARITY_SHELL_EXHAUSTED_PRIMALITY_UNASSIGNED,514,9595,9595,NO_RECORDED_FACTOR_PRP_OR_LL_RESULT_AND_NO_ACTIVE_GIMPS_ASSIGNMENT,2026-08-06T12:58:23+00:00,UNALLOCATED,,,,,
SLCMP47-3020,3020,4153,154227053,2^154227053-1,STRUCTURAL_SCREEN_EXHAUSTED_PRIMALITY_UNASSIGNED,FIRST_SINGULARITY_SHELL_EXHAUSTED_PRIMALITY_UNASSIGNED,513,9595,9595,NO_RECORDED_FACTOR_PRP_OR_LL_RESULT_AND_NO_ACTIVE_GIMPS_ASSIGNMENT,2026-08-06T12:58:23+00:00,UNALLOCATED,,,,,
SLCMP47-3021,3021,4154,154227097,2^154227097-1,STRUCTURAL_SCREEN_EXHAUSTED_PRIMALITY_UNASSIGNED,FIRST_SINGULARITY_SHELL_EXHAUSTED_PRIMALITY_UNASSIGNED,513,9595,9595,NO_RECORDED_FACTOR_PRP_OR_LL_RESULT_AND_NO_ACTIVE_GIMPS_ASSIGNMENT,2026-08-06T12:58:23+00:00,UNALLOCATED,,,,,
SLCMP47-3022,3022,4155,154227103,2^154227103-1,STRUCTURAL_SCREEN_EXHAUSTED_PRIMALITY_UNASSIGNED,FIRST_SINGULARITY_SHELL_EXHAUSTED_PRIMALITY_UNASSIGNED,514,9595,9595,NO_RECORDED_FACTOR_PRP_OR_LL_RESULT_AND_NO_ACTIVE_GIMPS_ASSIGNMENT,2026-08-06T12:58:23+00:00,UNALLOCATED,,,,,
SLCMP47-3023,3023,4156,154227169,2^154227169-1,STRUCTURAL_SCREEN_EXHAUSTED_PRIMALITY_UNASSIGNED,FIRST_SINGULARITY_SHELL_EXHAUSTED_PRIMALITY_UNASSIGNED,513,9595,9595,NO_RECORDED_FACTOR_PRP_OR_LL_RESULT_AND_NO_ACTIVE_GIMPS_ASSIGNMENT,2026-08-06T12:58:23+00:00,UNALLOCATED,,,,,
SLCMP47-3024,3024,4157,154227181,2^154227181-1,STRUCTURAL_SCREEN_EXHAUSTED_PRIMALITY_UNASSIGNED,FIRST_SINGULARITY_SHELL_EXHAUSTED_PRIMALITY_UNASSIGNED,513,9595,9595,NO_RECORDED_FACTOR_PRP_OR_LL_RESULT_AND_NO_ACTIVE_GIMPS_ASSIGNMENT,2026-08-06T12:58:23+00:00,UNALLOCATED,,,,,
SLCMP47-3025,3025,4158,154227253,2^154227253-1,STRUCTURAL_SCREEN_EXHAUSTED_PRIMALITY_UNASSIGNED,FIRST_SINGULARITY_SHELL_EXHAUSTED_PRIMALITY_UNASSIGNED,513,9595,9595,NO_RECORDED_FACTOR_PRP_OR_LL_RESULT_AND_NO_ACTIVE_GIMPS_ASSIGNMENT,2026-08-06T12:58:23+00:00,UNALLOCATED,,,,,
SLCMP47-3026,3026,4159,154227277,2^154227277-1,STRUCTURAL_SCREEN_EXHAUSTED_PRIMALITY_UNASSIGNED,FIRST_SINGULARITY_SHELL_EXHAUSTED_PRIMALITY_UNASSIGNED,513,9595,9595,NO_RECORDED_FACTOR_PRP_OR_LL_RESULT_AND_NO_ACTIVE_GIMPS_ASSIGNMENT,2026-08-06T12:58:23+00:00,UNALLOCATED,,,,,
SLCMP47-3027,3027,4160,154227329,2^154227329-1,STRUCTURAL_SCREEN_EXHAUSTED_PRIMALITY_UNASSIGNED,FIRST_SINGULARITY_SHELL_EXHAUSTED_PRIMALITY_UNASSIGNED,513,9595,9595,NO_RECORDED_FACTOR_PRP_OR_LL_RESULT_AND_NO_ACTIVE_GIMPS_ASSIGNMENT,2026-08-06T12:58:23+00:00,UNALLOCATED,,,,,
SLCMP47-3028,3028,4161,154227347,2^154227347-1,STRUCTURAL_SCREEN_EXHAUSTED_PRIMALITY_UNASSIGNED,FIRST_SINGULARITY_SHELL_EXHAUSTED_PRIMALITY_UNASSIGNED,514,9595,9595,NO_RECORDED_FACTOR_PRP_OR_LL_RESULT_AND_NO_ACTIVE_GIMPS_ASSIGNMENT,2026-08-06T12:58:23+00:00,UNALLOCATED,,,,,
SLCMP47-3029,3029,4162,154227523,2^154227523-1,STRUCTURAL_SCREEN_EXHAUSTED_PRIMALITY_UNASSIGNED,FIRST_SINGULARITY_SHELL_EXHAUSTED_PRIMALITY_UNASSIGNED,514,9595,9595,NO_RECORDED_FACTOR_PRP_OR_LL_RESULT_AND_NO_ACTIVE_GIMPS_ASSIGNMENT,2026-08-06T12:58:23+00:00,UNALLOCATED,,,,,
SLCMP47-3030,3030,4163,154227533,2^154227533-1,STRUCTURAL_SCREEN_EXHAUSTED_PRIMALITY_UNASSIGNED,FIRST_SINGULARITY_SHELL_EXHAUSTED_PRIMALITY_UNASSIGNED,513,9595,9595,NO_RECORDED_FACTOR_PRP_OR_LL_RESULT_AND_NO_ACTIVE_GIMPS_ASSIGNMENT,2026-08-06T12:58:23+00:00,UNALLOCATED,,,,,
SLCMP47-3031,3031,4164,154227571,2^154227571-1,STRUCTURAL_SCREEN_EXHAUSTED_PRIMALITY_UNASSIGNED,FIRST_SINGULARITY_SHELL_EXHAUSTED_PRIMALITY_UNASSIGNED,514,9595,9595,NO_RECORDED_FACTOR_PRP_OR_LL_RESULT_AND_NO_ACTIVE_GIMPS_ASSIGNMENT,2026-08-06T12:58:23+00:00,UNALLOCATED,,,,,
SLCMP47-3032,3032,4165,154227599,2^154227599-1,STRUCTURAL_SCREEN_EXHAUSTED_PRIMALITY_UNASSIGNED,FIRST_SINGULARITY_SHELL_EXHAUSTED_PRIMALITY_UNASSIGNED,514,9595,9595,NO_RECORDED_FACTOR_PRP_OR_LL_RESULT_AND_NO_ACTIVE_GIMPS_ASSIGNMENT,2026-08-06T12:58:23+00:00,UNALLOCATED,,,,,
SLCMP47-3033,3033,4166,154227641,2^154227641-1,STRUCTURAL_SCREEN_EXHAUSTED_PRIMALITY_UNASSIGNED,FIRST_SINGULARITY_SHELL_EXHAUSTED_PRIMALITY_UNASSIGNED,513,9595,9595,NO_RECORDED_FACTOR_PRP_OR_LL_RESULT_AND_NO_ACTIVE_GIMPS_ASSIGNMENT,2026-08-06T12:58:23+00:00,UNALLOCATED,,,,,
SLCMP47-3034,3034,4167,154227677,2^154227677-1,STRUCTURAL_SCREEN_EXHAUSTED_PRIMALITY_UNASSIGNED,FIRST_SINGULARITY_SHELL_EXHAUSTED_PRIMALITY_UNASSIGNED,513,9595,9595,NO_RECORDED_FACTOR_PRP_OR_LL_RESULT_AND_NO_ACTIVE_GIMPS_ASSIGNMENT,2026-08-06T12:58:23+00:00,UNALLOCATED,,,,,
SLCMP47-3035,3035,4168,154227737,2^154227737-1,STRUCTURAL_SCREEN_EXHAUSTED_PRIMALITY_UNASSIGNED,FIRST_SINGULARITY_SHELL_EXHAUSTED_PRIMALITY_UNASSIGNED,513,9595,9595,NO_RECORDED_FACTOR_PRP_OR_LL_RESULT_AND_NO_ACTIVE_GIMPS_ASSIGNMENT,2026-08-06T12:58:23+00:00,UNALLOCATED,,,,,
SLCMP47-3036,3036,4169,154227743,2^154227743-1,STRUCTURAL_SCREEN_EXHAUSTED_PRIMALITY_UNASSIGNED,FIRST_SINGULARITY_SHELL_EXHAUSTED_PRIMALITY_UNASSIGNED,514,9595,9595,NO_RECORDED_FACTOR_PRP_OR_LL_RESULT_AND_NO_ACTIVE_GIMPS_ASSIGNMENT,2026-08-06T12:58:23+00:00,UNALLOCATED,,,,,
SLCMP47-3037,3037,4170,154227781,2^154227781-1,STRUCTURAL_SCREEN_EXHAUSTED_PRIMALITY_UNASSIGNED,FIRST_SINGULARITY_SHELL_EXHAUSTED_PRIMALITY_UNASSIGNED,513,9595,9595,NO_RECORDED_FACTOR_PRP_OR_LL_RESULT_AND_NO_ACTIVE_GIMPS_ASSIGNMENT,2026-08-06T12:58:23+00:00,UNALLOCATED,,,,,
SLCMP47-3038,3038,4171,154227823,2^154227823-1,STRUCTURAL_SCREEN_EXHAUSTED_PRIMALITY_UNASSIGNED,FIRST_SINGULARITY_SHELL_EXHAUSTED_PRIMALITY_UNASSIGNED,514,9595,9595,NO_RECORDED_FACTOR_PRP_OR_LL_RESULT_AND_NO_ACTIVE_GIMPS_ASSIGNMENT,2026-08-06T12:58:23+00:00,UNALLOCATED,,,,,
SLCMP47-3039,3039,4172,154227863,2^154227863-1,STRUCTURAL_SCREEN_EXHAUSTED_PRIMALITY_UNASSIGNED,FIRST_SINGULARITY_SHELL_EXHAUSTED_PRIMALITY_UNASSIGNED,514,9595,9595,NO_RECORDED_FACTOR_PRP_OR_LL_RESULT_AND_NO_ACTIVE_GIMPS_ASSIGNMENT,2026-08-06T12:58:23+00:00,UNALLOCATED,,,,,
SLCMP47-3040,3040,4174,154227907,2^154227907-1,STRUCTURAL_SCREEN_EXHAUSTED_PRIMALITY_UNASSIGNED,FIRST_SINGULARITY_SHELL_EXHAUSTED_PRIMALITY_UNASSIGNED,514,9595,9595,NO_RECORDED_FACTOR_PRP_OR_LL_RESULT_AND_NO_ACTIVE_GIMPS_ASSIGNMENT,2026-08-06T12:58:23+00:00,UNALLOCATED,,,,,
SLCMP47-3041,3041,4175,154228127,2^154228127-1,STRUCTURAL_SCREEN_EXHAUSTED_PRIMALITY_UNASSIGNED,FIRST_SINGULARITY_SHELL_EXHAUSTED_PRIMALITY_UNASSIGNED,514,9595,9595,NO_RECORDED_FACTOR_PRP_OR_LL_RESULT_AND_NO_ACTIVE_GIMPS_ASSIGNMENT,2026-08-06T12:58:23+00:00,UNALLOCATED,,,,,
SLCMP47-3042,3042,4176,154228141,2^154228141-1,STRUCTURAL_SCREEN_EXHAUSTED_PRIMALITY_UNASSIGNED,FIRST_SINGULARITY_SHELL_EXHAUSTED_PRIMALITY_UNASSIGNED,513,9595,9595,NO_RECORDED_FACTOR_PRP_OR_LL_RESULT_AND_NO_ACTIVE_GIMPS_ASSIGNMENT,2026-08-06T12:58:23+00:00,UNALLOCATED,,,,,
SLCMP47-3043,3043,4177,154228159,2^154228159-1,STRUCTURAL_SCREEN_EXHAUSTED_PRIMALITY_UNASSIGNED,FIRST_SINGULARITY_SHELL_EXHAUSTED_PRIMALITY_UNASSIGNED,514,9595,9595,NO_RECORDED_FACTOR_PRP_OR_LL_RESULT_AND_NO_ACTIVE_GIMPS_ASSIGNMENT,2026-08-06T12:58:23+00:00,UNALLOCATED,,,,,
SLCMP47-3044,3044,4179,154228181,2^154228181-1,STRUCTURAL_SCREEN_EXHAUSTED_PRIMALITY_UNASSIGNED,FIRST_SINGULARITY_SHELL_EXHAUSTED_PRIMALITY_UNASSIGNED,513,9595,9595,NO_RECORDED_FACTOR_PRP_OR_LL_RESULT_AND_NO_ACTIVE_GIMPS_ASSIGNMENT,2026-08-06T12:58:23+00:00,UNALLOCATED,,,,,
SLCMP47-3045,3045,4180,154228213,2^154228213-1,STRUCTURAL_SCREEN_EXHAUSTED_PRIMALITY_UNASSIGNED,FIRST_SINGULARITY_SHELL_EXHAUSTED_PRIMALITY_UNASSIGNED,513,9595,9595,NO_RECORDED_FACTOR_PRP_OR_LL_RESULT_AND_NO_ACTIVE_GIMPS_ASSIGNMENT,2026-08-06T12:58:23+00:00,UNALLOCATED,,,,,
SLCMP47-3046,3046,4181,154228253,2^154228253-1,STRUCTURAL_SCREEN_EXHAUSTED_PRIMALITY_UNASSIGNED,FIRST_SINGULARITY_SHELL_EXHAUSTED_PRIMALITY_UNASSIGNED,513,9595,9595,NO_RECORDED_FACTOR_PRP_OR_LL_RESULT_AND_NO_ACTIVE_GIMPS_ASSIGNMENT,2026-08-06T12:58:23+00:00,UNALLOCATED,,,,,
SLCMP47-3047,3047,4182,154228309,2^154228309-1,STRUCTURAL_SCREEN_EXHAUSTED_PRIMALITY_UNASSIGNED,FIRST_SINGULARITY_SHELL_EXHAUSTED_PRIMALITY_UNASSIGNED,513,9595,9595,NO_RECORDED_FACTOR_PRP_OR_LL_RESULT_AND_NO_ACTIVE_GIMPS_ASSIGNMENT,2026-08-06T12:58:23+00:00,UNALLOCATED,,,,,
SLCMP47-3048,3048,4183,154228397,2^154228397-1,STRUCTURAL_SCREEN_EXHAUSTED_PRIMALITY_UNASSIGNED,FIRST_SINGULARITY_SHELL_EXHAUSTED_PRIMALITY_UNASSIGNED,513,9595,9595,NO_RECORDED_FACTOR_PRP_OR_LL_RESULT_AND_NO_ACTIVE_GIMPS_ASSIGNMENT,2026-08-06T12:58:23+00:00,UNALLOCATED,,,,,
SLCMP47-3049,3049,4184,154228433,2^154228433-1,STRUCTURAL_SCREEN_EXHAUSTED_PRIMALITY_UNASSIGNED,FIRST_SINGULARITY_SHELL_EXHAUSTED_PRIMALITY_UNASSIGNED,513,9595,9595,NO_RECORDED_FACTOR_PRP_OR_LL_RESULT_AND_NO_ACTIVE_GIMPS_ASSIGNMENT,2026-08-06T12:58:23+00:00,UNALLOCATED,,,,,
SLCMP47-3050,3050,4185,154228483,2^154228483-1,STRUCTURAL_SCREEN_EXHAUSTED_PRIMALITY_UNASSIGNED,FIRST_SINGULARITY_SHELL_EXHAUSTED_PRIMALITY_UNASSIGNED,514,9595,9595,NO_RECORDED_FACTOR_PRP_OR_LL_RESULT_AND_NO_ACTIVE_GIMPS_ASSIGNMENT,2026-08-06T12:58:23+00:00,UNALLOCATED,,,,,
SLCMP47-3051,3051,4186,154228493,2^154228493-1,STRUCTURAL_SCREEN_EXHAUSTED_PRIMALITY_UNASSIGNED,FIRST_SINGULARITY_SHELL_EXHAUSTED_PRIMALITY_UNASSIGNED,513,9595,9595,NO_RECORDED_FACTOR_PRP_OR_LL_RESULT_AND_NO_ACTIVE_GIMPS_ASSIGNMENT,2026-08-06T12:58:23+00:00,UNALLOCATED,,,,,
SLCMP47-3052,3052,4187,154228663,2^154228663-1,STRUCTURAL_SCREEN_EXHAUSTED_PRIMALITY_UNASSIGNED,FIRST_SINGULARITY_SHELL_EXHAUSTED_PRIMALITY_UNASSIGNED,514,9595,9595,NO_RECORDED_FACTOR_PRP_OR_LL_RESULT_AND_NO_ACTIVE_GIMPS_ASSIGNMENT,2026-08-06T12:58:23+00:00,UNALLOCATED,,,,,
SLCMP47-3053,3053,4188,154228687,2^154228687-1,STRUCTURAL_SCREEN_EXHAUSTED_PRIMALITY_UNASSIGNED,FIRST_SINGULARITY_SHELL_EXHAUSTED_PRIMALITY_UNASSIGNED,514,9595,9595,NO_RECORDED_FACTOR_PRP_OR_LL_RESULT_AND_NO_ACTIVE_GIMPS_ASSIGNMENT,2026-08-06T12:58:23+00:00,UNALLOCATED,,,,,
SLCMP47-3054,3054,4189,154228703,2^154228703-1,STRUCTURAL_SCREEN_EXHAUSTED_PRIMALITY_UNASSIGNED,FIRST_SINGULARITY_SHELL_EXHAUSTED_PRIMALITY_UNASSIGNED,514,9595,9595,NO_RECORDED_FACTOR_PRP_OR_LL_RESULT_AND_NO_ACTIVE_GIMPS_ASSIGNMENT,2026-08-06T12:58:23+00:00,UNALLOCATED,,,,,
SLCMP47-3055,3055,4190,154228771,2^154228771-1,STRUCTURAL_SCREEN_EXHAUSTED_PRIMALITY_UNASSIGNED,FIRST_SINGULARITY_SHELL_EXHAUSTED_PRIMALITY_UNASSIGNED,514,9595,9595,NO_RECORDED_FACTOR_PRP_OR_LL_RESULT_AND_NO_ACTIVE_GIMPS_ASSIGNMENT,2026-08-06T12:58:23+00:00,UNALLOCATED,,,,,
SLCMP47-3056,3056,4191,154228829,2^154228829-1,STRUCTURAL_SCREEN_EXHAUSTED_PRIMALITY_UNASSIGNED,FIRST_SINGULARITY_SHELL_EXHAUSTED_PRIMALITY_UNASSIGNED,513,9595,9595,NO_RECORDED_FACTOR_PRP_OR_LL_RESULT_AND_NO_ACTIVE_GIMPS_ASSIGNMENT,2026-08-06T12:58:23+00:00,UNALLOCATED,,,,,
SLCMP47-3057,3057,4192,154228853,2^154228853-1,STRUCTURAL_SCREEN_EXHAUSTED_PRIMALITY_UNASSIGNED,FIRST_SINGULARITY_SHELL_EXHAUSTED_PRIMALITY_UNASSIGNED,513,9595,9595,NO_RECORDED_FACTOR_PRP_OR_LL_RESULT_AND_NO_ACTIVE_GIMPS_ASSIGNMENT,2026-08-06T12:58:23+00:00,UNALLOCATED,,,,,
SLCMP47-3058,3058,4194,154228939,2^154228939-1,STRUCTURAL_SCREEN_EXHAUSTED_PRIMALITY_UNASSIGNED,FIRST_SINGULARITY_SHELL_EXHAUSTED_PRIMALITY_UNASSIGNED,514,9595,9595,NO_RECORDED_FACTOR_PRP_OR_LL_RESULT_AND_NO_ACTIVE_GIMPS_ASSIGNMENT,2026-08-06T12:58:23+00:00,UNALLOCATED,,,,,
SLCMP47-3059,3059,4195,154229077,2^154229077-1,STRUCTURAL_SCREEN_EXHAUSTED_PRIMALITY_UNASSIGNED,FIRST_SINGULARITY_SHELL_EXHAUSTED_PRIMALITY_UNASSIGNED,513,9595,9595,NO_RECORDED_FACTOR_PRP_OR_LL_RESULT_AND_NO_ACTIVE_GIMPS_ASSIGNMENT,2026-08-06T12:58:23+00:00,UNALLOCATED,,,,,
SLCMP47-3060,3060,4196,154229161,2^154229161-1,STRUCTURAL_SCREEN_EXHAUSTED_PRIMALITY_UNASSIGNED,FIRST_SINGULARITY_SHELL_EXHAUSTED_PRIMALITY_UNASSIGNED,513,9595,9595,NO_RECORDED_FACTOR_PRP_OR_LL_RESULT_AND_NO_ACTIVE_GIMPS_ASSIGNMENT,2026-08-06T12:58:23+00:00,UNALLOCATED,,,,,
SLCMP47-3061,3061,4197,154229171,2^154229171-1,STRUCTURAL_SCREEN_EXHAUSTED_PRIMALITY_UNASSIGNED,FIRST_SINGULARITY_SHELL_EXHAUSTED_PRIMALITY_UNASSIGNED,514,9595,9595,NO_RECORDED_FACTOR_PRP_OR_LL_RESULT_AND_NO_ACTIVE_GIMPS_ASSIGNMENT,2026-08-06T12:58:23+00:00,UNALLOCATED,,,,,
SLCMP47-3062,3062,4198,154229203,2^154229203-1,STRUCTURAL_SCREEN_EXHAUSTED_PRIMALITY_UNASSIGNED,FIRST_SINGULARITY_SHELL_EXHAUSTED_PRIMALITY_UNASSIGNED,514,9595,9595,NO_RECORDED_FACTOR_PRP_OR_LL_RESULT_AND_NO_ACTIVE_GIMPS_ASSIGNMENT,2026-08-06T12:58:23+00:00,UNALLOCATED,,,,,
SLCMP47-3063,3063,4199,154229227,2^154229227-1,STRUCTURAL_SCREEN_EXHAUSTED_PRIMALITY_UNASSIGNED,FIRST_SINGULARITY_SHELL_EXHAUSTED_PRIMALITY_UNASSIGNED,514,9595,9595,NO_RECORDED_FACTOR_PRP_OR_LL_RESULT_AND_NO_ACTIVE_GIMPS_ASSIGNMENT,2026-08-06T12:58:23+00:00,UNALLOCATED,,,,,
SLCMP47-3064,3064,4200,154229239,2^154229239-1,STRUCTURAL_SCREEN_EXHAUSTED_PRIMALITY_UNASSIGNED,FIRST_SINGULARITY_SHELL_EXHAUSTED_PRIMALITY_UNASSIGNED,514,9595,9595,NO_RECORDED_FACTOR_PRP_OR_LL_RESULT_AND_NO_ACTIVE_GIMPS_ASSIGNMENT,2026-08-06T12:58:23+00:00,UNALLOCATED,,,,,
SLCMP47-3065,3065,4201,154229297,2^154229297-1,STRUCTURAL_SCREEN_EXHAUSTED_PRIMALITY_UNASSIGNED,FIRST_SINGULARITY_SHELL_EXHAUSTED_PRIMALITY_UNASSIGNED,513,9595,9595,NO_RECORDED_FACTOR_PRP_OR_LL_RESULT_AND_NO_ACTIVE_GIMPS_ASSIGNMENT,2026-08-06T12:58:23+00:00,UNALLOCATED,,,,,
SLCMP47-3066,3066,4202,154229333,2^154229333-1,STRUCTURAL_SCREEN_EXHAUSTED_PRIMALITY_UNASSIGNED,FIRST_SINGULARITY_SHELL_EXHAUSTED_PRIMALITY_UNASSIGNED,513,9595,9595,NO_RECORDED_FACTOR_PRP_OR_LL_RESULT_AND_NO_ACTIVE_GIMPS_ASSIGNMENT,2026-08-06T12:58:23+00:00,UNALLOCATED,,,,,
SLCMP47-3067,3067,4203,154229393,2^154229393-1,STRUCTURAL_SCREEN_EXHAUSTED_PRIMALITY_UNASSIGNED,FIRST_SINGULARITY_SHELL_EXHAUSTED_PRIMALITY_UNASSIGNED,513,9595,9595,NO_RECORDED_FACTOR_PRP_OR_LL_RESULT_AND_NO_ACTIVE_GIMPS_ASSIGNMENT,2026-08-06T12:58:23+00:00,UNALLOCATED,,,,,
SLCMP47-3068,3068,4204,154229399,2^154229399-1,STRUCTURAL_SCREEN_EXHAUSTED_PRIMALITY_UNASSIGNED,FIRST_SINGULARITY_SHELL_EXHAUSTED_PRIMALITY_UNASSIGNED,514,9595,9595,NO_RECORDED_FACTOR_PRP_OR_LL_RESULT_AND_NO_ACTIVE_GIMPS_ASSIGNMENT,2026-08-06T12:58:23+00:00,UNALLOCATED,,,,,
SLCMP47-3069,3069,4205,154229447,2^154229447-1,STRUCTURAL_SCREEN_EXHAUSTED_PRIMALITY_UNASSIGNED,FIRST_SINGULARITY_SHELL_EXHAUSTED_PRIMALITY_UNASSIGNED,514,9595,9595,NO_RECORDED_FACTOR_PRP_OR_LL_RESULT_AND_NO_ACTIVE_GIMPS_ASSIGNMENT,2026-08-06T12:58:23+00:00,UNALLOCATED,,,,,
SLCMP47-3070,3070,4206,154229477,2^154229477-1,STRUCTURAL_SCREEN_EXHAUSTED_PRIMALITY_UNASSIGNED,FIRST_SINGULARITY_SHELL_EXHAUSTED_PRIMALITY_UNASSIGNED,513,9595,9595,NO_RECORDED_FACTOR_PRP_OR_LL_RESULT_AND_NO_ACTIVE_GIMPS_ASSIGNMENT,2026-08-06T12:58:23+00:00,UNALLOCATED,,,,,
SLCMP47-3071,3071,4207,154229489,2^154229489-1,STRUCTURAL_SCREEN_EXHAUSTED_PRIMALITY_UNASSIGNED,FIRST_SINGULARITY_SHELL_EXHAUSTED_PRIMALITY_UNASSIGNED,513,9595,9595,NO_RECORDED_FACTOR_PRP_OR_LL_RESULT_AND_NO_ACTIVE_GIMPS_ASSIGNMENT,2026-08-06T12:58:23+00:00,UNALLOCATED,,,,,
SLCMP47-3072,3072,4208,154229501,2^154229501-1,STRUCTURAL_SCREEN_EXHAUSTED_PRIMALITY_UNASSIGNED,FIRST_SINGULARITY_SHELL_EXHAUSTED_PRIMALITY_UNASSIGNED,513,9595,9595,NO_RECORDED_FACTOR_PRP_OR_LL_RESULT_AND_NO_ACTIVE_GIMPS_ASSIGNMENT,2026-08-06T12:58:23+00:00,UNALLOCATED,,,,,
SLCMP47-3073,3073,4209,154229539,2^154229539-1,STRUCTURAL_SCREEN_EXHAUSTED_PRIMALITY_UNASSIGNED,FIRST_SINGULARITY_SHELL_EXHAUSTED_PRIMALITY_UNASSIGNED,514,9595,9595,NO_RECORDED_FACTOR_PRP_OR_LL_RESULT_AND_NO_ACTIVE_GIMPS_ASSIGNMENT,2026-08-06T12:58:23+00:00,UNALLOCATED,,,,,
SLCMP47-3074,3074,4210,154229611,2^154229611-1,STRUCTURAL_SCREEN_EXHAUSTED_PRIMALITY_UNASSIGNED,FIRST_SINGULARITY_SHELL_EXHAUSTED_PRIMALITY_UNASSIGNED,514,9595,9595,NO_RECORDED_FACTOR_PRP_OR_LL_RESULT_AND_NO_ACTIVE_GIMPS_ASSIGNMENT,2026-08-06T12:58:23+00:00,UNALLOCATED,,,,,
SLCMP47-3075,3075,4211,154229683,2^154229683-1,STRUCTURAL_SCREEN_EXHAUSTED_PRIMALITY_UNASSIGNED,FIRST_SINGULARITY_SHELL_EXHAUSTED_PRIMALITY_UNASSIGNED,514,9595,9595,NO_RECORDED_FACTOR_PRP_OR_LL_RESULT_AND_NO_ACTIVE_GIMPS_ASSIGNMENT,2026-08-06T12:58:23+00:00,UNALLOCATED,,,,,
SLCMP47-3076,3076,4212,154229773,2^154229773-1,STRUCTURAL_SCREEN_EXHAUSTED_PRIMALITY_UNASSIGNED,FIRST_SINGULARITY_SHELL_EXHAUSTED_PRIMALITY_UNASSIGNED,513,9595,9595,NO_RECORDED_FACTOR_PRP_OR_LL_RESULT_AND_NO_ACTIVE_GIMPS_ASSIGNMENT,2026-08-06T12:58:23+00:00,UNALLOCATED,,,,,
SLCMP47-3077,3077,4213,154229833,2^154229833-1,STRUCTURAL_SCREEN_EXHAUSTED_PRIMALITY_UNASSIGNED,FIRST_SINGULARITY_SHELL_EXHAUSTED_PRIMALITY_UNASSIGNED,513,9595,9595,NO_RECORDED_FACTOR_PRP_OR_LL_RESULT_AND_NO_ACTIVE_GIMPS_ASSIGNMENT,2026-08-06T12:58:23+00:00,UNALLOCATED,,,,,
SLCMP47-3078,3078,4214,154229839,2^154229839-1,STRUCTURAL_SCREEN_EXHAUSTED_PRIMALITY_UNASSIGNED,FIRST_SINGULARITY_SHELL_EXHAUSTED_PRIMALITY_UNASSIGNED,514,9595,9595,NO_RECORDED_FACTOR_PRP_OR_LL_RESULT_AND_NO_ACTIVE_GIMPS_ASSIGNMENT,2026-08-06T12:58:23+00:00,UNALLOCATED,,,,,
SLCMP47-3079,3079,4216,154230127,2^154230127-1,STRUCTURAL_SCREEN_EXHAUSTED_PRIMALITY_UNASSIGNED,FIRST_SINGULARITY_SHELL_EXHAUSTED_PRIMALITY_UNASSIGNED,514,9595,9595,NO_RECORDED_FACTOR_PRP_OR_LL_RESULT_AND_NO_ACTIVE_GIMPS_ASSIGNMENT,2026-08-06T12:58:23+00:00,UNALLOCATED,,,,,
SLCMP47-3080,3080,4217,154230169,2^154230169-1,STRUCTURAL_SCREEN_EXHAUSTED_PRIMALITY_UNASSIGNED,FIRST_SINGULARITY_SHELL_EXHAUSTED_PRIMALITY_UNASSIGNED,513,9595,9595,NO_RECORDED_FACTOR_PRP_OR_LL_RESULT_AND_NO_ACTIVE_GIMPS_ASSIGNMENT,2026-08-06T12:58:23+00:00,UNALLOCATED,,,,,
SLCMP47-3081,3081,4218,154230191,2^154230191-1,STRUCTURAL_SCREEN_EXHAUSTED_PRIMALITY_UNASSIGNED,FIRST_SINGULARITY_SHELL_EXHAUSTED_PRIMALITY_UNASSIGNED,514,9595,9595,NO_RECORDED_FACTOR_PRP_OR_LL_RESULT_AND_NO_ACTIVE_GIMPS_ASSIGNMENT,2026-08-06T12:58:23+00:00,UNALLOCATED,,,,,
SLCMP47-3082,3082,4219,154230257,2^154230257-1,STRUCTURAL_SCREEN_EXHAUSTED_PRIMALITY_UNASSIGNED,FIRST_SINGULARITY_SHELL_EXHAUSTED_PRIMALITY_UNASSIGNED,513,9595,9595,NO_RECORDED_FACTOR_PRP_OR_LL_RESULT_AND_NO_ACTIVE_GIMPS_ASSIGNMENT,2026-08-06T12:58:23+00:00,UNALLOCATED,,,,,
SLCMP47-3083,3083,4220,154230287,2^154230287-1,STRUCTURAL_SCREEN_EXHAUSTED_PRIMALITY_UNASSIGNED,FIRST_SINGULARITY_SHELL_EXHAUSTED_PRIMALITY_UNASSIGNED,514,9595,9595,NO_RECORDED_FACTOR_PRP_OR_LL_RESULT_AND_NO_ACTIVE_GIMPS_ASSIGNMENT,2026-08-06T12:58:23+00:00,UNALLOCATED,,,,,
SLCMP47-3084,3084,4221,154230431,2^154230431-1,STRUCTURAL_SCREEN_EXHAUSTED_PRIMALITY_UNASSIGNED,FIRST_SINGULARITY_SHELL_EXHAUSTED_PRIMALITY_UNASSIGNED,514,9595,9595,NO_RECORDED_FACTOR_PRP_OR_LL_RESULT_AND_NO_ACTIVE_GIMPS_ASSIGNMENT,2026-08-06T12:58:23+00:00,UNALLOCATED,,,,,
SLCMP47-3085,3085,4222,154230493,2^154230493-1,STRUCTURAL_SCREEN_EXHAUSTED_PRIMALITY_UNASSIGNED,FIRST_SINGULARITY_SHELL_EXHAUSTED_PRIMALITY_UNASSIGNED,513,9595,9595,NO_RECORDED_FACTOR_PRP_OR_LL_RESULT_AND_NO_ACTIVE_GIMPS_ASSIGNMENT,2026-08-06T12:58:23+00:00,UNALLOCATED,,,,,
SLCMP47-3086,3086,4223,154230529,2^154230529-1,STRUCTURAL_SCREEN_EXHAUSTED_PRIMALITY_UNASSIGNED,FIRST_SINGULARITY_SHELL_EXHAUSTED_PRIMALITY_UNASSIGNED,513,9595,9595,NO_RECORDED_FACTOR_PRP_OR_LL_RESULT_AND_NO_ACTIVE_GIMPS_ASSIGNMENT,2026-08-06T12:58:23+00:00,UNALLOCATED,,,,,
SLCMP47-3087,3087,4224,154230589,2^154230589-1,STRUCTURAL_SCREEN_EXHAUSTED_PRIMALITY_UNASSIGNED,FIRST_SINGULARITY_SHELL_EXHAUSTED_PRIMALITY_UNASSIGNED,513,9595,9595,NO_RECORDED_FACTOR_PRP_OR_LL_RESULT_AND_NO_ACTIVE_GIMPS_ASSIGNMENT,2026-08-06T12:58:23+00:00,UNALLOCATED,,,,,
SLCMP47-3088,3088,4225,154230667,2^154230667-1,STRUCTURAL_SCREEN_EXHAUSTED_PRIMALITY_UNASSIGNED,FIRST_SINGULARITY_SHELL_EXHAUSTED_PRIMALITY_UNASSIGNED,514,9595,9595,NO_RECORDED_FACTOR_PRP_OR_LL_RESULT_AND_NO_ACTIVE_GIMPS_ASSIGNMENT,2026-08-06T12:58:23+00:00,UNALLOCATED,,,,,
SLCMP47-3089,3089,4226,154230701,2^154230701-1,STRUCTURAL_SCREEN_EXHAUSTED_PRIMALITY_UNASSIGNED,FIRST_SINGULARITY_SHELL_EXHAUSTED_PRIMALITY_UNASSIGNED,513,9595,9595,NO_RECORDED_FACTOR_PRP_OR_LL_RESULT_AND_NO_ACTIVE_GIMPS_ASSIGNMENT,2026-08-06T12:58:23+00:00,UNALLOCATED,,,,,
SLCMP47-3090,3090,4227,154230757,2^154230757-1,STRUCTURAL_SCREEN_EXHAUSTED_PRIMALITY_UNASSIGNED,FIRST_SINGULARITY_SHELL_EXHAUSTED_PRIMALITY_UNASSIGNED,513,9595,9595,NO_RECORDED_FACTOR_PRP_OR_LL_RESULT_AND_NO_ACTIVE_GIMPS_ASSIGNMENT,2026-08-06T12:58:23+00:00,UNALLOCATED,,,,,
SLCMP47-3091,3091,4229,154230907,2^154230907-1,STRUCTURAL_SCREEN_EXHAUSTED_PRIMALITY_UNASSIGNED,FIRST_SINGULARITY_SHELL_EXHAUSTED_PRIMALITY_UNASSIGNED,514,9595,9595,NO_RECORDED_FACTOR_PRP_OR_LL_RESULT_AND_NO_ACTIVE_GIMPS_ASSIGNMENT,2026-08-06T12:58:23+00:00,UNALLOCATED,,,,,
SLCMP47-3092,3092,4230,154230929,2^154230929-1,STRUCTURAL_SCREEN_EXHAUSTED_PRIMALITY_UNASSIGNED,FIRST_SINGULARITY_SHELL_EXHAUSTED_PRIMALITY_UNASSIGNED,513,9595,9595,NO_RECORDED_FACTOR_PRP_OR_LL_RESULT_AND_NO_ACTIVE_GIMPS_ASSIGNMENT,2026-08-06T12:58:23+00:00,UNALLOCATED,,,,,
SLCMP47-3093,3093,4231,154230949,2^154230949-1,STRUCTURAL_SCREEN_EXHAUSTED_PRIMALITY_UNASSIGNED,FIRST_SINGULARITY_SHELL_EXHAUSTED_PRIMALITY_UNASSIGNED,513,9595,9595,NO_RECORDED_FACTOR_PRP_OR_LL_RESULT_AND_NO_ACTIVE_GIMPS_ASSIGNMENT,2026-08-06T12:58:23+00:00,UNALLOCATED,,,,,
SLCMP47-3094,3094,4232,154231061,2^154231061-1,STRUCTURAL_SCREEN_EXHAUSTED_PRIMALITY_UNASSIGNED,FIRST_SINGULARITY_SHELL_EXHAUSTED_PRIMALITY_UNASSIGNED,513,9595,9595,NO_RECORDED_FACTOR_PRP_OR_LL_RESULT_AND_NO_ACTIVE_GIMPS_ASSIGNMENT,2026-08-06T12:58:23+00:00,UNALLOCATED,,,,,
SLCMP47-3095,3095,4233,154231087,2^154231087-1,STRUCTURAL_SCREEN_EXHAUSTED_PRIMALITY_UNASSIGNED,FIRST_SINGULARITY_SHELL_EXHAUSTED_PRIMALITY_UNASSIGNED,514,9595,9595,NO_RECORDED_FACTOR_PRP_OR_LL_RESULT_AND_NO_ACTIVE_GIMPS_ASSIGNMENT,2026-08-06T12:58:23+00:00,UNALLOCATED,,,,,
SLCMP47-3096,3096,4234,154231201,2^154231201-1,STRUCTURAL_SCREEN_EXHAUSTED_PRIMALITY_UNASSIGNED,FIRST_SINGULARITY_SHELL_EXHAUSTED_PRIMALITY_UNASSIGNED,513,9595,9595,NO_RECORDED_FACTOR_PRP_OR_LL_RESULT_AND_NO_ACTIVE_GIMPS_ASSIGNMENT,2026-08-06T12:58:23+00:00,UNALLOCATED,,,,,
SLCMP47-3097,3097,4235,154231373,2^154231373-1,STRUCTURAL_SCREEN_EXHAUSTED_PRIMALITY_UNASSIGNED,FIRST_SINGULARITY_SHELL_EXHAUSTED_PRIMALITY_UNASSIGNED,513,9595,9595,NO_RECORDED_FACTOR_PRP_OR_LL_RESULT_AND_NO_ACTIVE_GIMPS_ASSIGNMENT,2026-08-06T12:58:23+00:00,UNALLOCATED,,,,,
SLCMP47-3098,3098,4236,154231589,2^154231589-1,STRUCTURAL_SCREEN_EXHAUSTED_PRIMALITY_UNASSIGNED,FIRST_SINGULARITY_SHELL_EXHAUSTED_PRIMALITY_UNASSIGNED,513,9595,9595,NO_RECORDED_FACTOR_PRP_OR_LL_RESULT_AND_NO_ACTIVE_GIMPS_ASSIGNMENT,2026-08-06T12:58:23+00:00,UNALLOCATED,,,,,
SLCMP47-3099,3099,4237,154231613,2^154231613-1,STRUCTURAL_SCREEN_EXHAUSTED_PRIMALITY_UNASSIGNED,FIRST_SINGULARITY_SHELL_EXHAUSTED_PRIMALITY_UNASSIGNED,513,9595,9595,NO_RECORDED_FACTOR_PRP_OR_LL_RESULT_AND_NO_ACTIVE_GIMPS_ASSIGNMENT,2026-08-06T12:58:23+00:00,UNALLOCATED,,,,,
SLCMP47-3100,3100,4238,154231639,2^154231639-1,STRUCTURAL_SCREEN_EXHAUSTED_PRIMALITY_UNASSIGNED,FIRST_SINGULARITY_SHELL_EXHAUSTED_PRIMALITY_UNASSIGNED,514,9595,9595,NO_RECORDED_FACTOR_PRP_OR_LL_RESULT_AND_NO_ACTIVE_GIMPS_ASSIGNMENT,2026-08-06T12:58:23+00:00,UNALLOCATED,,,,,
SLCMP47-3101,3101,4239,154231663,2^154231663-1,STRUCTURAL_SCREEN_EXHAUSTED_PRIMALITY_UNASSIGNED,FIRST_SINGULARITY_SHELL_EXHAUSTED_PRIMALITY_UNASSIGNED,514,9595,9595,NO_RECORDED_FACTOR_PRP_OR_LL_RESULT_AND_NO_ACTIVE_GIMPS_ASSIGNMENT,2026-08-06T12:58:23+00:00,UNALLOCATED,,,,,
SLCMP47-3102,3102,4241,154231829,2^154231829-1,STRUCTURAL_SCREEN_EXHAUSTED_PRIMALITY_UNASSIGNED,FIRST_SINGULARITY_SHELL_EXHAUSTED_PRIMALITY_UNASSIGNED,513,9595,9595,NO_RECORDED_FACTOR_PRP_OR_LL_RESULT_AND_NO_ACTIVE_GIMPS_ASSIGNMENT,2026-08-06T12:58:23+00:00,UNALLOCATED,,,,,
SLCMP47-3103,3103,4242,154231849,2^154231849-1,STRUCTURAL_SCREEN_EXHAUSTED_PRIMALITY_UNASSIGNED,FIRST_SINGULARITY_SHELL_EXHAUSTED_PRIMALITY_UNASSIGNED,513,9595,9595,NO_RECORDED_FACTOR_PRP_OR_LL_RESULT_AND_NO_ACTIVE_GIMPS_ASSIGNMENT,2026-08-06T12:58:23+00:00,UNALLOCATED,,,,,
SLCMP47-3104,3104,4243,154231907,2^154231907-1,STRUCTURAL_SCREEN_EXHAUSTED_PRIMALITY_UNASSIGNED,FIRST_SINGULARITY_SHELL_EXHAUSTED_PRIMALITY_UNASSIGNED,514,9595,9595,NO_RECORDED_FACTOR_PRP_OR_LL_RESULT_AND_NO_ACTIVE_GIMPS_ASSIGNMENT,2026-08-06T12:58:23+00:00,UNALLOCATED,,,,,
SLCMP47-3105,3105,4244,154231967,2^154231967-1,STRUCTURAL_SCREEN_EXHAUSTED_PRIMALITY_UNASSIGNED,FIRST_SINGULARITY_SHELL_EXHAUSTED_PRIMALITY_UNASSIGNED,514,9595,9595,NO_RECORDED_FACTOR_PRP_OR_LL_RESULT_AND_NO_ACTIVE_GIMPS_ASSIGNMENT,2026-08-06T12:58:23+00:00,UNALLOCATED,,,,,
SLCMP47-3106,3106,4245,154232027,2^154232027-1,STRUCTURAL_SCREEN_EXHAUSTED_PRIMALITY_UNASSIGNED,FIRST_SINGULARITY_SHELL_EXHAUSTED_PRIMALITY_UNASSIGNED,514,9595,9595,NO_RECORDED_FACTOR_PRP_OR_LL_RESULT_AND_NO_ACTIVE_GIMPS_ASSIGNMENT,2026-08-06T12:58:23+00:00,UNALLOCATED,,,,,
SLCMP47-3107,3107,4246,154232033,2^154232033-1,STRUCTURAL_SCREEN_EXHAUSTED_PRIMALITY_UNASSIGNED,FIRST_SINGULARITY_SHELL_EXHAUSTED_PRIMALITY_UNASSIGNED,513,9595,9595,NO_RECORDED_FACTOR_PRP_OR_LL_RESULT_AND_NO_ACTIVE_GIMPS_ASSIGNMENT,2026-08-06T12:58:23+00:00,UNALLOCATED,,,,,
SLCMP47-3108,3108,4247,154232081,2^154232081-1,STRUCTURAL_SCREEN_EXHAUSTED_PRIMALITY_UNASSIGNED,FIRST_SINGULARITY_SHELL_EXHAUSTED_PRIMALITY_UNASSIGNED,513,9595,9595,NO_RECORDED_FACTOR_PRP_OR_LL_RESULT_AND_NO_ACTIVE_GIMPS_ASSIGNMENT,2026-08-06T12:58:23+00:00,UNALLOCATED,,,,,
SLCMP47-3109,3109,4248,154232147,2^154232147-1,STRUCTURAL_SCREEN_EXHAUSTED_PRIMALITY_UNASSIGNED,FIRST_SINGULARITY_SHELL_EXHAUSTED_PRIMALITY_UNASSIGNED,514,9595,9595,NO_RECORDED_FACTOR_PRP_OR_LL_RESULT_AND_NO_ACTIVE_GIMPS_ASSIGNMENT,2026-08-06T12:58:23+00:00,UNALLOCATED,,,,,
SLCMP47-3110,3110,4249,154232153,2^154232153-1,STRUCTURAL_SCREEN_EXHAUSTED_PRIMALITY_UNASSIGNED,FIRST_SINGULARITY_SHELL_EXHAUSTED_PRIMALITY_UNASSIGNED,513,9595,9595,NO_RECORDED_FACTOR_PRP_OR_LL_RESULT_AND_NO_ACTIVE_GIMPS_ASSIGNMENT,2026-08-06T12:58:23+00:00,UNALLOCATED,,,,,
SLCMP47-3111,3111,4250,154232203,2^154232203-1,STRUCTURAL_SCREEN_EXHAUSTED_PRIMALITY_UNASSIGNED,FIRST_SINGULARITY_SHELL_EXHAUSTED_PRIMALITY_UNASSIGNED,514,9595,9595,NO_RECORDED_FACTOR_PRP_OR_LL_RESULT_AND_NO_ACTIVE_GIMPS_ASSIGNMENT,2026-08-06T12:58:23+00:00,UNALLOCATED,,,,,
SLCMP47-3112,3112,4251,154232251,2^154232251-1,STRUCTURAL_SCREEN_EXHAUSTED_PRIMALITY_UNASSIGNED,FIRST_SINGULARITY_SHELL_EXHAUSTED_PRIMALITY_UNASSIGNED,514,9595,9595,NO_RECORDED_FACTOR_PRP_OR_LL_RESULT_AND_NO_ACTIVE_GIMPS_ASSIGNMENT,2026-08-06T12:58:23+00:00,UNALLOCATED,,,,,
SLCMP47-3113,3113,4252,154232257,2^154232257-1,STRUCTURAL_SCREEN_EXHAUSTED_PRIMALITY_UNASSIGNED,FIRST_SINGULARITY_SHELL_EXHAUSTED_PRIMALITY_UNASSIGNED,513,9595,9595,NO_RECORDED_FACTOR_PRP_OR_LL_RESULT_AND_NO_ACTIVE_GIMPS_ASSIGNMENT,2026-08-06T12:58:23+00:00,UNALLOCATED,,,,,
SLCMP47-3114,3114,4253,154232269,2^154232269-1,STRUCTURAL_SCREEN_EXHAUSTED_PRIMALITY_UNASSIGNED,FIRST_SINGULARITY_SHELL_EXHAUSTED_PRIMALITY_UNASSIGNED,513,9595,9595,NO_RECORDED_FACTOR_PRP_OR_LL_RESULT_AND_NO_ACTIVE_GIMPS_ASSIGNMENT,2026-08-06T12:58:23+00:00,UNALLOCATED,,,,,
SLCMP47-3115,3115,4254,154232321,2^154232321-1,STRUCTURAL_SCREEN_EXHAUSTED_PRIMALITY_UNASSIGNED,FIRST_SINGULARITY_SHELL_EXHAUSTED_PRIMALITY_UNASSIGNED,513,9595,9595,NO_RECORDED_FACTOR_PRP_OR_LL_RESULT_AND_NO_ACTIVE_GIMPS_ASSIGNMENT,2026-08-06T12:58:23+00:00,UNALLOCATED,,,,,
SLCMP47-3116,3116,4255,154232369,2^154232369-1,STRUCTURAL_SCREEN_EXHAUSTED_PRIMALITY_UNASSIGNED,FIRST_SINGULARITY_SHELL_EXHAUSTED_PRIMALITY_UNASSIGNED,513,9595,9595,NO_RECORDED_FACTOR_PRP_OR_LL_RESULT_AND_NO_ACTIVE_GIMPS_ASSIGNMENT,2026-08-06T12:58:23+00:00,UNALLOCATED,,,,,
SLCMP47-3117,3117,4256,154232389,2^154232389-1,STRUCTURAL_SCREEN_EXHAUSTED_PRIMALITY_UNASSIGNED,FIRST_SINGULARITY_SHELL_EXHAUSTED_PRIMALITY_UNASSIGNED,513,9595,9595,NO_RECORDED_FACTOR_PRP_OR_LL_RESULT_AND_NO_ACTIVE_GIMPS_ASSIGNMENT,2026-08-06T12:58:23+00:00,UNALLOCATED,,,,,
SLCMP47-3118,3118,4257,154232399,2^154232399-1,STRUCTURAL_SCREEN_EXHAUSTED_PRIMALITY_UNASSIGNED,FIRST_SINGULARITY_SHELL_EXHAUSTED_PRIMALITY_UNASSIGNED,514,9595,9595,NO_RECORDED_FACTOR_PRP_OR_LL_RESULT_AND_NO_ACTIVE_GIMPS_ASSIGNMENT,2026-08-06T12:58:23+00:00,UNALLOCATED,,,,,
SLCMP47-3119,3119,4258,154232501,2^154232501-1,STRUCTURAL_SCREEN_EXHAUSTED_PRIMALITY_UNASSIGNED,FIRST_SINGULARITY_SHELL_EXHAUSTED_PRIMALITY_UNASSIGNED,513,9595,9595,NO_RECORDED_FACTOR_PRP_OR_LL_RESULT_AND_NO_ACTIVE_GIMPS_ASSIGNMENT,2026-08-06T12:58:23+00:00,UNALLOCATED,,,,,
SLCMP47-3120,3120,4259,154232513,2^154232513-1,STRUCTURAL_SCREEN_EXHAUSTED_PRIMALITY_UNASSIGNED,FIRST_SINGULARITY_SHELL_EXHAUSTED_PRIMALITY_UNASSIGNED,513,9595,9595,NO_RECORDED_FACTOR_PRP_OR_LL_RESULT_AND_NO_ACTIVE_GIMPS_ASSIGNMENT,2026-08-06T12:58:23+00:00,UNALLOCATED,,,,,
SLCMP47-3121,3121,4260,154232587,2^154232587-1,STRUCTURAL_SCREEN_EXHAUSTED_PRIMALITY_UNASSIGNED,FIRST_SINGULARITY_SHELL_EXHAUSTED_PRIMALITY_UNASSIGNED,514,9595,9595,NO_RECORDED_FACTOR_PRP_OR_LL_RESULT_AND_NO_ACTIVE_GIMPS_ASSIGNMENT,2026-08-06T12:58:23+00:00,UNALLOCATED,,,,,
SLCMP47-3122,3122,4261,154232681,2^154232681-1,STRUCTURAL_SCREEN_EXHAUSTED_PRIMALITY_UNASSIGNED,FIRST_SINGULARITY_SHELL_EXHAUSTED_PRIMALITY_UNASSIGNED,513,9595,9595,NO_RECORDED_FACTOR_PRP_OR_LL_RESULT_AND_NO_ACTIVE_GIMPS_ASSIGNMENT,2026-08-06T12:58:23+00:00,UNALLOCATED,,,,,
SLCMP47-3123,3123,4262,154232699,2^154232699-1,STRUCTURAL_SCREEN_EXHAUSTED_PRIMALITY_UNASSIGNED,FIRST_SINGULARITY_SHELL_EXHAUSTED_PRIMALITY_UNASSIGNED,514,9595,9595,NO_RECORDED_FACTOR_PRP_OR_LL_RESULT_AND_NO_ACTIVE_GIMPS_ASSIGNMENT,2026-08-06T12:58:23+00:00,UNALLOCATED,,,,,
SLCMP47-3124,3124,4263,154232707,2^154232707-1,STRUCTURAL_SCREEN_EXHAUSTED_PRIMALITY_UNASSIGNED,FIRST_SINGULARITY_SHELL_EXHAUSTED_PRIMALITY_UNASSIGNED,514,9595,9595,NO_RECORDED_FACTOR_PRP_OR_LL_RESULT_AND_NO_ACTIVE_GIMPS_ASSIGNMENT,2026-08-06T12:58:23+00:00,UNALLOCATED,,,,,
SLCMP47-3125,3125,4264,154232801,2^154232801-1,STRUCTURAL_SCREEN_EXHAUSTED_PRIMALITY_UNASSIGNED,FIRST_SINGULARITY_SHELL_EXHAUSTED_PRIMALITY_UNASSIGNED,513,9595,9595,NO_RECORDED_FACTOR_PRP_OR_LL_RESULT_AND_NO_ACTIVE_GIMPS_ASSIGNMENT,2026-08-06T12:58:23+00:00,UNALLOCATED,,,,,
SLCMP47-3126,3126,4265,154232807,2^154232807-1,STRUCTURAL_SCREEN_EXHAUSTED_PRIMALITY_UNASSIGNED,FIRST_SINGULARITY_SHELL_EXHAUSTED_PRIMALITY_UNASSIGNED,514,9595,9595,NO_RECORDED_FACTOR_PRP_OR_LL_RESULT_AND_NO_ACTIVE_GIMPS_ASSIGNMENT,2026-08-06T12:58:23+00:00,UNALLOCATED,,,,,
SLCMP47-3127,3127,4266,154232839,2^154232839-1,STRUCTURAL_SCREEN_EXHAUSTED_PRIMALITY_UNASSIGNED,FIRST_SINGULARITY_SHELL_EXHAUSTED_PRIMALITY_UNASSIGNED,514,9595,9595,NO_RECORDED_FACTOR_PRP_OR_LL_RESULT_AND_NO_ACTIVE_GIMPS_ASSIGNMENT,2026-08-06T12:58:23+00:00,UNALLOCATED,,,,,
SLCMP47-3128,3128,4267,154232977,2^154232977-1,STRUCTURAL_SCREEN_EXHAUSTED_PRIMALITY_UNASSIGNED,FIRST_SINGULARITY_SHELL_EXHAUSTED_PRIMALITY_UNASSIGNED,513,9595,9595,NO_RECORDED_FACTOR_PRP_OR_LL_RESULT_AND_NO_ACTIVE_GIMPS_ASSIGNMENT,2026-08-06T12:58:23+00:00,UNALLOCATED,,,,,
SLCMP47-3129,3129,4268,154233047,2^154233047-1,STRUCTURAL_SCREEN_EXHAUSTED_PRIMALITY_UNASSIGNED,FIRST_SINGULARITY_SHELL_EXHAUSTED_PRIMALITY_UNASSIGNED,514,9595,9595,NO_RECORDED_FACTOR_PRP_OR_LL_RESULT_AND_NO_ACTIVE_GIMPS_ASSIGNMENT,2026-08-06T12:58:23+00:00,UNALLOCATED,,,,,
SLCMP47-3130,3130,4269,154233059,2^154233059-1,STRUCTURAL_SCREEN_EXHAUSTED_PRIMALITY_UNASSIGNED,FIRST_SINGULARITY_SHELL_EXHAUSTED_PRIMALITY_UNASSIGNED,514,9595,9595,NO_RECORDED_FACTOR_PRP_OR_LL_RESULT_AND_NO_ACTIVE_GIMPS_ASSIGNMENT,2026-08-06T12:58:23+00:00,UNALLOCATED,,,,,
SLCMP47-3131,3131,4270,154233097,2^154233097-1,STRUCTURAL_SCREEN_EXHAUSTED_PRIMALITY_UNASSIGNED,FIRST_SINGULARITY_SHELL_EXHAUSTED_PRIMALITY_UNASSIGNED,513,9595,9595,NO_RECORDED_FACTOR_PRP_OR_LL_RESULT_AND_NO_ACTIVE_GIMPS_ASSIGNMENT,2026-08-06T12:58:23+00:00,UNALLOCATED,,,,,
SLCMP47-3132,3132,4271,154233143,2^154233143-1,STRUCTURAL_SCREEN_EXHAUSTED_PRIMALITY_UNASSIGNED,FIRST_SINGULARITY_SHELL_EXHAUSTED_PRIMALITY_UNASSIGNED,514,9595,9595,NO_RECORDED_FACTOR_PRP_OR_LL_RESULT_AND_NO_ACTIVE_GIMPS_ASSIGNMENT,2026-08-06T12:58:23+00:00,UNALLOCATED,,,,,
SLCMP47-3133,3133,4272,154233293,2^154233293-1,STRUCTURAL_SCREEN_EXHAUSTED_PRIMALITY_UNASSIGNED,FIRST_SINGULARITY_SHELL_EXHAUSTED_PRIMALITY_UNASSIGNED,513,9595,9595,NO_RECORDED_FACTOR_PRP_OR_LL_RESULT_AND_NO_ACTIVE_GIMPS_ASSIGNMENT,2026-08-06T12:58:23+00:00,UNALLOCATED,,,,,
SLCMP47-3134,3134,4273,154233379,2^154233379-1,STRUCTURAL_SCREEN_EXHAUSTED_PRIMALITY_UNASSIGNED,FIRST_SINGULARITY_SHELL_EXHAUSTED_PRIMALITY_UNASSIGNED,514,9595,9595,NO_RECORDED_FACTOR_PRP_OR_LL_RESULT_AND_NO_ACTIVE_GIMPS_ASSIGNMENT,2026-08-06T12:58:23+00:00,UNALLOCATED,,,,,
SLCMP47-3135,3135,4274,154233407,2^154233407-1,STRUCTURAL_SCREEN_EXHAUSTED_PRIMALITY_UNASSIGNED,FIRST_SINGULARITY_SHELL_EXHAUSTED_PRIMALITY_UNASSIGNED,514,9595,9595,NO_RECORDED_FACTOR_PRP_OR_LL_RESULT_AND_NO_ACTIVE_GIMPS_ASSIGNMENT,2026-08-06T12:58:23+00:00,UNALLOCATED,,,,,
SLCMP47-3136,3136,4280,154233907,2^154233907-1,STRUCTURAL_SCREEN_EXHAUSTED_PRIMALITY_UNASSIGNED,FIRST_SINGULARITY_SHELL_EXHAUSTED_PRIMALITY_UNASSIGNED,514,9595,9595,NO_RECORDED_FACTOR_PRP_OR_LL_RESULT_AND_NO_ACTIVE_GIMPS_ASSIGNMENT,2026-08-06T12:58:23+00:00,UNALLOCATED,,,,,
SLCMP47-3137,3137,4281,154233941,2^154233941-1,STRUCTURAL_SCREEN_EXHAUSTED_PRIMALITY_UNASSIGNED,FIRST_SINGULARITY_SHELL_EXHAUSTED_PRIMALITY_UNASSIGNED,513,9595,9595,NO_RECORDED_FACTOR_PRP_OR_LL_RESULT_AND_NO_ACTIVE_GIMPS_ASSIGNMENT,2026-08-06T12:58:23+00:00,UNALLOCATED,,,,,
SLCMP47-3138,3138,4282,154234009,2^154234009-1,STRUCTURAL_SCREEN_EXHAUSTED_PRIMALITY_UNASSIGNED,FIRST_SINGULARITY_SHELL_EXHAUSTED_PRIMALITY_UNASSIGNED,513,9595,9595,NO_RECORDED_FACTOR_PRP_OR_LL_RESULT_AND_NO_ACTIVE_GIMPS_ASSIGNMENT,2026-08-06T12:58:23+00:00,UNALLOCATED,,,,,
SLCMP47-3139,3139,4283,154234043,2^154234043-1,STRUCTURAL_SCREEN_EXHAUSTED_PRIMALITY_UNASSIGNED,FIRST_SINGULARITY_SHELL_EXHAUSTED_PRIMALITY_UNASSIGNED,514,9595,9595,NO_RECORDED_FACTOR_PRP_OR_LL_RESULT_AND_NO_ACTIVE_GIMPS_ASSIGNMENT,2026-08-06T12:58:23+00:00,UNALLOCATED,,,,,
SLCMP47-3140,3140,4284,154234057,2^154234057-1,STRUCTURAL_SCREEN_EXHAUSTED_PRIMALITY_UNASSIGNED,FIRST_SINGULARITY_SHELL_EXHAUSTED_PRIMALITY_UNASSIGNED,513,9595,9595,NO_RECORDED_FACTOR_PRP_OR_LL_RESULT_AND_NO_ACTIVE_GIMPS_ASSIGNMENT,2026-08-06T12:58:23+00:00,UNALLOCATED,,,,,
SLCMP47-3141,3141,4285,154234121,2^154234121-1,STRUCTURAL_SCREEN_EXHAUSTED_PRIMALITY_UNASSIGNED,FIRST_SINGULARITY_SHELL_EXHAUSTED_PRIMALITY_UNASSIGNED,513,9595,9595,NO_RECORDED_FACTOR_PRP_OR_LL_RESULT_AND_NO_ACTIVE_GIMPS_ASSIGNMENT,2026-08-06T12:58:23+00:00,UNALLOCATED,,,,,
SLCMP47-3142,3142,4286,154234127,2^154234127-1,STRUCTURAL_SCREEN_EXHAUSTED_PRIMALITY_UNASSIGNED,FIRST_SINGULARITY_SHELL_EXHAUSTED_PRIMALITY_UNASSIGNED,514,9595,9595,NO_RECORDED_FACTOR_PRP_OR_LL_RESULT_AND_NO_ACTIVE_GIMPS_ASSIGNMENT,2026-08-06T12:58:23+00:00,UNALLOCATED,,,,,
SLCMP47-3143,3143,4287,154234139,2^154234139-1,STRUCTURAL_SCREEN_EXHAUSTED_PRIMALITY_UNASSIGNED,FIRST_SINGULARITY_SHELL_EXHAUSTED_PRIMALITY_UNASSIGNED,514,9595,9595,NO_RECORDED_FACTOR_PRP_OR_LL_RESULT_AND_NO_ACTIVE_GIMPS_ASSIGNMENT,2026-08-06T12:58:23+00:00,UNALLOCATED,,,,,
SLCMP47-3144,3144,4288,154234247,2^154234247-1,STRUCTURAL_SCREEN_EXHAUSTED_PRIMALITY_UNASSIGNED,FIRST_SINGULARITY_SHELL_EXHAUSTED_PRIMALITY_UNASSIGNED,514,9595,9595,NO_RECORDED_FACTOR_PRP_OR_LL_RESULT_AND_NO_ACTIVE_GIMPS_ASSIGNMENT,2026-08-06T12:58:23+00:00,UNALLOCATED,,,,,
SLCMP47-3145,3145,4289,154234417,2^154234417-1,STRUCTURAL_SCREEN_EXHAUSTED_PRIMALITY_UNASSIGNED,FIRST_SINGULARITY_SHELL_EXHAUSTED_PRIMALITY_UNASSIGNED,513,9595,9595,NO_RECORDED_FACTOR_PRP_OR_LL_RESULT_AND_NO_ACTIVE_GIMPS_ASSIGNMENT,2026-08-06T12:58:23+00:00,UNALLOCATED,,,,,
SLCMP47-3146,3146,4290,154234543,2^154234543-1,STRUCTURAL_SCREEN_EXHAUSTED_PRIMALITY_UNASSIGNED,FIRST_SINGULARITY_SHELL_EXHAUSTED_PRIMALITY_UNASSIGNED,514,9595,9595,NO_RECORDED_FACTOR_PRP_OR_LL_RESULT_AND_NO_ACTIVE_GIMPS_ASSIGNMENT,2026-08-06T12:58:23+00:00,UNALLOCATED,,,,,
SLCMP47-3147,3147,4291,154234547,2^154234547-1,STRUCTURAL_SCREEN_EXHAUSTED_PRIMALITY_UNASSIGNED,FIRST_SINGULARITY_SHELL_EXHAUSTED_PRIMALITY_UNASSIGNED,514,9595,9595,NO_RECORDED_FACTOR_PRP_OR_LL_RESULT_AND_NO_ACTIVE_GIMPS_ASSIGNMENT,2026-08-06T12:58:23+00:00,UNALLOCATED,,,,,
SLCMP47-3148,3148,4292,154234741,2^154234741-1,STRUCTURAL_SCREEN_EXHAUSTED_PRIMALITY_UNASSIGNED,FIRST_SINGULARITY_SHELL_EXHAUSTED_PRIMALITY_UNASSIGNED,513,9595,9595,NO_RECORDED_FACTOR_PRP_OR_LL_RESULT_AND_NO_ACTIVE_GIMPS_ASSIGNMENT,2026-08-06T12:58:23+00:00,UNALLOCATED,,,,,
SLCMP47-3149,3149,4293,154234793,2^154234793-1,STRUCTURAL_SCREEN_EXHAUSTED_PRIMALITY_UNASSIGNED,FIRST_SINGULARITY_SHELL_EXHAUSTED_PRIMALITY_UNASSIGNED,513,9595,9595,NO_RECORDED_FACTOR_PRP_OR_LL_RESULT_AND_NO_ACTIVE_GIMPS_ASSIGNMENT,2026-08-06T12:58:23+00:00,UNALLOCATED,,,,,
SLCMP47-3150,3150,4294,154234867,2^154234867-1,STRUCTURAL_SCREEN_EXHAUSTED_PRIMALITY_UNASSIGNED,FIRST_SINGULARITY_SHELL_EXHAUSTED_PRIMALITY_UNASSIGNED,514,9595,9595,NO_RECORDED_FACTOR_PRP_OR_LL_RESULT_AND_NO_ACTIVE_GIMPS_ASSIGNMENT,2026-08-06T12:58:23+00:00,UNALLOCATED,,,,,
SLCMP47-3151,3151,4295,154235047,2^154235047-1,STRUCTURAL_SCREEN_EXHAUSTED_PRIMALITY_UNASSIGNED,FIRST_SINGULARITY_SHELL_EXHAUSTED_PRIMALITY_UNASSIGNED,514,9595,9595,NO_RECORDED_FACTOR_PRP_OR_LL_RESULT_AND_NO_ACTIVE_GIMPS_ASSIGNMENT,2026-08-06T12:58:23+00:00,UNALLOCATED,,,,,
SLCMP47-3152,3152,4296,154235063,2^154235063-1,STRUCTURAL_SCREEN_EXHAUSTED_PRIMALITY_UNASSIGNED,FIRST_SINGULARITY_SHELL_EXHAUSTED_PRIMALITY_UNASSIGNED,514,9595,9595,NO_RECORDED_FACTOR_PRP_OR_LL_RESULT_AND_NO_ACTIVE_GIMPS_ASSIGNMENT,2026-08-06T12:58:23+00:00,UNALLOCATED,,,,,
SLCMP47-3153,3153,4297,154235111,2^154235111-1,STRUCTURAL_SCREEN_EXHAUSTED_PRIMALITY_UNASSIGNED,FIRST_SINGULARITY_SHELL_EXHAUSTED_PRIMALITY_UNASSIGNED,514,9595,9595,NO_RECORDED_FACTOR_PRP_OR_LL_RESULT_AND_NO_ACTIVE_GIMPS_ASSIGNMENT,2026-08-06T12:58:23+00:00,UNALLOCATED,,,,,
SLCMP47-3154,3154,4298,154235177,2^154235177-1,STRUCTURAL_SCREEN_EXHAUSTED_PRIMALITY_UNASSIGNED,FIRST_SINGULARITY_SHELL_EXHAUSTED_PRIMALITY_UNASSIGNED,513,9595,9595,NO_RECORDED_FACTOR_PRP_OR_LL_RESULT_AND_NO_ACTIVE_GIMPS_ASSIGNMENT,2026-08-06T12:58:23+00:00,UNALLOCATED,,,,,
SLCMP47-3155,3155,4299,154235189,2^154235189-1,STRUCTURAL_SCREEN_EXHAUSTED_PRIMALITY_UNASSIGNED,FIRST_SINGULARITY_SHELL_EXHAUSTED_PRIMALITY_UNASSIGNED,513,9595,9595,NO_RECORDED_FACTOR_PRP_OR_LL_RESULT_AND_NO_ACTIVE_GIMPS_ASSIGNMENT,2026-08-06T12:58:23+00:00,UNALLOCATED,,,,,
SLCMP47-3156,3156,4300,154235201,2^154235201-1,STRUCTURAL_SCREEN_EXHAUSTED_PRIMALITY_UNASSIGNED,FIRST_SINGULARITY_SHELL_EXHAUSTED_PRIMALITY_UNASSIGNED,513,9595,9595,NO_RECORDED_FACTOR_PRP_OR_LL_RESULT_AND_NO_ACTIVE_GIMPS_ASSIGNMENT,2026-08-06T12:58:23+00:00,UNALLOCATED,,,,,
SLCMP47-3157,3157,4301,154235287,2^154235287-1,STRUCTURAL_SCREEN_EXHAUSTED_PRIMALITY_UNASSIGNED,FIRST_SINGULARITY_SHELL_EXHAUSTED_PRIMALITY_UNASSIGNED,514,9595,9595,NO_RECORDED_FACTOR_PRP_OR_LL_RESULT_AND_NO_ACTIVE_GIMPS_ASSIGNMENT,2026-08-06T12:58:23+00:00,UNALLOCATED,,,,,
SLCMP47-3158,3158,4302,154235297,2^154235297-1,STRUCTURAL_SCREEN_EXHAUSTED_PRIMALITY_UNASSIGNED,FIRST_SINGULARITY_SHELL_EXHAUSTED_PRIMALITY_UNASSIGNED,513,9595,9595,NO_RECORDED_FACTOR_PRP_OR_LL_RESULT_AND_NO_ACTIVE_GIMPS_ASSIGNMENT,2026-08-06T12:58:23+00:00,UNALLOCATED,,,,,
SLCMP47-3159,3159,4303,154235363,2^154235363-1,STRUCTURAL_SCREEN_EXHAUSTED_PRIMALITY_UNASSIGNED,FIRST_SINGULARITY_SHELL_EXHAUSTED_PRIMALITY_UNASSIGNED,514,9595,9595,NO_RECORDED_FACTOR_PRP_OR_LL_RESULT_AND_NO_ACTIVE_GIMPS_ASSIGNMENT,2026-08-06T12:58:23+00:00,UNALLOCATED,,,,,
SLCMP47-3160,3160,4304,154235423,2^154235423-1,STRUCTURAL_SCREEN_EXHAUSTED_PRIMALITY_UNASSIGNED,FIRST_SINGULARITY_SHELL_EXHAUSTED_PRIMALITY_UNASSIGNED,514,9595,9595,NO_RECORDED_FACTOR_PRP_OR_LL_RESULT_AND_NO_ACTIVE_GIMPS_ASSIGNMENT,2026-08-06T12:58:23+00:00,UNALLOCATED,,,,,
SLCMP47-3161,3161,4305,154235429,2^154235429-1,STRUCTURAL_SCREEN_EXHAUSTED_PRIMALITY_UNASSIGNED,FIRST_SINGULARITY_SHELL_EXHAUSTED_PRIMALITY_UNASSIGNED,513,9595,9595,NO_RECORDED_FACTOR_PRP_OR_LL_RESULT_AND_NO_ACTIVE_GIMPS_ASSIGNMENT,2026-08-06T12:58:23+00:00,UNALLOCATED,,,,,
SLCMP47-3162,3162,4306,154235449,2^154235449-1,STRUCTURAL_SCREEN_EXHAUSTED_PRIMALITY_UNASSIGNED,FIRST_SINGULARITY_SHELL_EXHAUSTED_PRIMALITY_UNASSIGNED,513,9595,9595,NO_RECORDED_FACTOR_PRP_OR_LL_RESULT_AND_NO_ACTIVE_GIMPS_ASSIGNMENT,2026-08-06T12:58:23+00:00,UNALLOCATED,,,,,
SLCMP47-3163,3163,4307,154235461,2^154235461-1,STRUCTURAL_SCREEN_EXHAUSTED_PRIMALITY_UNASSIGNED,FIRST_SINGULARITY_SHELL_EXHAUSTED_PRIMALITY_UNASSIGNED,513,9595,9595,NO_RECORDED_FACTOR_PRP_OR_LL_RESULT_AND_NO_ACTIVE_GIMPS_ASSIGNMENT,2026-08-06T12:58:23+00:00,UNALLOCATED,,,,,
SLCMP47-3164,3164,4308,154235527,2^154235527-1,STRUCTURAL_SCREEN_EXHAUSTED_PRIMALITY_UNASSIGNED,FIRST_SINGULARITY_SHELL_EXHAUSTED_PRIMALITY_UNASSIGNED,514,9595,9595,NO_RECORDED_FACTOR_PRP_OR_LL_RESULT_AND_NO_ACTIVE_GIMPS_ASSIGNMENT,2026-08-06T12:58:23+00:00,UNALLOCATED,,,,,
SLCMP47-3165,3165,4309,154235629,2^154235629-1,STRUCTURAL_SCREEN_EXHAUSTED_PRIMALITY_UNASSIGNED,FIRST_SINGULARITY_SHELL_EXHAUSTED_PRIMALITY_UNASSIGNED,513,9595,9595,NO_RECORDED_FACTOR_PRP_OR_LL_RESULT_AND_NO_ACTIVE_GIMPS_ASSIGNMENT,2026-08-06T12:58:23+00:00,UNALLOCATED,,,,,
SLCMP47-3166,3166,4310,154235681,2^154235681-1,STRUCTURAL_SCREEN_EXHAUSTED_PRIMALITY_UNASSIGNED,FIRST_SINGULARITY_SHELL_EXHAUSTED_PRIMALITY_UNASSIGNED,513,9595,9595,NO_RECORDED_FACTOR_PRP_OR_LL_RESULT_AND_NO_ACTIVE_GIMPS_ASSIGNMENT,2026-08-06T12:58:23+00:00,UNALLOCATED,,,,,
SLCMP47-3167,3167,4311,154235687,2^154235687-1,STRUCTURAL_SCREEN_EXHAUSTED_PRIMALITY_UNASSIGNED,FIRST_SINGULARITY_SHELL_EXHAUSTED_PRIMALITY_UNASSIGNED,514,9595,9595,NO_RECORDED_FACTOR_PRP_OR_LL_RESULT_AND_NO_ACTIVE_GIMPS_ASSIGNMENT,2026-08-06T12:58:23+00:00,UNALLOCATED,,,,,
SLCMP47-3168,3168,4312,154235867,2^154235867-1,STRUCTURAL_SCREEN_EXHAUSTED_PRIMALITY_UNASSIGNED,FIRST_SINGULARITY_SHELL_EXHAUSTED_PRIMALITY_UNASSIGNED,514,9595,9595,NO_RECORDED_FACTOR_PRP_OR_LL_RESULT_AND_NO_ACTIVE_GIMPS_ASSIGNMENT,2026-08-06T12:58:23+00:00,UNALLOCATED,,,,,
SLCMP47-3169,3169,4313,154235909,2^154235909-1,STRUCTURAL_SCREEN_EXHAUSTED_PRIMALITY_UNASSIGNED,FIRST_SINGULARITY_SHELL_EXHAUSTED_PRIMALITY_UNASSIGNED,513,9595,9595,NO_RECORDED_FACTOR_PRP_OR_LL_RESULT_AND_NO_ACTIVE_GIMPS_ASSIGNMENT,2026-08-06T12:58:23+00:00,UNALLOCATED,,,,,
SLCMP47-3170,3170,4314,154235941,2^154235941-1,STRUCTURAL_SCREEN_EXHAUSTED_PRIMALITY_UNASSIGNED,FIRST_SINGULARITY_SHELL_EXHAUSTED_PRIMALITY_UNASSIGNED,513,9595,9595,NO_RECORDED_FACTOR_PRP_OR_LL_RESULT_AND_NO_ACTIVE_GIMPS_ASSIGNMENT,2026-08-06T12:58:23+00:00,UNALLOCATED,,,,,
SLCMP47-3171,3171,4315,154235959,2^154235959-1,STRUCTURAL_SCREEN_EXHAUSTED_PRIMALITY_UNASSIGNED,FIRST_SINGULARITY_SHELL_EXHAUSTED_PRIMALITY_UNASSIGNED,514,9595,9595,NO_RECORDED_FACTOR_PRP_OR_LL_RESULT_AND_NO_ACTIVE_GIMPS_ASSIGNMENT,2026-08-06T12:58:23+00:00,UNALLOCATED,,,,,
SLCMP47-3172,3172,4316,154236031,2^154236031-1,STRUCTURAL_SCREEN_EXHAUSTED_PRIMALITY_UNASSIGNED,FIRST_SINGULARITY_SHELL_EXHAUSTED_PRIMALITY_UNASSIGNED,514,9595,9595,NO_RECORDED_FACTOR_PRP_OR_LL_RESULT_AND_NO_ACTIVE_GIMPS_ASSIGNMENT,2026-08-06T12:58:23+00:00,UNALLOCATED,,,,,
SLCMP47-3173,3173,4317,154236041,2^154236041-1,STRUCTURAL_SCREEN_EXHAUSTED_PRIMALITY_UNASSIGNED,FIRST_SINGULARITY_SHELL_EXHAUSTED_PRIMALITY_UNASSIGNED,513,9595,9595,NO_RECORDED_FACTOR_PRP_OR_LL_RESULT_AND_NO_ACTIVE_GIMPS_ASSIGNMENT,2026-08-06T12:58:23+00:00,UNALLOCATED,,,,,
SLCMP47-3174,3174,4318,154236083,2^154236083-1,STRUCTURAL_SCREEN_EXHAUSTED_PRIMALITY_UNASSIGNED,FIRST_SINGULARITY_SHELL_EXHAUSTED_PRIMALITY_UNASSIGNED,514,9595,9595,NO_RECORDED_FACTOR_PRP_OR_LL_RESULT_AND_NO_ACTIVE_GIMPS_ASSIGNMENT,2026-08-06T12:58:23+00:00,UNALLOCATED,,,,,
SLCMP47-3175,3175,4319,154236119,2^154236119-1,STRUCTURAL_SCREEN_EXHAUSTED_PRIMALITY_UNASSIGNED,FIRST_SINGULARITY_SHELL_EXHAUSTED_PRIMALITY_UNASSIGNED,514,9595,9595,NO_RECORDED_FACTOR_PRP_OR_LL_RESULT_AND_NO_ACTIVE_GIMPS_ASSIGNMENT,2026-08-06T12:58:23+00:00,UNALLOCATED,,,,,
SLCMP47-3176,3176,4320,154236163,2^154236163-1,STRUCTURAL_SCREEN_EXHAUSTED_PRIMALITY_UNASSIGNED,FIRST_SINGULARITY_SHELL_EXHAUSTED_PRIMALITY_UNASSIGNED,514,9595,9595,NO_RECORDED_FACTOR_PRP_OR_LL_RESULT_AND_NO_ACTIVE_GIMPS_ASSIGNMENT,2026-08-06T12:58:23+00:00,UNALLOCATED,,,,,
SLCMP47-3177,3177,4321,154236179,2^154236179-1,STRUCTURAL_SCREEN_EXHAUSTED_PRIMALITY_UNASSIGNED,FIRST_SINGULARITY_SHELL_EXHAUSTED_PRIMALITY_UNASSIGNED,514,9595,9595,NO_RECORDED_FACTOR_PRP_OR_LL_RESULT_AND_NO_ACTIVE_GIMPS_ASSIGNMENT,2026-08-06T12:58:23+00:00,UNALLOCATED,,,,,
SLCMP47-3178,3178,4322,154236221,2^154236221-1,STRUCTURAL_SCREEN_EXHAUSTED_PRIMALITY_UNASSIGNED,FIRST_SINGULARITY_SHELL_EXHAUSTED_PRIMALITY_UNASSIGNED,513,9595,9595,NO_RECORDED_FACTOR_PRP_OR_LL_RESULT_AND_NO_ACTIVE_GIMPS_ASSIGNMENT,2026-08-06T12:58:23+00:00,UNALLOCATED,,,,,
SLCMP47-3179,3179,4323,154236263,2^154236263-1,STRUCTURAL_SCREEN_EXHAUSTED_PRIMALITY_UNASSIGNED,FIRST_SINGULARITY_SHELL_EXHAUSTED_PRIMALITY_UNASSIGNED,514,9595,9595,NO_RECORDED_FACTOR_PRP_OR_LL_RESULT_AND_NO_ACTIVE_GIMPS_ASSIGNMENT,2026-08-06T12:58:23+00:00,UNALLOCATED,,,,,
SLCMP47-3180,3180,4324,154236323,2^154236323-1,STRUCTURAL_SCREEN_EXHAUSTED_PRIMALITY_UNASSIGNED,FIRST_SINGULARITY_SHELL_EXHAUSTED_PRIMALITY_UNASSIGNED,514,9595,9595,NO_RECORDED_FACTOR_PRP_OR_LL_RESULT_AND_NO_ACTIVE_GIMPS_ASSIGNMENT,2026-08-06T12:58:23+00:00,UNALLOCATED,,,,,
SLCMP47-3181,3181,4325,154236331,2^154236331-1,STRUCTURAL_SCREEN_EXHAUSTED_PRIMALITY_UNASSIGNED,FIRST_SINGULARITY_SHELL_EXHAUSTED_PRIMALITY_UNASSIGNED,514,9595,9595,NO_RECORDED_FACTOR_PRP_OR_LL_RESULT_AND_NO_ACTIVE_GIMPS_ASSIGNMENT,2026-08-06T12:58:23+00:00,UNALLOCATED,,,,,
SLCMP47-3182,3182,4326,154236403,2^154236403-1,STRUCTURAL_SCREEN_EXHAUSTED_PRIMALITY_UNASSIGNED,FIRST_SINGULARITY_SHELL_EXHAUSTED_PRIMALITY_UNASSIGNED,514,9595,9595,NO_RECORDED_FACTOR_PRP_OR_LL_RESULT_AND_NO_ACTIVE_GIMPS_ASSIGNMENT,2026-08-06T12:58:23+00:00,UNALLOCATED,,,,,
SLCMP47-3183,3183,4327,154236421,2^154236421-1,STRUCTURAL_SCREEN_EXHAUSTED_PRIMALITY_UNASSIGNED,FIRST_SINGULARITY_SHELL_EXHAUSTED_PRIMALITY_UNASSIGNED,513,9595,9595,NO_RECORDED_FACTOR_PRP_OR_LL_RESULT_AND_NO_ACTIVE_GIMPS_ASSIGNMENT,2026-08-06T12:58:23+00:00,UNALLOCATED,,,,,
SLCMP47-3184,3184,4328,154236463,2^154236463-1,STRUCTURAL_SCREEN_EXHAUSTED_PRIMALITY_UNASSIGNED,FIRST_SINGULARITY_SHELL_EXHAUSTED_PRIMALITY_UNASSIGNED,514,9595,9595,NO_RECORDED_FACTOR_PRP_OR_LL_RESULT_AND_NO_ACTIVE_GIMPS_ASSIGNMENT,2026-08-06T12:58:23+00:00,UNALLOCATED,,,,,
SLCMP47-3185,3185,4329,154236497,2^154236497-1,STRUCTURAL_SCREEN_EXHAUSTED_PRIMALITY_UNASSIGNED,FIRST_SINGULARITY_SHELL_EXHAUSTED_PRIMALITY_UNASSIGNED,513,9595,9595,NO_RECORDED_FACTOR_PRP_OR_LL_RESULT_AND_NO_ACTIVE_GIMPS_ASSIGNMENT,2026-08-06T12:58:23+00:00,UNALLOCATED,,,,,
SLCMP47-3186,3186,4330,154236527,2^154236527-1,STRUCTURAL_SCREEN_EXHAUSTED_PRIMALITY_UNASSIGNED,FIRST_SINGULARITY_SHELL_EXHAUSTED_PRIMALITY_UNASSIGNED,514,9595,9595,NO_RECORDED_FACTOR_PRP_OR_LL_RESULT_AND_NO_ACTIVE_GIMPS_ASSIGNMENT,2026-08-06T12:58:23+00:00,UNALLOCATED,,,,,
SLCMP47-3187,3187,4331,154236559,2^154236559-1,STRUCTURAL_SCREEN_EXHAUSTED_PRIMALITY_UNASSIGNED,FIRST_SINGULARITY_SHELL_EXHAUSTED_PRIMALITY_UNASSIGNED,514,9595,9595,NO_RECORDED_FACTOR_PRP_OR_LL_RESULT_AND_NO_ACTIVE_GIMPS_ASSIGNMENT,2026-08-06T12:58:23+00:00,UNALLOCATED,,,,,
SLCMP47-3188,3188,4332,154236601,2^154236601-1,STRUCTURAL_SCREEN_EXHAUSTED_PRIMALITY_UNASSIGNED,FIRST_SINGULARITY_SHELL_EXHAUSTED_PRIMALITY_UNASSIGNED,513,9595,9595,NO_RECORDED_FACTOR_PRP_OR_LL_RESULT_AND_NO_ACTIVE_GIMPS_ASSIGNMENT,2026-08-06T12:58:23+00:00,UNALLOCATED,,,,,
SLCMP47-3189,3189,4333,154236707,2^154236707-1,STRUCTURAL_SCREEN_EXHAUSTED_PRIMALITY_UNASSIGNED,FIRST_SINGULARITY_SHELL_EXHAUSTED_PRIMALITY_UNASSIGNED,514,9595,9595,NO_RECORDED_FACTOR_PRP_OR_LL_RESULT_AND_NO_ACTIVE_GIMPS_ASSIGNMENT,2026-08-06T12:58:23+00:00,UNALLOCATED,,,,,
SLCMP47-3190,3190,4334,154236727,2^154236727-1,STRUCTURAL_SCREEN_EXHAUSTED_PRIMALITY_UNASSIGNED,FIRST_SINGULARITY_SHELL_EXHAUSTED_PRIMALITY_UNASSIGNED,514,9595,9595,NO_RECORDED_FACTOR_PRP_OR_LL_RESULT_AND_NO_ACTIVE_GIMPS_ASSIGNMENT,2026-08-06T12:58:23+00:00,UNALLOCATED,,,,,
SLCMP47-3191,3191,4335,154236769,2^154236769-1,STRUCTURAL_SCREEN_EXHAUSTED_PRIMALITY_UNASSIGNED,FIRST_SINGULARITY_SHELL_EXHAUSTED_PRIMALITY_UNASSIGNED,513,9595,9595,NO_RECORDED_FACTOR_PRP_OR_LL_RESULT_AND_NO_ACTIVE_GIMPS_ASSIGNMENT,2026-08-06T12:58:23+00:00,UNALLOCATED,,,,,
SLCMP47-3192,3192,4336,154236871,2^154236871-1,STRUCTURAL_SCREEN_EXHAUSTED_PRIMALITY_UNASSIGNED,FIRST_SINGULARITY_SHELL_EXHAUSTED_PRIMALITY_UNASSIGNED,514,9595,9595,NO_RECORDED_FACTOR_PRP_OR_LL_RESULT_AND_NO_ACTIVE_GIMPS_ASSIGNMENT,2026-08-06T12:58:23+00:00,UNALLOCATED,,,,,
SLCMP47-3193,3193,4337,154236983,2^154236983-1,STRUCTURAL_SCREEN_EXHAUSTED_PRIMALITY_UNASSIGNED,FIRST_SINGULARITY_SHELL_EXHAUSTED_PRIMALITY_UNASSIGNED,514,9595,9595,NO_RECORDED_FACTOR_PRP_OR_LL_RESULT_AND_NO_ACTIVE_GIMPS_ASSIGNMENT,2026-08-06T12:58:23+00:00,UNALLOCATED,,,,,
SLCMP47-3194,3194,4338,154237021,2^154237021-1,STRUCTURAL_SCREEN_EXHAUSTED_PRIMALITY_UNASSIGNED,FIRST_SINGULARITY_SHELL_EXHAUSTED_PRIMALITY_UNASSIGNED,513,9595,9595,NO_RECORDED_FACTOR_PRP_OR_LL_RESULT_AND_NO_ACTIVE_GIMPS_ASSIGNMENT,2026-08-06T12:58:23+00:00,UNALLOCATED,,,,,
SLCMP47-3195,3195,4339,154237037,2^154237037-1,STRUCTURAL_SCREEN_EXHAUSTED_PRIMALITY_UNASSIGNED,FIRST_SINGULARITY_SHELL_EXHAUSTED_PRIMALITY_UNASSIGNED,513,9595,9595,NO_RECORDED_FACTOR_PRP_OR_LL_RESULT_AND_NO_ACTIVE_GIMPS_ASSIGNMENT,2026-08-06T12:58:23+00:00,UNALLOCATED,,,,,
SLCMP47-3196,3196,4340,154237067,2^154237067-1,STRUCTURAL_SCREEN_EXHAUSTED_PRIMALITY_UNASSIGNED,FIRST_SINGULARITY_SHELL_EXHAUSTED_PRIMALITY_UNASSIGNED,514,9595,9595,NO_RECORDED_FACTOR_PRP_OR_LL_RESULT_AND_NO_ACTIVE_GIMPS_ASSIGNMENT,2026-08-06T12:58:23+00:00,UNALLOCATED,,,,,
SLCMP47-3197,3197,4341,154237091,2^154237091-1,STRUCTURAL_SCREEN_EXHAUSTED_PRIMALITY_UNASSIGNED,FIRST_SINGULARITY_SHELL_EXHAUSTED_PRIMALITY_UNASSIGNED,514,9595,9595,NO_RECORDED_FACTOR_PRP_OR_LL_RESULT_AND_NO_ACTIVE_GIMPS_ASSIGNMENT,2026-08-06T12:58:23+00:00,UNALLOCATED,,,,,
SLCMP47-3198,3198,4342,154237093,2^154237093-1,STRUCTURAL_SCREEN_EXHAUSTED_PRIMALITY_UNASSIGNED,FIRST_SINGULARITY_SHELL_EXHAUSTED_PRIMALITY_UNASSIGNED,513,9595,9595,NO_RECORDED_FACTOR_PRP_OR_LL_RESULT_AND_NO_ACTIVE_GIMPS_ASSIGNMENT,2026-08-06T12:58:23+00:00,UNALLOCATED,,,,,
SLCMP47-3199,3199,4343,154237099,2^154237099-1,STRUCTURAL_SCREEN_EXHAUSTED_PRIMALITY_UNASSIGNED,FIRST_SINGULARITY_SHELL_EXHAUSTED_PRIMALITY_UNASSIGNED,514,9595,9595,NO_RECORDED_FACTOR_PRP_OR_LL_RESULT_AND_NO_ACTIVE_GIMPS_ASSIGNMENT,2026-08-06T12:58:23+00:00,UNALLOCATED,,,,,
SLCMP47-3200,3200,4344,154237331,2^154237331-1,STRUCTURAL_SCREEN_EXHAUSTED_PRIMALITY_UNASSIGNED,FIRST_SINGULARITY_SHELL_EXHAUSTED_PRIMALITY_UNASSIGNED,514,9595,9595,NO_RECORDED_FACTOR_PRP_OR_LL_RESULT_AND_NO_ACTIVE_GIMPS_ASSIGNMENT,2026-08-06T12:58:23+00:00,UNALLOCATED,,,,,
SLCMP47-3201,3201,4345,154237373,2^154237373-1,STRUCTURAL_SCREEN_EXHAUSTED_PRIMALITY_UNASSIGNED,FIRST_SINGULARITY_SHELL_EXHAUSTED_PRIMALITY_UNASSIGNED,513,9595,9595,NO_RECORDED_FACTOR_PRP_OR_LL_RESULT_AND_NO_ACTIVE_GIMPS_ASSIGNMENT,2026-08-06T12:58:23+00:00,UNALLOCATED,,,,,
SLCMP47-3202,3202,4346,154237381,2^154237381-1,STRUCTURAL_SCREEN_EXHAUSTED_PRIMALITY_UNASSIGNED,FIRST_SINGULARITY_SHELL_EXHAUSTED_PRIMALITY_UNASSIGNED,513,9595,9595,NO_RECORDED_FACTOR_PRP_OR_LL_RESULT_AND_NO_ACTIVE_GIMPS_ASSIGNMENT,2026-08-06T12:58:23+00:00,UNALLOCATED,,,,,
SLCMP47-3203,3203,4347,154237411,2^154237411-1,STRUCTURAL_SCREEN_EXHAUSTED_PRIMALITY_UNASSIGNED,FIRST_SINGULARITY_SHELL_EXHAUSTED_PRIMALITY_UNASSIGNED,514,9595,9595,NO_RECORDED_FACTOR_PRP_OR_LL_RESULT_AND_NO_ACTIVE_GIMPS_ASSIGNMENT,2026-08-06T12:58:23+00:00,UNALLOCATED,,,,,
SLCMP47-3204,3204,4348,154237451,2^154237451-1,STRUCTURAL_SCREEN_EXHAUSTED_PRIMALITY_UNASSIGNED,FIRST_SINGULARITY_SHELL_EXHAUSTED_PRIMALITY_UNASSIGNED,514,9595,9595,NO_RECORDED_FACTOR_PRP_OR_LL_RESULT_AND_NO_ACTIVE_GIMPS_ASSIGNMENT,2026-08-06T12:58:23+00:00,UNALLOCATED,,,,,
SLCMP47-3205,3205,4349,154237513,2^154237513-1,STRUCTURAL_SCREEN_EXHAUSTED_PRIMALITY_UNASSIGNED,FIRST_SINGULARITY_SHELL_EXHAUSTED_PRIMALITY_UNASSIGNED,513,9595,9595,NO_RECORDED_FACTOR_PRP_OR_LL_RESULT_AND_NO_ACTIVE_GIMPS_ASSIGNMENT,2026-08-06T12:58:23+00:00,UNALLOCATED,,,,,
SLCMP47-3206,3206,4350,154237541,2^154237541-1,STRUCTURAL_SCREEN_EXHAUSTED_PRIMALITY_UNASSIGNED,FIRST_SINGULARITY_SHELL_EXHAUSTED_PRIMALITY_UNASSIGNED,513,9595,9595,NO_RECORDED_FACTOR_PRP_OR_LL_RESULT_AND_NO_ACTIVE_GIMPS_ASSIGNMENT,2026-08-06T12:58:23+00:00,UNALLOCATED,,,,,
SLCMP47-3207,3207,4351,154237619,2^154237619-1,STRUCTURAL_SCREEN_EXHAUSTED_PRIMALITY_UNASSIGNED,FIRST_SINGULARITY_SHELL_EXHAUSTED_PRIMALITY_UNASSIGNED,514,9595,9595,NO_RECORDED_FACTOR_PRP_OR_LL_RESULT_AND_NO_ACTIVE_GIMPS_ASSIGNMENT,2026-08-06T12:58:23+00:00,UNALLOCATED,,,,,
SLCMP47-3208,3208,4352,154237627,2^154237627-1,STRUCTURAL_SCREEN_EXHAUSTED_PRIMALITY_UNASSIGNED,FIRST_SINGULARITY_SHELL_EXHAUSTED_PRIMALITY_UNASSIGNED,514,9595,9595,NO_RECORDED_FACTOR_PRP_OR_LL_RESULT_AND_NO_ACTIVE_GIMPS_ASSIGNMENT,2026-08-06T12:58:23+00:00,UNALLOCATED,,,,,
SLCMP47-3209,3209,4353,154237703,2^154237703-1,STRUCTURAL_SCREEN_EXHAUSTED_PRIMALITY_UNASSIGNED,FIRST_SINGULARITY_SHELL_EXHAUSTED_PRIMALITY_UNASSIGNED,514,9595,9595,NO_RECORDED_FACTOR_PRP_OR_LL_RESULT_AND_NO_ACTIVE_GIMPS_ASSIGNMENT,2026-08-06T12:58:23+00:00,UNALLOCATED,,,,,
SLCMP47-3210,3210,4354,154237729,2^154237729-1,STRUCTURAL_SCREEN_EXHAUSTED_PRIMALITY_UNASSIGNED,FIRST_SINGULARITY_SHELL_EXHAUSTED_PRIMALITY_UNASSIGNED,513,9595,9595,NO_RECORDED_FACTOR_PRP_OR_LL_RESULT_AND_NO_ACTIVE_GIMPS_ASSIGNMENT,2026-08-06T12:58:23+00:00,UNALLOCATED,,,,,
SLCMP47-3211,3211,4355,154237781,2^154237781-1,STRUCTURAL_SCREEN_EXHAUSTED_PRIMALITY_UNASSIGNED,FIRST_SINGULARITY_SHELL_EXHAUSTED_PRIMALITY_UNASSIGNED,513,9595,9595,NO_RECORDED_FACTOR_PRP_OR_LL_RESULT_AND_NO_ACTIVE_GIMPS_ASSIGNMENT,2026-08-06T12:58:23+00:00,UNALLOCATED,,,,,
SLCMP47-3212,3212,4356,154237789,2^154237789-1,STRUCTURAL_SCREEN_EXHAUSTED_PRIMALITY_UNASSIGNED,FIRST_SINGULARITY_SHELL_EXHAUSTED_PRIMALITY_UNASSIGNED,513,9595,9595,NO_RECORDED_FACTOR_PRP_OR_LL_RESULT_AND_NO_ACTIVE_GIMPS_ASSIGNMENT,2026-08-06T12:58:23+00:00,UNALLOCATED,,,,,
SLCMP47-3213,3213,4357,154237813,2^154237813-1,STRUCTURAL_SCREEN_EXHAUSTED_PRIMALITY_UNASSIGNED,FIRST_SINGULARITY_SHELL_EXHAUSTED_PRIMALITY_UNASSIGNED,513,9595,9595,NO_RECORDED_FACTOR_PRP_OR_LL_RESULT_AND_NO_ACTIVE_GIMPS_ASSIGNMENT,2026-08-06T12:58:23+00:00,UNALLOCATED,,,,,
SLCMP47-3214,3214,4358,154237849,2^154237849-1,STRUCTURAL_SCREEN_EXHAUSTED_PRIMALITY_UNASSIGNED,FIRST_SINGULARITY_SHELL_EXHAUSTED_PRIMALITY_UNASSIGNED,513,9595,9595,NO_RECORDED_FACTOR_PRP_OR_LL_RESULT_AND_NO_ACTIVE_GIMPS_ASSIGNMENT,2026-08-06T12:58:23+00:00,UNALLOCATED,,,,,
SLCMP47-3215,3215,4359,154237907,2^154237907-1,STRUCTURAL_SCREEN_EXHAUSTED_PRIMALITY_UNASSIGNED,FIRST_SINGULARITY_SHELL_EXHAUSTED_PRIMALITY_UNASSIGNED,514,9595,9595,NO_RECORDED_FACTOR_PRP_OR_LL_RESULT_AND_NO_ACTIVE_GIMPS_ASSIGNMENT,2026-08-06T12:58:23+00:00,UNALLOCATED,,,,,
SLCMP47-3216,3216,4360,154237913,2^154237913-1,STRUCTURAL_SCREEN_EXHAUSTED_PRIMALITY_UNASSIGNED,FIRST_SINGULARITY_SHELL_EXHAUSTED_PRIMALITY_UNASSIGNED,513,9595,9595,NO_RECORDED_FACTOR_PRP_OR_LL_RESULT_AND_NO_ACTIVE_GIMPS_ASSIGNMENT,2026-08-06T12:58:23+00:00,UNALLOCATED,,,,,
SLCMP47-3217,3217,4361,154237969,2^154237969-1,STRUCTURAL_SCREEN_EXHAUSTED_PRIMALITY_UNASSIGNED,FIRST_SINGULARITY_SHELL_EXHAUSTED_PRIMALITY_UNASSIGNED,513,9595,9595,NO_RECORDED_FACTOR_PRP_OR_LL_RESULT_AND_NO_ACTIVE_GIMPS_ASSIGNMENT,2026-08-06T12:58:23+00:00,UNALLOCATED,,,,,
SLCMP47-3218,3218,4362,154238017,2^154238017-1,STRUCTURAL_SCREEN_EXHAUSTED_PRIMALITY_UNASSIGNED,FIRST_SINGULARITY_SHELL_EXHAUSTED_PRIMALITY_UNASSIGNED,513,9595,9595,NO_RECORDED_FACTOR_PRP_OR_LL_RESULT_AND_NO_ACTIVE_GIMPS_ASSIGNMENT,2026-08-06T12:58:23+00:00,UNALLOCATED,,,,,
SLCMP47-3219,3219,4363,154238041,2^154238041-1,STRUCTURAL_SCREEN_EXHAUSTED_PRIMALITY_UNASSIGNED,FIRST_SINGULARITY_SHELL_EXHAUSTED_PRIMALITY_UNASSIGNED,513,9595,9595,NO_RECORDED_FACTOR_PRP_OR_LL_RESULT_AND_NO_ACTIVE_GIMPS_ASSIGNMENT,2026-08-06T12:58:23+00:00,UNALLOCATED,,,,,
SLCMP47-3220,3220,4364,154238053,2^154238053-1,STRUCTURAL_SCREEN_EXHAUSTED_PRIMALITY_UNASSIGNED,FIRST_SINGULARITY_SHELL_EXHAUSTED_PRIMALITY_UNASSIGNED,513,9595,9595,NO_RECORDED_FACTOR_PRP_OR_LL_RESULT_AND_NO_ACTIVE_GIMPS_ASSIGNMENT,2026-08-06T12:58:23+00:00,UNALLOCATED,,,,,
SLCMP47-3221,3221,4365,154238239,2^154238239-1,STRUCTURAL_SCREEN_EXHAUSTED_PRIMALITY_UNASSIGNED,FIRST_SINGULARITY_SHELL_EXHAUSTED_PRIMALITY_UNASSIGNED,514,9595,9595,NO_RECORDED_FACTOR_PRP_OR_LL_RESULT_AND_NO_ACTIVE_GIMPS_ASSIGNMENT,2026-08-06T12:58:23+00:00,UNALLOCATED,,,,,
SLCMP47-3222,3222,4367,154238389,2^154238389-1,STRUCTURAL_SCREEN_EXHAUSTED_PRIMALITY_UNASSIGNED,FIRST_SINGULARITY_SHELL_EXHAUSTED_PRIMALITY_UNASSIGNED,513,9595,9595,NO_RECORDED_FACTOR_PRP_OR_LL_RESULT_AND_NO_ACTIVE_GIMPS_ASSIGNMENT,2026-08-06T12:58:23+00:00,UNALLOCATED,,,,,
SLCMP47-3223,3223,4368,154238653,2^154238653-1,STRUCTURAL_SCREEN_EXHAUSTED_PRIMALITY_UNASSIGNED,FIRST_SINGULARITY_SHELL_EXHAUSTED_PRIMALITY_UNASSIGNED,513,9595,9595,NO_RECORDED_FACTOR_PRP_OR_LL_RESULT_AND_NO_ACTIVE_GIMPS_ASSIGNMENT,2026-08-06T12:58:23+00:00,UNALLOCATED,,,,,
SLCMP47-3224,3224,4369,154238659,2^154238659-1,STRUCTURAL_SCREEN_EXHAUSTED_PRIMALITY_UNASSIGNED,FIRST_SINGULARITY_SHELL_EXHAUSTED_PRIMALITY_UNASSIGNED,514,9595,9595,NO_RECORDED_FACTOR_PRP_OR_LL_RESULT_AND_NO_ACTIVE_GIMPS_ASSIGNMENT,2026-08-06T12:58:23+00:00,UNALLOCATED,,,,,
SLCMP47-3225,3225,4370,154238663,2^154238663-1,STRUCTURAL_SCREEN_EXHAUSTED_PRIMALITY_UNASSIGNED,FIRST_SINGULARITY_SHELL_EXHAUSTED_PRIMALITY_UNASSIGNED,514,9595,9595,NO_RECORDED_FACTOR_PRP_OR_LL_RESULT_AND_NO_ACTIVE_GIMPS_ASSIGNMENT,2026-08-06T12:58:23+00:00,UNALLOCATED,,,,,
SLCMP47-3226,3226,4371,154238753,2^154238753-1,STRUCTURAL_SCREEN_EXHAUSTED_PRIMALITY_UNASSIGNED,FIRST_SINGULARITY_SHELL_EXHAUSTED_PRIMALITY_UNASSIGNED,513,9595,9595,NO_RECORDED_FACTOR_PRP_OR_LL_RESULT_AND_NO_ACTIVE_GIMPS_ASSIGNMENT,2026-08-06T12:58:23+00:00,UNALLOCATED,,,,,
SLCMP47-3227,3227,4372,154238797,2^154238797-1,STRUCTURAL_SCREEN_EXHAUSTED_PRIMALITY_UNASSIGNED,FIRST_SINGULARITY_SHELL_EXHAUSTED_PRIMALITY_UNASSIGNED,513,9595,9595,NO_RECORDED_FACTOR_PRP_OR_LL_RESULT_AND_NO_ACTIVE_GIMPS_ASSIGNMENT,2026-08-06T12:58:23+00:00,UNALLOCATED,,,,,
SLCMP47-3228,3228,4373,154238911,2^154238911-1,STRUCTURAL_SCREEN_EXHAUSTED_PRIMALITY_UNASSIGNED,FIRST_SINGULARITY_SHELL_EXHAUSTED_PRIMALITY_UNASSIGNED,514,9595,9595,NO_RECORDED_FACTOR_PRP_OR_LL_RESULT_AND_NO_ACTIVE_GIMPS_ASSIGNMENT,2026-08-06T12:58:23+00:00,UNALLOCATED,,,,,
SLCMP47-3229,3229,4374,154239053,2^154239053-1,STRUCTURAL_SCREEN_EXHAUSTED_PRIMALITY_UNASSIGNED,FIRST_SINGULARITY_SHELL_EXHAUSTED_PRIMALITY_UNASSIGNED,513,9595,9595,NO_RECORDED_FACTOR_PRP_OR_LL_RESULT_AND_NO_ACTIVE_GIMPS_ASSIGNMENT,2026-08-06T12:58:23+00:00,UNALLOCATED,,,,,
SLCMP47-3230,3230,4375,154239097,2^154239097-1,STRUCTURAL_SCREEN_EXHAUSTED_PRIMALITY_UNASSIGNED,FIRST_SINGULARITY_SHELL_EXHAUSTED_PRIMALITY_UNASSIGNED,513,9595,9595,NO_RECORDED_FACTOR_PRP_OR_LL_RESULT_AND_NO_ACTIVE_GIMPS_ASSIGNMENT,2026-08-06T12:58:23+00:00,UNALLOCATED,,,,,
SLCMP47-3231,3231,4376,154239103,2^154239103-1,STRUCTURAL_SCREEN_EXHAUSTED_PRIMALITY_UNASSIGNED,FIRST_SINGULARITY_SHELL_EXHAUSTED_PRIMALITY_UNASSIGNED,514,9595,9595,NO_RECORDED_FACTOR_PRP_OR_LL_RESULT_AND_NO_ACTIVE_GIMPS_ASSIGNMENT,2026-08-06T12:58:23+00:00,UNALLOCATED,,,,,
SLCMP47-3232,3232,4377,154239223,2^154239223-1,STRUCTURAL_SCREEN_EXHAUSTED_PRIMALITY_UNASSIGNED,FIRST_SINGULARITY_SHELL_EXHAUSTED_PRIMALITY_UNASSIGNED,514,9595,9595,NO_RECORDED_FACTOR_PRP_OR_LL_RESULT_AND_NO_ACTIVE_GIMPS_ASSIGNMENT,2026-08-06T12:58:23+00:00,UNALLOCATED,,,,,
SLCMP47-3233,3233,4378,154239233,2^154239233-1,STRUCTURAL_SCREEN_EXHAUSTED_PRIMALITY_UNASSIGNED,FIRST_SINGULARITY_SHELL_EXHAUSTED_PRIMALITY_UNASSIGNED,513,9595,9595,NO_RECORDED_FACTOR_PRP_OR_LL_RESULT_AND_NO_ACTIVE_GIMPS_ASSIGNMENT,2026-08-06T12:58:23+00:00,UNALLOCATED,,,,,
SLCMP47-3234,3234,4379,154239259,2^154239259-1,STRUCTURAL_SCREEN_EXHAUSTED_PRIMALITY_UNASSIGNED,FIRST_SINGULARITY_SHELL_EXHAUSTED_PRIMALITY_UNASSIGNED,514,9595,9595,NO_RECORDED_FACTOR_PRP_OR_LL_RESULT_AND_NO_ACTIVE_GIMPS_ASSIGNMENT,2026-08-06T12:58:23+00:00,UNALLOCATED,,,,,
SLCMP47-3235,3235,4380,154239271,2^154239271-1,STRUCTURAL_SCREEN_EXHAUSTED_PRIMALITY_UNASSIGNED,FIRST_SINGULARITY_SHELL_EXHAUSTED_PRIMALITY_UNASSIGNED,514,9595,9595,NO_RECORDED_FACTOR_PRP_OR_LL_RESULT_AND_NO_ACTIVE_GIMPS_ASSIGNMENT,2026-08-06T12:58:23+00:00,UNALLOCATED,,,,,
SLCMP47-3236,3236,4381,154239529,2^154239529-1,STRUCTURAL_SCREEN_EXHAUSTED_PRIMALITY_UNASSIGNED,FIRST_SINGULARITY_SHELL_EXHAUSTED_PRIMALITY_UNASSIGNED,513,9595,9595,NO_RECORDED_FACTOR_PRP_OR_LL_RESULT_AND_NO_ACTIVE_GIMPS_ASSIGNMENT,2026-08-06T12:58:23+00:00,UNALLOCATED,,,,,
SLCMP47-3237,3237,4382,154239703,2^154239703-1,STRUCTURAL_SCREEN_EXHAUSTED_PRIMALITY_UNASSIGNED,FIRST_SINGULARITY_SHELL_EXHAUSTED_PRIMALITY_UNASSIGNED,514,9595,9595,NO_RECORDED_FACTOR_PRP_OR_LL_RESULT_AND_NO_ACTIVE_GIMPS_ASSIGNMENT,2026-08-06T12:58:23+00:00,UNALLOCATED,,,,,
SLCMP47-3238,3238,4383,154239737,2^154239737-1,STRUCTURAL_SCREEN_EXHAUSTED_PRIMALITY_UNASSIGNED,FIRST_SINGULARITY_SHELL_EXHAUSTED_PRIMALITY_UNASSIGNED,513,9595,9595,NO_RECORDED_FACTOR_PRP_OR_LL_RESULT_AND_NO_ACTIVE_GIMPS_ASSIGNMENT,2026-08-06T12:58:23+00:00,UNALLOCATED,,,,,
SLCMP47-3239,3239,4384,154239851,2^154239851-1,STRUCTURAL_SCREEN_EXHAUSTED_PRIMALITY_UNASSIGNED,FIRST_SINGULARITY_SHELL_EXHAUSTED_PRIMALITY_UNASSIGNED,514,9595,9595,NO_RECORDED_FACTOR_PRP_OR_LL_RESULT_AND_NO_ACTIVE_GIMPS_ASSIGNMENT,2026-08-06T12:58:23+00:00,UNALLOCATED,,,,,
SLCMP47-3240,3240,4385,154239881,2^154239881-1,STRUCTURAL_SCREEN_EXHAUSTED_PRIMALITY_UNASSIGNED,FIRST_SINGULARITY_SHELL_EXHAUSTED_PRIMALITY_UNASSIGNED,513,9595,9595,NO_RECORDED_FACTOR_PRP_OR_LL_RESULT_AND_NO_ACTIVE_GIMPS_ASSIGNMENT,2026-08-06T12:58:23+00:00,UNALLOCATED,,,,,
SLCMP47-3241,3241,4386,154239889,2^154239889-1,STRUCTURAL_SCREEN_EXHAUSTED_PRIMALITY_UNASSIGNED,FIRST_SINGULARITY_SHELL_EXHAUSTED_PRIMALITY_UNASSIGNED,513,9595,9595,NO_RECORDED_FACTOR_PRP_OR_LL_RESULT_AND_NO_ACTIVE_GIMPS_ASSIGNMENT,2026-08-06T12:58:23+00:00,UNALLOCATED,,,,,
SLCMP47-3242,3242,4387,154239923,2^154239923-1,STRUCTURAL_SCREEN_EXHAUSTED_PRIMALITY_UNASSIGNED,FIRST_SINGULARITY_SHELL_EXHAUSTED_PRIMALITY_UNASSIGNED,514,9595,9595,NO_RECORDED_FACTOR_PRP_OR_LL_RESULT_AND_NO_ACTIVE_GIMPS_ASSIGNMENT,2026-08-06T12:58:23+00:00,UNALLOCATED,,,,,
SLCMP47-3243,3243,4388,154239931,2^154239931-1,STRUCTURAL_SCREEN_EXHAUSTED_PRIMALITY_UNASSIGNED,FIRST_SINGULARITY_SHELL_EXHAUSTED_PRIMALITY_UNASSIGNED,514,9595,9595,NO_RECORDED_FACTOR_PRP_OR_LL_RESULT_AND_NO_ACTIVE_GIMPS_ASSIGNMENT,2026-08-06T12:58:23+00:00,UNALLOCATED,,,,,
SLCMP47-3244,3244,4389,154240063,2^154240063-1,STRUCTURAL_SCREEN_EXHAUSTED_PRIMALITY_UNASSIGNED,FIRST_SINGULARITY_SHELL_EXHAUSTED_PRIMALITY_UNASSIGNED,514,9595,9595,NO_RECORDED_FACTOR_PRP_OR_LL_RESULT_AND_NO_ACTIVE_GIMPS_ASSIGNMENT,2026-08-06T12:58:23+00:00,UNALLOCATED,,,,,
SLCMP47-3245,3245,4390,154240091,2^154240091-1,STRUCTURAL_SCREEN_EXHAUSTED_PRIMALITY_UNASSIGNED,FIRST_SINGULARITY_SHELL_EXHAUSTED_PRIMALITY_UNASSIGNED,514,9595,9595,NO_RECORDED_FACTOR_PRP_OR_LL_RESULT_AND_NO_ACTIVE_GIMPS_ASSIGNMENT,2026-08-06T12:58:23+00:00,UNALLOCATED,,,,,
SLCMP47-3246,3246,4391,154240129,2^154240129-1,STRUCTURAL_SCREEN_EXHAUSTED_PRIMALITY_UNASSIGNED,FIRST_SINGULARITY_SHELL_EXHAUSTED_PRIMALITY_UNASSIGNED,513,9595,9595,NO_RECORDED_FACTOR_PRP_OR_LL_RESULT_AND_NO_ACTIVE_GIMPS_ASSIGNMENT,2026-08-06T12:58:23+00:00,UNALLOCATED,,,,,
SLCMP47-3247,3247,4392,154240169,2^154240169-1,STRUCTURAL_SCREEN_EXHAUSTED_PRIMALITY_UNASSIGNED,FIRST_SINGULARITY_SHELL_EXHAUSTED_PRIMALITY_UNASSIGNED,513,9595,9595,NO_RECORDED_FACTOR_PRP_OR_LL_RESULT_AND_NO_ACTIVE_GIMPS_ASSIGNMENT,2026-08-06T12:58:23+00:00,UNALLOCATED,,,,,
SLCMP47-3248,3248,4393,154240189,2^154240189-1,STRUCTURAL_SCREEN_EXHAUSTED_PRIMALITY_UNASSIGNED,FIRST_SINGULARITY_SHELL_EXHAUSTED_PRIMALITY_UNASSIGNED,513,9595,9595,NO_RECORDED_FACTOR_PRP_OR_LL_RESULT_AND_NO_ACTIVE_GIMPS_ASSIGNMENT,2026-08-06T12:58:23+00:00,UNALLOCATED,,,,,
SLCMP47-3249,3249,4394,154240193,2^154240193-1,STRUCTURAL_SCREEN_EXHAUSTED_PRIMALITY_UNASSIGNED,FIRST_SINGULARITY_SHELL_EXHAUSTED_PRIMALITY_UNASSIGNED,513,9595,9595,NO_RECORDED_FACTOR_PRP_OR_LL_RESULT_AND_NO_ACTIVE_GIMPS_ASSIGNMENT,2026-08-06T12:58:23+00:00,UNALLOCATED,,,,,
SLCMP47-3250,3250,4395,154240301,2^154240301-1,STRUCTURAL_SCREEN_EXHAUSTED_PRIMALITY_UNASSIGNED,FIRST_SINGULARITY_SHELL_EXHAUSTED_PRIMALITY_UNASSIGNED,513,9595,9595,NO_RECORDED_FACTOR_PRP_OR_LL_RESULT_AND_NO_ACTIVE_GIMPS_ASSIGNMENT,2026-08-06T12:58:23+00:00,UNALLOCATED,,,,,
SLCMP47-3251,3251,4396,154240321,2^154240321-1,STRUCTURAL_SCREEN_EXHAUSTED_PRIMALITY_UNASSIGNED,FIRST_SINGULARITY_SHELL_EXHAUSTED_PRIMALITY_UNASSIGNED,513,9595,9595,NO_RECORDED_FACTOR_PRP_OR_LL_RESULT_AND_NO_ACTIVE_GIMPS_ASSIGNMENT,2026-08-06T12:58:23+00:00,UNALLOCATED,,,,,
SLCMP47-3252,3252,4397,154240397,2^154240397-1,STRUCTURAL_SCREEN_EXHAUSTED_PRIMALITY_UNASSIGNED,FIRST_SINGULARITY_SHELL_EXHAUSTED_PRIMALITY_UNASSIGNED,513,9595,9595,NO_RECORDED_FACTOR_PRP_OR_LL_RESULT_AND_NO_ACTIVE_GIMPS_ASSIGNMENT,2026-08-06T12:58:23+00:00,UNALLOCATED,,,,,
SLCMP47-3253,3253,4398,154240421,2^154240421-1,STRUCTURAL_SCREEN_EXHAUSTED_PRIMALITY_UNASSIGNED,FIRST_SINGULARITY_SHELL_EXHAUSTED_PRIMALITY_UNASSIGNED,513,9595,9595,NO_RECORDED_FACTOR_PRP_OR_LL_RESULT_AND_NO_ACTIVE_GIMPS_ASSIGNMENT,2026-08-06T12:58:23+00:00,UNALLOCATED,,,,,
SLCMP47-3254,3254,4399,154240571,2^154240571-1,STRUCTURAL_SCREEN_EXHAUSTED_PRIMALITY_UNASSIGNED,FIRST_SINGULARITY_SHELL_EXHAUSTED_PRIMALITY_UNASSIGNED,514,9595,9595,NO_RECORDED_FACTOR_PRP_OR_LL_RESULT_AND_NO_ACTIVE_GIMPS_ASSIGNMENT,2026-08-06T12:58:23+00:00,UNALLOCATED,,,,,
SLCMP47-3255,3255,4400,154240601,2^154240601-1,STRUCTURAL_SCREEN_EXHAUSTED_PRIMALITY_UNASSIGNED,FIRST_SINGULARITY_SHELL_EXHAUSTED_PRIMALITY_UNASSIGNED,513,9595,9595,NO_RECORDED_FACTOR_PRP_OR_LL_RESULT_AND_NO_ACTIVE_GIMPS_ASSIGNMENT,2026-08-06T12:58:23+00:00,UNALLOCATED,,,,,
SLCMP47-3256,3256,4401,154240657,2^154240657-1,STRUCTURAL_SCREEN_EXHAUSTED_PRIMALITY_UNASSIGNED,FIRST_SINGULARITY_SHELL_EXHAUSTED_PRIMALITY_UNASSIGNED,513,9595,9595,NO_RECORDED_FACTOR_PRP_OR_LL_RESULT_AND_NO_ACTIVE_GIMPS_ASSIGNMENT,2026-08-06T12:58:23+00:00,UNALLOCATED,,,,,
SLCMP47-3257,3257,4402,154240673,2^154240673-1,STRUCTURAL_SCREEN_EXHAUSTED_PRIMALITY_UNASSIGNED,FIRST_SINGULARITY_SHELL_EXHAUSTED_PRIMALITY_UNASSIGNED,513,9595,9595,NO_RECORDED_FACTOR_PRP_OR_LL_RESULT_AND_NO_ACTIVE_GIMPS_ASSIGNMENT,2026-08-06T12:58:23+00:00,UNALLOCATED,,,,,
SLCMP47-3258,3258,4403,154240741,2^154240741-1,STRUCTURAL_SCREEN_EXHAUSTED_PRIMALITY_UNASSIGNED,FIRST_SINGULARITY_SHELL_EXHAUSTED_PRIMALITY_UNASSIGNED,513,9595,9595,NO_RECORDED_FACTOR_PRP_OR_LL_RESULT_AND_NO_ACTIVE_GIMPS_ASSIGNMENT,2026-08-06T12:58:23+00:00,UNALLOCATED,,,,,
SLCMP47-3259,3259,4404,154240781,2^154240781-1,STRUCTURAL_SCREEN_EXHAUSTED_PRIMALITY_UNASSIGNED,FIRST_SINGULARITY_SHELL_EXHAUSTED_PRIMALITY_UNASSIGNED,513,9595,9595,NO_RECORDED_FACTOR_PRP_OR_LL_RESULT_AND_NO_ACTIVE_GIMPS_ASSIGNMENT,2026-08-06T12:58:23+00:00,UNALLOCATED,,,,,
SLCMP47-3260,3260,4405,154240787,2^154240787-1,STRUCTURAL_SCREEN_EXHAUSTED_PRIMALITY_UNASSIGNED,FIRST_SINGULARITY_SHELL_EXHAUSTED_PRIMALITY_UNASSIGNED,514,9595,9595,NO_RECORDED_FACTOR_PRP_OR_LL_RESULT_AND_NO_ACTIVE_GIMPS_ASSIGNMENT,2026-08-06T12:58:23+00:00,UNALLOCATED,,,,,
SLCMP47-3261,3261,4406,154240831,2^154240831-1,STRUCTURAL_SCREEN_EXHAUSTED_PRIMALITY_UNASSIGNED,FIRST_SINGULARITY_SHELL_EXHAUSTED_PRIMALITY_UNASSIGNED,514,9595,9595,NO_RECORDED_FACTOR_PRP_OR_LL_RESULT_AND_NO_ACTIVE_GIMPS_ASSIGNMENT,2026-08-06T12:58:23+00:00,UNALLOCATED,,,,,
SLCMP47-3262,3262,4407,154240909,2^154240909-1,STRUCTURAL_SCREEN_EXHAUSTED_PRIMALITY_UNASSIGNED,FIRST_SINGULARITY_SHELL_EXHAUSTED_PRIMALITY_UNASSIGNED,513,9595,9595,NO_RECORDED_FACTOR_PRP_OR_LL_RESULT_AND_NO_ACTIVE_GIMPS_ASSIGNMENT,2026-08-06T12:58:23+00:00,UNALLOCATED,,,,,
SLCMP47-3263,3263,4408,154240963,2^154240963-1,STRUCTURAL_SCREEN_EXHAUSTED_PRIMALITY_UNASSIGNED,FIRST_SINGULARITY_SHELL_EXHAUSTED_PRIMALITY_UNASSIGNED,514,9595,9595,NO_RECORDED_FACTOR_PRP_OR_LL_RESULT_AND_NO_ACTIVE_GIMPS_ASSIGNMENT,2026-08-06T12:58:23+00:00,UNALLOCATED,,,,,
SLCMP47-3264,3264,4409,154240973,2^154240973-1,STRUCTURAL_SCREEN_EXHAUSTED_PRIMALITY_UNASSIGNED,FIRST_SINGULARITY_SHELL_EXHAUSTED_PRIMALITY_UNASSIGNED,513,9595,9595,NO_RECORDED_FACTOR_PRP_OR_LL_RESULT_AND_NO_ACTIVE_GIMPS_ASSIGNMENT,2026-08-06T12:58:23+00:00,UNALLOCATED,,,,,
SLCMP47-3265,3265,4410,154240979,2^154240979-1,STRUCTURAL_SCREEN_EXHAUSTED_PRIMALITY_UNASSIGNED,FIRST_SINGULARITY_SHELL_EXHAUSTED_PRIMALITY_UNASSIGNED,514,9595,9595,NO_RECORDED_FACTOR_PRP_OR_LL_RESULT_AND_NO_ACTIVE_GIMPS_ASSIGNMENT,2026-08-06T12:58:23+00:00,UNALLOCATED,,,,,
SLCMP47-3266,3266,4411,154241063,2^154241063-1,STRUCTURAL_SCREEN_EXHAUSTED_PRIMALITY_UNASSIGNED,FIRST_SINGULARITY_SHELL_EXHAUSTED_PRIMALITY_UNASSIGNED,514,9595,9595,NO_RECORDED_FACTOR_PRP_OR_LL_RESULT_AND_NO_ACTIVE_GIMPS_ASSIGNMENT,2026-08-06T12:58:23+00:00,UNALLOCATED,,,,,
SLCMP47-3267,3267,4412,154241071,2^154241071-1,STRUCTURAL_SCREEN_EXHAUSTED_PRIMALITY_UNASSIGNED,FIRST_SINGULARITY_SHELL_EXHAUSTED_PRIMALITY_UNASSIGNED,514,9595,9595,NO_RECORDED_FACTOR_PRP_OR_LL_RESULT_AND_NO_ACTIVE_GIMPS_ASSIGNMENT,2026-08-06T12:58:23+00:00,UNALLOCATED,,,,,
SLCMP47-3268,3268,4413,154241159,2^154241159-1,STRUCTURAL_SCREEN_EXHAUSTED_PRIMALITY_UNASSIGNED,FIRST_SINGULARITY_SHELL_EXHAUSTED_PRIMALITY_UNASSIGNED,514,9595,9595,NO_RECORDED_FACTOR_PRP_OR_LL_RESULT_AND_NO_ACTIVE_GIMPS_ASSIGNMENT,2026-08-06T12:58:23+00:00,UNALLOCATED,,,,,
SLCMP47-3269,3269,4414,154241167,2^154241167-1,STRUCTURAL_SCREEN_EXHAUSTED_PRIMALITY_UNASSIGNED,FIRST_SINGULARITY_SHELL_EXHAUSTED_PRIMALITY_UNASSIGNED,514,9595,9595,NO_RECORDED_FACTOR_PRP_OR_LL_RESULT_AND_NO_ACTIVE_GIMPS_ASSIGNMENT,2026-08-06T12:58:23+00:00,UNALLOCATED,,,,,
SLCMP47-3270,3270,4415,154241177,2^154241177-1,STRUCTURAL_SCREEN_EXHAUSTED_PRIMALITY_UNASSIGNED,FIRST_SINGULARITY_SHELL_EXHAUSTED_PRIMALITY_UNASSIGNED,513,9595,9595,NO_RECORDED_FACTOR_PRP_OR_LL_RESULT_AND_NO_ACTIVE_GIMPS_ASSIGNMENT,2026-08-06T12:58:23+00:00,UNALLOCATED,,,,,
SLCMP47-3271,3271,4416,154241293,2^154241293-1,STRUCTURAL_SCREEN_EXHAUSTED_PRIMALITY_UNASSIGNED,FIRST_SINGULARITY_SHELL_EXHAUSTED_PRIMALITY_UNASSIGNED,513,9595,9595,NO_RECORDED_FACTOR_PRP_OR_LL_RESULT_AND_NO_ACTIVE_GIMPS_ASSIGNMENT,2026-08-06T12:58:23+00:00,UNALLOCATED,,,,,
SLCMP47-3272,3272,4417,154241389,2^154241389-1,STRUCTURAL_SCREEN_EXHAUSTED_PRIMALITY_UNASSIGNED,FIRST_SINGULARITY_SHELL_EXHAUSTED_PRIMALITY_UNASSIGNED,513,9595,9595,NO_RECORDED_FACTOR_PRP_OR_LL_RESULT_AND_NO_ACTIVE_GIMPS_ASSIGNMENT,2026-08-06T12:58:23+00:00,UNALLOCATED,,,,,
SLCMP47-3273,3273,4418,154241453,2^154241453-1,STRUCTURAL_SCREEN_EXHAUSTED_PRIMALITY_UNASSIGNED,FIRST_SINGULARITY_SHELL_EXHAUSTED_PRIMALITY_UNASSIGNED,513,9595,9595,NO_RECORDED_FACTOR_PRP_OR_LL_RESULT_AND_NO_ACTIVE_GIMPS_ASSIGNMENT,2026-08-06T12:58:23+00:00,UNALLOCATED,,,,,
SLCMP47-3274,3274,4419,154241579,2^154241579-1,STRUCTURAL_SCREEN_EXHAUSTED_PRIMALITY_UNASSIGNED,FIRST_SINGULARITY_SHELL_EXHAUSTED_PRIMALITY_UNASSIGNED,514,9595,9595,NO_RECORDED_FACTOR_PRP_OR_LL_RESULT_AND_NO_ACTIVE_GIMPS_ASSIGNMENT,2026-08-06T12:58:23+00:00,UNALLOCATED,,,,,
SLCMP47-3275,3275,4420,154241603,2^154241603-1,STRUCTURAL_SCREEN_EXHAUSTED_PRIMALITY_UNASSIGNED,FIRST_SINGULARITY_SHELL_EXHAUSTED_PRIMALITY_UNASSIGNED,514,9595,9595,NO_RECORDED_FACTOR_PRP_OR_LL_RESULT_AND_NO_ACTIVE_GIMPS_ASSIGNMENT,2026-08-06T12:58:23+00:00,UNALLOCATED,,,,,
SLCMP47-3276,3276,4421,154241621,2^154241621-1,STRUCTURAL_SCREEN_EXHAUSTED_PRIMALITY_UNASSIGNED,FIRST_SINGULARITY_SHELL_EXHAUSTED_PRIMALITY_UNASSIGNED,513,9595,9595,NO_RECORDED_FACTOR_PRP_OR_LL_RESULT_AND_NO_ACTIVE_GIMPS_ASSIGNMENT,2026-08-06T12:58:23+00:00,UNALLOCATED,,,,,
SLCMP47-3277,3277,4422,154241623,2^154241623-1,STRUCTURAL_SCREEN_EXHAUSTED_PRIMALITY_UNASSIGNED,FIRST_SINGULARITY_SHELL_EXHAUSTED_PRIMALITY_UNASSIGNED,514,9595,9595,NO_RECORDED_FACTOR_PRP_OR_LL_RESULT_AND_NO_ACTIVE_GIMPS_ASSIGNMENT,2026-08-06T12:58:23+00:00,UNALLOCATED,,,,,
SLCMP47-3278,3278,4423,154241669,2^154241669-1,STRUCTURAL_SCREEN_EXHAUSTED_PRIMALITY_UNASSIGNED,FIRST_SINGULARITY_SHELL_EXHAUSTED_PRIMALITY_UNASSIGNED,513,9595,9595,NO_RECORDED_FACTOR_PRP_OR_LL_RESULT_AND_NO_ACTIVE_GIMPS_ASSIGNMENT,2026-08-06T12:58:23+00:00,UNALLOCATED,,,,,
SLCMP47-3279,3279,4424,154241729,2^154241729-1,STRUCTURAL_SCREEN_EXHAUSTED_PRIMALITY_UNASSIGNED,FIRST_SINGULARITY_SHELL_EXHAUSTED_PRIMALITY_UNASSIGNED,513,9595,9595,NO_RECORDED_FACTOR_PRP_OR_LL_RESULT_AND_NO_ACTIVE_GIMPS_ASSIGNMENT,2026-08-06T12:58:23+00:00,UNALLOCATED,,,,,
SLCMP47-3280,3280,4425,154241809,2^154241809-1,STRUCTURAL_SCREEN_EXHAUSTED_PRIMALITY_UNASSIGNED,FIRST_SINGULARITY_SHELL_EXHAUSTED_PRIMALITY_UNASSIGNED,513,9595,9595,NO_RECORDED_FACTOR_PRP_OR_LL_RESULT_AND_NO_ACTIVE_GIMPS_ASSIGNMENT,2026-08-06T12:58:23+00:00,UNALLOCATED,,,,,
SLCMP47-3281,3281,4426,154241831,2^154241831-1,STRUCTURAL_SCREEN_EXHAUSTED_PRIMALITY_UNASSIGNED,FIRST_SINGULARITY_SHELL_EXHAUSTED_PRIMALITY_UNASSIGNED,514,9595,9595,NO_RECORDED_FACTOR_PRP_OR_LL_RESULT_AND_NO_ACTIVE_GIMPS_ASSIGNMENT,2026-08-06T12:58:23+00:00,UNALLOCATED,,,,,
SLCMP47-3282,3282,4427,154241869,2^154241869-1,STRUCTURAL_SCREEN_EXHAUSTED_PRIMALITY_UNASSIGNED,FIRST_SINGULARITY_SHELL_EXHAUSTED_PRIMALITY_UNASSIGNED,513,9595,9595,NO_RECORDED_FACTOR_PRP_OR_LL_RESULT_AND_NO_ACTIVE_GIMPS_ASSIGNMENT,2026-08-06T12:58:23+00:00,UNALLOCATED,,,,,
SLCMP47-3283,3283,4428,154241993,2^154241993-1,STRUCTURAL_SCREEN_EXHAUSTED_PRIMALITY_UNASSIGNED,FIRST_SINGULARITY_SHELL_EXHAUSTED_PRIMALITY_UNASSIGNED,513,9595,9595,NO_RECORDED_FACTOR_PRP_OR_LL_RESULT_AND_NO_ACTIVE_GIMPS_ASSIGNMENT,2026-08-06T12:58:23+00:00,UNALLOCATED,,,,,
SLCMP47-3284,3284,4429,154242029,2^154242029-1,STRUCTURAL_SCREEN_EXHAUSTED_PRIMALITY_UNASSIGNED,FIRST_SINGULARITY_SHELL_EXHAUSTED_PRIMALITY_UNASSIGNED,513,9595,9595,NO_RECORDED_FACTOR_PRP_OR_LL_RESULT_AND_NO_ACTIVE_GIMPS_ASSIGNMENT,2026-08-06T12:58:23+00:00,UNALLOCATED,,,,,
SLCMP47-3285,3285,4430,154242059,2^154242059-1,STRUCTURAL_SCREEN_EXHAUSTED_PRIMALITY_UNASSIGNED,FIRST_SINGULARITY_SHELL_EXHAUSTED_PRIMALITY_UNASSIGNED,514,9595,9595,NO_RECORDED_FACTOR_PRP_OR_LL_RESULT_AND_NO_ACTIVE_GIMPS_ASSIGNMENT,2026-08-06T12:58:23+00:00,UNALLOCATED,,,,,
SLCMP47-3286,3286,4431,154242149,2^154242149-1,STRUCTURAL_SCREEN_EXHAUSTED_PRIMALITY_UNASSIGNED,FIRST_SINGULARITY_SHELL_EXHAUSTED_PRIMALITY_UNASSIGNED,513,9595,9595,NO_RECORDED_FACTOR_PRP_OR_LL_RESULT_AND_NO_ACTIVE_GIMPS_ASSIGNMENT,2026-08-06T12:58:23+00:00,UNALLOCATED,,,,,
SLCMP47-3287,3287,4432,154242217,2^154242217-1,STRUCTURAL_SCREEN_EXHAUSTED_PRIMALITY_UNASSIGNED,FIRST_SINGULARITY_SHELL_EXHAUSTED_PRIMALITY_UNASSIGNED,513,9595,9595,NO_RECORDED_FACTOR_PRP_OR_LL_RESULT_AND_NO_ACTIVE_GIMPS_ASSIGNMENT,2026-08-06T12:58:23+00:00,UNALLOCATED,,,,,
SLCMP47-3288,3288,4433,154242259,2^154242259-1,STRUCTURAL_SCREEN_EXHAUSTED_PRIMALITY_UNASSIGNED,FIRST_SINGULARITY_SHELL_EXHAUSTED_PRIMALITY_UNASSIGNED,514,9595,9595,NO_RECORDED_FACTOR_PRP_OR_LL_RESULT_AND_NO_ACTIVE_GIMPS_ASSIGNMENT,2026-08-06T12:58:23+00:00,UNALLOCATED,,,,,
SLCMP47-3289,3289,4434,154242269,2^154242269-1,STRUCTURAL_SCREEN_EXHAUSTED_PRIMALITY_UNASSIGNED,FIRST_SINGULARITY_SHELL_EXHAUSTED_PRIMALITY_UNASSIGNED,513,9595,9595,NO_RECORDED_FACTOR_PRP_OR_LL_RESULT_AND_NO_ACTIVE_GIMPS_ASSIGNMENT,2026-08-06T12:58:23+00:00,UNALLOCATED,,,,,
SLCMP47-3290,3290,4435,154242427,2^154242427-1,STRUCTURAL_SCREEN_EXHAUSTED_PRIMALITY_UNASSIGNED,FIRST_SINGULARITY_SHELL_EXHAUSTED_PRIMALITY_UNASSIGNED,514,9595,9595,NO_RECORDED_FACTOR_PRP_OR_LL_RESULT_AND_NO_ACTIVE_GIMPS_ASSIGNMENT,2026-08-06T12:58:23+00:00,UNALLOCATED,,,,,
SLCMP47-3291,3291,4436,154242449,2^154242449-1,STRUCTURAL_SCREEN_EXHAUSTED_PRIMALITY_UNASSIGNED,FIRST_SINGULARITY_SHELL_EXHAUSTED_PRIMALITY_UNASSIGNED,513,9595,9595,NO_RECORDED_FACTOR_PRP_OR_LL_RESULT_AND_NO_ACTIVE_GIMPS_ASSIGNMENT,2026-08-06T12:58:23+00:00,UNALLOCATED,,,,,
SLCMP47-3292,3292,4437,154242457,2^154242457-1,STRUCTURAL_SCREEN_EXHAUSTED_PRIMALITY_UNASSIGNED,FIRST_SINGULARITY_SHELL_EXHAUSTED_PRIMALITY_UNASSIGNED,513,9595,9595,NO_RECORDED_FACTOR_PRP_OR_LL_RESULT_AND_NO_ACTIVE_GIMPS_ASSIGNMENT,2026-08-06T12:58:23+00:00,UNALLOCATED,,,,,
SLCMP47-3293,3293,4438,154242511,2^154242511-1,STRUCTURAL_SCREEN_EXHAUSTED_PRIMALITY_UNASSIGNED,FIRST_SINGULARITY_SHELL_EXHAUSTED_PRIMALITY_UNASSIGNED,514,9595,9595,NO_RECORDED_FACTOR_PRP_OR_LL_RESULT_AND_NO_ACTIVE_GIMPS_ASSIGNMENT,2026-08-06T12:58:23+00:00,UNALLOCATED,,,,,
SLCMP47-3294,3294,4439,154242593,2^154242593-1,STRUCTURAL_SCREEN_EXHAUSTED_PRIMALITY_UNASSIGNED,FIRST_SINGULARITY_SHELL_EXHAUSTED_PRIMALITY_UNASSIGNED,513,9595,9595,NO_RECORDED_FACTOR_PRP_OR_LL_RESULT_AND_NO_ACTIVE_GIMPS_ASSIGNMENT,2026-08-06T12:58:23+00:00,UNALLOCATED,,,,,
SLCMP47-3295,3295,4440,154242611,2^154242611-1,STRUCTURAL_SCREEN_EXHAUSTED_PRIMALITY_UNASSIGNED,FIRST_SINGULARITY_SHELL_EXHAUSTED_PRIMALITY_UNASSIGNED,514,9595,9595,NO_RECORDED_FACTOR_PRP_OR_LL_RESULT_AND_NO_ACTIVE_GIMPS_ASSIGNMENT,2026-08-06T12:58:23+00:00,UNALLOCATED,,,,,
SLCMP47-3296,3296,4441,154242629,2^154242629-1,STRUCTURAL_SCREEN_EXHAUSTED_PRIMALITY_UNASSIGNED,FIRST_SINGULARITY_SHELL_EXHAUSTED_PRIMALITY_UNASSIGNED,513,9595,9595,NO_RECORDED_FACTOR_PRP_OR_LL_RESULT_AND_NO_ACTIVE_GIMPS_ASSIGNMENT,2026-08-06T12:58:23+00:00,UNALLOCATED,,,,,
SLCMP47-3297,3297,4442,154242653,2^154242653-1,STRUCTURAL_SCREEN_EXHAUSTED_PRIMALITY_UNASSIGNED,FIRST_SINGULARITY_SHELL_EXHAUSTED_PRIMALITY_UNASSIGNED,513,9595,9595,NO_RECORDED_FACTOR_PRP_OR_LL_RESULT_AND_NO_ACTIVE_GIMPS_ASSIGNMENT,2026-08-06T12:58:23+00:00,UNALLOCATED,,,,,
SLCMP47-3298,3298,4443,154242679,2^154242679-1,STRUCTURAL_SCREEN_EXHAUSTED_PRIMALITY_UNASSIGNED,FIRST_SINGULARITY_SHELL_EXHAUSTED_PRIMALITY_UNASSIGNED,514,9595,9595,NO_RECORDED_FACTOR_PRP_OR_LL_RESULT_AND_NO_ACTIVE_GIMPS_ASSIGNMENT,2026-08-06T12:58:23+00:00,UNALLOCATED,,,,,
SLCMP47-3299,3299,4444,154242691,2^154242691-1,STRUCTURAL_SCREEN_EXHAUSTED_PRIMALITY_UNASSIGNED,FIRST_SINGULARITY_SHELL_EXHAUSTED_PRIMALITY_UNASSIGNED,514,9595,9595,NO_RECORDED_FACTOR_PRP_OR_LL_RESULT_AND_NO_ACTIVE_GIMPS_ASSIGNMENT,2026-08-06T12:58:23+00:00,UNALLOCATED,,,,,
SLCMP47-3300,3300,4445,154242719,2^154242719-1,STRUCTURAL_SCREEN_EXHAUSTED_PRIMALITY_UNASSIGNED,FIRST_SINGULARITY_SHELL_EXHAUSTED_PRIMALITY_UNASSIGNED,514,9595,9595,NO_RECORDED_FACTOR_PRP_OR_LL_RESULT_AND_NO_ACTIVE_GIMPS_ASSIGNMENT,2026-08-06T12:58:23+00:00,UNALLOCATED,,,,,
SLCMP47-3301,3301,4446,154242871,2^154242871-1,STRUCTURAL_SCREEN_EXHAUSTED_PRIMALITY_UNASSIGNED,FIRST_SINGULARITY_SHELL_EXHAUSTED_PRIMALITY_UNASSIGNED,514,9595,9595,NO_RECORDED_FACTOR_PRP_OR_LL_RESULT_AND_NO_ACTIVE_GIMPS_ASSIGNMENT,2026-08-06T12:58:23+00:00,UNALLOCATED,,,,,
SLCMP47-3302,3302,4447,154242929,2^154242929-1,STRUCTURAL_SCREEN_EXHAUSTED_PRIMALITY_UNASSIGNED,FIRST_SINGULARITY_SHELL_EXHAUSTED_PRIMALITY_UNASSIGNED,513,9595,9595,NO_RECORDED_FACTOR_PRP_OR_LL_RESULT_AND_NO_ACTIVE_GIMPS_ASSIGNMENT,2026-08-06T12:58:23+00:00,UNALLOCATED,,,,,
SLCMP47-3303,3303,4452,154243301,2^154243301-1,STRUCTURAL_SCREEN_EXHAUSTED_PRIMALITY_UNASSIGNED,FIRST_SINGULARITY_SHELL_EXHAUSTED_PRIMALITY_UNASSIGNED,513,9595,9595,NO_RECORDED_FACTOR_PRP_OR_LL_RESULT_AND_NO_ACTIVE_GIMPS_ASSIGNMENT,2026-08-06T12:58:23+00:00,UNALLOCATED,,,,,
SLCMP47-3304,3304,4455,154243553,2^154243553-1,STRUCTURAL_SCREEN_EXHAUSTED_PRIMALITY_UNASSIGNED,FIRST_SINGULARITY_SHELL_EXHAUSTED_PRIMALITY_UNASSIGNED,513,9595,9595,NO_RECORDED_FACTOR_PRP_OR_LL_RESULT_AND_NO_ACTIVE_GIMPS_ASSIGNMENT,2026-08-06T12:58:23+00:00,UNALLOCATED,,,,,
SLCMP47-3305,3305,4456,154243571,2^154243571-1,STRUCTURAL_SCREEN_EXHAUSTED_PRIMALITY_UNASSIGNED,FIRST_SINGULARITY_SHELL_EXHAUSTED_PRIMALITY_UNASSIGNED,514,9595,9595,NO_RECORDED_FACTOR_PRP_OR_LL_RESULT_AND_NO_ACTIVE_GIMPS_ASSIGNMENT,2026-08-06T12:58:23+00:00,UNALLOCATED,,,,,
SLCMP47-3306,3306,4457,154243651,2^154243651-1,STRUCTURAL_SCREEN_EXHAUSTED_PRIMALITY_UNASSIGNED,FIRST_SINGULARITY_SHELL_EXHAUSTED_PRIMALITY_UNASSIGNED,514,9595,9595,NO_RECORDED_FACTOR_PRP_OR_LL_RESULT_AND_NO_ACTIVE_GIMPS_ASSIGNMENT,2026-08-06T12:58:23+00:00,UNALLOCATED,,,,,
SLCMP47-3307,3307,4458,154243777,2^154243777-1,STRUCTURAL_SCREEN_EXHAUSTED_PRIMALITY_UNASSIGNED,FIRST_SINGULARITY_SHELL_EXHAUSTED_PRIMALITY_UNASSIGNED,513,9595,9595,NO_RECORDED_FACTOR_PRP_OR_LL_RESULT_AND_NO_ACTIVE_GIMPS_ASSIGNMENT,2026-08-06T12:58:23+00:00,UNALLOCATED,,,,,
SLCMP47-3308,3308,4459,154243781,2^154243781-1,STRUCTURAL_SCREEN_EXHAUSTED_PRIMALITY_UNASSIGNED,FIRST_SINGULARITY_SHELL_EXHAUSTED_PRIMALITY_UNASSIGNED,513,9595,9595,NO_RECORDED_FACTOR_PRP_OR_LL_RESULT_AND_NO_ACTIVE_GIMPS_ASSIGNMENT,2026-08-06T12:58:23+00:00,UNALLOCATED,,,,,
SLCMP47-3309,3309,4460,154243783,2^154243783-1,STRUCTURAL_SCREEN_EXHAUSTED_PRIMALITY_UNASSIGNED,FIRST_SINGULARITY_SHELL_EXHAUSTED_PRIMALITY_UNASSIGNED,514,9595,9595,NO_RECORDED_FACTOR_PRP_OR_LL_RESULT_AND_NO_ACTIVE_GIMPS_ASSIGNMENT,2026-08-06T12:58:23+00:00,UNALLOCATED,,,,,
SLCMP47-3310,3310,4461,154243811,2^154243811-1,STRUCTURAL_SCREEN_EXHAUSTED_PRIMALITY_UNASSIGNED,FIRST_SINGULARITY_SHELL_EXHAUSTED_PRIMALITY_UNASSIGNED,514,9595,9595,NO_RECORDED_FACTOR_PRP_OR_LL_RESULT_AND_NO_ACTIVE_GIMPS_ASSIGNMENT,2026-08-06T12:58:23+00:00,UNALLOCATED,,,,,
SLCMP47-3311,3311,4462,154243847,2^154243847-1,STRUCTURAL_SCREEN_EXHAUSTED_PRIMALITY_UNASSIGNED,FIRST_SINGULARITY_SHELL_EXHAUSTED_PRIMALITY_UNASSIGNED,514,9595,9595,NO_RECORDED_FACTOR_PRP_OR_LL_RESULT_AND_NO_ACTIVE_GIMPS_ASSIGNMENT,2026-08-06T12:58:23+00:00,UNALLOCATED,,,,,
SLCMP47-3312,3312,4463,154243993,2^154243993-1,STRUCTURAL_SCREEN_EXHAUSTED_PRIMALITY_UNASSIGNED,FIRST_SINGULARITY_SHELL_EXHAUSTED_PRIMALITY_UNASSIGNED,513,9595,9595,NO_RECORDED_FACTOR_PRP_OR_LL_RESULT_AND_NO_ACTIVE_GIMPS_ASSIGNMENT,2026-08-06T12:58:23+00:00,UNALLOCATED,,,,,
SLCMP47-3313,3313,4464,154244017,2^154244017-1,STRUCTURAL_SCREEN_EXHAUSTED_PRIMALITY_UNASSIGNED,FIRST_SINGULARITY_SHELL_EXHAUSTED_PRIMALITY_UNASSIGNED,513,9595,9595,NO_RECORDED_FACTOR_PRP_OR_LL_RESULT_AND_NO_ACTIVE_GIMPS_ASSIGNMENT,2026-08-06T12:58:23+00:00,UNALLOCATED,,,,,
SLCMP47-3314,3314,4465,154244089,2^154244089-1,STRUCTURAL_SCREEN_EXHAUSTED_PRIMALITY_UNASSIGNED,FIRST_SINGULARITY_SHELL_EXHAUSTED_PRIMALITY_UNASSIGNED,513,9595,9595,NO_RECORDED_FACTOR_PRP_OR_LL_RESULT_AND_NO_ACTIVE_GIMPS_ASSIGNMENT,2026-08-06T12:58:23+00:00,UNALLOCATED,,,,,
SLCMP47-3315,3315,4466,154244107,2^154244107-1,STRUCTURAL_SCREEN_EXHAUSTED_PRIMALITY_UNASSIGNED,FIRST_SINGULARITY_SHELL_EXHAUSTED_PRIMALITY_UNASSIGNED,514,9595,9595,NO_RECORDED_FACTOR_PRP_OR_LL_RESULT_AND_NO_ACTIVE_GIMPS_ASSIGNMENT,2026-08-06T12:58:23+00:00,UNALLOCATED,,,,,
SLCMP47-3316,3316,4467,154244131,2^154244131-1,STRUCTURAL_SCREEN_EXHAUSTED_PRIMALITY_UNASSIGNED,FIRST_SINGULARITY_SHELL_EXHAUSTED_PRIMALITY_UNASSIGNED,514,9595,9595,NO_RECORDED_FACTOR_PRP_OR_LL_RESULT_AND_NO_ACTIVE_GIMPS_ASSIGNMENT,2026-08-06T12:58:23+00:00,UNALLOCATED,,,,,
SLCMP47-3317,3317,4468,154244137,2^154244137-1,STRUCTURAL_SCREEN_EXHAUSTED_PRIMALITY_UNASSIGNED,FIRST_SINGULARITY_SHELL_EXHAUSTED_PRIMALITY_UNASSIGNED,513,9595,9595,NO_RECORDED_FACTOR_PRP_OR_LL_RESULT_AND_NO_ACTIVE_GIMPS_ASSIGNMENT,2026-08-06T12:58:23+00:00,UNALLOCATED,,,,,
SLCMP47-3318,3318,4469,154244171,2^154244171-1,STRUCTURAL_SCREEN_EXHAUSTED_PRIMALITY_UNASSIGNED,FIRST_SINGULARITY_SHELL_EXHAUSTED_PRIMALITY_UNASSIGNED,514,9595,9595,NO_RECORDED_FACTOR_PRP_OR_LL_RESULT_AND_NO_ACTIVE_GIMPS_ASSIGNMENT,2026-08-06T12:58:23+00:00,UNALLOCATED,,,,,
SLCMP47-3319,3319,4470,154244203,2^154244203-1,STRUCTURAL_SCREEN_EXHAUSTED_PRIMALITY_UNASSIGNED,FIRST_SINGULARITY_SHELL_EXHAUSTED_PRIMALITY_UNASSIGNED,514,9595,9595,NO_RECORDED_FACTOR_PRP_OR_LL_RESULT_AND_NO_ACTIVE_GIMPS_ASSIGNMENT,2026-08-06T12:58:23+00:00,UNALLOCATED,,,,,
SLCMP47-3320,3320,4471,154244219,2^154244219-1,STRUCTURAL_SCREEN_EXHAUSTED_PRIMALITY_UNASSIGNED,FIRST_SINGULARITY_SHELL_EXHAUSTED_PRIMALITY_UNASSIGNED,514,9595,9595,NO_RECORDED_FACTOR_PRP_OR_LL_RESULT_AND_NO_ACTIVE_GIMPS_ASSIGNMENT,2026-08-06T12:58:23+00:00,UNALLOCATED,,,,,
SLCMP47-3321,3321,4472,154244221,2^154244221-1,STRUCTURAL_SCREEN_EXHAUSTED_PRIMALITY_UNASSIGNED,FIRST_SINGULARITY_SHELL_EXHAUSTED_PRIMALITY_UNASSIGNED,513,9595,9595,NO_RECORDED_FACTOR_PRP_OR_LL_RESULT_AND_NO_ACTIVE_GIMPS_ASSIGNMENT,2026-08-06T12:58:23+00:00,UNALLOCATED,,,,,
SLCMP47-3322,3322,4473,154244287,2^154244287-1,STRUCTURAL_SCREEN_EXHAUSTED_PRIMALITY_UNASSIGNED,FIRST_SINGULARITY_SHELL_EXHAUSTED_PRIMALITY_UNASSIGNED,514,9595,9595,NO_RECORDED_FACTOR_PRP_OR_LL_RESULT_AND_NO_ACTIVE_GIMPS_ASSIGNMENT,2026-08-06T12:58:23+00:00,UNALLOCATED,,,,,
SLCMP47-3323,3323,4474,154244309,2^154244309-1,STRUCTURAL_SCREEN_EXHAUSTED_PRIMALITY_UNASSIGNED,FIRST_SINGULARITY_SHELL_EXHAUSTED_PRIMALITY_UNASSIGNED,513,9595,9595,NO_RECORDED_FACTOR_PRP_OR_LL_RESULT_AND_NO_ACTIVE_GIMPS_ASSIGNMENT,2026-08-06T12:58:23+00:00,UNALLOCATED,,,,,
SLCMP47-3324,3324,4475,154244411,2^154244411-1,STRUCTURAL_SCREEN_EXHAUSTED_PRIMALITY_UNASSIGNED,FIRST_SINGULARITY_SHELL_EXHAUSTED_PRIMALITY_UNASSIGNED,514,9595,9595,NO_RECORDED_FACTOR_PRP_OR_LL_RESULT_AND_NO_ACTIVE_GIMPS_ASSIGNMENT,2026-08-06T12:58:23+00:00,UNALLOCATED,,,,,
SLCMP47-3325,3325,4476,154244443,2^154244443-1,STRUCTURAL_SCREEN_EXHAUSTED_PRIMALITY_UNASSIGNED,FIRST_SINGULARITY_SHELL_EXHAUSTED_PRIMALITY_UNASSIGNED,514,9595,9595,NO_RECORDED_FACTOR_PRP_OR_LL_RESULT_AND_NO_ACTIVE_GIMPS_ASSIGNMENT,2026-08-06T12:58:23+00:00,UNALLOCATED,,,,,
SLCMP47-3326,3326,4477,154244491,2^154244491-1,STRUCTURAL_SCREEN_EXHAUSTED_PRIMALITY_UNASSIGNED,FIRST_SINGULARITY_SHELL_EXHAUSTED_PRIMALITY_UNASSIGNED,514,9595,9595,NO_RECORDED_FACTOR_PRP_OR_LL_RESULT_AND_NO_ACTIVE_GIMPS_ASSIGNMENT,2026-08-06T12:58:23+00:00,UNALLOCATED,,,,,
SLCMP47-3327,3327,4478,154244507,2^154244507-1,STRUCTURAL_SCREEN_EXHAUSTED_PRIMALITY_UNASSIGNED,FIRST_SINGULARITY_SHELL_EXHAUSTED_PRIMALITY_UNASSIGNED,514,9595,9595,NO_RECORDED_FACTOR_PRP_OR_LL_RESULT_AND_NO_ACTIVE_GIMPS_ASSIGNMENT,2026-08-06T12:58:23+00:00,UNALLOCATED,,,,,
SLCMP47-3328,3328,4479,154244557,2^154244557-1,STRUCTURAL_SCREEN_EXHAUSTED_PRIMALITY_UNASSIGNED,FIRST_SINGULARITY_SHELL_EXHAUSTED_PRIMALITY_UNASSIGNED,513,9595,9595,NO_RECORDED_FACTOR_PRP_OR_LL_RESULT_AND_NO_ACTIVE_GIMPS_ASSIGNMENT,2026-08-06T12:58:23+00:00,UNALLOCATED,,,,,
SLCMP47-3329,3329,4480,154244609,2^154244609-1,STRUCTURAL_SCREEN_EXHAUSTED_PRIMALITY_UNASSIGNED,FIRST_SINGULARITY_SHELL_EXHAUSTED_PRIMALITY_UNASSIGNED,513,9595,9595,NO_RECORDED_FACTOR_PRP_OR_LL_RESULT_AND_NO_ACTIVE_GIMPS_ASSIGNMENT,2026-08-06T12:58:23+00:00,UNALLOCATED,,,,,
SLCMP47-3330,3330,4481,154244711,2^154244711-1,STRUCTURAL_SCREEN_EXHAUSTED_PRIMALITY_UNASSIGNED,FIRST_SINGULARITY_SHELL_EXHAUSTED_PRIMALITY_UNASSIGNED,514,9595,9595,NO_RECORDED_FACTOR_PRP_OR_LL_RESULT_AND_NO_ACTIVE_GIMPS_ASSIGNMENT,2026-08-06T12:58:23+00:00,UNALLOCATED,,,,,
SLCMP47-3331,3331,4482,154244767,2^154244767-1,STRUCTURAL_SCREEN_EXHAUSTED_PRIMALITY_UNASSIGNED,FIRST_SINGULARITY_SHELL_EXHAUSTED_PRIMALITY_UNASSIGNED,514,9595,9595,NO_RECORDED_FACTOR_PRP_OR_LL_RESULT_AND_NO_ACTIVE_GIMPS_ASSIGNMENT,2026-08-06T12:58:23+00:00,UNALLOCATED,,,,,
SLCMP47-3332,3332,4483,154244789,2^154244789-1,STRUCTURAL_SCREEN_EXHAUSTED_PRIMALITY_UNASSIGNED,FIRST_SINGULARITY_SHELL_EXHAUSTED_PRIMALITY_UNASSIGNED,513,9595,9595,NO_RECORDED_FACTOR_PRP_OR_LL_RESULT_AND_NO_ACTIVE_GIMPS_ASSIGNMENT,2026-08-06T12:58:23+00:00,UNALLOCATED,,,,,
SLCMP47-3333,3333,4484,154244953,2^154244953-1,STRUCTURAL_SCREEN_EXHAUSTED_PRIMALITY_UNASSIGNED,FIRST_SINGULARITY_SHELL_EXHAUSTED_PRIMALITY_UNASSIGNED,513,9595,9595,NO_RECORDED_FACTOR_PRP_OR_LL_RESULT_AND_NO_ACTIVE_GIMPS_ASSIGNMENT,2026-08-06T12:58:23+00:00,UNALLOCATED,,,,,
SLCMP47-3334,3334,4485,154245037,2^154245037-1,STRUCTURAL_SCREEN_EXHAUSTED_PRIMALITY_UNASSIGNED,FIRST_SINGULARITY_SHELL_EXHAUSTED_PRIMALITY_UNASSIGNED,513,9595,9595,NO_RECORDED_FACTOR_PRP_OR_LL_RESULT_AND_NO_ACTIVE_GIMPS_ASSIGNMENT,2026-08-06T12:58:23+00:00,UNALLOCATED,,,,,
SLCMP47-3335,3335,4486,154245053,2^154245053-1,STRUCTURAL_SCREEN_EXHAUSTED_PRIMALITY_UNASSIGNED,FIRST_SINGULARITY_SHELL_EXHAUSTED_PRIMALITY_UNASSIGNED,513,9595,9595,NO_RECORDED_FACTOR_PRP_OR_LL_RESULT_AND_NO_ACTIVE_GIMPS_ASSIGNMENT,2026-08-06T12:58:23+00:00,UNALLOCATED,,,,,
SLCMP47-3336,3336,4487,154245071,2^154245071-1,STRUCTURAL_SCREEN_EXHAUSTED_PRIMALITY_UNASSIGNED,FIRST_SINGULARITY_SHELL_EXHAUSTED_PRIMALITY_UNASSIGNED,514,9595,9595,NO_RECORDED_FACTOR_PRP_OR_LL_RESULT_AND_NO_ACTIVE_GIMPS_ASSIGNMENT,2026-08-06T12:58:23+00:00,UNALLOCATED,,,,,
SLCMP47-3337,3337,4488,154245073,2^154245073-1,STRUCTURAL_SCREEN_EXHAUSTED_PRIMALITY_UNASSIGNED,FIRST_SINGULARITY_SHELL_EXHAUSTED_PRIMALITY_UNASSIGNED,513,9595,9595,NO_RECORDED_FACTOR_PRP_OR_LL_RESULT_AND_NO_ACTIVE_GIMPS_ASSIGNMENT,2026-08-06T12:58:23+00:00,UNALLOCATED,,,,,
SLCMP47-3338,3338,4489,154245353,2^154245353-1,STRUCTURAL_SCREEN_EXHAUSTED_PRIMALITY_UNASSIGNED,FIRST_SINGULARITY_SHELL_EXHAUSTED_PRIMALITY_UNASSIGNED,513,9595,9595,NO_RECORDED_FACTOR_PRP_OR_LL_RESULT_AND_NO_ACTIVE_GIMPS_ASSIGNMENT,2026-08-06T12:58:23+00:00,UNALLOCATED,,,,,
SLCMP47-3339,3339,4490,154245373,2^154245373-1,STRUCTURAL_SCREEN_EXHAUSTED_PRIMALITY_UNASSIGNED,FIRST_SINGULARITY_SHELL_EXHAUSTED_PRIMALITY_UNASSIGNED,513,9595,9595,NO_RECORDED_FACTOR_PRP_OR_LL_RESULT_AND_NO_ACTIVE_GIMPS_ASSIGNMENT,2026-08-06T12:58:23+00:00,UNALLOCATED,,,,,
SLCMP47-3340,3340,4491,154245379,2^154245379-1,STRUCTURAL_SCREEN_EXHAUSTED_PRIMALITY_UNASSIGNED,FIRST_SINGULARITY_SHELL_EXHAUSTED_PRIMALITY_UNASSIGNED,514,9595,9595,NO_RECORDED_FACTOR_PRP_OR_LL_RESULT_AND_NO_ACTIVE_GIMPS_ASSIGNMENT,2026-08-06T12:58:23+00:00,UNALLOCATED,,,,,
SLCMP47-3341,3341,4492,154245463,2^154245463-1,STRUCTURAL_SCREEN_EXHAUSTED_PRIMALITY_UNASSIGNED,FIRST_SINGULARITY_SHELL_EXHAUSTED_PRIMALITY_UNASSIGNED,514,9595,9595,NO_RECORDED_FACTOR_PRP_OR_LL_RESULT_AND_NO_ACTIVE_GIMPS_ASSIGNMENT,2026-08-06T12:58:23+00:00,UNALLOCATED,,,,,
SLCMP47-3342,3342,4493,154245517,2^154245517-1,STRUCTURAL_SCREEN_EXHAUSTED_PRIMALITY_UNASSIGNED,FIRST_SINGULARITY_SHELL_EXHAUSTED_PRIMALITY_UNASSIGNED,513,9595,9595,NO_RECORDED_FACTOR_PRP_OR_LL_RESULT_AND_NO_ACTIVE_GIMPS_ASSIGNMENT,2026-08-06T12:58:23+00:00,UNALLOCATED,,,,,
SLCMP47-3343,3343,4494,154245523,2^154245523-1,STRUCTURAL_SCREEN_EXHAUSTED_PRIMALITY_UNASSIGNED,FIRST_SINGULARITY_SHELL_EXHAUSTED_PRIMALITY_UNASSIGNED,514,9595,9595,NO_RECORDED_FACTOR_PRP_OR_LL_RESULT_AND_NO_ACTIVE_GIMPS_ASSIGNMENT,2026-08-06T12:58:23+00:00,UNALLOCATED,,,,,
SLCMP47-3344,3344,4495,154245527,2^154245527-1,STRUCTURAL_SCREEN_EXHAUSTED_PRIMALITY_UNASSIGNED,FIRST_SINGULARITY_SHELL_EXHAUSTED_PRIMALITY_UNASSIGNED,514,9595,9595,NO_RECORDED_FACTOR_PRP_OR_LL_RESULT_AND_NO_ACTIVE_GIMPS_ASSIGNMENT,2026-08-06T12:58:23+00:00,UNALLOCATED,,,,,
SLCMP47-3345,3345,4496,154245541,2^154245541-1,STRUCTURAL_SCREEN_EXHAUSTED_PRIMALITY_UNASSIGNED,FIRST_SINGULARITY_SHELL_EXHAUSTED_PRIMALITY_UNASSIGNED,513,9595,9595,NO_RECORDED_FACTOR_PRP_OR_LL_RESULT_AND_NO_ACTIVE_GIMPS_ASSIGNMENT,2026-08-06T12:58:23+00:00,UNALLOCATED,,,,,
SLCMP47-3346,3346,4497,154245551,2^154245551-1,STRUCTURAL_SCREEN_EXHAUSTED_PRIMALITY_UNASSIGNED,FIRST_SINGULARITY_SHELL_EXHAUSTED_PRIMALITY_UNASSIGNED,514,9595,9595,NO_RECORDED_FACTOR_PRP_OR_LL_RESULT_AND_NO_ACTIVE_GIMPS_ASSIGNMENT,2026-08-06T12:58:23+00:00,UNALLOCATED,,,,,
SLCMP47-3347,3347,4498,154245643,2^154245643-1,STRUCTURAL_SCREEN_EXHAUSTED_PRIMALITY_UNASSIGNED,FIRST_SINGULARITY_SHELL_EXHAUSTED_PRIMALITY_UNASSIGNED,514,9595,9595,NO_RECORDED_FACTOR_PRP_OR_LL_RESULT_AND_NO_ACTIVE_GIMPS_ASSIGNMENT,2026-08-06T12:58:23+00:00,UNALLOCATED,,,,,
SLCMP47-3348,3348,4499,154245661,2^154245661-1,STRUCTURAL_SCREEN_EXHAUSTED_PRIMALITY_UNASSIGNED,FIRST_SINGULARITY_SHELL_EXHAUSTED_PRIMALITY_UNASSIGNED,513,9595,9595,NO_RECORDED_FACTOR_PRP_OR_LL_RESULT_AND_NO_ACTIVE_GIMPS_ASSIGNMENT,2026-08-06T12:58:23+00:00,UNALLOCATED,,,,,
SLCMP47-3349,3349,4500,154245733,2^154245733-1,STRUCTURAL_SCREEN_EXHAUSTED_PRIMALITY_UNASSIGNED,FIRST_SINGULARITY_SHELL_EXHAUSTED_PRIMALITY_UNASSIGNED,513,9595,9595,NO_RECORDED_FACTOR_PRP_OR_LL_RESULT_AND_NO_ACTIVE_GIMPS_ASSIGNMENT,2026-08-06T12:58:23+00:00,UNALLOCATED,,,,,
SLCMP47-3350,3350,4501,154245769,2^154245769-1,STRUCTURAL_SCREEN_EXHAUSTED_PRIMALITY_UNASSIGNED,FIRST_SINGULARITY_SHELL_EXHAUSTED_PRIMALITY_UNASSIGNED,513,9595,9595,NO_RECORDED_FACTOR_PRP_OR_LL_RESULT_AND_NO_ACTIVE_GIMPS_ASSIGNMENT,2026-08-06T12:58:23+00:00,UNALLOCATED,,,,,
SLCMP47-3351,3351,4502,154245851,2^154245851-1,STRUCTURAL_SCREEN_EXHAUSTED_PRIMALITY_UNASSIGNED,FIRST_SINGULARITY_SHELL_EXHAUSTED_PRIMALITY_UNASSIGNED,514,9595,9595,NO_RECORDED_FACTOR_PRP_OR_LL_RESULT_AND_NO_ACTIVE_GIMPS_ASSIGNMENT,2026-08-06T12:58:23+00:00,UNALLOCATED,,,,,
SLCMP47-3352,3352,4503,154245893,2^154245893-1,STRUCTURAL_SCREEN_EXHAUSTED_PRIMALITY_UNASSIGNED,FIRST_SINGULARITY_SHELL_EXHAUSTED_PRIMALITY_UNASSIGNED,513,9595,9595,NO_RECORDED_FACTOR_PRP_OR_LL_RESULT_AND_NO_ACTIVE_GIMPS_ASSIGNMENT,2026-08-06T12:58:23+00:00,UNALLOCATED,,,,,
SLCMP47-3353,3353,4504,154246093,2^154246093-1,STRUCTURAL_SCREEN_EXHAUSTED_PRIMALITY_UNASSIGNED,FIRST_SINGULARITY_SHELL_EXHAUSTED_PRIMALITY_UNASSIGNED,513,9595,9595,NO_RECORDED_FACTOR_PRP_OR_LL_RESULT_AND_NO_ACTIVE_GIMPS_ASSIGNMENT,2026-08-06T12:58:23+00:00,UNALLOCATED,,,,,
SLCMP47-3354,3354,4505,154246163,2^154246163-1,STRUCTURAL_SCREEN_EXHAUSTED_PRIMALITY_UNASSIGNED,FIRST_SINGULARITY_SHELL_EXHAUSTED_PRIMALITY_UNASSIGNED,514,9595,9595,NO_RECORDED_FACTOR_PRP_OR_LL_RESULT_AND_NO_ACTIVE_GIMPS_ASSIGNMENT,2026-08-06T12:58:23+00:00,UNALLOCATED,,,,,
SLCMP47-3355,3355,4506,154246207,2^154246207-1,STRUCTURAL_SCREEN_EXHAUSTED_PRIMALITY_UNASSIGNED,FIRST_SINGULARITY_SHELL_EXHAUSTED_PRIMALITY_UNASSIGNED,514,9595,9595,NO_RECORDED_FACTOR_PRP_OR_LL_RESULT_AND_NO_ACTIVE_GIMPS_ASSIGNMENT,2026-08-06T12:58:23+00:00,UNALLOCATED,,,,,
SLCMP47-3356,3356,4507,154246259,2^154246259-1,STRUCTURAL_SCREEN_EXHAUSTED_PRIMALITY_UNASSIGNED,FIRST_SINGULARITY_SHELL_EXHAUSTED_PRIMALITY_UNASSIGNED,514,9595,9595,NO_RECORDED_FACTOR_PRP_OR_LL_RESULT_AND_NO_ACTIVE_GIMPS_ASSIGNMENT,2026-08-06T12:58:23+00:00,UNALLOCATED,,,,,
SLCMP47-3357,3357,4508,154246307,2^154246307-1,STRUCTURAL_SCREEN_EXHAUSTED_PRIMALITY_UNASSIGNED,FIRST_SINGULARITY_SHELL_EXHAUSTED_PRIMALITY_UNASSIGNED,514,9595,9595,NO_RECORDED_FACTOR_PRP_OR_LL_RESULT_AND_NO_ACTIVE_GIMPS_ASSIGNMENT,2026-08-06T12:58:23+00:00,UNALLOCATED,,,,,
SLCMP47-3358,3358,4509,154246327,2^154246327-1,STRUCTURAL_SCREEN_EXHAUSTED_PRIMALITY_UNASSIGNED,FIRST_SINGULARITY_SHELL_EXHAUSTED_PRIMALITY_UNASSIGNED,514,9595,9595,NO_RECORDED_FACTOR_PRP_OR_LL_RESULT_AND_NO_ACTIVE_GIMPS_ASSIGNMENT,2026-08-06T12:58:23+00:00,UNALLOCATED,,,,,
SLCMP47-3359,3359,4510,154246397,2^154246397-1,STRUCTURAL_SCREEN_EXHAUSTED_PRIMALITY_UNASSIGNED,FIRST_SINGULARITY_SHELL_EXHAUSTED_PRIMALITY_UNASSIGNED,513,9595,9595,NO_RECORDED_FACTOR_PRP_OR_LL_RESULT_AND_NO_ACTIVE_GIMPS_ASSIGNMENT,2026-08-06T12:58:23+00:00,UNALLOCATED,,,,,
SLCMP47-3360,3360,4511,154246399,2^154246399-1,STRUCTURAL_SCREEN_EXHAUSTED_PRIMALITY_UNASSIGNED,FIRST_SINGULARITY_SHELL_EXHAUSTED_PRIMALITY_UNASSIGNED,514,9595,9595,NO_RECORDED_FACTOR_PRP_OR_LL_RESULT_AND_NO_ACTIVE_GIMPS_ASSIGNMENT,2026-08-06T12:58:23+00:00,UNALLOCATED,,,,,
SLCMP47-3361,3361,4512,154246403,2^154246403-1,STRUCTURAL_SCREEN_EXHAUSTED_PRIMALITY_UNASSIGNED,FIRST_SINGULARITY_SHELL_EXHAUSTED_PRIMALITY_UNASSIGNED,514,9595,9595,NO_RECORDED_FACTOR_PRP_OR_LL_RESULT_AND_NO_ACTIVE_GIMPS_ASSIGNMENT,2026-08-06T12:58:23+00:00,UNALLOCATED,,,,,
SLCMP47-3362,3362,4513,154246429,2^154246429-1,STRUCTURAL_SCREEN_EXHAUSTED_PRIMALITY_UNASSIGNED,FIRST_SINGULARITY_SHELL_EXHAUSTED_PRIMALITY_UNASSIGNED,513,9595,9595,NO_RECORDED_FACTOR_PRP_OR_LL_RESULT_AND_NO_ACTIVE_GIMPS_ASSIGNMENT,2026-08-06T12:58:23+00:00,UNALLOCATED,,,,,
SLCMP47-3363,3363,4514,154246583,2^154246583-1,STRUCTURAL_SCREEN_EXHAUSTED_PRIMALITY_UNASSIGNED,FIRST_SINGULARITY_SHELL_EXHAUSTED_PRIMALITY_UNASSIGNED,514,9595,9595,NO_RECORDED_FACTOR_PRP_OR_LL_RESULT_AND_NO_ACTIVE_GIMPS_ASSIGNMENT,2026-08-06T12:58:23+00:00,UNALLOCATED,,,,,
SLCMP47-3364,3364,4515,154246649,2^154246649-1,STRUCTURAL_SCREEN_EXHAUSTED_PRIMALITY_UNASSIGNED,FIRST_SINGULARITY_SHELL_EXHAUSTED_PRIMALITY_UNASSIGNED,513,9595,9595,NO_RECORDED_FACTOR_PRP_OR_LL_RESULT_AND_NO_ACTIVE_GIMPS_ASSIGNMENT,2026-08-06T12:58:23+00:00,UNALLOCATED,,,,,
SLCMP47-3365,3365,4516,154246667,2^154246667-1,STRUCTURAL_SCREEN_EXHAUSTED_PRIMALITY_UNASSIGNED,FIRST_SINGULARITY_SHELL_EXHAUSTED_PRIMALITY_UNASSIGNED,514,9595,9595,NO_RECORDED_FACTOR_PRP_OR_LL_RESULT_AND_NO_ACTIVE_GIMPS_ASSIGNMENT,2026-08-06T12:58:23+00:00,UNALLOCATED,,,,,
SLCMP47-3366,3366,4517,154246783,2^154246783-1,STRUCTURAL_SCREEN_EXHAUSTED_PRIMALITY_UNASSIGNED,FIRST_SINGULARITY_SHELL_EXHAUSTED_PRIMALITY_UNASSIGNED,514,9595,9595,NO_RECORDED_FACTOR_PRP_OR_LL_RESULT_AND_NO_ACTIVE_GIMPS_ASSIGNMENT,2026-08-06T12:58:23+00:00,UNALLOCATED,,,,,
SLCMP47-3367,3367,4518,154246943,2^154246943-1,STRUCTURAL_SCREEN_EXHAUSTED_PRIMALITY_UNASSIGNED,FIRST_SINGULARITY_SHELL_EXHAUSTED_PRIMALITY_UNASSIGNED,514,9595,9595,NO_RECORDED_FACTOR_PRP_OR_LL_RESULT_AND_NO_ACTIVE_GIMPS_ASSIGNMENT,2026-08-06T12:58:23+00:00,UNALLOCATED,,,,,
SLCMP47-3368,3368,4519,154247123,2^154247123-1,STRUCTURAL_SCREEN_EXHAUSTED_PRIMALITY_UNASSIGNED,FIRST_SINGULARITY_SHELL_EXHAUSTED_PRIMALITY_UNASSIGNED,514,9595,9595,NO_RECORDED_FACTOR_PRP_OR_LL_RESULT_AND_NO_ACTIVE_GIMPS_ASSIGNMENT,2026-08-06T12:58:23+00:00,UNALLOCATED,,,,,
SLCMP47-3369,3369,4520,154247153,2^154247153-1,STRUCTURAL_SCREEN_EXHAUSTED_PRIMALITY_UNASSIGNED,FIRST_SINGULARITY_SHELL_EXHAUSTED_PRIMALITY_UNASSIGNED,513,9595,9595,NO_RECORDED_FACTOR_PRP_OR_LL_RESULT_AND_NO_ACTIVE_GIMPS_ASSIGNMENT,2026-08-06T12:58:23+00:00,UNALLOCATED,,,,,
SLCMP47-3370,3370,4521,154247209,2^154247209-1,STRUCTURAL_SCREEN_EXHAUSTED_PRIMALITY_UNASSIGNED,FIRST_SINGULARITY_SHELL_EXHAUSTED_PRIMALITY_UNASSIGNED,513,9595,9595,NO_RECORDED_FACTOR_PRP_OR_LL_RESULT_AND_NO_ACTIVE_GIMPS_ASSIGNMENT,2026-08-06T12:58:23+00:00,UNALLOCATED,,,,,
SLCMP47-3371,3371,4522,154247231,2^154247231-1,STRUCTURAL_SCREEN_EXHAUSTED_PRIMALITY_UNASSIGNED,FIRST_SINGULARITY_SHELL_EXHAUSTED_PRIMALITY_UNASSIGNED,514,9595,9595,NO_RECORDED_FACTOR_PRP_OR_LL_RESULT_AND_NO_ACTIVE_GIMPS_ASSIGNMENT,2026-08-06T12:58:23+00:00,UNALLOCATED,,,,,
SLCMP47-3372,3372,4523,154247267,2^154247267-1,STRUCTURAL_SCREEN_EXHAUSTED_PRIMALITY_UNASSIGNED,FIRST_SINGULARITY_SHELL_EXHAUSTED_PRIMALITY_UNASSIGNED,514,9595,9595,NO_RECORDED_FACTOR_PRP_OR_LL_RESULT_AND_NO_ACTIVE_GIMPS_ASSIGNMENT,2026-08-06T12:58:23+00:00,UNALLOCATED,,,,,
SLCMP47-3373,3373,4524,154247293,2^154247293-1,STRUCTURAL_SCREEN_EXHAUSTED_PRIMALITY_UNASSIGNED,FIRST_SINGULARITY_SHELL_EXHAUSTED_PRIMALITY_UNASSIGNED,513,9595,9595,NO_RECORDED_FACTOR_PRP_OR_LL_RESULT_AND_NO_ACTIVE_GIMPS_ASSIGNMENT,2026-08-06T12:58:23+00:00,UNALLOCATED,,,,,
SLCMP47-3374,3374,4525,154247329,2^154247329-1,STRUCTURAL_SCREEN_EXHAUSTED_PRIMALITY_UNASSIGNED,FIRST_SINGULARITY_SHELL_EXHAUSTED_PRIMALITY_UNASSIGNED,513,9595,9595,NO_RECORDED_FACTOR_PRP_OR_LL_RESULT_AND_NO_ACTIVE_GIMPS_ASSIGNMENT,2026-08-06T12:58:23+00:00,UNALLOCATED,,,,,
SLCMP47-3375,3375,4526,154247347,2^154247347-1,STRUCTURAL_SCREEN_EXHAUSTED_PRIMALITY_UNASSIGNED,FIRST_SINGULARITY_SHELL_EXHAUSTED_PRIMALITY_UNASSIGNED,514,9595,9595,NO_RECORDED_FACTOR_PRP_OR_LL_RESULT_AND_NO_ACTIVE_GIMPS_ASSIGNMENT,2026-08-06T12:58:23+00:00,UNALLOCATED,,,,,
SLCMP47-3376,3376,4527,154247381,2^154247381-1,STRUCTURAL_SCREEN_EXHAUSTED_PRIMALITY_UNASSIGNED,FIRST_SINGULARITY_SHELL_EXHAUSTED_PRIMALITY_UNASSIGNED,513,9595,9595,NO_RECORDED_FACTOR_PRP_OR_LL_RESULT_AND_NO_ACTIVE_GIMPS_ASSIGNMENT,2026-08-06T12:58:23+00:00,UNALLOCATED,,,,,
SLCMP47-3377,3377,4528,154247383,2^154247383-1,STRUCTURAL_SCREEN_EXHAUSTED_PRIMALITY_UNASSIGNED,FIRST_SINGULARITY_SHELL_EXHAUSTED_PRIMALITY_UNASSIGNED,514,9595,9595,NO_RECORDED_FACTOR_PRP_OR_LL_RESULT_AND_NO_ACTIVE_GIMPS_ASSIGNMENT,2026-08-06T12:58:23+00:00,UNALLOCATED,,,,,
SLCMP47-3378,3378,4529,154247441,2^154247441-1,STRUCTURAL_SCREEN_EXHAUSTED_PRIMALITY_UNASSIGNED,FIRST_SINGULARITY_SHELL_EXHAUSTED_PRIMALITY_UNASSIGNED,513,9595,9595,NO_RECORDED_FACTOR_PRP_OR_LL_RESULT_AND_NO_ACTIVE_GIMPS_ASSIGNMENT,2026-08-06T12:58:23+00:00,UNALLOCATED,,,,,
SLCMP47-3379,3379,4530,154247459,2^154247459-1,STRUCTURAL_SCREEN_EXHAUSTED_PRIMALITY_UNASSIGNED,FIRST_SINGULARITY_SHELL_EXHAUSTED_PRIMALITY_UNASSIGNED,514,9595,9595,NO_RECORDED_FACTOR_PRP_OR_LL_RESULT_AND_NO_ACTIVE_GIMPS_ASSIGNMENT,2026-08-06T12:58:23+00:00,UNALLOCATED,,,,,
SLCMP47-3380,3380,4531,154247519,2^154247519-1,STRUCTURAL_SCREEN_EXHAUSTED_PRIMALITY_UNASSIGNED,FIRST_SINGULARITY_SHELL_EXHAUSTED_PRIMALITY_UNASSIGNED,514,9595,9595,NO_RECORDED_FACTOR_PRP_OR_LL_RESULT_AND_NO_ACTIVE_GIMPS_ASSIGNMENT,2026-08-06T12:58:23+00:00,UNALLOCATED,,,,,
SLCMP47-3381,3381,4532,154247609,2^154247609-1,STRUCTURAL_SCREEN_EXHAUSTED_PRIMALITY_UNASSIGNED,FIRST_SINGULARITY_SHELL_EXHAUSTED_PRIMALITY_UNASSIGNED,513,9595,9595,NO_RECORDED_FACTOR_PRP_OR_LL_RESULT_AND_NO_ACTIVE_GIMPS_ASSIGNMENT,2026-08-06T12:58:23+00:00,UNALLOCATED,,,,,
SLCMP47-3382,3382,4533,154247627,2^154247627-1,STRUCTURAL_SCREEN_EXHAUSTED_PRIMALITY_UNASSIGNED,FIRST_SINGULARITY_SHELL_EXHAUSTED_PRIMALITY_UNASSIGNED,514,9595,9595,NO_RECORDED_FACTOR_PRP_OR_LL_RESULT_AND_NO_ACTIVE_GIMPS_ASSIGNMENT,2026-08-06T12:58:23+00:00,UNALLOCATED,,,,,
SLCMP47-3383,3383,4534,154247641,2^154247641-1,STRUCTURAL_SCREEN_EXHAUSTED_PRIMALITY_UNASSIGNED,FIRST_SINGULARITY_SHELL_EXHAUSTED_PRIMALITY_UNASSIGNED,513,9595,9595,NO_RECORDED_FACTOR_PRP_OR_LL_RESULT_AND_NO_ACTIVE_GIMPS_ASSIGNMENT,2026-08-06T12:58:23+00:00,UNALLOCATED,,,,,
SLCMP47-3384,3384,4535,154247663,2^154247663-1,STRUCTURAL_SCREEN_EXHAUSTED_PRIMALITY_UNASSIGNED,FIRST_SINGULARITY_SHELL_EXHAUSTED_PRIMALITY_UNASSIGNED,514,9595,9595,NO_RECORDED_FACTOR_PRP_OR_LL_RESULT_AND_NO_ACTIVE_GIMPS_ASSIGNMENT,2026-08-06T12:58:23+00:00,UNALLOCATED,,,,,
SLCMP47-3385,3385,4536,154247671,2^154247671-1,STRUCTURAL_SCREEN_EXHAUSTED_PRIMALITY_UNASSIGNED,FIRST_SINGULARITY_SHELL_EXHAUSTED_PRIMALITY_UNASSIGNED,514,9595,9595,NO_RECORDED_FACTOR_PRP_OR_LL_RESULT_AND_NO_ACTIVE_GIMPS_ASSIGNMENT,2026-08-06T12:58:23+00:00,UNALLOCATED,,,,,
SLCMP47-3386,3386,4537,154247707,2^154247707-1,STRUCTURAL_SCREEN_EXHAUSTED_PRIMALITY_UNASSIGNED,FIRST_SINGULARITY_SHELL_EXHAUSTED_PRIMALITY_UNASSIGNED,514,9595,9595,NO_RECORDED_FACTOR_PRP_OR_LL_RESULT_AND_NO_ACTIVE_GIMPS_ASSIGNMENT,2026-08-06T12:58:23+00:00,UNALLOCATED,,,,,
SLCMP47-3387,3387,4538,154247741,2^154247741-1,STRUCTURAL_SCREEN_EXHAUSTED_PRIMALITY_UNASSIGNED,FIRST_SINGULARITY_SHELL_EXHAUSTED_PRIMALITY_UNASSIGNED,513,9595,9595,NO_RECORDED_FACTOR_PRP_OR_LL_RESULT_AND_NO_ACTIVE_GIMPS_ASSIGNMENT,2026-08-06T12:58:23+00:00,UNALLOCATED,,,,,
SLCMP47-3388,3388,4539,154247777,2^154247777-1,STRUCTURAL_SCREEN_EXHAUSTED_PRIMALITY_UNASSIGNED,FIRST_SINGULARITY_SHELL_EXHAUSTED_PRIMALITY_UNASSIGNED,513,9595,9595,NO_RECORDED_FACTOR_PRP_OR_LL_RESULT_AND_NO_ACTIVE_GIMPS_ASSIGNMENT,2026-08-06T12:58:23+00:00,UNALLOCATED,,,,,
SLCMP47-3389,3389,4540,154247791,2^154247791-1,STRUCTURAL_SCREEN_EXHAUSTED_PRIMALITY_UNASSIGNED,FIRST_SINGULARITY_SHELL_EXHAUSTED_PRIMALITY_UNASSIGNED,514,9595,9595,NO_RECORDED_FACTOR_PRP_OR_LL_RESULT_AND_NO_ACTIVE_GIMPS_ASSIGNMENT,2026-08-06T12:58:23+00:00,UNALLOCATED,,,,,
SLCMP47-3390,3390,4541,154247801,2^154247801-1,STRUCTURAL_SCREEN_EXHAUSTED_PRIMALITY_UNASSIGNED,FIRST_SINGULARITY_SHELL_EXHAUSTED_PRIMALITY_UNASSIGNED,513,9595,9595,NO_RECORDED_FACTOR_PRP_OR_LL_RESULT_AND_NO_ACTIVE_GIMPS_ASSIGNMENT,2026-08-06T12:58:23+00:00,UNALLOCATED,,,,,
SLCMP47-3391,3391,4542,154247813,2^154247813-1,STRUCTURAL_SCREEN_EXHAUSTED_PRIMALITY_UNASSIGNED,FIRST_SINGULARITY_SHELL_EXHAUSTED_PRIMALITY_UNASSIGNED,513,9595,9595,NO_RECORDED_FACTOR_PRP_OR_LL_RESULT_AND_NO_ACTIVE_GIMPS_ASSIGNMENT,2026-08-06T12:58:23+00:00,UNALLOCATED,,,,,
SLCMP47-3392,3392,4543,154247827,2^154247827-1,STRUCTURAL_SCREEN_EXHAUSTED_PRIMALITY_UNASSIGNED,FIRST_SINGULARITY_SHELL_EXHAUSTED_PRIMALITY_UNASSIGNED,514,9595,9595,NO_RECORDED_FACTOR_PRP_OR_LL_RESULT_AND_NO_ACTIVE_GIMPS_ASSIGNMENT,2026-08-06T12:58:23+00:00,UNALLOCATED,,,,,
SLCMP47-3393,3393,4544,154247831,2^154247831-1,STRUCTURAL_SCREEN_EXHAUSTED_PRIMALITY_UNASSIGNED,FIRST_SINGULARITY_SHELL_EXHAUSTED_PRIMALITY_UNASSIGNED,514,9595,9595,NO_RECORDED_FACTOR_PRP_OR_LL_RESULT_AND_NO_ACTIVE_GIMPS_ASSIGNMENT,2026-08-06T12:58:23+00:00,UNALLOCATED,,,,,
SLCMP47-3394,3394,4545,154247941,2^154247941-1,STRUCTURAL_SCREEN_EXHAUSTED_PRIMALITY_UNASSIGNED,FIRST_SINGULARITY_SHELL_EXHAUSTED_PRIMALITY_UNASSIGNED,513,9595,9595,NO_RECORDED_FACTOR_PRP_OR_LL_RESULT_AND_NO_ACTIVE_GIMPS_ASSIGNMENT,2026-08-06T12:58:23+00:00,UNALLOCATED,,,,,
SLCMP47-3395,3395,4546,154248001,2^154248001-1,STRUCTURAL_SCREEN_EXHAUSTED_PRIMALITY_UNASSIGNED,FIRST_SINGULARITY_SHELL_EXHAUSTED_PRIMALITY_UNASSIGNED,513,9595,9595,NO_RECORDED_FACTOR_PRP_OR_LL_RESULT_AND_NO_ACTIVE_GIMPS_ASSIGNMENT,2026-08-06T12:58:23+00:00,UNALLOCATED,,,,,
SLCMP47-3396,3396,4547,154248167,2^154248167-1,STRUCTURAL_SCREEN_EXHAUSTED_PRIMALITY_UNASSIGNED,FIRST_SINGULARITY_SHELL_EXHAUSTED_PRIMALITY_UNASSIGNED,514,9595,9595,NO_RECORDED_FACTOR_PRP_OR_LL_RESULT_AND_NO_ACTIVE_GIMPS_ASSIGNMENT,2026-08-06T12:58:23+00:00,UNALLOCATED,,,,,
SLCMP47-3397,3397,4548,154248229,2^154248229-1,STRUCTURAL_SCREEN_EXHAUSTED_PRIMALITY_UNASSIGNED,FIRST_SINGULARITY_SHELL_EXHAUSTED_PRIMALITY_UNASSIGNED,513,9595,9595,NO_RECORDED_FACTOR_PRP_OR_LL_RESULT_AND_NO_ACTIVE_GIMPS_ASSIGNMENT,2026-08-06T12:58:23+00:00,UNALLOCATED,,,,,
SLCMP47-3398,3398,4549,154248287,2^154248287-1,STRUCTURAL_SCREEN_EXHAUSTED_PRIMALITY_UNASSIGNED,FIRST_SINGULARITY_SHELL_EXHAUSTED_PRIMALITY_UNASSIGNED,514,9595,9595,NO_RECORDED_FACTOR_PRP_OR_LL_RESULT_AND_NO_ACTIVE_GIMPS_ASSIGNMENT,2026-08-06T12:58:23+00:00,UNALLOCATED,,,,,
SLCMP47-3399,3399,4550,154248337,2^154248337-1,STRUCTURAL_SCREEN_EXHAUSTED_PRIMALITY_UNASSIGNED,FIRST_SINGULARITY_SHELL_EXHAUSTED_PRIMALITY_UNASSIGNED,513,9595,9595,NO_RECORDED_FACTOR_PRP_OR_LL_RESULT_AND_NO_ACTIVE_GIMPS_ASSIGNMENT,2026-08-06T12:58:23+00:00,UNALLOCATED,,,,,
SLCMP47-3400,3400,4551,154248349,2^154248349-1,STRUCTURAL_SCREEN_EXHAUSTED_PRIMALITY_UNASSIGNED,FIRST_SINGULARITY_SHELL_EXHAUSTED_PRIMALITY_UNASSIGNED,513,9595,9595,NO_RECORDED_FACTOR_PRP_OR_LL_RESULT_AND_NO_ACTIVE_GIMPS_ASSIGNMENT,2026-08-06T12:58:23+00:00,UNALLOCATED,,,,,
SLCMP47-3401,3401,4552,154248377,2^154248377-1,STRUCTURAL_SCREEN_EXHAUSTED_PRIMALITY_UNASSIGNED,FIRST_SINGULARITY_SHELL_EXHAUSTED_PRIMALITY_UNASSIGNED,513,9595,9595,NO_RECORDED_FACTOR_PRP_OR_LL_RESULT_AND_NO_ACTIVE_GIMPS_ASSIGNMENT,2026-08-06T12:58:23+00:00,UNALLOCATED,,,,,
SLCMP47-3402,3402,4553,154248383,2^154248383-1,STRUCTURAL_SCREEN_EXHAUSTED_PRIMALITY_UNASSIGNED,FIRST_SINGULARITY_SHELL_EXHAUSTED_PRIMALITY_UNASSIGNED,514,9595,9595,NO_RECORDED_FACTOR_PRP_OR_LL_RESULT_AND_NO_ACTIVE_GIMPS_ASSIGNMENT,2026-08-06T12:58:23+00:00,UNALLOCATED,,,,,
SLCMP47-3403,3403,4554,154248433,2^154248433-1,STRUCTURAL_SCREEN_EXHAUSTED_PRIMALITY_UNASSIGNED,FIRST_SINGULARITY_SHELL_EXHAUSTED_PRIMALITY_UNASSIGNED,513,9595,9595,NO_RECORDED_FACTOR_PRP_OR_LL_RESULT_AND_NO_ACTIVE_GIMPS_ASSIGNMENT,2026-08-06T12:58:23+00:00,UNALLOCATED,,,,,
SLCMP47-3404,3404,4555,154248461,2^154248461-1,STRUCTURAL_SCREEN_EXHAUSTED_PRIMALITY_UNASSIGNED,FIRST_SINGULARITY_SHELL_EXHAUSTED_PRIMALITY_UNASSIGNED,513,9595,9595,NO_RECORDED_FACTOR_PRP_OR_LL_RESULT_AND_NO_ACTIVE_GIMPS_ASSIGNMENT,2026-08-06T12:58:23+00:00,UNALLOCATED,,,,,
SLCMP47-3405,3405,4556,154248559,2^154248559-1,STRUCTURAL_SCREEN_EXHAUSTED_PRIMALITY_UNASSIGNED,FIRST_SINGULARITY_SHELL_EXHAUSTED_PRIMALITY_UNASSIGNED,514,9595,9595,NO_RECORDED_FACTOR_PRP_OR_LL_RESULT_AND_NO_ACTIVE_GIMPS_ASSIGNMENT,2026-08-06T12:58:23+00:00,UNALLOCATED,,,,,
SLCMP47-3406,3406,4557,154248571,2^154248571-1,STRUCTURAL_SCREEN_EXHAUSTED_PRIMALITY_UNASSIGNED,FIRST_SINGULARITY_SHELL_EXHAUSTED_PRIMALITY_UNASSIGNED,514,9595,9595,NO_RECORDED_FACTOR_PRP_OR_LL_RESULT_AND_NO_ACTIVE_GIMPS_ASSIGNMENT,2026-08-06T12:58:23+00:00,UNALLOCATED,,,,,
SLCMP47-3407,3407,4558,154248629,2^154248629-1,STRUCTURAL_SCREEN_EXHAUSTED_PRIMALITY_UNASSIGNED,FIRST_SINGULARITY_SHELL_EXHAUSTED_PRIMALITY_UNASSIGNED,513,9595,9595,NO_RECORDED_FACTOR_PRP_OR_LL_RESULT_AND_NO_ACTIVE_GIMPS_ASSIGNMENT,2026-08-06T12:58:23+00:00,UNALLOCATED,,,,,
SLCMP47-3408,3408,4559,154248637,2^154248637-1,STRUCTURAL_SCREEN_EXHAUSTED_PRIMALITY_UNASSIGNED,FIRST_SINGULARITY_SHELL_EXHAUSTED_PRIMALITY_UNASSIGNED,513,9595,9595,NO_RECORDED_FACTOR_PRP_OR_LL_RESULT_AND_NO_ACTIVE_GIMPS_ASSIGNMENT,2026-08-06T12:58:23+00:00,UNALLOCATED,,,,,
SLCMP47-3409,3409,4560,154248779,2^154248779-1,STRUCTURAL_SCREEN_EXHAUSTED_PRIMALITY_UNASSIGNED,FIRST_SINGULARITY_SHELL_EXHAUSTED_PRIMALITY_UNASSIGNED,514,9595,9595,NO_RECORDED_FACTOR_PRP_OR_LL_RESULT_AND_NO_ACTIVE_GIMPS_ASSIGNMENT,2026-08-06T12:58:23+00:00,UNALLOCATED,,,,,
SLCMP47-3410,3410,4561,154248811,2^154248811-1,STRUCTURAL_SCREEN_EXHAUSTED_PRIMALITY_UNASSIGNED,FIRST_SINGULARITY_SHELL_EXHAUSTED_PRIMALITY_UNASSIGNED,514,9595,9595,NO_RECORDED_FACTOR_PRP_OR_LL_RESULT_AND_NO_ACTIVE_GIMPS_ASSIGNMENT,2026-08-06T12:58:23+00:00,UNALLOCATED,,,,,
SLCMP47-3411,3411,4562,154248817,2^154248817-1,STRUCTURAL_SCREEN_EXHAUSTED_PRIMALITY_UNASSIGNED,FIRST_SINGULARITY_SHELL_EXHAUSTED_PRIMALITY_UNASSIGNED,513,9595,9595,NO_RECORDED_FACTOR_PRP_OR_LL_RESULT_AND_NO_ACTIVE_GIMPS_ASSIGNMENT,2026-08-06T12:58:23+00:00,UNALLOCATED,,,,,
SLCMP47-3412,3412,4563,154248851,2^154248851-1,STRUCTURAL_SCREEN_EXHAUSTED_PRIMALITY_UNASSIGNED,FIRST_SINGULARITY_SHELL_EXHAUSTED_PRIMALITY_UNASSIGNED,514,9595,9595,NO_RECORDED_FACTOR_PRP_OR_LL_RESULT_AND_NO_ACTIVE_GIMPS_ASSIGNMENT,2026-08-06T12:58:23+00:00,UNALLOCATED,,,,,
SLCMP47-3413,3413,4564,154248911,2^154248911-1,STRUCTURAL_SCREEN_EXHAUSTED_PRIMALITY_UNASSIGNED,FIRST_SINGULARITY_SHELL_EXHAUSTED_PRIMALITY_UNASSIGNED,514,9595,9595,NO_RECORDED_FACTOR_PRP_OR_LL_RESULT_AND_NO_ACTIVE_GIMPS_ASSIGNMENT,2026-08-06T12:58:23+00:00,UNALLOCATED,,,,,
SLCMP47-3414,3414,4565,154248937,2^154248937-1,STRUCTURAL_SCREEN_EXHAUSTED_PRIMALITY_UNASSIGNED,FIRST_SINGULARITY_SHELL_EXHAUSTED_PRIMALITY_UNASSIGNED,513,9595,9595,NO_RECORDED_FACTOR_PRP_OR_LL_RESULT_AND_NO_ACTIVE_GIMPS_ASSIGNMENT,2026-08-06T12:58:23+00:00,UNALLOCATED,,,,,
SLCMP47-3415,3415,4566,154249009,2^154249009-1,STRUCTURAL_SCREEN_EXHAUSTED_PRIMALITY_UNASSIGNED,FIRST_SINGULARITY_SHELL_EXHAUSTED_PRIMALITY_UNASSIGNED,513,9595,9595,NO_RECORDED_FACTOR_PRP_OR_LL_RESULT_AND_NO_ACTIVE_GIMPS_ASSIGNMENT,2026-08-06T12:58:23+00:00,UNALLOCATED,,,,,
SLCMP47-3416,3416,4567,154249013,2^154249013-1,STRUCTURAL_SCREEN_EXHAUSTED_PRIMALITY_UNASSIGNED,FIRST_SINGULARITY_SHELL_EXHAUSTED_PRIMALITY_UNASSIGNED,513,9595,9595,NO_RECORDED_FACTOR_PRP_OR_LL_RESULT_AND_NO_ACTIVE_GIMPS_ASSIGNMENT,2026-08-06T12:58:23+00:00,UNALLOCATED,,,,,
SLCMP47-3417,3417,4568,154249157,2^154249157-1,STRUCTURAL_SCREEN_EXHAUSTED_PRIMALITY_UNASSIGNED,FIRST_SINGULARITY_SHELL_EXHAUSTED_PRIMALITY_UNASSIGNED,513,9595,9595,NO_RECORDED_FACTOR_PRP_OR_LL_RESULT_AND_NO_ACTIVE_GIMPS_ASSIGNMENT,2026-08-06T12:58:23+00:00,UNALLOCATED,,,,,
SLCMP47-3418,3418,4569,154249169,2^154249169-1,STRUCTURAL_SCREEN_EXHAUSTED_PRIMALITY_UNASSIGNED,FIRST_SINGULARITY_SHELL_EXHAUSTED_PRIMALITY_UNASSIGNED,513,9595,9595,NO_RECORDED_FACTOR_PRP_OR_LL_RESULT_AND_NO_ACTIVE_GIMPS_ASSIGNMENT,2026-08-06T12:58:23+00:00,UNALLOCATED,,,,,
SLCMP47-3419,3419,4570,154249283,2^154249283-1,STRUCTURAL_SCREEN_EXHAUSTED_PRIMALITY_UNASSIGNED,FIRST_SINGULARITY_SHELL_EXHAUSTED_PRIMALITY_UNASSIGNED,514,9595,9595,NO_RECORDED_FACTOR_PRP_OR_LL_RESULT_AND_NO_ACTIVE_GIMPS_ASSIGNMENT,2026-08-06T12:58:23+00:00,UNALLOCATED,,,,,
SLCMP47-3420,3420,4571,154249327,2^154249327-1,STRUCTURAL_SCREEN_EXHAUSTED_PRIMALITY_UNASSIGNED,FIRST_SINGULARITY_SHELL_EXHAUSTED_PRIMALITY_UNASSIGNED,514,9595,9595,NO_RECORDED_FACTOR_PRP_OR_LL_RESULT_AND_NO_ACTIVE_GIMPS_ASSIGNMENT,2026-08-06T12:58:23+00:00,UNALLOCATED,,,,,
SLCMP47-3421,3421,4572,154249367,2^154249367-1,STRUCTURAL_SCREEN_EXHAUSTED_PRIMALITY_UNASSIGNED,FIRST_SINGULARITY_SHELL_EXHAUSTED_PRIMALITY_UNASSIGNED,514,9595,9595,NO_RECORDED_FACTOR_PRP_OR_LL_RESULT_AND_NO_ACTIVE_GIMPS_ASSIGNMENT,2026-08-06T12:58:23+00:00,UNALLOCATED,,,,,
SLCMP47-3422,3422,4573,154249393,2^154249393-1,STRUCTURAL_SCREEN_EXHAUSTED_PRIMALITY_UNASSIGNED,FIRST_SINGULARITY_SHELL_EXHAUSTED_PRIMALITY_UNASSIGNED,513,9595,9595,NO_RECORDED_FACTOR_PRP_OR_LL_RESULT_AND_NO_ACTIVE_GIMPS_ASSIGNMENT,2026-08-06T12:58:23+00:00,UNALLOCATED,,,,,
SLCMP47-3423,3423,4574,154249489,2^154249489-1,STRUCTURAL_SCREEN_EXHAUSTED_PRIMALITY_UNASSIGNED,FIRST_SINGULARITY_SHELL_EXHAUSTED_PRIMALITY_UNASSIGNED,513,9595,9595,NO_RECORDED_FACTOR_PRP_OR_LL_RESULT_AND_NO_ACTIVE_GIMPS_ASSIGNMENT,2026-08-06T12:58:23+00:00,UNALLOCATED,,,,,
SLCMP47-3424,3424,4575,154249519,2^154249519-1,STRUCTURAL_SCREEN_EXHAUSTED_PRIMALITY_UNASSIGNED,FIRST_SINGULARITY_SHELL_EXHAUSTED_PRIMALITY_UNASSIGNED,514,9595,9595,NO_RECORDED_FACTOR_PRP_OR_LL_RESULT_AND_NO_ACTIVE_GIMPS_ASSIGNMENT,2026-08-06T12:58:23+00:00,UNALLOCATED,,,,,
SLCMP47-3425,3425,4576,154249573,2^154249573-1,STRUCTURAL_SCREEN_EXHAUSTED_PRIMALITY_UNASSIGNED,FIRST_SINGULARITY_SHELL_EXHAUSTED_PRIMALITY_UNASSIGNED,513,9595,9595,NO_RECORDED_FACTOR_PRP_OR_LL_RESULT_AND_NO_ACTIVE_GIMPS_ASSIGNMENT,2026-08-06T12:58:23+00:00,UNALLOCATED,,,,,
SLCMP47-3426,3426,4577,154249679,2^154249679-1,STRUCTURAL_SCREEN_EXHAUSTED_PRIMALITY_UNASSIGNED,FIRST_SINGULARITY_SHELL_EXHAUSTED_PRIMALITY_UNASSIGNED,514,9595,9595,NO_RECORDED_FACTOR_PRP_OR_LL_RESULT_AND_NO_ACTIVE_GIMPS_ASSIGNMENT,2026-08-06T12:58:23+00:00,UNALLOCATED,,,,,
SLCMP47-3427,3427,4578,154249699,2^154249699-1,STRUCTURAL_SCREEN_EXHAUSTED_PRIMALITY_UNASSIGNED,FIRST_SINGULARITY_SHELL_EXHAUSTED_PRIMALITY_UNASSIGNED,514,9595,9595,NO_RECORDED_FACTOR_PRP_OR_LL_RESULT_AND_NO_ACTIVE_GIMPS_ASSIGNMENT,2026-08-06T12:58:23+00:00,UNALLOCATED,,,,,
SLCMP47-3428,3428,4579,154249703,2^154249703-1,STRUCTURAL_SCREEN_EXHAUSTED_PRIMALITY_UNASSIGNED,FIRST_SINGULARITY_SHELL_EXHAUSTED_PRIMALITY_UNASSIGNED,514,9595,9595,NO_RECORDED_FACTOR_PRP_OR_LL_RESULT_AND_NO_ACTIVE_GIMPS_ASSIGNMENT,2026-08-06T12:58:23+00:00,UNALLOCATED,,,,,
SLCMP47-3429,3429,4580,154249709,2^154249709-1,STRUCTURAL_SCREEN_EXHAUSTED_PRIMALITY_UNASSIGNED,FIRST_SINGULARITY_SHELL_EXHAUSTED_PRIMALITY_UNASSIGNED,513,9595,9595,NO_RECORDED_FACTOR_PRP_OR_LL_RESULT_AND_NO_ACTIVE_GIMPS_ASSIGNMENT,2026-08-06T12:58:23+00:00,UNALLOCATED,,,,,
SLCMP47-3430,3430,4581,154249747,2^154249747-1,STRUCTURAL_SCREEN_EXHAUSTED_PRIMALITY_UNASSIGNED,FIRST_SINGULARITY_SHELL_EXHAUSTED_PRIMALITY_UNASSIGNED,514,9595,9595,NO_RECORDED_FACTOR_PRP_OR_LL_RESULT_AND_NO_ACTIVE_GIMPS_ASSIGNMENT,2026-08-06T12:58:23+00:00,UNALLOCATED,,,,,
SLCMP47-3431,3431,4582,154249757,2^154249757-1,STRUCTURAL_SCREEN_EXHAUSTED_PRIMALITY_UNASSIGNED,FIRST_SINGULARITY_SHELL_EXHAUSTED_PRIMALITY_UNASSIGNED,513,9595,9595,NO_RECORDED_FACTOR_PRP_OR_LL_RESULT_AND_NO_ACTIVE_GIMPS_ASSIGNMENT,2026-08-06T12:58:23+00:00,UNALLOCATED,,,,,
SLCMP47-3432,3432,4583,154249787,2^154249787-1,STRUCTURAL_SCREEN_EXHAUSTED_PRIMALITY_UNASSIGNED,FIRST_SINGULARITY_SHELL_EXHAUSTED_PRIMALITY_UNASSIGNED,514,9595,9595,NO_RECORDED_FACTOR_PRP_OR_LL_RESULT_AND_NO_ACTIVE_GIMPS_ASSIGNMENT,2026-08-06T12:58:23+00:00,UNALLOCATED,,,,,
SLCMP47-3433,3433,4584,154249801,2^154249801-1,STRUCTURAL_SCREEN_EXHAUSTED_PRIMALITY_UNASSIGNED,FIRST_SINGULARITY_SHELL_EXHAUSTED_PRIMALITY_UNASSIGNED,513,9595,9595,NO_RECORDED_FACTOR_PRP_OR_LL_RESULT_AND_NO_ACTIVE_GIMPS_ASSIGNMENT,2026-08-06T12:58:23+00:00,UNALLOCATED,,,,,
SLCMP47-3434,3434,4585,154249841,2^154249841-1,STRUCTURAL_SCREEN_EXHAUSTED_PRIMALITY_UNASSIGNED,FIRST_SINGULARITY_SHELL_EXHAUSTED_PRIMALITY_UNASSIGNED,513,9595,9595,NO_RECORDED_FACTOR_PRP_OR_LL_RESULT_AND_NO_ACTIVE_GIMPS_ASSIGNMENT,2026-08-06T12:58:23+00:00,UNALLOCATED,,,,,
SLCMP47-3435,3435,4586,154249873,2^154249873-1,STRUCTURAL_SCREEN_EXHAUSTED_PRIMALITY_UNASSIGNED,FIRST_SINGULARITY_SHELL_EXHAUSTED_PRIMALITY_UNASSIGNED,513,9595,9595,NO_RECORDED_FACTOR_PRP_OR_LL_RESULT_AND_NO_ACTIVE_GIMPS_ASSIGNMENT,2026-08-06T12:58:23+00:00,UNALLOCATED,,,,,
