candidate_id,candidate_rank,exponent,mersenne_object,public_state,screen_status,shell_status,screen_schedule_count,shell_schedule_count,shell_tested_opportunity_count
SLCMP01-0001,1,143100049,2^143100049-1,SEARCH_INPUT,STRUCTURAL_SCREEN_EXHAUSTED_PRIMALITY_UNASSIGNED,FIRST_SINGULARITY_SHELL_EXHAUSTED_PRIMALITY_UNASSIGNED,513,9595,9595
SLCMP01-0002,2,143100241,2^143100241-1,SEARCH_INPUT,STRUCTURAL_SCREEN_EXHAUSTED_PRIMALITY_UNASSIGNED,FIRST_SINGULARITY_SHELL_EXHAUSTED_PRIMALITY_UNASSIGNED,513,9595,9595
SLCMP01-0003,3,143100301,2^143100301-1,SEARCH_INPUT,STRUCTURAL_SCREEN_EXHAUSTED_PRIMALITY_UNASSIGNED,FIRST_SINGULARITY_SHELL_EXHAUSTED_PRIMALITY_UNASSIGNED,513,9595,9595
SLCMP01-0004,4,143100421,2^143100421-1,SEARCH_INPUT,STRUCTURAL_SCREEN_EXHAUSTED_PRIMALITY_UNASSIGNED,FIRST_SINGULARITY_SHELL_EXHAUSTED_PRIMALITY_UNASSIGNED,513,9595,9595
SLCMP01-0005,5,143100439,2^143100439-1,SEARCH_INPUT,STRUCTURAL_SCREEN_EXHAUSTED_PRIMALITY_UNASSIGNED,FIRST_SINGULARITY_SHELL_EXHAUSTED_PRIMALITY_UNASSIGNED,514,9595,9595
SLCMP01-0006,6,143100443,2^143100443-1,SEARCH_INPUT,STRUCTURAL_SCREEN_EXHAUSTED_PRIMALITY_UNASSIGNED,FIRST_SINGULARITY_SHELL_EXHAUSTED_PRIMALITY_UNASSIGNED,514,9595,9595
SLCMP01-0007,7,143100469,2^143100469-1,SEARCH_INPUT,STRUCTURAL_SCREEN_EXHAUSTED_PRIMALITY_UNASSIGNED,FIRST_SINGULARITY_SHELL_EXHAUSTED_PRIMALITY_UNASSIGNED,513,9595,9595
SLCMP01-0008,8,143100491,2^143100491-1,SEARCH_INPUT,STRUCTURAL_SCREEN_EXHAUSTED_PRIMALITY_UNASSIGNED,FIRST_SINGULARITY_SHELL_EXHAUSTED_PRIMALITY_UNASSIGNED,514,9595,9595
SLCMP01-0009,9,143100523,2^143100523-1,SEARCH_INPUT,STRUCTURAL_SCREEN_EXHAUSTED_PRIMALITY_UNASSIGNED,FIRST_SINGULARITY_SHELL_EXHAUSTED_PRIMALITY_UNASSIGNED,514,9595,9595
SLCMP01-0010,10,143100539,2^143100539-1,SEARCH_INPUT,STRUCTURAL_SCREEN_EXHAUSTED_PRIMALITY_UNASSIGNED,FIRST_SINGULARITY_SHELL_EXHAUSTED_PRIMALITY_UNASSIGNED,514,9595,9595
SLCMP01-0011,11,143100569,2^143100569-1,SEARCH_INPUT,STRUCTURAL_SCREEN_EXHAUSTED_PRIMALITY_UNASSIGNED,FIRST_SINGULARITY_SHELL_EXHAUSTED_PRIMALITY_UNASSIGNED,513,9595,9595
SLCMP01-0012,12,143100613,2^143100613-1,SEARCH_INPUT,STRUCTURAL_SCREEN_EXHAUSTED_PRIMALITY_UNASSIGNED,FIRST_SINGULARITY_SHELL_EXHAUSTED_PRIMALITY_UNASSIGNED,513,9595,9595
SLCMP01-0013,13,143100707,2^143100707-1,SEARCH_INPUT,STRUCTURAL_SCREEN_EXHAUSTED_PRIMALITY_UNASSIGNED,FIRST_SINGULARITY_SHELL_EXHAUSTED_PRIMALITY_UNASSIGNED,514,9595,9595
SLCMP01-0014,14,143100773,2^143100773-1,SEARCH_INPUT,STRUCTURAL_SCREEN_EXHAUSTED_PRIMALITY_UNASSIGNED,FIRST_SINGULARITY_SHELL_EXHAUSTED_PRIMALITY_UNASSIGNED,513,9595,9595
SLCMP01-0015,15,143100851,2^143100851-1,SEARCH_INPUT,STRUCTURAL_SCREEN_EXHAUSTED_PRIMALITY_UNASSIGNED,FIRST_SINGULARITY_SHELL_EXHAUSTED_PRIMALITY_UNASSIGNED,514,9595,9595
SLCMP01-0016,16,143100943,2^143100943-1,SEARCH_INPUT,STRUCTURAL_SCREEN_EXHAUSTED_PRIMALITY_UNASSIGNED,FIRST_SINGULARITY_SHELL_EXHAUSTED_PRIMALITY_UNASSIGNED,514,9595,9595
SLCMP01-0017,17,143100959,2^143100959-1,SEARCH_INPUT,STRUCTURAL_SCREEN_EXHAUSTED_PRIMALITY_UNASSIGNED,FIRST_SINGULARITY_SHELL_EXHAUSTED_PRIMALITY_UNASSIGNED,514,9595,9595
SLCMP01-0018,18,143101037,2^143101037-1,SEARCH_INPUT,STRUCTURAL_SCREEN_EXHAUSTED_PRIMALITY_UNASSIGNED,FIRST_SINGULARITY_SHELL_EXHAUSTED_PRIMALITY_UNASSIGNED,513,9595,9595
SLCMP01-0019,19,143102381,2^143102381-1,SEARCH_INPUT,STRUCTURAL_SCREEN_EXHAUSTED_PRIMALITY_UNASSIGNED,FIRST_SINGULARITY_SHELL_EXHAUSTED_PRIMALITY_UNASSIGNED,513,9595,9595
SLCMP01-0020,20,143102647,2^143102647-1,SEARCH_INPUT,STRUCTURAL_SCREEN_EXHAUSTED_PRIMALITY_UNASSIGNED,FIRST_SINGULARITY_SHELL_EXHAUSTED_PRIMALITY_UNASSIGNED,514,9595,9595
SLCMP01-0021,21,143104033,2^143104033-1,SEARCH_INPUT,STRUCTURAL_SCREEN_EXHAUSTED_PRIMALITY_UNASSIGNED,FIRST_SINGULARITY_SHELL_EXHAUSTED_PRIMALITY_UNASSIGNED,513,9595,9595
SLCMP01-0022,22,143104139,2^143104139-1,SEARCH_INPUT,STRUCTURAL_SCREEN_EXHAUSTED_PRIMALITY_UNASSIGNED,FIRST_SINGULARITY_SHELL_EXHAUSTED_PRIMALITY_UNASSIGNED,514,9595,9595
SLCMP01-0023,23,143104189,2^143104189-1,SEARCH_INPUT,STRUCTURAL_SCREEN_EXHAUSTED_PRIMALITY_UNASSIGNED,FIRST_SINGULARITY_SHELL_EXHAUSTED_PRIMALITY_UNASSIGNED,513,9595,9595
SLCMP01-0024,24,143104193,2^143104193-1,SEARCH_INPUT,STRUCTURAL_SCREEN_EXHAUSTED_PRIMALITY_UNASSIGNED,FIRST_SINGULARITY_SHELL_EXHAUSTED_PRIMALITY_UNASSIGNED,513,9595,9595
SLCMP01-0025,25,143104207,2^143104207-1,SEARCH_INPUT,STRUCTURAL_SCREEN_EXHAUSTED_PRIMALITY_UNASSIGNED,FIRST_SINGULARITY_SHELL_EXHAUSTED_PRIMALITY_UNASSIGNED,514,9595,9595
SLCMP01-0026,26,143104223,2^143104223-1,SEARCH_INPUT,STRUCTURAL_SCREEN_EXHAUSTED_PRIMALITY_UNASSIGNED,FIRST_SINGULARITY_SHELL_EXHAUSTED_PRIMALITY_UNASSIGNED,514,9595,9595
SLCMP01-0027,27,143104337,2^143104337-1,SEARCH_INPUT,STRUCTURAL_SCREEN_EXHAUSTED_PRIMALITY_UNASSIGNED,FIRST_SINGULARITY_SHELL_EXHAUSTED_PRIMALITY_UNASSIGNED,513,9595,9595
SLCMP01-0028,28,143104343,2^143104343-1,SEARCH_INPUT,STRUCTURAL_SCREEN_EXHAUSTED_PRIMALITY_UNASSIGNED,FIRST_SINGULARITY_SHELL_EXHAUSTED_PRIMALITY_UNASSIGNED,514,9595,9595
SLCMP01-0029,29,143104421,2^143104421-1,SEARCH_INPUT,STRUCTURAL_SCREEN_EXHAUSTED_PRIMALITY_UNASSIGNED,FIRST_SINGULARITY_SHELL_EXHAUSTED_PRIMALITY_UNASSIGNED,513,9595,9595
SLCMP01-0030,30,143104439,2^143104439-1,SEARCH_INPUT,STRUCTURAL_SCREEN_EXHAUSTED_PRIMALITY_UNASSIGNED,FIRST_SINGULARITY_SHELL_EXHAUSTED_PRIMALITY_UNASSIGNED,514,9595,9595
SLCMP01-0031,31,143104477,2^143104477-1,SEARCH_INPUT,STRUCTURAL_SCREEN_EXHAUSTED_PRIMALITY_UNASSIGNED,FIRST_SINGULARITY_SHELL_EXHAUSTED_PRIMALITY_UNASSIGNED,513,9595,9595
SLCMP01-0032,32,143104483,2^143104483-1,SEARCH_INPUT,STRUCTURAL_SCREEN_EXHAUSTED_PRIMALITY_UNASSIGNED,FIRST_SINGULARITY_SHELL_EXHAUSTED_PRIMALITY_UNASSIGNED,514,9595,9595
SLCMP01-0033,33,143104529,2^143104529-1,SEARCH_INPUT,STRUCTURAL_SCREEN_EXHAUSTED_PRIMALITY_UNASSIGNED,FIRST_SINGULARITY_SHELL_EXHAUSTED_PRIMALITY_UNASSIGNED,513,9595,9595
SLCMP01-0034,34,143104579,2^143104579-1,SEARCH_INPUT,STRUCTURAL_SCREEN_EXHAUSTED_PRIMALITY_UNASSIGNED,FIRST_SINGULARITY_SHELL_EXHAUSTED_PRIMALITY_UNASSIGNED,514,9595,9595
SLCMP01-0035,35,143104607,2^143104607-1,SEARCH_INPUT,STRUCTURAL_SCREEN_EXHAUSTED_PRIMALITY_UNASSIGNED,FIRST_SINGULARITY_SHELL_EXHAUSTED_PRIMALITY_UNASSIGNED,514,9595,9595
SLCMP01-0036,36,143104627,2^143104627-1,SEARCH_INPUT,STRUCTURAL_SCREEN_EXHAUSTED_PRIMALITY_UNASSIGNED,FIRST_SINGULARITY_SHELL_EXHAUSTED_PRIMALITY_UNASSIGNED,514,9595,9595
SLCMP01-0037,37,143104667,2^143104667-1,SEARCH_INPUT,STRUCTURAL_SCREEN_EXHAUSTED_PRIMALITY_UNASSIGNED,FIRST_SINGULARITY_SHELL_EXHAUSTED_PRIMALITY_UNASSIGNED,514,9595,9595
SLCMP01-0038,38,143104733,2^143104733-1,SEARCH_INPUT,STRUCTURAL_SCREEN_EXHAUSTED_PRIMALITY_UNASSIGNED,FIRST_SINGULARITY_SHELL_EXHAUSTED_PRIMALITY_UNASSIGNED,513,9595,9595
SLCMP01-0039,39,143104739,2^143104739-1,SEARCH_INPUT,STRUCTURAL_SCREEN_EXHAUSTED_PRIMALITY_UNASSIGNED,FIRST_SINGULARITY_SHELL_EXHAUSTED_PRIMALITY_UNASSIGNED,514,9595,9595
SLCMP01-0040,40,143104757,2^143104757-1,SEARCH_INPUT,STRUCTURAL_SCREEN_EXHAUSTED_PRIMALITY_UNASSIGNED,FIRST_SINGULARITY_SHELL_EXHAUSTED_PRIMALITY_UNASSIGNED,513,9595,9595
SLCMP01-0041,41,143104799,2^143104799-1,SEARCH_INPUT,STRUCTURAL_SCREEN_EXHAUSTED_PRIMALITY_UNASSIGNED,FIRST_SINGULARITY_SHELL_EXHAUSTED_PRIMALITY_UNASSIGNED,514,9595,9595
SLCMP01-0042,42,143104859,2^143104859-1,SEARCH_INPUT,STRUCTURAL_SCREEN_EXHAUSTED_PRIMALITY_UNASSIGNED,FIRST_SINGULARITY_SHELL_EXHAUSTED_PRIMALITY_UNASSIGNED,514,9595,9595
SLCMP01-0043,43,143104867,2^143104867-1,SEARCH_INPUT,STRUCTURAL_SCREEN_EXHAUSTED_PRIMALITY_UNASSIGNED,FIRST_SINGULARITY_SHELL_EXHAUSTED_PRIMALITY_UNASSIGNED,514,9595,9595
SLCMP01-0044,44,143104921,2^143104921-1,SEARCH_INPUT,STRUCTURAL_SCREEN_EXHAUSTED_PRIMALITY_UNASSIGNED,FIRST_SINGULARITY_SHELL_EXHAUSTED_PRIMALITY_UNASSIGNED,513,9595,9595
SLCMP01-0045,45,143104999,2^143104999-1,SEARCH_INPUT,STRUCTURAL_SCREEN_EXHAUSTED_PRIMALITY_UNASSIGNED,FIRST_SINGULARITY_SHELL_EXHAUSTED_PRIMALITY_UNASSIGNED,514,9595,9595
SLCMP01-0046,46,143105191,2^143105191-1,SEARCH_INPUT,STRUCTURAL_SCREEN_EXHAUSTED_PRIMALITY_UNASSIGNED,FIRST_SINGULARITY_SHELL_EXHAUSTED_PRIMALITY_UNASSIGNED,514,9595,9595
SLCMP01-0047,47,143105273,2^143105273-1,SEARCH_INPUT,STRUCTURAL_SCREEN_EXHAUSTED_PRIMALITY_UNASSIGNED,FIRST_SINGULARITY_SHELL_EXHAUSTED_PRIMALITY_UNASSIGNED,513,9595,9595
SLCMP01-0048,48,143105341,2^143105341-1,SEARCH_INPUT,STRUCTURAL_SCREEN_EXHAUSTED_PRIMALITY_UNASSIGNED,FIRST_SINGULARITY_SHELL_EXHAUSTED_PRIMALITY_UNASSIGNED,513,9595,9595
SLCMP01-0049,49,143105383,2^143105383-1,SEARCH_INPUT,STRUCTURAL_SCREEN_EXHAUSTED_PRIMALITY_UNASSIGNED,FIRST_SINGULARITY_SHELL_EXHAUSTED_PRIMALITY_UNASSIGNED,514,9595,9595
SLCMP01-0050,50,143105491,2^143105491-1,SEARCH_INPUT,STRUCTURAL_SCREEN_EXHAUSTED_PRIMALITY_UNASSIGNED,FIRST_SINGULARITY_SHELL_EXHAUSTED_PRIMALITY_UNASSIGNED,514,9595,9595
SLCMP01-0051,51,143105519,2^143105519-1,SEARCH_INPUT,STRUCTURAL_SCREEN_EXHAUSTED_PRIMALITY_UNASSIGNED,FIRST_SINGULARITY_SHELL_EXHAUSTED_PRIMALITY_UNASSIGNED,514,9595,9595
SLCMP01-0052,52,143105527,2^143105527-1,SEARCH_INPUT,STRUCTURAL_SCREEN_EXHAUSTED_PRIMALITY_UNASSIGNED,FIRST_SINGULARITY_SHELL_EXHAUSTED_PRIMALITY_UNASSIGNED,514,9595,9595
SLCMP01-0053,53,143105537,2^143105537-1,SEARCH_INPUT,STRUCTURAL_SCREEN_EXHAUSTED_PRIMALITY_UNASSIGNED,FIRST_SINGULARITY_SHELL_EXHAUSTED_PRIMALITY_UNASSIGNED,513,9595,9595
SLCMP01-0054,54,143105723,2^143105723-1,SEARCH_INPUT,STRUCTURAL_SCREEN_EXHAUSTED_PRIMALITY_UNASSIGNED,FIRST_SINGULARITY_SHELL_EXHAUSTED_PRIMALITY_UNASSIGNED,514,9595,9595
SLCMP01-0055,55,143105771,2^143105771-1,SEARCH_INPUT,STRUCTURAL_SCREEN_EXHAUSTED_PRIMALITY_UNASSIGNED,FIRST_SINGULARITY_SHELL_EXHAUSTED_PRIMALITY_UNASSIGNED,514,9595,9595
SLCMP01-0056,56,143105863,2^143105863-1,SEARCH_INPUT,STRUCTURAL_SCREEN_EXHAUSTED_PRIMALITY_UNASSIGNED,FIRST_SINGULARITY_SHELL_EXHAUSTED_PRIMALITY_UNASSIGNED,514,9595,9595
SLCMP01-0057,57,143105917,2^143105917-1,SEARCH_INPUT,STRUCTURAL_SCREEN_EXHAUSTED_PRIMALITY_UNASSIGNED,FIRST_SINGULARITY_SHELL_EXHAUSTED_PRIMALITY_UNASSIGNED,513,9595,9595
SLCMP01-0058,58,143105969,2^143105969-1,SEARCH_INPUT,STRUCTURAL_SCREEN_EXHAUSTED_PRIMALITY_UNASSIGNED,FIRST_SINGULARITY_SHELL_EXHAUSTED_PRIMALITY_UNASSIGNED,513,9595,9595
SLCMP01-0059,59,143106053,2^143106053-1,SEARCH_INPUT,STRUCTURAL_SCREEN_EXHAUSTED_PRIMALITY_UNASSIGNED,FIRST_SINGULARITY_SHELL_EXHAUSTED_PRIMALITY_UNASSIGNED,513,9595,9595
SLCMP01-0060,60,143106083,2^143106083-1,SEARCH_INPUT,STRUCTURAL_SCREEN_EXHAUSTED_PRIMALITY_UNASSIGNED,FIRST_SINGULARITY_SHELL_EXHAUSTED_PRIMALITY_UNASSIGNED,514,9595,9595
SLCMP01-0061,61,143106149,2^143106149-1,SEARCH_INPUT,STRUCTURAL_SCREEN_EXHAUSTED_PRIMALITY_UNASSIGNED,FIRST_SINGULARITY_SHELL_EXHAUSTED_PRIMALITY_UNASSIGNED,513,9595,9595
SLCMP01-0062,62,143106203,2^143106203-1,SEARCH_INPUT,STRUCTURAL_SCREEN_EXHAUSTED_PRIMALITY_UNASSIGNED,FIRST_SINGULARITY_SHELL_EXHAUSTED_PRIMALITY_UNASSIGNED,514,9595,9595
SLCMP01-0063,63,143106247,2^143106247-1,SEARCH_INPUT,STRUCTURAL_SCREEN_EXHAUSTED_PRIMALITY_UNASSIGNED,FIRST_SINGULARITY_SHELL_EXHAUSTED_PRIMALITY_UNASSIGNED,514,9595,9595
SLCMP01-0064,64,143106283,2^143106283-1,SEARCH_INPUT,STRUCTURAL_SCREEN_EXHAUSTED_PRIMALITY_UNASSIGNED,FIRST_SINGULARITY_SHELL_EXHAUSTED_PRIMALITY_UNASSIGNED,514,9595,9595
SLCMP01-0065,65,143106371,2^143106371-1,SEARCH_INPUT,STRUCTURAL_SCREEN_EXHAUSTED_PRIMALITY_UNASSIGNED,FIRST_SINGULARITY_SHELL_EXHAUSTED_PRIMALITY_UNASSIGNED,514,9595,9595
SLCMP01-0066,66,143106409,2^143106409-1,SEARCH_INPUT,STRUCTURAL_SCREEN_EXHAUSTED_PRIMALITY_UNASSIGNED,FIRST_SINGULARITY_SHELL_EXHAUSTED_PRIMALITY_UNASSIGNED,513,9595,9595
SLCMP01-0067,67,143106511,2^143106511-1,SEARCH_INPUT,STRUCTURAL_SCREEN_EXHAUSTED_PRIMALITY_UNASSIGNED,FIRST_SINGULARITY_SHELL_EXHAUSTED_PRIMALITY_UNASSIGNED,514,9595,9595
SLCMP01-0068,68,143106631,2^143106631-1,SEARCH_INPUT,STRUCTURAL_SCREEN_EXHAUSTED_PRIMALITY_UNASSIGNED,FIRST_SINGULARITY_SHELL_EXHAUSTED_PRIMALITY_UNASSIGNED,514,9595,9595
SLCMP01-0069,69,143106637,2^143106637-1,SEARCH_INPUT,STRUCTURAL_SCREEN_EXHAUSTED_PRIMALITY_UNASSIGNED,FIRST_SINGULARITY_SHELL_EXHAUSTED_PRIMALITY_UNASSIGNED,513,9595,9595
SLCMP01-0070,70,143106701,2^143106701-1,SEARCH_INPUT,STRUCTURAL_SCREEN_EXHAUSTED_PRIMALITY_UNASSIGNED,FIRST_SINGULARITY_SHELL_EXHAUSTED_PRIMALITY_UNASSIGNED,513,9595,9595
SLCMP01-0071,71,143106737,2^143106737-1,SEARCH_INPUT,STRUCTURAL_SCREEN_EXHAUSTED_PRIMALITY_UNASSIGNED,FIRST_SINGULARITY_SHELL_EXHAUSTED_PRIMALITY_UNASSIGNED,513,9595,9595
SLCMP01-0072,72,143106773,2^143106773-1,SEARCH_INPUT,STRUCTURAL_SCREEN_EXHAUSTED_PRIMALITY_UNASSIGNED,FIRST_SINGULARITY_SHELL_EXHAUSTED_PRIMALITY_UNASSIGNED,513,9595,9595
SLCMP01-0073,73,143106839,2^143106839-1,SEARCH_INPUT,STRUCTURAL_SCREEN_EXHAUSTED_PRIMALITY_UNASSIGNED,FIRST_SINGULARITY_SHELL_EXHAUSTED_PRIMALITY_UNASSIGNED,514,9595,9595
SLCMP01-0074,74,143107007,2^143107007-1,SEARCH_INPUT,STRUCTURAL_SCREEN_EXHAUSTED_PRIMALITY_UNASSIGNED,FIRST_SINGULARITY_SHELL_EXHAUSTED_PRIMALITY_UNASSIGNED,514,9595,9595
SLCMP01-0075,75,143107061,2^143107061-1,SEARCH_INPUT,STRUCTURAL_SCREEN_EXHAUSTED_PRIMALITY_UNASSIGNED,FIRST_SINGULARITY_SHELL_EXHAUSTED_PRIMALITY_UNASSIGNED,513,9595,9595
SLCMP01-0076,76,143107121,2^143107121-1,SEARCH_INPUT,STRUCTURAL_SCREEN_EXHAUSTED_PRIMALITY_UNASSIGNED,FIRST_SINGULARITY_SHELL_EXHAUSTED_PRIMALITY_UNASSIGNED,513,9595,9595
SLCMP01-0077,77,143107247,2^143107247-1,SEARCH_INPUT,STRUCTURAL_SCREEN_EXHAUSTED_PRIMALITY_UNASSIGNED,FIRST_SINGULARITY_SHELL_EXHAUSTED_PRIMALITY_UNASSIGNED,514,9595,9595
SLCMP01-0078,78,143107267,2^143107267-1,SEARCH_INPUT,STRUCTURAL_SCREEN_EXHAUSTED_PRIMALITY_UNASSIGNED,FIRST_SINGULARITY_SHELL_EXHAUSTED_PRIMALITY_UNASSIGNED,514,9595,9595
SLCMP01-0079,79,143107291,2^143107291-1,SEARCH_INPUT,STRUCTURAL_SCREEN_EXHAUSTED_PRIMALITY_UNASSIGNED,FIRST_SINGULARITY_SHELL_EXHAUSTED_PRIMALITY_UNASSIGNED,514,9595,9595
SLCMP01-0080,80,143107319,2^143107319-1,SEARCH_INPUT,STRUCTURAL_SCREEN_EXHAUSTED_PRIMALITY_UNASSIGNED,FIRST_SINGULARITY_SHELL_EXHAUSTED_PRIMALITY_UNASSIGNED,514,9595,9595
SLCMP01-0081,81,143107369,2^143107369-1,SEARCH_INPUT,STRUCTURAL_SCREEN_EXHAUSTED_PRIMALITY_UNASSIGNED,FIRST_SINGULARITY_SHELL_EXHAUSTED_PRIMALITY_UNASSIGNED,513,9595,9595
SLCMP01-0082,82,143107429,2^143107429-1,SEARCH_INPUT,STRUCTURAL_SCREEN_EXHAUSTED_PRIMALITY_UNASSIGNED,FIRST_SINGULARITY_SHELL_EXHAUSTED_PRIMALITY_UNASSIGNED,513,9595,9595
SLCMP01-0083,83,143107681,2^143107681-1,SEARCH_INPUT,STRUCTURAL_SCREEN_EXHAUSTED_PRIMALITY_UNASSIGNED,FIRST_SINGULARITY_SHELL_EXHAUSTED_PRIMALITY_UNASSIGNED,513,9595,9595
SLCMP01-0084,84,143107691,2^143107691-1,SEARCH_INPUT,STRUCTURAL_SCREEN_EXHAUSTED_PRIMALITY_UNASSIGNED,FIRST_SINGULARITY_SHELL_EXHAUSTED_PRIMALITY_UNASSIGNED,514,9595,9595
SLCMP01-0085,85,143107733,2^143107733-1,SEARCH_INPUT,STRUCTURAL_SCREEN_EXHAUSTED_PRIMALITY_UNASSIGNED,FIRST_SINGULARITY_SHELL_EXHAUSTED_PRIMALITY_UNASSIGNED,513,9595,9595
SLCMP01-0086,86,143107793,2^143107793-1,SEARCH_INPUT,STRUCTURAL_SCREEN_EXHAUSTED_PRIMALITY_UNASSIGNED,FIRST_SINGULARITY_SHELL_EXHAUSTED_PRIMALITY_UNASSIGNED,513,9595,9595
SLCMP01-0087,87,143107843,2^143107843-1,SEARCH_INPUT,STRUCTURAL_SCREEN_EXHAUSTED_PRIMALITY_UNASSIGNED,FIRST_SINGULARITY_SHELL_EXHAUSTED_PRIMALITY_UNASSIGNED,514,9595,9595
SLCMP01-0088,88,143108033,2^143108033-1,SEARCH_INPUT,STRUCTURAL_SCREEN_EXHAUSTED_PRIMALITY_UNASSIGNED,FIRST_SINGULARITY_SHELL_EXHAUSTED_PRIMALITY_UNASSIGNED,513,9595,9595
SLCMP01-0089,89,143108083,2^143108083-1,SEARCH_INPUT,STRUCTURAL_SCREEN_EXHAUSTED_PRIMALITY_UNASSIGNED,FIRST_SINGULARITY_SHELL_EXHAUSTED_PRIMALITY_UNASSIGNED,514,9595,9595
SLCMP01-0090,90,143108101,2^143108101-1,SEARCH_INPUT,STRUCTURAL_SCREEN_EXHAUSTED_PRIMALITY_UNASSIGNED,FIRST_SINGULARITY_SHELL_EXHAUSTED_PRIMALITY_UNASSIGNED,513,9595,9595
SLCMP01-0091,91,143108201,2^143108201-1,SEARCH_INPUT,STRUCTURAL_SCREEN_EXHAUSTED_PRIMALITY_UNASSIGNED,FIRST_SINGULARITY_SHELL_EXHAUSTED_PRIMALITY_UNASSIGNED,513,9595,9595
SLCMP01-0092,92,143108297,2^143108297-1,SEARCH_INPUT,STRUCTURAL_SCREEN_EXHAUSTED_PRIMALITY_UNASSIGNED,FIRST_SINGULARITY_SHELL_EXHAUSTED_PRIMALITY_UNASSIGNED,513,9595,9595
SLCMP01-0093,93,143108309,2^143108309-1,SEARCH_INPUT,STRUCTURAL_SCREEN_EXHAUSTED_PRIMALITY_UNASSIGNED,FIRST_SINGULARITY_SHELL_EXHAUSTED_PRIMALITY_UNASSIGNED,513,9595,9595
SLCMP01-0094,94,143108443,2^143108443-1,SEARCH_INPUT,STRUCTURAL_SCREEN_EXHAUSTED_PRIMALITY_UNASSIGNED,FIRST_SINGULARITY_SHELL_EXHAUSTED_PRIMALITY_UNASSIGNED,514,9595,9595
SLCMP01-0095,95,143108503,2^143108503-1,SEARCH_INPUT,STRUCTURAL_SCREEN_EXHAUSTED_PRIMALITY_UNASSIGNED,FIRST_SINGULARITY_SHELL_EXHAUSTED_PRIMALITY_UNASSIGNED,514,9595,9595
SLCMP01-0096,96,143108629,2^143108629-1,SEARCH_INPUT,STRUCTURAL_SCREEN_EXHAUSTED_PRIMALITY_UNASSIGNED,FIRST_SINGULARITY_SHELL_EXHAUSTED_PRIMALITY_UNASSIGNED,513,9595,9595
SLCMP01-0097,97,143108633,2^143108633-1,SEARCH_INPUT,STRUCTURAL_SCREEN_EXHAUSTED_PRIMALITY_UNASSIGNED,FIRST_SINGULARITY_SHELL_EXHAUSTED_PRIMALITY_UNASSIGNED,513,9595,9595
SLCMP01-0098,98,143108657,2^143108657-1,SEARCH_INPUT,STRUCTURAL_SCREEN_EXHAUSTED_PRIMALITY_UNASSIGNED,FIRST_SINGULARITY_SHELL_EXHAUSTED_PRIMALITY_UNASSIGNED,513,9595,9595
SLCMP01-0099,99,143108747,2^143108747-1,SEARCH_INPUT,STRUCTURAL_SCREEN_EXHAUSTED_PRIMALITY_UNASSIGNED,FIRST_SINGULARITY_SHELL_EXHAUSTED_PRIMALITY_UNASSIGNED,514,9595,9595
SLCMP01-0100,100,143108789,2^143108789-1,SEARCH_INPUT,STRUCTURAL_SCREEN_EXHAUSTED_PRIMALITY_UNASSIGNED,FIRST_SINGULARITY_SHELL_EXHAUSTED_PRIMALITY_UNASSIGNED,513,9595,9595
SLCMP01-0101,101,143108899,2^143108899-1,SEARCH_INPUT,STRUCTURAL_SCREEN_EXHAUSTED_PRIMALITY_UNASSIGNED,FIRST_SINGULARITY_SHELL_EXHAUSTED_PRIMALITY_UNASSIGNED,514,9595,9595
SLCMP01-0102,102,143109011,2^143109011-1,SEARCH_INPUT,STRUCTURAL_SCREEN_EXHAUSTED_PRIMALITY_UNASSIGNED,FIRST_SINGULARITY_SHELL_EXHAUSTED_PRIMALITY_UNASSIGNED,514,9595,9595
SLCMP01-0103,103,143109023,2^143109023-1,SEARCH_INPUT,STRUCTURAL_SCREEN_EXHAUSTED_PRIMALITY_UNASSIGNED,FIRST_SINGULARITY_SHELL_EXHAUSTED_PRIMALITY_UNASSIGNED,514,9595,9595
SLCMP01-0104,104,143109073,2^143109073-1,SEARCH_INPUT,STRUCTURAL_SCREEN_EXHAUSTED_PRIMALITY_UNASSIGNED,FIRST_SINGULARITY_SHELL_EXHAUSTED_PRIMALITY_UNASSIGNED,513,9595,9595
SLCMP01-0105,105,143109079,2^143109079-1,SEARCH_INPUT,STRUCTURAL_SCREEN_EXHAUSTED_PRIMALITY_UNASSIGNED,FIRST_SINGULARITY_SHELL_EXHAUSTED_PRIMALITY_UNASSIGNED,514,9595,9595
SLCMP01-0106,106,143109097,2^143109097-1,SEARCH_INPUT,STRUCTURAL_SCREEN_EXHAUSTED_PRIMALITY_UNASSIGNED,FIRST_SINGULARITY_SHELL_EXHAUSTED_PRIMALITY_UNASSIGNED,513,9595,9595
SLCMP01-0107,107,143109173,2^143109173-1,SEARCH_INPUT,STRUCTURAL_SCREEN_EXHAUSTED_PRIMALITY_UNASSIGNED,FIRST_SINGULARITY_SHELL_EXHAUSTED_PRIMALITY_UNASSIGNED,513,9595,9595
SLCMP01-0108,108,143109227,2^143109227-1,SEARCH_INPUT,STRUCTURAL_SCREEN_EXHAUSTED_PRIMALITY_UNASSIGNED,FIRST_SINGULARITY_SHELL_EXHAUSTED_PRIMALITY_UNASSIGNED,514,9595,9595
SLCMP01-0109,109,143109301,2^143109301-1,SEARCH_INPUT,STRUCTURAL_SCREEN_EXHAUSTED_PRIMALITY_UNASSIGNED,FIRST_SINGULARITY_SHELL_EXHAUSTED_PRIMALITY_UNASSIGNED,513,9595,9595
SLCMP01-0110,110,143109353,2^143109353-1,SEARCH_INPUT,STRUCTURAL_SCREEN_EXHAUSTED_PRIMALITY_UNASSIGNED,FIRST_SINGULARITY_SHELL_EXHAUSTED_PRIMALITY_UNASSIGNED,513,9595,9595
SLCMP01-0111,111,143109359,2^143109359-1,SEARCH_INPUT,STRUCTURAL_SCREEN_EXHAUSTED_PRIMALITY_UNASSIGNED,FIRST_SINGULARITY_SHELL_EXHAUSTED_PRIMALITY_UNASSIGNED,514,9595,9595
SLCMP01-0112,112,143109469,2^143109469-1,SEARCH_INPUT,STRUCTURAL_SCREEN_EXHAUSTED_PRIMALITY_UNASSIGNED,FIRST_SINGULARITY_SHELL_EXHAUSTED_PRIMALITY_UNASSIGNED,513,9595,9595
SLCMP01-0113,113,143109529,2^143109529-1,SEARCH_INPUT,STRUCTURAL_SCREEN_EXHAUSTED_PRIMALITY_UNASSIGNED,FIRST_SINGULARITY_SHELL_EXHAUSTED_PRIMALITY_UNASSIGNED,513,9595,9595
SLCMP01-0114,114,143109601,2^143109601-1,SEARCH_INPUT,STRUCTURAL_SCREEN_EXHAUSTED_PRIMALITY_UNASSIGNED,FIRST_SINGULARITY_SHELL_EXHAUSTED_PRIMALITY_UNASSIGNED,513,9595,9595
SLCMP01-0115,115,143109643,2^143109643-1,SEARCH_INPUT,STRUCTURAL_SCREEN_EXHAUSTED_PRIMALITY_UNASSIGNED,FIRST_SINGULARITY_SHELL_EXHAUSTED_PRIMALITY_UNASSIGNED,514,9595,9595
SLCMP01-0116,116,143109763,2^143109763-1,SEARCH_INPUT,STRUCTURAL_SCREEN_EXHAUSTED_PRIMALITY_UNASSIGNED,FIRST_SINGULARITY_SHELL_EXHAUSTED_PRIMALITY_UNASSIGNED,514,9595,9595
SLCMP01-0117,117,143109839,2^143109839-1,SEARCH_INPUT,STRUCTURAL_SCREEN_EXHAUSTED_PRIMALITY_UNASSIGNED,FIRST_SINGULARITY_SHELL_EXHAUSTED_PRIMALITY_UNASSIGNED,514,9595,9595
SLCMP01-0118,118,143109899,2^143109899-1,SEARCH_INPUT,STRUCTURAL_SCREEN_EXHAUSTED_PRIMALITY_UNASSIGNED,FIRST_SINGULARITY_SHELL_EXHAUSTED_PRIMALITY_UNASSIGNED,514,9595,9595
SLCMP01-0119,119,143109913,2^143109913-1,SEARCH_INPUT,STRUCTURAL_SCREEN_EXHAUSTED_PRIMALITY_UNASSIGNED,FIRST_SINGULARITY_SHELL_EXHAUSTED_PRIMALITY_UNASSIGNED,513,9595,9595
SLCMP01-0120,120,143110061,2^143110061-1,SEARCH_INPUT,STRUCTURAL_SCREEN_EXHAUSTED_PRIMALITY_UNASSIGNED,FIRST_SINGULARITY_SHELL_EXHAUSTED_PRIMALITY_UNASSIGNED,513,9595,9595
SLCMP01-0121,121,143110073,2^143110073-1,SEARCH_INPUT,STRUCTURAL_SCREEN_EXHAUSTED_PRIMALITY_UNASSIGNED,FIRST_SINGULARITY_SHELL_EXHAUSTED_PRIMALITY_UNASSIGNED,513,9595,9595
SLCMP01-0122,122,143110141,2^143110141-1,SEARCH_INPUT,STRUCTURAL_SCREEN_EXHAUSTED_PRIMALITY_UNASSIGNED,FIRST_SINGULARITY_SHELL_EXHAUSTED_PRIMALITY_UNASSIGNED,513,9595,9595
SLCMP01-0123,123,143110243,2^143110243-1,SEARCH_INPUT,STRUCTURAL_SCREEN_EXHAUSTED_PRIMALITY_UNASSIGNED,FIRST_SINGULARITY_SHELL_EXHAUSTED_PRIMALITY_UNASSIGNED,514,9595,9595
SLCMP01-0124,124,143110423,2^143110423-1,SEARCH_INPUT,STRUCTURAL_SCREEN_EXHAUSTED_PRIMALITY_UNASSIGNED,FIRST_SINGULARITY_SHELL_EXHAUSTED_PRIMALITY_UNASSIGNED,514,9595,9595
SLCMP01-0125,125,143110463,2^143110463-1,SEARCH_INPUT,STRUCTURAL_SCREEN_EXHAUSTED_PRIMALITY_UNASSIGNED,FIRST_SINGULARITY_SHELL_EXHAUSTED_PRIMALITY_UNASSIGNED,514,9595,9595
SLCMP01-0126,126,143110501,2^143110501-1,SEARCH_INPUT,STRUCTURAL_SCREEN_EXHAUSTED_PRIMALITY_UNASSIGNED,FIRST_SINGULARITY_SHELL_EXHAUSTED_PRIMALITY_UNASSIGNED,513,9595,9595
SLCMP01-0127,127,143110613,2^143110613-1,SEARCH_INPUT,STRUCTURAL_SCREEN_EXHAUSTED_PRIMALITY_UNASSIGNED,FIRST_SINGULARITY_SHELL_EXHAUSTED_PRIMALITY_UNASSIGNED,513,9595,9595
SLCMP01-0128,128,143111191,2^143111191-1,SEARCH_INPUT,STRUCTURAL_SCREEN_EXHAUSTED_PRIMALITY_UNASSIGNED,FIRST_SINGULARITY_SHELL_EXHAUSTED_PRIMALITY_UNASSIGNED,514,9595,9595
SLCMP01-0129,129,143111257,2^143111257-1,SEARCH_INPUT,STRUCTURAL_SCREEN_EXHAUSTED_PRIMALITY_UNASSIGNED,FIRST_SINGULARITY_SHELL_EXHAUSTED_PRIMALITY_UNASSIGNED,513,9595,9595
SLCMP01-0130,130,143111303,2^143111303-1,SEARCH_INPUT,STRUCTURAL_SCREEN_EXHAUSTED_PRIMALITY_UNASSIGNED,FIRST_SINGULARITY_SHELL_EXHAUSTED_PRIMALITY_UNASSIGNED,514,9595,9595
SLCMP01-0131,131,143111483,2^143111483-1,SEARCH_INPUT,STRUCTURAL_SCREEN_EXHAUSTED_PRIMALITY_UNASSIGNED,FIRST_SINGULARITY_SHELL_EXHAUSTED_PRIMALITY_UNASSIGNED,514,9595,9595
SLCMP01-0132,132,143111539,2^143111539-1,SEARCH_INPUT,STRUCTURAL_SCREEN_EXHAUSTED_PRIMALITY_UNASSIGNED,FIRST_SINGULARITY_SHELL_EXHAUSTED_PRIMALITY_UNASSIGNED,514,9595,9595
SLCMP01-0133,133,143111621,2^143111621-1,SEARCH_INPUT,STRUCTURAL_SCREEN_EXHAUSTED_PRIMALITY_UNASSIGNED,FIRST_SINGULARITY_SHELL_EXHAUSTED_PRIMALITY_UNASSIGNED,513,9595,9595
SLCMP01-0134,134,143111693,2^143111693-1,SEARCH_INPUT,STRUCTURAL_SCREEN_EXHAUSTED_PRIMALITY_UNASSIGNED,FIRST_SINGULARITY_SHELL_EXHAUSTED_PRIMALITY_UNASSIGNED,513,9595,9595
SLCMP01-0135,135,143111803,2^143111803-1,SEARCH_INPUT,STRUCTURAL_SCREEN_EXHAUSTED_PRIMALITY_UNASSIGNED,FIRST_SINGULARITY_SHELL_EXHAUSTED_PRIMALITY_UNASSIGNED,514,9595,9595
SLCMP01-0136,136,143111821,2^143111821-1,SEARCH_INPUT,STRUCTURAL_SCREEN_EXHAUSTED_PRIMALITY_UNASSIGNED,FIRST_SINGULARITY_SHELL_EXHAUSTED_PRIMALITY_UNASSIGNED,513,9595,9595
SLCMP01-0137,137,143111833,2^143111833-1,SEARCH_INPUT,STRUCTURAL_SCREEN_EXHAUSTED_PRIMALITY_UNASSIGNED,FIRST_SINGULARITY_SHELL_EXHAUSTED_PRIMALITY_UNASSIGNED,513,9595,9595
SLCMP01-0138,138,143111863,2^143111863-1,SEARCH_INPUT,STRUCTURAL_SCREEN_EXHAUSTED_PRIMALITY_UNASSIGNED,FIRST_SINGULARITY_SHELL_EXHAUSTED_PRIMALITY_UNASSIGNED,514,9595,9595
SLCMP01-0139,139,143111999,2^143111999-1,SEARCH_INPUT,STRUCTURAL_SCREEN_EXHAUSTED_PRIMALITY_UNASSIGNED,FIRST_SINGULARITY_SHELL_EXHAUSTED_PRIMALITY_UNASSIGNED,514,9595,9595
SLCMP01-0140,140,143112107,2^143112107-1,SEARCH_INPUT,STRUCTURAL_SCREEN_EXHAUSTED_PRIMALITY_UNASSIGNED,FIRST_SINGULARITY_SHELL_EXHAUSTED_PRIMALITY_UNASSIGNED,514,9595,9595
SLCMP01-0141,141,143112401,2^143112401-1,SEARCH_INPUT,STRUCTURAL_SCREEN_EXHAUSTED_PRIMALITY_UNASSIGNED,FIRST_SINGULARITY_SHELL_EXHAUSTED_PRIMALITY_UNASSIGNED,513,9595,9595
SLCMP01-0142,142,143112407,2^143112407-1,SEARCH_INPUT,STRUCTURAL_SCREEN_EXHAUSTED_PRIMALITY_UNASSIGNED,FIRST_SINGULARITY_SHELL_EXHAUSTED_PRIMALITY_UNASSIGNED,514,9595,9595
SLCMP01-0143,143,143112491,2^143112491-1,SEARCH_INPUT,STRUCTURAL_SCREEN_EXHAUSTED_PRIMALITY_UNASSIGNED,FIRST_SINGULARITY_SHELL_EXHAUSTED_PRIMALITY_UNASSIGNED,514,9595,9595
SLCMP01-0144,144,143112569,2^143112569-1,SEARCH_INPUT,STRUCTURAL_SCREEN_EXHAUSTED_PRIMALITY_UNASSIGNED,FIRST_SINGULARITY_SHELL_EXHAUSTED_PRIMALITY_UNASSIGNED,513,9595,9595
SLCMP01-0145,145,143112689,2^143112689-1,SEARCH_INPUT,STRUCTURAL_SCREEN_EXHAUSTED_PRIMALITY_UNASSIGNED,FIRST_SINGULARITY_SHELL_EXHAUSTED_PRIMALITY_UNASSIGNED,513,9595,9595
SLCMP01-0146,146,143112713,2^143112713-1,SEARCH_INPUT,STRUCTURAL_SCREEN_EXHAUSTED_PRIMALITY_UNASSIGNED,FIRST_SINGULARITY_SHELL_EXHAUSTED_PRIMALITY_UNASSIGNED,513,9595,9595
SLCMP01-0147,147,143112829,2^143112829-1,SEARCH_INPUT,STRUCTURAL_SCREEN_EXHAUSTED_PRIMALITY_UNASSIGNED,FIRST_SINGULARITY_SHELL_EXHAUSTED_PRIMALITY_UNASSIGNED,513,9595,9595
SLCMP01-0148,148,143112857,2^143112857-1,SEARCH_INPUT,STRUCTURAL_SCREEN_EXHAUSTED_PRIMALITY_UNASSIGNED,FIRST_SINGULARITY_SHELL_EXHAUSTED_PRIMALITY_UNASSIGNED,513,9595,9595
SLCMP01-0149,149,143112887,2^143112887-1,SEARCH_INPUT,STRUCTURAL_SCREEN_EXHAUSTED_PRIMALITY_UNASSIGNED,FIRST_SINGULARITY_SHELL_EXHAUSTED_PRIMALITY_UNASSIGNED,514,9595,9595
SLCMP01-0150,150,143112917,2^143112917-1,SEARCH_INPUT,STRUCTURAL_SCREEN_EXHAUSTED_PRIMALITY_UNASSIGNED,FIRST_SINGULARITY_SHELL_EXHAUSTED_PRIMALITY_UNASSIGNED,513,9595,9595
SLCMP01-0151,151,143112947,2^143112947-1,SEARCH_INPUT,STRUCTURAL_SCREEN_EXHAUSTED_PRIMALITY_UNASSIGNED,FIRST_SINGULARITY_SHELL_EXHAUSTED_PRIMALITY_UNASSIGNED,514,9595,9595
SLCMP01-0152,152,143113051,2^143113051-1,SEARCH_INPUT,STRUCTURAL_SCREEN_EXHAUSTED_PRIMALITY_UNASSIGNED,FIRST_SINGULARITY_SHELL_EXHAUSTED_PRIMALITY_UNASSIGNED,514,9595,9595
SLCMP01-0153,153,143113079,2^143113079-1,SEARCH_INPUT,STRUCTURAL_SCREEN_EXHAUSTED_PRIMALITY_UNASSIGNED,FIRST_SINGULARITY_SHELL_EXHAUSTED_PRIMALITY_UNASSIGNED,514,9595,9595
SLCMP01-0154,154,143113109,2^143113109-1,SEARCH_INPUT,STRUCTURAL_SCREEN_EXHAUSTED_PRIMALITY_UNASSIGNED,FIRST_SINGULARITY_SHELL_EXHAUSTED_PRIMALITY_UNASSIGNED,513,9595,9595
SLCMP01-0155,155,143113129,2^143113129-1,SEARCH_INPUT,STRUCTURAL_SCREEN_EXHAUSTED_PRIMALITY_UNASSIGNED,FIRST_SINGULARITY_SHELL_EXHAUSTED_PRIMALITY_UNASSIGNED,513,9595,9595
SLCMP01-0156,156,143113279,2^143113279-1,SEARCH_INPUT,STRUCTURAL_SCREEN_EXHAUSTED_PRIMALITY_UNASSIGNED,FIRST_SINGULARITY_SHELL_EXHAUSTED_PRIMALITY_UNASSIGNED,514,9595,9595
SLCMP01-0157,157,143113307,2^143113307-1,SEARCH_INPUT,STRUCTURAL_SCREEN_EXHAUSTED_PRIMALITY_UNASSIGNED,FIRST_SINGULARITY_SHELL_EXHAUSTED_PRIMALITY_UNASSIGNED,514,9595,9595
SLCMP01-0158,158,143113309,2^143113309-1,SEARCH_INPUT,STRUCTURAL_SCREEN_EXHAUSTED_PRIMALITY_UNASSIGNED,FIRST_SINGULARITY_SHELL_EXHAUSTED_PRIMALITY_UNASSIGNED,513,9595,9595
SLCMP01-0159,159,143113499,2^143113499-1,SEARCH_INPUT,STRUCTURAL_SCREEN_EXHAUSTED_PRIMALITY_UNASSIGNED,FIRST_SINGULARITY_SHELL_EXHAUSTED_PRIMALITY_UNASSIGNED,514,9595,9595
SLCMP01-0160,160,143113519,2^143113519-1,SEARCH_INPUT,STRUCTURAL_SCREEN_EXHAUSTED_PRIMALITY_UNASSIGNED,FIRST_SINGULARITY_SHELL_EXHAUSTED_PRIMALITY_UNASSIGNED,514,9595,9595
SLCMP01-0161,161,143113549,2^143113549-1,SEARCH_INPUT,STRUCTURAL_SCREEN_EXHAUSTED_PRIMALITY_UNASSIGNED,FIRST_SINGULARITY_SHELL_EXHAUSTED_PRIMALITY_UNASSIGNED,513,9595,9595
SLCMP01-0162,162,143113627,2^143113627-1,SEARCH_INPUT,STRUCTURAL_SCREEN_EXHAUSTED_PRIMALITY_UNASSIGNED,FIRST_SINGULARITY_SHELL_EXHAUSTED_PRIMALITY_UNASSIGNED,514,9595,9595
SLCMP01-0163,163,143113697,2^143113697-1,SEARCH_INPUT,STRUCTURAL_SCREEN_EXHAUSTED_PRIMALITY_UNASSIGNED,FIRST_SINGULARITY_SHELL_EXHAUSTED_PRIMALITY_UNASSIGNED,513,9595,9595
SLCMP01-0164,164,143113913,2^143113913-1,SEARCH_INPUT,STRUCTURAL_SCREEN_EXHAUSTED_PRIMALITY_UNASSIGNED,FIRST_SINGULARITY_SHELL_EXHAUSTED_PRIMALITY_UNASSIGNED,513,9595,9595
SLCMP01-0165,165,143113921,2^143113921-1,SEARCH_INPUT,STRUCTURAL_SCREEN_EXHAUSTED_PRIMALITY_UNASSIGNED,FIRST_SINGULARITY_SHELL_EXHAUSTED_PRIMALITY_UNASSIGNED,513,9595,9595
SLCMP01-0166,166,143113967,2^143113967-1,SEARCH_INPUT,STRUCTURAL_SCREEN_EXHAUSTED_PRIMALITY_UNASSIGNED,FIRST_SINGULARITY_SHELL_EXHAUSTED_PRIMALITY_UNASSIGNED,514,9595,9595
SLCMP01-0167,167,143113979,2^143113979-1,SEARCH_INPUT,STRUCTURAL_SCREEN_EXHAUSTED_PRIMALITY_UNASSIGNED,FIRST_SINGULARITY_SHELL_EXHAUSTED_PRIMALITY_UNASSIGNED,514,9595,9595
SLCMP01-0168,168,143114009,2^143114009-1,SEARCH_INPUT,STRUCTURAL_SCREEN_EXHAUSTED_PRIMALITY_UNASSIGNED,FIRST_SINGULARITY_SHELL_EXHAUSTED_PRIMALITY_UNASSIGNED,513,9595,9595
SLCMP01-0169,169,143114221,2^143114221-1,SEARCH_INPUT,STRUCTURAL_SCREEN_EXHAUSTED_PRIMALITY_UNASSIGNED,FIRST_SINGULARITY_SHELL_EXHAUSTED_PRIMALITY_UNASSIGNED,513,9595,9595
SLCMP01-0170,170,143114263,2^143114263-1,SEARCH_INPUT,STRUCTURAL_SCREEN_EXHAUSTED_PRIMALITY_UNASSIGNED,FIRST_SINGULARITY_SHELL_EXHAUSTED_PRIMALITY_UNASSIGNED,514,9595,9595
SLCMP01-0171,171,143114429,2^143114429-1,SEARCH_INPUT,STRUCTURAL_SCREEN_EXHAUSTED_PRIMALITY_UNASSIGNED,FIRST_SINGULARITY_SHELL_EXHAUSTED_PRIMALITY_UNASSIGNED,513,9595,9595
SLCMP01-0172,172,143114443,2^143114443-1,SEARCH_INPUT,STRUCTURAL_SCREEN_EXHAUSTED_PRIMALITY_UNASSIGNED,FIRST_SINGULARITY_SHELL_EXHAUSTED_PRIMALITY_UNASSIGNED,514,9595,9595
SLCMP01-0173,173,143114453,2^143114453-1,SEARCH_INPUT,STRUCTURAL_SCREEN_EXHAUSTED_PRIMALITY_UNASSIGNED,FIRST_SINGULARITY_SHELL_EXHAUSTED_PRIMALITY_UNASSIGNED,513,9595,9595
SLCMP01-0174,174,143114563,2^143114563-1,SEARCH_INPUT,STRUCTURAL_SCREEN_EXHAUSTED_PRIMALITY_UNASSIGNED,FIRST_SINGULARITY_SHELL_EXHAUSTED_PRIMALITY_UNASSIGNED,514,9595,9595
SLCMP01-0175,175,143114597,2^143114597-1,SEARCH_INPUT,STRUCTURAL_SCREEN_EXHAUSTED_PRIMALITY_UNASSIGNED,FIRST_SINGULARITY_SHELL_EXHAUSTED_PRIMALITY_UNASSIGNED,513,9595,9595
SLCMP01-0176,176,143114603,2^143114603-1,SEARCH_INPUT,STRUCTURAL_SCREEN_EXHAUSTED_PRIMALITY_UNASSIGNED,FIRST_SINGULARITY_SHELL_EXHAUSTED_PRIMALITY_UNASSIGNED,514,9595,9595
SLCMP01-0177,177,143114639,2^143114639-1,SEARCH_INPUT,STRUCTURAL_SCREEN_EXHAUSTED_PRIMALITY_UNASSIGNED,FIRST_SINGULARITY_SHELL_EXHAUSTED_PRIMALITY_UNASSIGNED,514,9595,9595
SLCMP01-0178,178,143114827,2^143114827-1,SEARCH_INPUT,STRUCTURAL_SCREEN_EXHAUSTED_PRIMALITY_UNASSIGNED,FIRST_SINGULARITY_SHELL_EXHAUSTED_PRIMALITY_UNASSIGNED,514,9595,9595
SLCMP01-0179,179,143114833,2^143114833-1,SEARCH_INPUT,STRUCTURAL_SCREEN_EXHAUSTED_PRIMALITY_UNASSIGNED,FIRST_SINGULARITY_SHELL_EXHAUSTED_PRIMALITY_UNASSIGNED,513,9595,9595
SLCMP01-0180,180,143114911,2^143114911-1,SEARCH_INPUT,STRUCTURAL_SCREEN_EXHAUSTED_PRIMALITY_UNASSIGNED,FIRST_SINGULARITY_SHELL_EXHAUSTED_PRIMALITY_UNASSIGNED,514,9595,9595
SLCMP01-0181,181,143115073,2^143115073-1,SEARCH_INPUT,STRUCTURAL_SCREEN_EXHAUSTED_PRIMALITY_UNASSIGNED,FIRST_SINGULARITY_SHELL_EXHAUSTED_PRIMALITY_UNASSIGNED,513,9595,9595
SLCMP01-0182,182,143115109,2^143115109-1,SEARCH_INPUT,STRUCTURAL_SCREEN_EXHAUSTED_PRIMALITY_UNASSIGNED,FIRST_SINGULARITY_SHELL_EXHAUSTED_PRIMALITY_UNASSIGNED,513,9595,9595
SLCMP01-0183,183,143115121,2^143115121-1,SEARCH_INPUT,STRUCTURAL_SCREEN_EXHAUSTED_PRIMALITY_UNASSIGNED,FIRST_SINGULARITY_SHELL_EXHAUSTED_PRIMALITY_UNASSIGNED,513,9595,9595
SLCMP01-0184,184,143115151,2^143115151-1,SEARCH_INPUT,STRUCTURAL_SCREEN_EXHAUSTED_PRIMALITY_UNASSIGNED,FIRST_SINGULARITY_SHELL_EXHAUSTED_PRIMALITY_UNASSIGNED,514,9595,9595
SLCMP01-0185,185,143115541,2^143115541-1,SEARCH_INPUT,STRUCTURAL_SCREEN_EXHAUSTED_PRIMALITY_UNASSIGNED,FIRST_SINGULARITY_SHELL_EXHAUSTED_PRIMALITY_UNASSIGNED,513,9595,9595
SLCMP01-0186,186,143115547,2^143115547-1,SEARCH_INPUT,STRUCTURAL_SCREEN_EXHAUSTED_PRIMALITY_UNASSIGNED,FIRST_SINGULARITY_SHELL_EXHAUSTED_PRIMALITY_UNASSIGNED,514,9595,9595
SLCMP01-0187,187,143115559,2^143115559-1,SEARCH_INPUT,STRUCTURAL_SCREEN_EXHAUSTED_PRIMALITY_UNASSIGNED,FIRST_SINGULARITY_SHELL_EXHAUSTED_PRIMALITY_UNASSIGNED,514,9595,9595
SLCMP01-0188,188,143115563,2^143115563-1,SEARCH_INPUT,STRUCTURAL_SCREEN_EXHAUSTED_PRIMALITY_UNASSIGNED,FIRST_SINGULARITY_SHELL_EXHAUSTED_PRIMALITY_UNASSIGNED,514,9595,9595
SLCMP01-0189,189,143115587,2^143115587-1,SEARCH_INPUT,STRUCTURAL_SCREEN_EXHAUSTED_PRIMALITY_UNASSIGNED,FIRST_SINGULARITY_SHELL_EXHAUSTED_PRIMALITY_UNASSIGNED,514,9595,9595
SLCMP01-0190,190,143115613,2^143115613-1,SEARCH_INPUT,STRUCTURAL_SCREEN_EXHAUSTED_PRIMALITY_UNASSIGNED,FIRST_SINGULARITY_SHELL_EXHAUSTED_PRIMALITY_UNASSIGNED,513,9595,9595
SLCMP01-0191,191,143115629,2^143115629-1,SEARCH_INPUT,STRUCTURAL_SCREEN_EXHAUSTED_PRIMALITY_UNASSIGNED,FIRST_SINGULARITY_SHELL_EXHAUSTED_PRIMALITY_UNASSIGNED,513,9595,9595
SLCMP01-0192,192,143115703,2^143115703-1,SEARCH_INPUT,STRUCTURAL_SCREEN_EXHAUSTED_PRIMALITY_UNASSIGNED,FIRST_SINGULARITY_SHELL_EXHAUSTED_PRIMALITY_UNASSIGNED,514,9595,9595
SLCMP01-0193,193,143115773,2^143115773-1,SEARCH_INPUT,STRUCTURAL_SCREEN_EXHAUSTED_PRIMALITY_UNASSIGNED,FIRST_SINGULARITY_SHELL_EXHAUSTED_PRIMALITY_UNASSIGNED,513,9595,9595
SLCMP01-0194,194,143115901,2^143115901-1,SEARCH_INPUT,STRUCTURAL_SCREEN_EXHAUSTED_PRIMALITY_UNASSIGNED,FIRST_SINGULARITY_SHELL_EXHAUSTED_PRIMALITY_UNASSIGNED,513,9595,9595
SLCMP01-0195,195,143115949,2^143115949-1,SEARCH_INPUT,STRUCTURAL_SCREEN_EXHAUSTED_PRIMALITY_UNASSIGNED,FIRST_SINGULARITY_SHELL_EXHAUSTED_PRIMALITY_UNASSIGNED,513,9595,9595
SLCMP01-0196,196,143115967,2^143115967-1,SEARCH_INPUT,STRUCTURAL_SCREEN_EXHAUSTED_PRIMALITY_UNASSIGNED,FIRST_SINGULARITY_SHELL_EXHAUSTED_PRIMALITY_UNASSIGNED,514,9595,9595
SLCMP01-0197,197,143116027,2^143116027-1,SEARCH_INPUT,STRUCTURAL_SCREEN_EXHAUSTED_PRIMALITY_UNASSIGNED,FIRST_SINGULARITY_SHELL_EXHAUSTED_PRIMALITY_UNASSIGNED,514,9595,9595
SLCMP01-0198,198,143116033,2^143116033-1,SEARCH_INPUT,STRUCTURAL_SCREEN_EXHAUSTED_PRIMALITY_UNASSIGNED,FIRST_SINGULARITY_SHELL_EXHAUSTED_PRIMALITY_UNASSIGNED,513,9595,9595
SLCMP01-0199,199,143116093,2^143116093-1,SEARCH_INPUT,STRUCTURAL_SCREEN_EXHAUSTED_PRIMALITY_UNASSIGNED,FIRST_SINGULARITY_SHELL_EXHAUSTED_PRIMALITY_UNASSIGNED,513,9595,9595
SLCMP01-0200,200,143116159,2^143116159-1,SEARCH_INPUT,STRUCTURAL_SCREEN_EXHAUSTED_PRIMALITY_UNASSIGNED,FIRST_SINGULARITY_SHELL_EXHAUSTED_PRIMALITY_UNASSIGNED,514,9595,9595
SLCMP01-0201,201,143116229,2^143116229-1,SEARCH_INPUT,STRUCTURAL_SCREEN_EXHAUSTED_PRIMALITY_UNASSIGNED,FIRST_SINGULARITY_SHELL_EXHAUSTED_PRIMALITY_UNASSIGNED,513,9595,9595
SLCMP01-0202,202,143116277,2^143116277-1,SEARCH_INPUT,STRUCTURAL_SCREEN_EXHAUSTED_PRIMALITY_UNASSIGNED,FIRST_SINGULARITY_SHELL_EXHAUSTED_PRIMALITY_UNASSIGNED,513,9595,9595
SLCMP01-0203,203,143116297,2^143116297-1,SEARCH_INPUT,STRUCTURAL_SCREEN_EXHAUSTED_PRIMALITY_UNASSIGNED,FIRST_SINGULARITY_SHELL_EXHAUSTED_PRIMALITY_UNASSIGNED,513,9595,9595
SLCMP01-0204,204,143116403,2^143116403-1,SEARCH_INPUT,STRUCTURAL_SCREEN_EXHAUSTED_PRIMALITY_UNASSIGNED,FIRST_SINGULARITY_SHELL_EXHAUSTED_PRIMALITY_UNASSIGNED,514,9595,9595
SLCMP01-0205,205,143116439,2^143116439-1,SEARCH_INPUT,STRUCTURAL_SCREEN_EXHAUSTED_PRIMALITY_UNASSIGNED,FIRST_SINGULARITY_SHELL_EXHAUSTED_PRIMALITY_UNASSIGNED,514,9595,9595
SLCMP01-0206,206,143116451,2^143116451-1,SEARCH_INPUT,STRUCTURAL_SCREEN_EXHAUSTED_PRIMALITY_UNASSIGNED,FIRST_SINGULARITY_SHELL_EXHAUSTED_PRIMALITY_UNASSIGNED,514,9595,9595
SLCMP01-0207,207,143116657,2^143116657-1,SEARCH_INPUT,STRUCTURAL_SCREEN_EXHAUSTED_PRIMALITY_UNASSIGNED,FIRST_SINGULARITY_SHELL_EXHAUSTED_PRIMALITY_UNASSIGNED,513,9595,9595
SLCMP01-0208,208,143116679,2^143116679-1,SEARCH_INPUT,STRUCTURAL_SCREEN_EXHAUSTED_PRIMALITY_UNASSIGNED,FIRST_SINGULARITY_SHELL_EXHAUSTED_PRIMALITY_UNASSIGNED,514,9595,9595
SLCMP01-0209,209,143116733,2^143116733-1,SEARCH_INPUT,STRUCTURAL_SCREEN_EXHAUSTED_PRIMALITY_UNASSIGNED,FIRST_SINGULARITY_SHELL_EXHAUSTED_PRIMALITY_UNASSIGNED,513,9595,9595
SLCMP01-0210,210,143116867,2^143116867-1,SEARCH_INPUT,STRUCTURAL_SCREEN_EXHAUSTED_PRIMALITY_UNASSIGNED,FIRST_SINGULARITY_SHELL_EXHAUSTED_PRIMALITY_UNASSIGNED,514,9595,9595
SLCMP01-0211,211,143116933,2^143116933-1,SEARCH_INPUT,STRUCTURAL_SCREEN_EXHAUSTED_PRIMALITY_UNASSIGNED,FIRST_SINGULARITY_SHELL_EXHAUSTED_PRIMALITY_UNASSIGNED,513,9595,9595
SLCMP01-0212,212,143117077,2^143117077-1,SEARCH_INPUT,STRUCTURAL_SCREEN_EXHAUSTED_PRIMALITY_UNASSIGNED,FIRST_SINGULARITY_SHELL_EXHAUSTED_PRIMALITY_UNASSIGNED,513,9595,9595
SLCMP01-0213,213,143117083,2^143117083-1,SEARCH_INPUT,STRUCTURAL_SCREEN_EXHAUSTED_PRIMALITY_UNASSIGNED,FIRST_SINGULARITY_SHELL_EXHAUSTED_PRIMALITY_UNASSIGNED,514,9595,9595
SLCMP01-0214,214,143117113,2^143117113-1,SEARCH_INPUT,STRUCTURAL_SCREEN_EXHAUSTED_PRIMALITY_UNASSIGNED,FIRST_SINGULARITY_SHELL_EXHAUSTED_PRIMALITY_UNASSIGNED,513,9595,9595
SLCMP01-0215,215,143117129,2^143117129-1,SEARCH_INPUT,STRUCTURAL_SCREEN_EXHAUSTED_PRIMALITY_UNASSIGNED,FIRST_SINGULARITY_SHELL_EXHAUSTED_PRIMALITY_UNASSIGNED,513,9595,9595
SLCMP01-0216,216,143117179,2^143117179-1,SEARCH_INPUT,STRUCTURAL_SCREEN_EXHAUSTED_PRIMALITY_UNASSIGNED,FIRST_SINGULARITY_SHELL_EXHAUSTED_PRIMALITY_UNASSIGNED,514,9595,9595
SLCMP01-0217,217,143117197,2^143117197-1,SEARCH_INPUT,STRUCTURAL_SCREEN_EXHAUSTED_PRIMALITY_UNASSIGNED,FIRST_SINGULARITY_SHELL_EXHAUSTED_PRIMALITY_UNASSIGNED,513,9595,9595
SLCMP01-0218,218,143117279,2^143117279-1,SEARCH_INPUT,STRUCTURAL_SCREEN_EXHAUSTED_PRIMALITY_UNASSIGNED,FIRST_SINGULARITY_SHELL_EXHAUSTED_PRIMALITY_UNASSIGNED,514,9595,9595
SLCMP01-0219,219,143117311,2^143117311-1,SEARCH_INPUT,STRUCTURAL_SCREEN_EXHAUSTED_PRIMALITY_UNASSIGNED,FIRST_SINGULARITY_SHELL_EXHAUSTED_PRIMALITY_UNASSIGNED,514,9595,9595
SLCMP01-0220,220,143117323,2^143117323-1,SEARCH_INPUT,STRUCTURAL_SCREEN_EXHAUSTED_PRIMALITY_UNASSIGNED,FIRST_SINGULARITY_SHELL_EXHAUSTED_PRIMALITY_UNASSIGNED,514,9595,9595
SLCMP01-0221,221,143117353,2^143117353-1,SEARCH_INPUT,STRUCTURAL_SCREEN_EXHAUSTED_PRIMALITY_UNASSIGNED,FIRST_SINGULARITY_SHELL_EXHAUSTED_PRIMALITY_UNASSIGNED,513,9595,9595
SLCMP01-0222,222,143117563,2^143117563-1,SEARCH_INPUT,STRUCTURAL_SCREEN_EXHAUSTED_PRIMALITY_UNASSIGNED,FIRST_SINGULARITY_SHELL_EXHAUSTED_PRIMALITY_UNASSIGNED,514,9595,9595
SLCMP01-0223,223,143117599,2^143117599-1,SEARCH_INPUT,STRUCTURAL_SCREEN_EXHAUSTED_PRIMALITY_UNASSIGNED,FIRST_SINGULARITY_SHELL_EXHAUSTED_PRIMALITY_UNASSIGNED,514,9595,9595
SLCMP01-0224,224,143117659,2^143117659-1,SEARCH_INPUT,STRUCTURAL_SCREEN_EXHAUSTED_PRIMALITY_UNASSIGNED,FIRST_SINGULARITY_SHELL_EXHAUSTED_PRIMALITY_UNASSIGNED,514,9595,9595
SLCMP01-0225,225,143117683,2^143117683-1,SEARCH_INPUT,STRUCTURAL_SCREEN_EXHAUSTED_PRIMALITY_UNASSIGNED,FIRST_SINGULARITY_SHELL_EXHAUSTED_PRIMALITY_UNASSIGNED,514,9595,9595
SLCMP01-0226,226,143117693,2^143117693-1,SEARCH_INPUT,STRUCTURAL_SCREEN_EXHAUSTED_PRIMALITY_UNASSIGNED,FIRST_SINGULARITY_SHELL_EXHAUSTED_PRIMALITY_UNASSIGNED,513,9595,9595
SLCMP01-0227,227,143117827,2^143117827-1,SEARCH_INPUT,STRUCTURAL_SCREEN_EXHAUSTED_PRIMALITY_UNASSIGNED,FIRST_SINGULARITY_SHELL_EXHAUSTED_PRIMALITY_UNASSIGNED,514,9595,9595
SLCMP01-0228,228,143117959,2^143117959-1,SEARCH_INPUT,STRUCTURAL_SCREEN_EXHAUSTED_PRIMALITY_UNASSIGNED,FIRST_SINGULARITY_SHELL_EXHAUSTED_PRIMALITY_UNASSIGNED,514,9595,9595
SLCMP01-0229,229,143118007,2^143118007-1,SEARCH_INPUT,STRUCTURAL_SCREEN_EXHAUSTED_PRIMALITY_UNASSIGNED,FIRST_SINGULARITY_SHELL_EXHAUSTED_PRIMALITY_UNASSIGNED,514,9595,9595
SLCMP01-0230,230,143118043,2^143118043-1,SEARCH_INPUT,STRUCTURAL_SCREEN_EXHAUSTED_PRIMALITY_UNASSIGNED,FIRST_SINGULARITY_SHELL_EXHAUSTED_PRIMALITY_UNASSIGNED,514,9595,9595
SLCMP01-0231,231,143118133,2^143118133-1,SEARCH_INPUT,STRUCTURAL_SCREEN_EXHAUSTED_PRIMALITY_UNASSIGNED,FIRST_SINGULARITY_SHELL_EXHAUSTED_PRIMALITY_UNASSIGNED,513,9595,9595
SLCMP01-0232,232,143118137,2^143118137-1,SEARCH_INPUT,STRUCTURAL_SCREEN_EXHAUSTED_PRIMALITY_UNASSIGNED,FIRST_SINGULARITY_SHELL_EXHAUSTED_PRIMALITY_UNASSIGNED,513,9595,9595
SLCMP01-0233,233,143118323,2^143118323-1,SEARCH_INPUT,STRUCTURAL_SCREEN_EXHAUSTED_PRIMALITY_UNASSIGNED,FIRST_SINGULARITY_SHELL_EXHAUSTED_PRIMALITY_UNASSIGNED,514,9595,9595
SLCMP01-0234,234,143118343,2^143118343-1,SEARCH_INPUT,STRUCTURAL_SCREEN_EXHAUSTED_PRIMALITY_UNASSIGNED,FIRST_SINGULARITY_SHELL_EXHAUSTED_PRIMALITY_UNASSIGNED,514,9595,9595
SLCMP01-0235,235,143118433,2^143118433-1,SEARCH_INPUT,STRUCTURAL_SCREEN_EXHAUSTED_PRIMALITY_UNASSIGNED,FIRST_SINGULARITY_SHELL_EXHAUSTED_PRIMALITY_UNASSIGNED,513,9595,9595
SLCMP01-0236,236,143118559,2^143118559-1,SEARCH_INPUT,STRUCTURAL_SCREEN_EXHAUSTED_PRIMALITY_UNASSIGNED,FIRST_SINGULARITY_SHELL_EXHAUSTED_PRIMALITY_UNASSIGNED,514,9595,9595
SLCMP01-0237,237,143118589,2^143118589-1,SEARCH_INPUT,STRUCTURAL_SCREEN_EXHAUSTED_PRIMALITY_UNASSIGNED,FIRST_SINGULARITY_SHELL_EXHAUSTED_PRIMALITY_UNASSIGNED,513,9595,9595
SLCMP01-0238,238,143118707,2^143118707-1,SEARCH_INPUT,STRUCTURAL_SCREEN_EXHAUSTED_PRIMALITY_UNASSIGNED,FIRST_SINGULARITY_SHELL_EXHAUSTED_PRIMALITY_UNASSIGNED,514,9595,9595
SLCMP01-0239,239,143118769,2^143118769-1,SEARCH_INPUT,STRUCTURAL_SCREEN_EXHAUSTED_PRIMALITY_UNASSIGNED,FIRST_SINGULARITY_SHELL_EXHAUSTED_PRIMALITY_UNASSIGNED,513,9595,9595
SLCMP01-0240,240,143118791,2^143118791-1,SEARCH_INPUT,STRUCTURAL_SCREEN_EXHAUSTED_PRIMALITY_UNASSIGNED,FIRST_SINGULARITY_SHELL_EXHAUSTED_PRIMALITY_UNASSIGNED,514,9595,9595
SLCMP01-0241,241,143118881,2^143118881-1,SEARCH_INPUT,STRUCTURAL_SCREEN_EXHAUSTED_PRIMALITY_UNASSIGNED,FIRST_SINGULARITY_SHELL_EXHAUSTED_PRIMALITY_UNASSIGNED,513,9595,9595
SLCMP01-0242,242,143118977,2^143118977-1,SEARCH_INPUT,STRUCTURAL_SCREEN_EXHAUSTED_PRIMALITY_UNASSIGNED,FIRST_SINGULARITY_SHELL_EXHAUSTED_PRIMALITY_UNASSIGNED,513,9595,9595
SLCMP01-0243,243,143119021,2^143119021-1,SEARCH_INPUT,STRUCTURAL_SCREEN_EXHAUSTED_PRIMALITY_UNASSIGNED,FIRST_SINGULARITY_SHELL_EXHAUSTED_PRIMALITY_UNASSIGNED,513,9595,9595
SLCMP01-0244,244,143119337,2^143119337-1,SEARCH_INPUT,STRUCTURAL_SCREEN_EXHAUSTED_PRIMALITY_UNASSIGNED,FIRST_SINGULARITY_SHELL_EXHAUSTED_PRIMALITY_UNASSIGNED,513,9595,9595
SLCMP01-0245,245,143119423,2^143119423-1,SEARCH_INPUT,STRUCTURAL_SCREEN_EXHAUSTED_PRIMALITY_UNASSIGNED,FIRST_SINGULARITY_SHELL_EXHAUSTED_PRIMALITY_UNASSIGNED,514,9595,9595
SLCMP01-0246,246,143119469,2^143119469-1,SEARCH_INPUT,STRUCTURAL_SCREEN_EXHAUSTED_PRIMALITY_UNASSIGNED,FIRST_SINGULARITY_SHELL_EXHAUSTED_PRIMALITY_UNASSIGNED,513,9595,9595
SLCMP01-0247,247,143119661,2^143119661-1,SEARCH_INPUT,STRUCTURAL_SCREEN_EXHAUSTED_PRIMALITY_UNASSIGNED,FIRST_SINGULARITY_SHELL_EXHAUSTED_PRIMALITY_UNASSIGNED,513,9595,9595
SLCMP01-0248,248,143119673,2^143119673-1,SEARCH_INPUT,STRUCTURAL_SCREEN_EXHAUSTED_PRIMALITY_UNASSIGNED,FIRST_SINGULARITY_SHELL_EXHAUSTED_PRIMALITY_UNASSIGNED,513,9595,9595
SLCMP01-0249,249,143119699,2^143119699-1,SEARCH_INPUT,STRUCTURAL_SCREEN_EXHAUSTED_PRIMALITY_UNASSIGNED,FIRST_SINGULARITY_SHELL_EXHAUSTED_PRIMALITY_UNASSIGNED,514,9595,9595
SLCMP01-0250,250,143119709,2^143119709-1,SEARCH_INPUT,STRUCTURAL_SCREEN_EXHAUSTED_PRIMALITY_UNASSIGNED,FIRST_SINGULARITY_SHELL_EXHAUSTED_PRIMALITY_UNASSIGNED,513,9595,9595
SLCMP01-0251,251,143119721,2^143119721-1,SEARCH_INPUT,STRUCTURAL_SCREEN_EXHAUSTED_PRIMALITY_UNASSIGNED,FIRST_SINGULARITY_SHELL_EXHAUSTED_PRIMALITY_UNASSIGNED,513,9595,9595
SLCMP01-0252,252,143119751,2^143119751-1,SEARCH_INPUT,STRUCTURAL_SCREEN_EXHAUSTED_PRIMALITY_UNASSIGNED,FIRST_SINGULARITY_SHELL_EXHAUSTED_PRIMALITY_UNASSIGNED,514,9595,9595
SLCMP01-0253,253,143119819,2^143119819-1,SEARCH_INPUT,STRUCTURAL_SCREEN_EXHAUSTED_PRIMALITY_UNASSIGNED,FIRST_SINGULARITY_SHELL_EXHAUSTED_PRIMALITY_UNASSIGNED,514,9595,9595
SLCMP01-0254,254,143119903,2^143119903-1,SEARCH_INPUT,STRUCTURAL_SCREEN_EXHAUSTED_PRIMALITY_UNASSIGNED,FIRST_SINGULARITY_SHELL_EXHAUSTED_PRIMALITY_UNASSIGNED,514,9595,9595
SLCMP01-0255,255,143119979,2^143119979-1,SEARCH_INPUT,STRUCTURAL_SCREEN_EXHAUSTED_PRIMALITY_UNASSIGNED,FIRST_SINGULARITY_SHELL_EXHAUSTED_PRIMALITY_UNASSIGNED,514,9595,9595
SLCMP01-0256,256,143120057,2^143120057-1,SEARCH_INPUT,STRUCTURAL_SCREEN_EXHAUSTED_PRIMALITY_UNASSIGNED,FIRST_SINGULARITY_SHELL_EXHAUSTED_PRIMALITY_UNASSIGNED,513,9595,9595
SLCMP01-0257,257,143120063,2^143120063-1,SEARCH_INPUT,STRUCTURAL_SCREEN_EXHAUSTED_PRIMALITY_UNASSIGNED,FIRST_SINGULARITY_SHELL_EXHAUSTED_PRIMALITY_UNASSIGNED,514,9595,9595
SLCMP01-0258,258,143120071,2^143120071-1,SEARCH_INPUT,STRUCTURAL_SCREEN_EXHAUSTED_PRIMALITY_UNASSIGNED,FIRST_SINGULARITY_SHELL_EXHAUSTED_PRIMALITY_UNASSIGNED,514,9595,9595
SLCMP01-0259,259,143120119,2^143120119-1,SEARCH_INPUT,STRUCTURAL_SCREEN_EXHAUSTED_PRIMALITY_UNASSIGNED,FIRST_SINGULARITY_SHELL_EXHAUSTED_PRIMALITY_UNASSIGNED,514,9595,9595
SLCMP01-0260,260,143120291,2^143120291-1,SEARCH_INPUT,STRUCTURAL_SCREEN_EXHAUSTED_PRIMALITY_UNASSIGNED,FIRST_SINGULARITY_SHELL_EXHAUSTED_PRIMALITY_UNASSIGNED,514,9595,9595
SLCMP01-0261,261,143120353,2^143120353-1,SEARCH_INPUT,STRUCTURAL_SCREEN_EXHAUSTED_PRIMALITY_UNASSIGNED,FIRST_SINGULARITY_SHELL_EXHAUSTED_PRIMALITY_UNASSIGNED,513,9595,9595
SLCMP01-0262,262,143120543,2^143120543-1,SEARCH_INPUT,STRUCTURAL_SCREEN_EXHAUSTED_PRIMALITY_UNASSIGNED,FIRST_SINGULARITY_SHELL_EXHAUSTED_PRIMALITY_UNASSIGNED,514,9595,9595
SLCMP01-0263,263,143120563,2^143120563-1,SEARCH_INPUT,STRUCTURAL_SCREEN_EXHAUSTED_PRIMALITY_UNASSIGNED,FIRST_SINGULARITY_SHELL_EXHAUSTED_PRIMALITY_UNASSIGNED,514,9595,9595
SLCMP01-0264,264,143120573,2^143120573-1,SEARCH_INPUT,STRUCTURAL_SCREEN_EXHAUSTED_PRIMALITY_UNASSIGNED,FIRST_SINGULARITY_SHELL_EXHAUSTED_PRIMALITY_UNASSIGNED,513,9595,9595
SLCMP01-0265,265,143120581,2^143120581-1,SEARCH_INPUT,STRUCTURAL_SCREEN_EXHAUSTED_PRIMALITY_UNASSIGNED,FIRST_SINGULARITY_SHELL_EXHAUSTED_PRIMALITY_UNASSIGNED,513,9595,9595
SLCMP01-0266,266,143120591,2^143120591-1,SEARCH_INPUT,STRUCTURAL_SCREEN_EXHAUSTED_PRIMALITY_UNASSIGNED,FIRST_SINGULARITY_SHELL_EXHAUSTED_PRIMALITY_UNASSIGNED,514,9595,9595
SLCMP01-0267,267,143120779,2^143120779-1,SEARCH_INPUT,STRUCTURAL_SCREEN_EXHAUSTED_PRIMALITY_UNASSIGNED,FIRST_SINGULARITY_SHELL_EXHAUSTED_PRIMALITY_UNASSIGNED,514,9595,9595
SLCMP01-0268,268,143121007,2^143121007-1,SEARCH_INPUT,STRUCTURAL_SCREEN_EXHAUSTED_PRIMALITY_UNASSIGNED,FIRST_SINGULARITY_SHELL_EXHAUSTED_PRIMALITY_UNASSIGNED,514,9595,9595
SLCMP01-0269,269,143121059,2^143121059-1,SEARCH_INPUT,STRUCTURAL_SCREEN_EXHAUSTED_PRIMALITY_UNASSIGNED,FIRST_SINGULARITY_SHELL_EXHAUSTED_PRIMALITY_UNASSIGNED,514,9595,9595
SLCMP01-0270,270,143121259,2^143121259-1,SEARCH_INPUT,STRUCTURAL_SCREEN_EXHAUSTED_PRIMALITY_UNASSIGNED,FIRST_SINGULARITY_SHELL_EXHAUSTED_PRIMALITY_UNASSIGNED,514,9595,9595
SLCMP01-0271,271,143121263,2^143121263-1,SEARCH_INPUT,STRUCTURAL_SCREEN_EXHAUSTED_PRIMALITY_UNASSIGNED,FIRST_SINGULARITY_SHELL_EXHAUSTED_PRIMALITY_UNASSIGNED,514,9595,9595
SLCMP01-0272,272,143121271,2^143121271-1,SEARCH_INPUT,STRUCTURAL_SCREEN_EXHAUSTED_PRIMALITY_UNASSIGNED,FIRST_SINGULARITY_SHELL_EXHAUSTED_PRIMALITY_UNASSIGNED,514,9595,9595
SLCMP01-0273,273,143121287,2^143121287-1,SEARCH_INPUT,STRUCTURAL_SCREEN_EXHAUSTED_PRIMALITY_UNASSIGNED,FIRST_SINGULARITY_SHELL_EXHAUSTED_PRIMALITY_UNASSIGNED,514,9595,9595
SLCMP01-0274,274,143121337,2^143121337-1,SEARCH_INPUT,STRUCTURAL_SCREEN_EXHAUSTED_PRIMALITY_UNASSIGNED,FIRST_SINGULARITY_SHELL_EXHAUSTED_PRIMALITY_UNASSIGNED,513,9595,9595
SLCMP01-0275,275,143121347,2^143121347-1,SEARCH_INPUT,STRUCTURAL_SCREEN_EXHAUSTED_PRIMALITY_UNASSIGNED,FIRST_SINGULARITY_SHELL_EXHAUSTED_PRIMALITY_UNASSIGNED,514,9595,9595
SLCMP01-0276,276,143121373,2^143121373-1,SEARCH_INPUT,STRUCTURAL_SCREEN_EXHAUSTED_PRIMALITY_UNASSIGNED,FIRST_SINGULARITY_SHELL_EXHAUSTED_PRIMALITY_UNASSIGNED,513,9595,9595
SLCMP01-0277,277,143121427,2^143121427-1,SEARCH_INPUT,STRUCTURAL_SCREEN_EXHAUSTED_PRIMALITY_UNASSIGNED,FIRST_SINGULARITY_SHELL_EXHAUSTED_PRIMALITY_UNASSIGNED,514,9595,9595
SLCMP01-0278,278,143121481,2^143121481-1,SEARCH_INPUT,STRUCTURAL_SCREEN_EXHAUSTED_PRIMALITY_UNASSIGNED,FIRST_SINGULARITY_SHELL_EXHAUSTED_PRIMALITY_UNASSIGNED,513,9595,9595
SLCMP01-0279,279,143121499,2^143121499-1,SEARCH_INPUT,STRUCTURAL_SCREEN_EXHAUSTED_PRIMALITY_UNASSIGNED,FIRST_SINGULARITY_SHELL_EXHAUSTED_PRIMALITY_UNASSIGNED,514,9595,9595
SLCMP01-0280,280,143121613,2^143121613-1,SEARCH_INPUT,STRUCTURAL_SCREEN_EXHAUSTED_PRIMALITY_UNASSIGNED,FIRST_SINGULARITY_SHELL_EXHAUSTED_PRIMALITY_UNASSIGNED,513,9595,9595
SLCMP01-0281,281,143121679,2^143121679-1,SEARCH_INPUT,STRUCTURAL_SCREEN_EXHAUSTED_PRIMALITY_UNASSIGNED,FIRST_SINGULARITY_SHELL_EXHAUSTED_PRIMALITY_UNASSIGNED,514,9595,9595
SLCMP01-0282,282,143121731,2^143121731-1,SEARCH_INPUT,STRUCTURAL_SCREEN_EXHAUSTED_PRIMALITY_UNASSIGNED,FIRST_SINGULARITY_SHELL_EXHAUSTED_PRIMALITY_UNASSIGNED,514,9595,9595
SLCMP01-0283,283,143121749,2^143121749-1,SEARCH_INPUT,STRUCTURAL_SCREEN_EXHAUSTED_PRIMALITY_UNASSIGNED,FIRST_SINGULARITY_SHELL_EXHAUSTED_PRIMALITY_UNASSIGNED,513,9595,9595
SLCMP01-0284,284,143121791,2^143121791-1,SEARCH_INPUT,STRUCTURAL_SCREEN_EXHAUSTED_PRIMALITY_UNASSIGNED,FIRST_SINGULARITY_SHELL_EXHAUSTED_PRIMALITY_UNASSIGNED,514,9595,9595
SLCMP01-0285,285,143121833,2^143121833-1,SEARCH_INPUT,STRUCTURAL_SCREEN_EXHAUSTED_PRIMALITY_UNASSIGNED,FIRST_SINGULARITY_SHELL_EXHAUSTED_PRIMALITY_UNASSIGNED,513,9595,9595
SLCMP01-0286,286,143121977,2^143121977-1,SEARCH_INPUT,STRUCTURAL_SCREEN_EXHAUSTED_PRIMALITY_UNASSIGNED,FIRST_SINGULARITY_SHELL_EXHAUSTED_PRIMALITY_UNASSIGNED,513,9595,9595
SLCMP01-0287,287,143122249,2^143122249-1,SEARCH_INPUT,STRUCTURAL_SCREEN_EXHAUSTED_PRIMALITY_UNASSIGNED,FIRST_SINGULARITY_SHELL_EXHAUSTED_PRIMALITY_UNASSIGNED,513,9595,9595
SLCMP01-0288,288,143122321,2^143122321-1,SEARCH_INPUT,STRUCTURAL_SCREEN_EXHAUSTED_PRIMALITY_UNASSIGNED,FIRST_SINGULARITY_SHELL_EXHAUSTED_PRIMALITY_UNASSIGNED,513,9595,9595
SLCMP01-0289,289,143122339,2^143122339-1,SEARCH_INPUT,STRUCTURAL_SCREEN_EXHAUSTED_PRIMALITY_UNASSIGNED,FIRST_SINGULARITY_SHELL_EXHAUSTED_PRIMALITY_UNASSIGNED,514,9595,9595
SLCMP01-0290,290,143122363,2^143122363-1,SEARCH_INPUT,STRUCTURAL_SCREEN_EXHAUSTED_PRIMALITY_UNASSIGNED,FIRST_SINGULARITY_SHELL_EXHAUSTED_PRIMALITY_UNASSIGNED,514,9595,9595
SLCMP01-0291,291,143122471,2^143122471-1,SEARCH_INPUT,STRUCTURAL_SCREEN_EXHAUSTED_PRIMALITY_UNASSIGNED,FIRST_SINGULARITY_SHELL_EXHAUSTED_PRIMALITY_UNASSIGNED,514,9595,9595
SLCMP01-0292,292,143122607,2^143122607-1,SEARCH_INPUT,STRUCTURAL_SCREEN_EXHAUSTED_PRIMALITY_UNASSIGNED,FIRST_SINGULARITY_SHELL_EXHAUSTED_PRIMALITY_UNASSIGNED,514,9595,9595
SLCMP01-0293,293,143122699,2^143122699-1,SEARCH_INPUT,STRUCTURAL_SCREEN_EXHAUSTED_PRIMALITY_UNASSIGNED,FIRST_SINGULARITY_SHELL_EXHAUSTED_PRIMALITY_UNASSIGNED,514,9595,9595
SLCMP01-0294,294,143122703,2^143122703-1,SEARCH_INPUT,STRUCTURAL_SCREEN_EXHAUSTED_PRIMALITY_UNASSIGNED,FIRST_SINGULARITY_SHELL_EXHAUSTED_PRIMALITY_UNASSIGNED,514,9595,9595
SLCMP01-0295,295,143122807,2^143122807-1,SEARCH_INPUT,STRUCTURAL_SCREEN_EXHAUSTED_PRIMALITY_UNASSIGNED,FIRST_SINGULARITY_SHELL_EXHAUSTED_PRIMALITY_UNASSIGNED,514,9595,9595
SLCMP01-0296,296,143122901,2^143122901-1,SEARCH_INPUT,STRUCTURAL_SCREEN_EXHAUSTED_PRIMALITY_UNASSIGNED,FIRST_SINGULARITY_SHELL_EXHAUSTED_PRIMALITY_UNASSIGNED,513,9595,9595
SLCMP01-0297,297,143122909,2^143122909-1,SEARCH_INPUT,STRUCTURAL_SCREEN_EXHAUSTED_PRIMALITY_UNASSIGNED,FIRST_SINGULARITY_SHELL_EXHAUSTED_PRIMALITY_UNASSIGNED,513,9595,9595
SLCMP01-0298,298,143122933,2^143122933-1,SEARCH_INPUT,STRUCTURAL_SCREEN_EXHAUSTED_PRIMALITY_UNASSIGNED,FIRST_SINGULARITY_SHELL_EXHAUSTED_PRIMALITY_UNASSIGNED,513,9595,9595
SLCMP01-0299,299,143123059,2^143123059-1,SEARCH_INPUT,STRUCTURAL_SCREEN_EXHAUSTED_PRIMALITY_UNASSIGNED,FIRST_SINGULARITY_SHELL_EXHAUSTED_PRIMALITY_UNASSIGNED,514,9595,9595
SLCMP01-0300,300,143123069,2^143123069-1,SEARCH_INPUT,STRUCTURAL_SCREEN_EXHAUSTED_PRIMALITY_UNASSIGNED,FIRST_SINGULARITY_SHELL_EXHAUSTED_PRIMALITY_UNASSIGNED,513,9595,9595
SLCMP01-0301,301,143123107,2^143123107-1,SEARCH_INPUT,STRUCTURAL_SCREEN_EXHAUSTED_PRIMALITY_UNASSIGNED,FIRST_SINGULARITY_SHELL_EXHAUSTED_PRIMALITY_UNASSIGNED,514,9595,9595
SLCMP01-0302,302,143123191,2^143123191-1,SEARCH_INPUT,STRUCTURAL_SCREEN_EXHAUSTED_PRIMALITY_UNASSIGNED,FIRST_SINGULARITY_SHELL_EXHAUSTED_PRIMALITY_UNASSIGNED,514,9595,9595
SLCMP01-0303,303,143123317,2^143123317-1,SEARCH_INPUT,STRUCTURAL_SCREEN_EXHAUSTED_PRIMALITY_UNASSIGNED,FIRST_SINGULARITY_SHELL_EXHAUSTED_PRIMALITY_UNASSIGNED,513,9595,9595
SLCMP01-0304,304,143123353,2^143123353-1,SEARCH_INPUT,STRUCTURAL_SCREEN_EXHAUSTED_PRIMALITY_UNASSIGNED,FIRST_SINGULARITY_SHELL_EXHAUSTED_PRIMALITY_UNASSIGNED,513,9595,9595
SLCMP01-0305,305,143123399,2^143123399-1,SEARCH_INPUT,STRUCTURAL_SCREEN_EXHAUSTED_PRIMALITY_UNASSIGNED,FIRST_SINGULARITY_SHELL_EXHAUSTED_PRIMALITY_UNASSIGNED,514,9595,9595
SLCMP01-0306,306,143123417,2^143123417-1,SEARCH_INPUT,STRUCTURAL_SCREEN_EXHAUSTED_PRIMALITY_UNASSIGNED,FIRST_SINGULARITY_SHELL_EXHAUSTED_PRIMALITY_UNASSIGNED,513,9595,9595
SLCMP01-0307,307,143123471,2^143123471-1,SEARCH_INPUT,STRUCTURAL_SCREEN_EXHAUSTED_PRIMALITY_UNASSIGNED,FIRST_SINGULARITY_SHELL_EXHAUSTED_PRIMALITY_UNASSIGNED,514,9595,9595
SLCMP01-0308,308,143124013,2^143124013-1,SEARCH_INPUT,STRUCTURAL_SCREEN_EXHAUSTED_PRIMALITY_UNASSIGNED,FIRST_SINGULARITY_SHELL_EXHAUSTED_PRIMALITY_UNASSIGNED,513,9595,9595
SLCMP01-0309,309,143124119,2^143124119-1,SEARCH_INPUT,STRUCTURAL_SCREEN_EXHAUSTED_PRIMALITY_UNASSIGNED,FIRST_SINGULARITY_SHELL_EXHAUSTED_PRIMALITY_UNASSIGNED,514,9595,9595
SLCMP01-0310,310,143124589,2^143124589-1,SEARCH_INPUT,STRUCTURAL_SCREEN_EXHAUSTED_PRIMALITY_UNASSIGNED,FIRST_SINGULARITY_SHELL_EXHAUSTED_PRIMALITY_UNASSIGNED,513,9595,9595
SLCMP01-0311,311,143125379,2^143125379-1,SEARCH_INPUT,STRUCTURAL_SCREEN_EXHAUSTED_PRIMALITY_UNASSIGNED,FIRST_SINGULARITY_SHELL_EXHAUSTED_PRIMALITY_UNASSIGNED,514,9595,9595
SLCMP01-0312,312,143125483,2^143125483-1,SEARCH_INPUT,STRUCTURAL_SCREEN_EXHAUSTED_PRIMALITY_UNASSIGNED,FIRST_SINGULARITY_SHELL_EXHAUSTED_PRIMALITY_UNASSIGNED,514,9595,9595
SLCMP01-0313,313,143125487,2^143125487-1,SEARCH_INPUT,STRUCTURAL_SCREEN_EXHAUSTED_PRIMALITY_UNASSIGNED,FIRST_SINGULARITY_SHELL_EXHAUSTED_PRIMALITY_UNASSIGNED,514,9595,9595
SLCMP01-0314,314,143125579,2^143125579-1,SEARCH_INPUT,STRUCTURAL_SCREEN_EXHAUSTED_PRIMALITY_UNASSIGNED,FIRST_SINGULARITY_SHELL_EXHAUSTED_PRIMALITY_UNASSIGNED,514,9595,9595
SLCMP01-0315,315,143125747,2^143125747-1,SEARCH_INPUT,STRUCTURAL_SCREEN_EXHAUSTED_PRIMALITY_UNASSIGNED,FIRST_SINGULARITY_SHELL_EXHAUSTED_PRIMALITY_UNASSIGNED,514,9595,9595
SLCMP01-0316,316,143125967,2^143125967-1,SEARCH_INPUT,STRUCTURAL_SCREEN_EXHAUSTED_PRIMALITY_UNASSIGNED,FIRST_SINGULARITY_SHELL_EXHAUSTED_PRIMALITY_UNASSIGNED,514,9595,9595
SLCMP01-0317,317,143125999,2^143125999-1,SEARCH_INPUT,STRUCTURAL_SCREEN_EXHAUSTED_PRIMALITY_UNASSIGNED,FIRST_SINGULARITY_SHELL_EXHAUSTED_PRIMALITY_UNASSIGNED,514,9595,9595
SLCMP01-0318,318,143126189,2^143126189-1,SEARCH_INPUT,STRUCTURAL_SCREEN_EXHAUSTED_PRIMALITY_UNASSIGNED,FIRST_SINGULARITY_SHELL_EXHAUSTED_PRIMALITY_UNASSIGNED,513,9595,9595
SLCMP01-0319,319,143126201,2^143126201-1,SEARCH_INPUT,STRUCTURAL_SCREEN_EXHAUSTED_PRIMALITY_UNASSIGNED,FIRST_SINGULARITY_SHELL_EXHAUSTED_PRIMALITY_UNASSIGNED,513,9595,9595
SLCMP01-0320,320,143126549,2^143126549-1,SEARCH_INPUT,STRUCTURAL_SCREEN_EXHAUSTED_PRIMALITY_UNASSIGNED,FIRST_SINGULARITY_SHELL_EXHAUSTED_PRIMALITY_UNASSIGNED,513,9595,9595
SLCMP01-0321,321,143126573,2^143126573-1,SEARCH_INPUT,STRUCTURAL_SCREEN_EXHAUSTED_PRIMALITY_UNASSIGNED,FIRST_SINGULARITY_SHELL_EXHAUSTED_PRIMALITY_UNASSIGNED,513,9595,9595
SLCMP01-0322,322,143126741,2^143126741-1,SEARCH_INPUT,STRUCTURAL_SCREEN_EXHAUSTED_PRIMALITY_UNASSIGNED,FIRST_SINGULARITY_SHELL_EXHAUSTED_PRIMALITY_UNASSIGNED,513,9595,9595
SLCMP01-0323,323,143126779,2^143126779-1,SEARCH_INPUT,STRUCTURAL_SCREEN_EXHAUSTED_PRIMALITY_UNASSIGNED,FIRST_SINGULARITY_SHELL_EXHAUSTED_PRIMALITY_UNASSIGNED,514,9595,9595
SLCMP01-0324,324,143126869,2^143126869-1,SEARCH_INPUT,STRUCTURAL_SCREEN_EXHAUSTED_PRIMALITY_UNASSIGNED,FIRST_SINGULARITY_SHELL_EXHAUSTED_PRIMALITY_UNASSIGNED,513,9595,9595
SLCMP01-0325,325,143126887,2^143126887-1,SEARCH_INPUT,STRUCTURAL_SCREEN_EXHAUSTED_PRIMALITY_UNASSIGNED,FIRST_SINGULARITY_SHELL_EXHAUSTED_PRIMALITY_UNASSIGNED,514,9595,9595
SLCMP01-0326,326,143127013,2^143127013-1,SEARCH_INPUT,STRUCTURAL_SCREEN_EXHAUSTED_PRIMALITY_UNASSIGNED,FIRST_SINGULARITY_SHELL_EXHAUSTED_PRIMALITY_UNASSIGNED,513,9595,9595
SLCMP01-0327,327,143127329,2^143127329-1,SEARCH_INPUT,STRUCTURAL_SCREEN_EXHAUSTED_PRIMALITY_UNASSIGNED,FIRST_SINGULARITY_SHELL_EXHAUSTED_PRIMALITY_UNASSIGNED,513,9595,9595
SLCMP01-0328,328,143127331,2^143127331-1,SEARCH_INPUT,STRUCTURAL_SCREEN_EXHAUSTED_PRIMALITY_UNASSIGNED,FIRST_SINGULARITY_SHELL_EXHAUSTED_PRIMALITY_UNASSIGNED,514,9595,9595
SLCMP01-0329,329,143127337,2^143127337-1,SEARCH_INPUT,STRUCTURAL_SCREEN_EXHAUSTED_PRIMALITY_UNASSIGNED,FIRST_SINGULARITY_SHELL_EXHAUSTED_PRIMALITY_UNASSIGNED,513,9595,9595
SLCMP01-0330,330,143127371,2^143127371-1,SEARCH_INPUT,STRUCTURAL_SCREEN_EXHAUSTED_PRIMALITY_UNASSIGNED,FIRST_SINGULARITY_SHELL_EXHAUSTED_PRIMALITY_UNASSIGNED,514,9595,9595
SLCMP01-0331,331,143127407,2^143127407-1,SEARCH_INPUT,STRUCTURAL_SCREEN_EXHAUSTED_PRIMALITY_UNASSIGNED,FIRST_SINGULARITY_SHELL_EXHAUSTED_PRIMALITY_UNASSIGNED,514,9595,9595
SLCMP01-0332,332,143127511,2^143127511-1,SEARCH_INPUT,STRUCTURAL_SCREEN_EXHAUSTED_PRIMALITY_UNASSIGNED,FIRST_SINGULARITY_SHELL_EXHAUSTED_PRIMALITY_UNASSIGNED,514,9595,9595
SLCMP01-0333,333,143127601,2^143127601-1,SEARCH_INPUT,STRUCTURAL_SCREEN_EXHAUSTED_PRIMALITY_UNASSIGNED,FIRST_SINGULARITY_SHELL_EXHAUSTED_PRIMALITY_UNASSIGNED,513,9595,9595
SLCMP01-0334,334,143127661,2^143127661-1,SEARCH_INPUT,STRUCTURAL_SCREEN_EXHAUSTED_PRIMALITY_UNASSIGNED,FIRST_SINGULARITY_SHELL_EXHAUSTED_PRIMALITY_UNASSIGNED,513,9595,9595
SLCMP01-0335,335,143127769,2^143127769-1,SEARCH_INPUT,STRUCTURAL_SCREEN_EXHAUSTED_PRIMALITY_UNASSIGNED,FIRST_SINGULARITY_SHELL_EXHAUSTED_PRIMALITY_UNASSIGNED,513,9595,9595
SLCMP01-0336,336,143127889,2^143127889-1,SEARCH_INPUT,STRUCTURAL_SCREEN_EXHAUSTED_PRIMALITY_UNASSIGNED,FIRST_SINGULARITY_SHELL_EXHAUSTED_PRIMALITY_UNASSIGNED,513,9595,9595
SLCMP01-0337,337,143127989,2^143127989-1,SEARCH_INPUT,STRUCTURAL_SCREEN_EXHAUSTED_PRIMALITY_UNASSIGNED,FIRST_SINGULARITY_SHELL_EXHAUSTED_PRIMALITY_UNASSIGNED,513,9595,9595
SLCMP01-0338,338,143128061,2^143128061-1,SEARCH_INPUT,STRUCTURAL_SCREEN_EXHAUSTED_PRIMALITY_UNASSIGNED,FIRST_SINGULARITY_SHELL_EXHAUSTED_PRIMALITY_UNASSIGNED,513,9595,9595
SLCMP01-0339,339,143128129,2^143128129-1,SEARCH_INPUT,STRUCTURAL_SCREEN_EXHAUSTED_PRIMALITY_UNASSIGNED,FIRST_SINGULARITY_SHELL_EXHAUSTED_PRIMALITY_UNASSIGNED,513,9595,9595
SLCMP01-0340,340,143128169,2^143128169-1,SEARCH_INPUT,STRUCTURAL_SCREEN_EXHAUSTED_PRIMALITY_UNASSIGNED,FIRST_SINGULARITY_SHELL_EXHAUSTED_PRIMALITY_UNASSIGNED,513,9595,9595
SLCMP01-0341,341,143128217,2^143128217-1,SEARCH_INPUT,STRUCTURAL_SCREEN_EXHAUSTED_PRIMALITY_UNASSIGNED,FIRST_SINGULARITY_SHELL_EXHAUSTED_PRIMALITY_UNASSIGNED,513,9595,9595
SLCMP01-0342,342,143128289,2^143128289-1,SEARCH_INPUT,STRUCTURAL_SCREEN_EXHAUSTED_PRIMALITY_UNASSIGNED,FIRST_SINGULARITY_SHELL_EXHAUSTED_PRIMALITY_UNASSIGNED,513,9595,9595
SLCMP01-0343,343,143128291,2^143128291-1,SEARCH_INPUT,STRUCTURAL_SCREEN_EXHAUSTED_PRIMALITY_UNASSIGNED,FIRST_SINGULARITY_SHELL_EXHAUSTED_PRIMALITY_UNASSIGNED,514,9595,9595
SLCMP01-0344,344,143128351,2^143128351-1,SEARCH_INPUT,STRUCTURAL_SCREEN_EXHAUSTED_PRIMALITY_UNASSIGNED,FIRST_SINGULARITY_SHELL_EXHAUSTED_PRIMALITY_UNASSIGNED,514,9595,9595
SLCMP01-0345,345,143128477,2^143128477-1,SEARCH_INPUT,STRUCTURAL_SCREEN_EXHAUSTED_PRIMALITY_UNASSIGNED,FIRST_SINGULARITY_SHELL_EXHAUSTED_PRIMALITY_UNASSIGNED,513,9595,9595
SLCMP01-0346,346,143128481,2^143128481-1,SEARCH_INPUT,STRUCTURAL_SCREEN_EXHAUSTED_PRIMALITY_UNASSIGNED,FIRST_SINGULARITY_SHELL_EXHAUSTED_PRIMALITY_UNASSIGNED,513,9595,9595
SLCMP01-0347,347,143128681,2^143128681-1,SEARCH_INPUT,STRUCTURAL_SCREEN_EXHAUSTED_PRIMALITY_UNASSIGNED,FIRST_SINGULARITY_SHELL_EXHAUSTED_PRIMALITY_UNASSIGNED,513,9595,9595
SLCMP01-0348,348,143128819,2^143128819-1,SEARCH_INPUT,STRUCTURAL_SCREEN_EXHAUSTED_PRIMALITY_UNASSIGNED,FIRST_SINGULARITY_SHELL_EXHAUSTED_PRIMALITY_UNASSIGNED,514,9595,9595
SLCMP01-0349,349,143128841,2^143128841-1,SEARCH_INPUT,STRUCTURAL_SCREEN_EXHAUSTED_PRIMALITY_UNASSIGNED,FIRST_SINGULARITY_SHELL_EXHAUSTED_PRIMALITY_UNASSIGNED,513,9595,9595
SLCMP01-0350,350,143128847,2^143128847-1,SEARCH_INPUT,STRUCTURAL_SCREEN_EXHAUSTED_PRIMALITY_UNASSIGNED,FIRST_SINGULARITY_SHELL_EXHAUSTED_PRIMALITY_UNASSIGNED,514,9595,9595
SLCMP01-0351,351,143128901,2^143128901-1,SEARCH_INPUT,STRUCTURAL_SCREEN_EXHAUSTED_PRIMALITY_UNASSIGNED,FIRST_SINGULARITY_SHELL_EXHAUSTED_PRIMALITY_UNASSIGNED,513,9595,9595
SLCMP01-0352,352,143128907,2^143128907-1,SEARCH_INPUT,STRUCTURAL_SCREEN_EXHAUSTED_PRIMALITY_UNASSIGNED,FIRST_SINGULARITY_SHELL_EXHAUSTED_PRIMALITY_UNASSIGNED,514,9595,9595
SLCMP01-0353,353,143129057,2^143129057-1,SEARCH_INPUT,STRUCTURAL_SCREEN_EXHAUSTED_PRIMALITY_UNASSIGNED,FIRST_SINGULARITY_SHELL_EXHAUSTED_PRIMALITY_UNASSIGNED,513,9595,9595
SLCMP01-0354,354,143129117,2^143129117-1,SEARCH_INPUT,STRUCTURAL_SCREEN_EXHAUSTED_PRIMALITY_UNASSIGNED,FIRST_SINGULARITY_SHELL_EXHAUSTED_PRIMALITY_UNASSIGNED,513,9595,9595
SLCMP01-0355,355,143129167,2^143129167-1,SEARCH_INPUT,STRUCTURAL_SCREEN_EXHAUSTED_PRIMALITY_UNASSIGNED,FIRST_SINGULARITY_SHELL_EXHAUSTED_PRIMALITY_UNASSIGNED,514,9595,9595
SLCMP01-0356,356,143129191,2^143129191-1,SEARCH_INPUT,STRUCTURAL_SCREEN_EXHAUSTED_PRIMALITY_UNASSIGNED,FIRST_SINGULARITY_SHELL_EXHAUSTED_PRIMALITY_UNASSIGNED,514,9595,9595
SLCMP01-0357,357,143129227,2^143129227-1,SEARCH_INPUT,STRUCTURAL_SCREEN_EXHAUSTED_PRIMALITY_UNASSIGNED,FIRST_SINGULARITY_SHELL_EXHAUSTED_PRIMALITY_UNASSIGNED,514,9595,9595
SLCMP01-0358,358,143129639,2^143129639-1,SEARCH_INPUT,STRUCTURAL_SCREEN_EXHAUSTED_PRIMALITY_UNASSIGNED,FIRST_SINGULARITY_SHELL_EXHAUSTED_PRIMALITY_UNASSIGNED,514,9595,9595
SLCMP01-0359,359,143130661,2^143130661-1,SEARCH_INPUT,STRUCTURAL_SCREEN_EXHAUSTED_PRIMALITY_UNASSIGNED,FIRST_SINGULARITY_SHELL_EXHAUSTED_PRIMALITY_UNASSIGNED,513,9595,9595
SLCMP01-0360,360,143131421,2^143131421-1,SEARCH_INPUT,STRUCTURAL_SCREEN_EXHAUSTED_PRIMALITY_UNASSIGNED,FIRST_SINGULARITY_SHELL_EXHAUSTED_PRIMALITY_UNASSIGNED,513,9595,9595
SLCMP01-0361,361,143131459,2^143131459-1,SEARCH_INPUT,STRUCTURAL_SCREEN_EXHAUSTED_PRIMALITY_UNASSIGNED,FIRST_SINGULARITY_SHELL_EXHAUSTED_PRIMALITY_UNASSIGNED,514,9595,9595
SLCMP01-0362,362,143131519,2^143131519-1,SEARCH_INPUT,STRUCTURAL_SCREEN_EXHAUSTED_PRIMALITY_UNASSIGNED,FIRST_SINGULARITY_SHELL_EXHAUSTED_PRIMALITY_UNASSIGNED,514,9595,9595
SLCMP01-0363,363,143131543,2^143131543-1,SEARCH_INPUT,STRUCTURAL_SCREEN_EXHAUSTED_PRIMALITY_UNASSIGNED,FIRST_SINGULARITY_SHELL_EXHAUSTED_PRIMALITY_UNASSIGNED,514,9595,9595
SLCMP01-0364,364,143131561,2^143131561-1,SEARCH_INPUT,STRUCTURAL_SCREEN_EXHAUSTED_PRIMALITY_UNASSIGNED,FIRST_SINGULARITY_SHELL_EXHAUSTED_PRIMALITY_UNASSIGNED,513,9595,9595
SLCMP01-0365,365,143131609,2^143131609-1,SEARCH_INPUT,STRUCTURAL_SCREEN_EXHAUSTED_PRIMALITY_UNASSIGNED,FIRST_SINGULARITY_SHELL_EXHAUSTED_PRIMALITY_UNASSIGNED,513,9595,9595
SLCMP01-0366,366,143131727,2^143131727-1,SEARCH_INPUT,STRUCTURAL_SCREEN_EXHAUSTED_PRIMALITY_UNASSIGNED,FIRST_SINGULARITY_SHELL_EXHAUSTED_PRIMALITY_UNASSIGNED,514,9595,9595
SLCMP01-0367,367,143131763,2^143131763-1,SEARCH_INPUT,STRUCTURAL_SCREEN_EXHAUSTED_PRIMALITY_UNASSIGNED,FIRST_SINGULARITY_SHELL_EXHAUSTED_PRIMALITY_UNASSIGNED,514,9595,9595
SLCMP01-0368,368,143131819,2^143131819-1,SEARCH_INPUT,STRUCTURAL_SCREEN_EXHAUSTED_PRIMALITY_UNASSIGNED,FIRST_SINGULARITY_SHELL_EXHAUSTED_PRIMALITY_UNASSIGNED,514,9595,9595
SLCMP01-0369,369,143131831,2^143131831-1,SEARCH_INPUT,STRUCTURAL_SCREEN_EXHAUSTED_PRIMALITY_UNASSIGNED,FIRST_SINGULARITY_SHELL_EXHAUSTED_PRIMALITY_UNASSIGNED,514,9595,9595
SLCMP01-0370,370,143131871,2^143131871-1,SEARCH_INPUT,STRUCTURAL_SCREEN_EXHAUSTED_PRIMALITY_UNASSIGNED,FIRST_SINGULARITY_SHELL_EXHAUSTED_PRIMALITY_UNASSIGNED,514,9595,9595
SLCMP01-0371,371,143131897,2^143131897-1,SEARCH_INPUT,STRUCTURAL_SCREEN_EXHAUSTED_PRIMALITY_UNASSIGNED,FIRST_SINGULARITY_SHELL_EXHAUSTED_PRIMALITY_UNASSIGNED,513,9595,9595
SLCMP01-0372,372,143131979,2^143131979-1,SEARCH_INPUT,STRUCTURAL_SCREEN_EXHAUSTED_PRIMALITY_UNASSIGNED,FIRST_SINGULARITY_SHELL_EXHAUSTED_PRIMALITY_UNASSIGNED,514,9595,9595
SLCMP01-0373,373,143131987,2^143131987-1,SEARCH_INPUT,STRUCTURAL_SCREEN_EXHAUSTED_PRIMALITY_UNASSIGNED,FIRST_SINGULARITY_SHELL_EXHAUSTED_PRIMALITY_UNASSIGNED,514,9595,9595
SLCMP01-0374,374,143132179,2^143132179-1,SEARCH_INPUT,STRUCTURAL_SCREEN_EXHAUSTED_PRIMALITY_UNASSIGNED,FIRST_SINGULARITY_SHELL_EXHAUSTED_PRIMALITY_UNASSIGNED,514,9595,9595
SLCMP01-0375,375,143132201,2^143132201-1,SEARCH_INPUT,STRUCTURAL_SCREEN_EXHAUSTED_PRIMALITY_UNASSIGNED,FIRST_SINGULARITY_SHELL_EXHAUSTED_PRIMALITY_UNASSIGNED,513,9595,9595
SLCMP01-0376,376,143132281,2^143132281-1,SEARCH_INPUT,STRUCTURAL_SCREEN_EXHAUSTED_PRIMALITY_UNASSIGNED,FIRST_SINGULARITY_SHELL_EXHAUSTED_PRIMALITY_UNASSIGNED,513,9595,9595
SLCMP01-0377,377,143132411,2^143132411-1,SEARCH_INPUT,STRUCTURAL_SCREEN_EXHAUSTED_PRIMALITY_UNASSIGNED,FIRST_SINGULARITY_SHELL_EXHAUSTED_PRIMALITY_UNASSIGNED,514,9595,9595
SLCMP01-0378,378,143132441,2^143132441-1,SEARCH_INPUT,STRUCTURAL_SCREEN_EXHAUSTED_PRIMALITY_UNASSIGNED,FIRST_SINGULARITY_SHELL_EXHAUSTED_PRIMALITY_UNASSIGNED,513,9595,9595
SLCMP01-0379,379,143132459,2^143132459-1,SEARCH_INPUT,STRUCTURAL_SCREEN_EXHAUSTED_PRIMALITY_UNASSIGNED,FIRST_SINGULARITY_SHELL_EXHAUSTED_PRIMALITY_UNASSIGNED,514,9595,9595
SLCMP01-0380,380,143132471,2^143132471-1,SEARCH_INPUT,STRUCTURAL_SCREEN_EXHAUSTED_PRIMALITY_UNASSIGNED,FIRST_SINGULARITY_SHELL_EXHAUSTED_PRIMALITY_UNASSIGNED,514,9595,9595
SLCMP01-0381,381,143132543,2^143132543-1,SEARCH_INPUT,STRUCTURAL_SCREEN_EXHAUSTED_PRIMALITY_UNASSIGNED,FIRST_SINGULARITY_SHELL_EXHAUSTED_PRIMALITY_UNASSIGNED,514,9595,9595
SLCMP01-0382,382,143132629,2^143132629-1,SEARCH_INPUT,STRUCTURAL_SCREEN_EXHAUSTED_PRIMALITY_UNASSIGNED,FIRST_SINGULARITY_SHELL_EXHAUSTED_PRIMALITY_UNASSIGNED,513,9595,9595
SLCMP01-0383,383,143132783,2^143132783-1,SEARCH_INPUT,STRUCTURAL_SCREEN_EXHAUSTED_PRIMALITY_UNASSIGNED,FIRST_SINGULARITY_SHELL_EXHAUSTED_PRIMALITY_UNASSIGNED,514,9595,9595
SLCMP01-0384,384,143132881,2^143132881-1,SEARCH_INPUT,STRUCTURAL_SCREEN_EXHAUSTED_PRIMALITY_UNASSIGNED,FIRST_SINGULARITY_SHELL_EXHAUSTED_PRIMALITY_UNASSIGNED,513,9595,9595
SLCMP01-0385,385,143132987,2^143132987-1,SEARCH_INPUT,STRUCTURAL_SCREEN_EXHAUSTED_PRIMALITY_UNASSIGNED,FIRST_SINGULARITY_SHELL_EXHAUSTED_PRIMALITY_UNASSIGNED,514,9595,9595
SLCMP01-0386,386,143133031,2^143133031-1,SEARCH_INPUT,STRUCTURAL_SCREEN_EXHAUSTED_PRIMALITY_UNASSIGNED,FIRST_SINGULARITY_SHELL_EXHAUSTED_PRIMALITY_UNASSIGNED,514,9595,9595
SLCMP01-0387,387,143133077,2^143133077-1,SEARCH_INPUT,STRUCTURAL_SCREEN_EXHAUSTED_PRIMALITY_UNASSIGNED,FIRST_SINGULARITY_SHELL_EXHAUSTED_PRIMALITY_UNASSIGNED,513,9595,9595
SLCMP01-0388,388,143133097,2^143133097-1,SEARCH_INPUT,STRUCTURAL_SCREEN_EXHAUSTED_PRIMALITY_UNASSIGNED,FIRST_SINGULARITY_SHELL_EXHAUSTED_PRIMALITY_UNASSIGNED,513,9595,9595
SLCMP01-0389,389,143133139,2^143133139-1,SEARCH_INPUT,STRUCTURAL_SCREEN_EXHAUSTED_PRIMALITY_UNASSIGNED,FIRST_SINGULARITY_SHELL_EXHAUSTED_PRIMALITY_UNASSIGNED,514,9595,9595
SLCMP01-0390,390,143133143,2^143133143-1,SEARCH_INPUT,STRUCTURAL_SCREEN_EXHAUSTED_PRIMALITY_UNASSIGNED,FIRST_SINGULARITY_SHELL_EXHAUSTED_PRIMALITY_UNASSIGNED,514,9595,9595
SLCMP01-0391,391,143133167,2^143133167-1,SEARCH_INPUT,STRUCTURAL_SCREEN_EXHAUSTED_PRIMALITY_UNASSIGNED,FIRST_SINGULARITY_SHELL_EXHAUSTED_PRIMALITY_UNASSIGNED,514,9595,9595
SLCMP01-0392,392,143133307,2^143133307-1,SEARCH_INPUT,STRUCTURAL_SCREEN_EXHAUSTED_PRIMALITY_UNASSIGNED,FIRST_SINGULARITY_SHELL_EXHAUSTED_PRIMALITY_UNASSIGNED,514,9595,9595
SLCMP01-0393,393,143133671,2^143133671-1,SEARCH_INPUT,STRUCTURAL_SCREEN_EXHAUSTED_PRIMALITY_UNASSIGNED,FIRST_SINGULARITY_SHELL_EXHAUSTED_PRIMALITY_UNASSIGNED,514,9595,9595
SLCMP01-0394,394,143133827,2^143133827-1,SEARCH_INPUT,STRUCTURAL_SCREEN_EXHAUSTED_PRIMALITY_UNASSIGNED,FIRST_SINGULARITY_SHELL_EXHAUSTED_PRIMALITY_UNASSIGNED,514,9595,9595
SLCMP01-0395,395,143133857,2^143133857-1,SEARCH_INPUT,STRUCTURAL_SCREEN_EXHAUSTED_PRIMALITY_UNASSIGNED,FIRST_SINGULARITY_SHELL_EXHAUSTED_PRIMALITY_UNASSIGNED,513,9595,9595
SLCMP01-0396,396,143134003,2^143134003-1,SEARCH_INPUT,STRUCTURAL_SCREEN_EXHAUSTED_PRIMALITY_UNASSIGNED,FIRST_SINGULARITY_SHELL_EXHAUSTED_PRIMALITY_UNASSIGNED,514,9595,9595
SLCMP01-0397,397,143134193,2^143134193-1,SEARCH_INPUT,STRUCTURAL_SCREEN_EXHAUSTED_PRIMALITY_UNASSIGNED,FIRST_SINGULARITY_SHELL_EXHAUSTED_PRIMALITY_UNASSIGNED,513,9595,9595
SLCMP01-0398,398,143134279,2^143134279-1,SEARCH_INPUT,STRUCTURAL_SCREEN_EXHAUSTED_PRIMALITY_UNASSIGNED,FIRST_SINGULARITY_SHELL_EXHAUSTED_PRIMALITY_UNASSIGNED,514,9595,9595
SLCMP01-0399,399,143134553,2^143134553-1,SEARCH_INPUT,STRUCTURAL_SCREEN_EXHAUSTED_PRIMALITY_UNASSIGNED,FIRST_SINGULARITY_SHELL_EXHAUSTED_PRIMALITY_UNASSIGNED,513,9595,9595
SLCMP01-0400,400,143134601,2^143134601-1,SEARCH_INPUT,STRUCTURAL_SCREEN_EXHAUSTED_PRIMALITY_UNASSIGNED,FIRST_SINGULARITY_SHELL_EXHAUSTED_PRIMALITY_UNASSIGNED,513,9595,9595
SLCMP01-0401,401,143135789,2^143135789-1,SEARCH_INPUT,STRUCTURAL_SCREEN_EXHAUSTED_PRIMALITY_UNASSIGNED,FIRST_SINGULARITY_SHELL_EXHAUSTED_PRIMALITY_UNASSIGNED,513,9595,9595
SLCMP01-0402,402,143135957,2^143135957-1,SEARCH_INPUT,STRUCTURAL_SCREEN_EXHAUSTED_PRIMALITY_UNASSIGNED,FIRST_SINGULARITY_SHELL_EXHAUSTED_PRIMALITY_UNASSIGNED,513,9595,9595
SLCMP01-0403,403,143136167,2^143136167-1,SEARCH_INPUT,STRUCTURAL_SCREEN_EXHAUSTED_PRIMALITY_UNASSIGNED,FIRST_SINGULARITY_SHELL_EXHAUSTED_PRIMALITY_UNASSIGNED,514,9595,9595
SLCMP01-0404,404,143136353,2^143136353-1,SEARCH_INPUT,STRUCTURAL_SCREEN_EXHAUSTED_PRIMALITY_UNASSIGNED,FIRST_SINGULARITY_SHELL_EXHAUSTED_PRIMALITY_UNASSIGNED,513,9595,9595
SLCMP01-0405,405,143136437,2^143136437-1,SEARCH_INPUT,STRUCTURAL_SCREEN_EXHAUSTED_PRIMALITY_UNASSIGNED,FIRST_SINGULARITY_SHELL_EXHAUSTED_PRIMALITY_UNASSIGNED,513,9595,9595
SLCMP01-0406,406,143136523,2^143136523-1,SEARCH_INPUT,STRUCTURAL_SCREEN_EXHAUSTED_PRIMALITY_UNASSIGNED,FIRST_SINGULARITY_SHELL_EXHAUSTED_PRIMALITY_UNASSIGNED,514,9595,9595
SLCMP01-0407,407,143136559,2^143136559-1,SEARCH_INPUT,STRUCTURAL_SCREEN_EXHAUSTED_PRIMALITY_UNASSIGNED,FIRST_SINGULARITY_SHELL_EXHAUSTED_PRIMALITY_UNASSIGNED,514,9595,9595
SLCMP01-0408,408,143136563,2^143136563-1,SEARCH_INPUT,STRUCTURAL_SCREEN_EXHAUSTED_PRIMALITY_UNASSIGNED,FIRST_SINGULARITY_SHELL_EXHAUSTED_PRIMALITY_UNASSIGNED,514,9595,9595
SLCMP01-0409,409,143136593,2^143136593-1,SEARCH_INPUT,STRUCTURAL_SCREEN_EXHAUSTED_PRIMALITY_UNASSIGNED,FIRST_SINGULARITY_SHELL_EXHAUSTED_PRIMALITY_UNASSIGNED,513,9595,9595
SLCMP01-0410,410,143136607,2^143136607-1,SEARCH_INPUT,STRUCTURAL_SCREEN_EXHAUSTED_PRIMALITY_UNASSIGNED,FIRST_SINGULARITY_SHELL_EXHAUSTED_PRIMALITY_UNASSIGNED,514,9595,9595
SLCMP01-0411,411,143136611,2^143136611-1,SEARCH_INPUT,STRUCTURAL_SCREEN_EXHAUSTED_PRIMALITY_UNASSIGNED,FIRST_SINGULARITY_SHELL_EXHAUSTED_PRIMALITY_UNASSIGNED,514,9595,9595
SLCMP01-0412,412,143136619,2^143136619-1,SEARCH_INPUT,STRUCTURAL_SCREEN_EXHAUSTED_PRIMALITY_UNASSIGNED,FIRST_SINGULARITY_SHELL_EXHAUSTED_PRIMALITY_UNASSIGNED,514,9595,9595
SLCMP01-0413,413,143136739,2^143136739-1,SEARCH_INPUT,STRUCTURAL_SCREEN_EXHAUSTED_PRIMALITY_UNASSIGNED,FIRST_SINGULARITY_SHELL_EXHAUSTED_PRIMALITY_UNASSIGNED,514,9595,9595
SLCMP01-0414,414,143136841,2^143136841-1,SEARCH_INPUT,STRUCTURAL_SCREEN_EXHAUSTED_PRIMALITY_UNASSIGNED,FIRST_SINGULARITY_SHELL_EXHAUSTED_PRIMALITY_UNASSIGNED,513,9595,9595
SLCMP01-0415,415,143136853,2^143136853-1,SEARCH_INPUT,STRUCTURAL_SCREEN_EXHAUSTED_PRIMALITY_UNASSIGNED,FIRST_SINGULARITY_SHELL_EXHAUSTED_PRIMALITY_UNASSIGNED,513,9595,9595
SLCMP01-0416,416,143137037,2^143137037-1,SEARCH_INPUT,STRUCTURAL_SCREEN_EXHAUSTED_PRIMALITY_UNASSIGNED,FIRST_SINGULARITY_SHELL_EXHAUSTED_PRIMALITY_UNASSIGNED,513,9595,9595
SLCMP01-0417,417,143137117,2^143137117-1,SEARCH_INPUT,STRUCTURAL_SCREEN_EXHAUSTED_PRIMALITY_UNASSIGNED,FIRST_SINGULARITY_SHELL_EXHAUSTED_PRIMALITY_UNASSIGNED,513,9595,9595
SLCMP01-0418,418,143137193,2^143137193-1,SEARCH_INPUT,STRUCTURAL_SCREEN_EXHAUSTED_PRIMALITY_UNASSIGNED,FIRST_SINGULARITY_SHELL_EXHAUSTED_PRIMALITY_UNASSIGNED,513,9595,9595
SLCMP01-0419,419,143137307,2^143137307-1,SEARCH_INPUT,STRUCTURAL_SCREEN_EXHAUSTED_PRIMALITY_UNASSIGNED,FIRST_SINGULARITY_SHELL_EXHAUSTED_PRIMALITY_UNASSIGNED,514,9595,9595
SLCMP01-0420,420,143137373,2^143137373-1,SEARCH_INPUT,STRUCTURAL_SCREEN_EXHAUSTED_PRIMALITY_UNASSIGNED,FIRST_SINGULARITY_SHELL_EXHAUSTED_PRIMALITY_UNASSIGNED,513,9595,9595
SLCMP01-0421,421,143137387,2^143137387-1,SEARCH_INPUT,STRUCTURAL_SCREEN_EXHAUSTED_PRIMALITY_UNASSIGNED,FIRST_SINGULARITY_SHELL_EXHAUSTED_PRIMALITY_UNASSIGNED,514,9595,9595
SLCMP01-0422,422,143137429,2^143137429-1,SEARCH_INPUT,STRUCTURAL_SCREEN_EXHAUSTED_PRIMALITY_UNASSIGNED,FIRST_SINGULARITY_SHELL_EXHAUSTED_PRIMALITY_UNASSIGNED,513,9595,9595
SLCMP01-0423,423,143137453,2^143137453-1,SEARCH_INPUT,STRUCTURAL_SCREEN_EXHAUSTED_PRIMALITY_UNASSIGNED,FIRST_SINGULARITY_SHELL_EXHAUSTED_PRIMALITY_UNASSIGNED,513,9595,9595
SLCMP01-0424,424,143137459,2^143137459-1,SEARCH_INPUT,STRUCTURAL_SCREEN_EXHAUSTED_PRIMALITY_UNASSIGNED,FIRST_SINGULARITY_SHELL_EXHAUSTED_PRIMALITY_UNASSIGNED,514,9595,9595
SLCMP01-0425,425,143137483,2^143137483-1,SEARCH_INPUT,STRUCTURAL_SCREEN_EXHAUSTED_PRIMALITY_UNASSIGNED,FIRST_SINGULARITY_SHELL_EXHAUSTED_PRIMALITY_UNASSIGNED,514,9595,9595
SLCMP01-0426,426,143137541,2^143137541-1,SEARCH_INPUT,STRUCTURAL_SCREEN_EXHAUSTED_PRIMALITY_UNASSIGNED,FIRST_SINGULARITY_SHELL_EXHAUSTED_PRIMALITY_UNASSIGNED,513,9595,9595
SLCMP01-0427,427,143137573,2^143137573-1,SEARCH_INPUT,STRUCTURAL_SCREEN_EXHAUSTED_PRIMALITY_UNASSIGNED,FIRST_SINGULARITY_SHELL_EXHAUSTED_PRIMALITY_UNASSIGNED,513,9595,9595
SLCMP01-0428,428,143137609,2^143137609-1,SEARCH_INPUT,STRUCTURAL_SCREEN_EXHAUSTED_PRIMALITY_UNASSIGNED,FIRST_SINGULARITY_SHELL_EXHAUSTED_PRIMALITY_UNASSIGNED,513,9595,9595
SLCMP01-0429,429,143137769,2^143137769-1,SEARCH_INPUT,STRUCTURAL_SCREEN_EXHAUSTED_PRIMALITY_UNASSIGNED,FIRST_SINGULARITY_SHELL_EXHAUSTED_PRIMALITY_UNASSIGNED,513,9595,9595
SLCMP01-0430,430,143137777,2^143137777-1,SEARCH_INPUT,STRUCTURAL_SCREEN_EXHAUSTED_PRIMALITY_UNASSIGNED,FIRST_SINGULARITY_SHELL_EXHAUSTED_PRIMALITY_UNASSIGNED,513,9595,9595
SLCMP01-0431,431,143137837,2^143137837-1,SEARCH_INPUT,STRUCTURAL_SCREEN_EXHAUSTED_PRIMALITY_UNASSIGNED,FIRST_SINGULARITY_SHELL_EXHAUSTED_PRIMALITY_UNASSIGNED,513,9595,9595
SLCMP01-0432,432,143138101,2^143138101-1,SEARCH_INPUT,STRUCTURAL_SCREEN_EXHAUSTED_PRIMALITY_UNASSIGNED,FIRST_SINGULARITY_SHELL_EXHAUSTED_PRIMALITY_UNASSIGNED,513,9595,9595
SLCMP01-0433,433,143138243,2^143138243-1,SEARCH_INPUT,STRUCTURAL_SCREEN_EXHAUSTED_PRIMALITY_UNASSIGNED,FIRST_SINGULARITY_SHELL_EXHAUSTED_PRIMALITY_UNASSIGNED,514,9595,9595
SLCMP01-0434,434,143138251,2^143138251-1,SEARCH_INPUT,STRUCTURAL_SCREEN_EXHAUSTED_PRIMALITY_UNASSIGNED,FIRST_SINGULARITY_SHELL_EXHAUSTED_PRIMALITY_UNASSIGNED,514,9595,9595
SLCMP01-0435,435,143138263,2^143138263-1,SEARCH_INPUT,STRUCTURAL_SCREEN_EXHAUSTED_PRIMALITY_UNASSIGNED,FIRST_SINGULARITY_SHELL_EXHAUSTED_PRIMALITY_UNASSIGNED,514,9595,9595
SLCMP01-0436,436,143138509,2^143138509-1,SEARCH_INPUT,STRUCTURAL_SCREEN_EXHAUSTED_PRIMALITY_UNASSIGNED,FIRST_SINGULARITY_SHELL_EXHAUSTED_PRIMALITY_UNASSIGNED,513,9595,9595
SLCMP01-0437,437,143138561,2^143138561-1,SEARCH_INPUT,STRUCTURAL_SCREEN_EXHAUSTED_PRIMALITY_UNASSIGNED,FIRST_SINGULARITY_SHELL_EXHAUSTED_PRIMALITY_UNASSIGNED,513,9595,9595
SLCMP01-0438,438,143138573,2^143138573-1,SEARCH_INPUT,STRUCTURAL_SCREEN_EXHAUSTED_PRIMALITY_UNASSIGNED,FIRST_SINGULARITY_SHELL_EXHAUSTED_PRIMALITY_UNASSIGNED,513,9595,9595
SLCMP01-0439,439,143138581,2^143138581-1,SEARCH_INPUT,STRUCTURAL_SCREEN_EXHAUSTED_PRIMALITY_UNASSIGNED,FIRST_SINGULARITY_SHELL_EXHAUSTED_PRIMALITY_UNASSIGNED,513,9595,9595
SLCMP01-0440,440,143138651,2^143138651-1,SEARCH_INPUT,STRUCTURAL_SCREEN_EXHAUSTED_PRIMALITY_UNASSIGNED,FIRST_SINGULARITY_SHELL_EXHAUSTED_PRIMALITY_UNASSIGNED,514,9595,9595
SLCMP01-0441,441,143138707,2^143138707-1,SEARCH_INPUT,STRUCTURAL_SCREEN_EXHAUSTED_PRIMALITY_UNASSIGNED,FIRST_SINGULARITY_SHELL_EXHAUSTED_PRIMALITY_UNASSIGNED,514,9595,9595
SLCMP01-0442,442,143138767,2^143138767-1,SEARCH_INPUT,STRUCTURAL_SCREEN_EXHAUSTED_PRIMALITY_UNASSIGNED,FIRST_SINGULARITY_SHELL_EXHAUSTED_PRIMALITY_UNASSIGNED,514,9595,9595
SLCMP01-0443,443,143138869,2^143138869-1,SEARCH_INPUT,STRUCTURAL_SCREEN_EXHAUSTED_PRIMALITY_UNASSIGNED,FIRST_SINGULARITY_SHELL_EXHAUSTED_PRIMALITY_UNASSIGNED,513,9595,9595
SLCMP01-0444,444,143138893,2^143138893-1,SEARCH_INPUT,STRUCTURAL_SCREEN_EXHAUSTED_PRIMALITY_UNASSIGNED,FIRST_SINGULARITY_SHELL_EXHAUSTED_PRIMALITY_UNASSIGNED,513,9595,9595
SLCMP01-0445,445,143138927,2^143138927-1,SEARCH_INPUT,STRUCTURAL_SCREEN_EXHAUSTED_PRIMALITY_UNASSIGNED,FIRST_SINGULARITY_SHELL_EXHAUSTED_PRIMALITY_UNASSIGNED,514,9595,9595
SLCMP01-0446,446,143138993,2^143138993-1,SEARCH_INPUT,STRUCTURAL_SCREEN_EXHAUSTED_PRIMALITY_UNASSIGNED,FIRST_SINGULARITY_SHELL_EXHAUSTED_PRIMALITY_UNASSIGNED,513,9595,9595
SLCMP01-0447,447,143138999,2^143138999-1,SEARCH_INPUT,STRUCTURAL_SCREEN_EXHAUSTED_PRIMALITY_UNASSIGNED,FIRST_SINGULARITY_SHELL_EXHAUSTED_PRIMALITY_UNASSIGNED,514,9595,9595
SLCMP01-0448,448,143139011,2^143139011-1,SEARCH_INPUT,STRUCTURAL_SCREEN_EXHAUSTED_PRIMALITY_UNASSIGNED,FIRST_SINGULARITY_SHELL_EXHAUSTED_PRIMALITY_UNASSIGNED,514,9595,9595
SLCMP01-0449,449,143139089,2^143139089-1,SEARCH_INPUT,STRUCTURAL_SCREEN_EXHAUSTED_PRIMALITY_UNASSIGNED,FIRST_SINGULARITY_SHELL_EXHAUSTED_PRIMALITY_UNASSIGNED,513,9595,9595
SLCMP01-0450,450,143139109,2^143139109-1,SEARCH_INPUT,STRUCTURAL_SCREEN_EXHAUSTED_PRIMALITY_UNASSIGNED,FIRST_SINGULARITY_SHELL_EXHAUSTED_PRIMALITY_UNASSIGNED,513,9595,9595
SLCMP01-0451,451,143139137,2^143139137-1,SEARCH_INPUT,STRUCTURAL_SCREEN_EXHAUSTED_PRIMALITY_UNASSIGNED,FIRST_SINGULARITY_SHELL_EXHAUSTED_PRIMALITY_UNASSIGNED,513,9595,9595
SLCMP01-0452,452,143139229,2^143139229-1,SEARCH_INPUT,STRUCTURAL_SCREEN_EXHAUSTED_PRIMALITY_UNASSIGNED,FIRST_SINGULARITY_SHELL_EXHAUSTED_PRIMALITY_UNASSIGNED,513,9595,9595
SLCMP01-0453,453,143139289,2^143139289-1,SEARCH_INPUT,STRUCTURAL_SCREEN_EXHAUSTED_PRIMALITY_UNASSIGNED,FIRST_SINGULARITY_SHELL_EXHAUSTED_PRIMALITY_UNASSIGNED,513,9595,9595
SLCMP01-0454,454,143139329,2^143139329-1,SEARCH_INPUT,STRUCTURAL_SCREEN_EXHAUSTED_PRIMALITY_UNASSIGNED,FIRST_SINGULARITY_SHELL_EXHAUSTED_PRIMALITY_UNASSIGNED,513,9595,9595
SLCMP01-0455,455,143139401,2^143139401-1,SEARCH_INPUT,STRUCTURAL_SCREEN_EXHAUSTED_PRIMALITY_UNASSIGNED,FIRST_SINGULARITY_SHELL_EXHAUSTED_PRIMALITY_UNASSIGNED,513,9595,9595
SLCMP01-0456,456,143139457,2^143139457-1,SEARCH_INPUT,STRUCTURAL_SCREEN_EXHAUSTED_PRIMALITY_UNASSIGNED,FIRST_SINGULARITY_SHELL_EXHAUSTED_PRIMALITY_UNASSIGNED,513,9595,9595
SLCMP01-0457,457,143139467,2^143139467-1,SEARCH_INPUT,STRUCTURAL_SCREEN_EXHAUSTED_PRIMALITY_UNASSIGNED,FIRST_SINGULARITY_SHELL_EXHAUSTED_PRIMALITY_UNASSIGNED,514,9595,9595
SLCMP01-0458,458,143139533,2^143139533-1,SEARCH_INPUT,STRUCTURAL_SCREEN_EXHAUSTED_PRIMALITY_UNASSIGNED,FIRST_SINGULARITY_SHELL_EXHAUSTED_PRIMALITY_UNASSIGNED,513,9595,9595
SLCMP01-0459,459,143139551,2^143139551-1,SEARCH_INPUT,STRUCTURAL_SCREEN_EXHAUSTED_PRIMALITY_UNASSIGNED,FIRST_SINGULARITY_SHELL_EXHAUSTED_PRIMALITY_UNASSIGNED,514,9595,9595
SLCMP01-0460,460,143139587,2^143139587-1,SEARCH_INPUT,STRUCTURAL_SCREEN_EXHAUSTED_PRIMALITY_UNASSIGNED,FIRST_SINGULARITY_SHELL_EXHAUSTED_PRIMALITY_UNASSIGNED,514,9595,9595
SLCMP01-0461,461,143139599,2^143139599-1,SEARCH_INPUT,STRUCTURAL_SCREEN_EXHAUSTED_PRIMALITY_UNASSIGNED,FIRST_SINGULARITY_SHELL_EXHAUSTED_PRIMALITY_UNASSIGNED,514,9595,9595
SLCMP01-0462,462,143139637,2^143139637-1,SEARCH_INPUT,STRUCTURAL_SCREEN_EXHAUSTED_PRIMALITY_UNASSIGNED,FIRST_SINGULARITY_SHELL_EXHAUSTED_PRIMALITY_UNASSIGNED,513,9595,9595
SLCMP01-0463,463,143139743,2^143139743-1,SEARCH_INPUT,STRUCTURAL_SCREEN_EXHAUSTED_PRIMALITY_UNASSIGNED,FIRST_SINGULARITY_SHELL_EXHAUSTED_PRIMALITY_UNASSIGNED,514,9595,9595
SLCMP01-0464,464,143139973,2^143139973-1,SEARCH_INPUT,STRUCTURAL_SCREEN_EXHAUSTED_PRIMALITY_UNASSIGNED,FIRST_SINGULARITY_SHELL_EXHAUSTED_PRIMALITY_UNASSIGNED,513,9595,9595
SLCMP01-0465,465,143140033,2^143140033-1,SEARCH_INPUT,STRUCTURAL_SCREEN_EXHAUSTED_PRIMALITY_UNASSIGNED,FIRST_SINGULARITY_SHELL_EXHAUSTED_PRIMALITY_UNASSIGNED,513,9595,9595
SLCMP01-0466,466,143140183,2^143140183-1,SEARCH_INPUT,STRUCTURAL_SCREEN_EXHAUSTED_PRIMALITY_UNASSIGNED,FIRST_SINGULARITY_SHELL_EXHAUSTED_PRIMALITY_UNASSIGNED,514,9595,9595
SLCMP01-0467,467,143140229,2^143140229-1,SEARCH_INPUT,STRUCTURAL_SCREEN_EXHAUSTED_PRIMALITY_UNASSIGNED,FIRST_SINGULARITY_SHELL_EXHAUSTED_PRIMALITY_UNASSIGNED,513,9595,9595
SLCMP01-0468,468,143140351,2^143140351-1,SEARCH_INPUT,STRUCTURAL_SCREEN_EXHAUSTED_PRIMALITY_UNASSIGNED,FIRST_SINGULARITY_SHELL_EXHAUSTED_PRIMALITY_UNASSIGNED,514,9595,9595
SLCMP01-0469,469,143140567,2^143140567-1,SEARCH_INPUT,STRUCTURAL_SCREEN_EXHAUSTED_PRIMALITY_UNASSIGNED,FIRST_SINGULARITY_SHELL_EXHAUSTED_PRIMALITY_UNASSIGNED,514,9595,9595
SLCMP01-0470,470,143140579,2^143140579-1,SEARCH_INPUT,STRUCTURAL_SCREEN_EXHAUSTED_PRIMALITY_UNASSIGNED,FIRST_SINGULARITY_SHELL_EXHAUSTED_PRIMALITY_UNASSIGNED,514,9595,9595
SLCMP01-0471,471,143140681,2^143140681-1,SEARCH_INPUT,STRUCTURAL_SCREEN_EXHAUSTED_PRIMALITY_UNASSIGNED,FIRST_SINGULARITY_SHELL_EXHAUSTED_PRIMALITY_UNASSIGNED,513,9595,9595
SLCMP01-0472,472,143140727,2^143140727-1,SEARCH_INPUT,STRUCTURAL_SCREEN_EXHAUSTED_PRIMALITY_UNASSIGNED,FIRST_SINGULARITY_SHELL_EXHAUSTED_PRIMALITY_UNASSIGNED,514,9595,9595
SLCMP01-0473,473,143140741,2^143140741-1,SEARCH_INPUT,STRUCTURAL_SCREEN_EXHAUSTED_PRIMALITY_UNASSIGNED,FIRST_SINGULARITY_SHELL_EXHAUSTED_PRIMALITY_UNASSIGNED,513,9595,9595
SLCMP01-0474,474,143140787,2^143140787-1,SEARCH_INPUT,STRUCTURAL_SCREEN_EXHAUSTED_PRIMALITY_UNASSIGNED,FIRST_SINGULARITY_SHELL_EXHAUSTED_PRIMALITY_UNASSIGNED,514,9595,9595
SLCMP01-0475,475,143140817,2^143140817-1,SEARCH_INPUT,STRUCTURAL_SCREEN_EXHAUSTED_PRIMALITY_UNASSIGNED,FIRST_SINGULARITY_SHELL_EXHAUSTED_PRIMALITY_UNASSIGNED,513,9595,9595
SLCMP01-0476,476,143140957,2^143140957-1,SEARCH_INPUT,STRUCTURAL_SCREEN_EXHAUSTED_PRIMALITY_UNASSIGNED,FIRST_SINGULARITY_SHELL_EXHAUSTED_PRIMALITY_UNASSIGNED,513,9595,9595
SLCMP01-0477,477,143141051,2^143141051-1,SEARCH_INPUT,STRUCTURAL_SCREEN_EXHAUSTED_PRIMALITY_UNASSIGNED,FIRST_SINGULARITY_SHELL_EXHAUSTED_PRIMALITY_UNASSIGNED,514,9595,9595
SLCMP01-0478,478,143141153,2^143141153-1,SEARCH_INPUT,STRUCTURAL_SCREEN_EXHAUSTED_PRIMALITY_UNASSIGNED,FIRST_SINGULARITY_SHELL_EXHAUSTED_PRIMALITY_UNASSIGNED,513,9595,9595
SLCMP01-0479,479,143141267,2^143141267-1,SEARCH_INPUT,STRUCTURAL_SCREEN_EXHAUSTED_PRIMALITY_UNASSIGNED,FIRST_SINGULARITY_SHELL_EXHAUSTED_PRIMALITY_UNASSIGNED,514,9595,9595
SLCMP01-0480,480,143141311,2^143141311-1,SEARCH_INPUT,STRUCTURAL_SCREEN_EXHAUSTED_PRIMALITY_UNASSIGNED,FIRST_SINGULARITY_SHELL_EXHAUSTED_PRIMALITY_UNASSIGNED,514,9595,9595
SLCMP01-0481,481,143141329,2^143141329-1,SEARCH_INPUT,STRUCTURAL_SCREEN_EXHAUSTED_PRIMALITY_UNASSIGNED,FIRST_SINGULARITY_SHELL_EXHAUSTED_PRIMALITY_UNASSIGNED,513,9595,9595
SLCMP01-0482,482,143141359,2^143141359-1,SEARCH_INPUT,STRUCTURAL_SCREEN_EXHAUSTED_PRIMALITY_UNASSIGNED,FIRST_SINGULARITY_SHELL_EXHAUSTED_PRIMALITY_UNASSIGNED,514,9595,9595
SLCMP01-0483,483,143141447,2^143141447-1,SEARCH_INPUT,STRUCTURAL_SCREEN_EXHAUSTED_PRIMALITY_UNASSIGNED,FIRST_SINGULARITY_SHELL_EXHAUSTED_PRIMALITY_UNASSIGNED,514,9595,9595
SLCMP01-0484,484,143141519,2^143141519-1,SEARCH_INPUT,STRUCTURAL_SCREEN_EXHAUSTED_PRIMALITY_UNASSIGNED,FIRST_SINGULARITY_SHELL_EXHAUSTED_PRIMALITY_UNASSIGNED,514,9595,9595
SLCMP01-0485,485,143141569,2^143141569-1,SEARCH_INPUT,STRUCTURAL_SCREEN_EXHAUSTED_PRIMALITY_UNASSIGNED,FIRST_SINGULARITY_SHELL_EXHAUSTED_PRIMALITY_UNASSIGNED,513,9595,9595
SLCMP01-0486,486,143141617,2^143141617-1,SEARCH_INPUT,STRUCTURAL_SCREEN_EXHAUSTED_PRIMALITY_UNASSIGNED,FIRST_SINGULARITY_SHELL_EXHAUSTED_PRIMALITY_UNASSIGNED,513,9595,9595
SLCMP01-0487,487,143141723,2^143141723-1,SEARCH_INPUT,STRUCTURAL_SCREEN_EXHAUSTED_PRIMALITY_UNASSIGNED,FIRST_SINGULARITY_SHELL_EXHAUSTED_PRIMALITY_UNASSIGNED,514,9595,9595
SLCMP01-0488,488,143141773,2^143141773-1,SEARCH_INPUT,STRUCTURAL_SCREEN_EXHAUSTED_PRIMALITY_UNASSIGNED,FIRST_SINGULARITY_SHELL_EXHAUSTED_PRIMALITY_UNASSIGNED,513,9595,9595
SLCMP01-0489,489,143141939,2^143141939-1,SEARCH_INPUT,STRUCTURAL_SCREEN_EXHAUSTED_PRIMALITY_UNASSIGNED,FIRST_SINGULARITY_SHELL_EXHAUSTED_PRIMALITY_UNASSIGNED,514,9595,9595
SLCMP01-0490,490,143141963,2^143141963-1,SEARCH_INPUT,STRUCTURAL_SCREEN_EXHAUSTED_PRIMALITY_UNASSIGNED,FIRST_SINGULARITY_SHELL_EXHAUSTED_PRIMALITY_UNASSIGNED,514,9595,9595
SLCMP01-0491,491,143142047,2^143142047-1,SEARCH_INPUT,STRUCTURAL_SCREEN_EXHAUSTED_PRIMALITY_UNASSIGNED,FIRST_SINGULARITY_SHELL_EXHAUSTED_PRIMALITY_UNASSIGNED,514,9595,9595
SLCMP01-0492,492,143142071,2^143142071-1,SEARCH_INPUT,STRUCTURAL_SCREEN_EXHAUSTED_PRIMALITY_UNASSIGNED,FIRST_SINGULARITY_SHELL_EXHAUSTED_PRIMALITY_UNASSIGNED,514,9595,9595
SLCMP01-0493,493,143142169,2^143142169-1,SEARCH_INPUT,STRUCTURAL_SCREEN_EXHAUSTED_PRIMALITY_UNASSIGNED,FIRST_SINGULARITY_SHELL_EXHAUSTED_PRIMALITY_UNASSIGNED,513,9595,9595
SLCMP01-0494,494,143142253,2^143142253-1,SEARCH_INPUT,STRUCTURAL_SCREEN_EXHAUSTED_PRIMALITY_UNASSIGNED,FIRST_SINGULARITY_SHELL_EXHAUSTED_PRIMALITY_UNASSIGNED,513,9595,9595
SLCMP01-0495,495,143142383,2^143142383-1,SEARCH_INPUT,STRUCTURAL_SCREEN_EXHAUSTED_PRIMALITY_UNASSIGNED,FIRST_SINGULARITY_SHELL_EXHAUSTED_PRIMALITY_UNASSIGNED,514,9595,9595
SLCMP01-0496,496,143142403,2^143142403-1,SEARCH_INPUT,STRUCTURAL_SCREEN_EXHAUSTED_PRIMALITY_UNASSIGNED,FIRST_SINGULARITY_SHELL_EXHAUSTED_PRIMALITY_UNASSIGNED,514,9595,9595
SLCMP01-0497,497,143142421,2^143142421-1,SEARCH_INPUT,STRUCTURAL_SCREEN_EXHAUSTED_PRIMALITY_UNASSIGNED,FIRST_SINGULARITY_SHELL_EXHAUSTED_PRIMALITY_UNASSIGNED,513,9595,9595
SLCMP01-0498,498,143142511,2^143142511-1,SEARCH_INPUT,STRUCTURAL_SCREEN_EXHAUSTED_PRIMALITY_UNASSIGNED,FIRST_SINGULARITY_SHELL_EXHAUSTED_PRIMALITY_UNASSIGNED,514,9595,9595
SLCMP01-0499,499,143142581,2^143142581-1,SEARCH_INPUT,STRUCTURAL_SCREEN_EXHAUSTED_PRIMALITY_UNASSIGNED,FIRST_SINGULARITY_SHELL_EXHAUSTED_PRIMALITY_UNASSIGNED,513,9595,9595
SLCMP01-0500,500,143142667,2^143142667-1,SEARCH_INPUT,STRUCTURAL_SCREEN_EXHAUSTED_PRIMALITY_UNASSIGNED,FIRST_SINGULARITY_SHELL_EXHAUSTED_PRIMALITY_UNASSIGNED,514,9595,9595
SLCMP01-0501,501,143142691,2^143142691-1,SEARCH_INPUT,STRUCTURAL_SCREEN_EXHAUSTED_PRIMALITY_UNASSIGNED,FIRST_SINGULARITY_SHELL_EXHAUSTED_PRIMALITY_UNASSIGNED,514,9595,9595
SLCMP01-0502,502,143142721,2^143142721-1,SEARCH_INPUT,STRUCTURAL_SCREEN_EXHAUSTED_PRIMALITY_UNASSIGNED,FIRST_SINGULARITY_SHELL_EXHAUSTED_PRIMALITY_UNASSIGNED,513,9595,9595
SLCMP01-0503,503,143142793,2^143142793-1,SEARCH_INPUT,STRUCTURAL_SCREEN_EXHAUSTED_PRIMALITY_UNASSIGNED,FIRST_SINGULARITY_SHELL_EXHAUSTED_PRIMALITY_UNASSIGNED,513,9595,9595
SLCMP01-0504,504,143142893,2^143142893-1,SEARCH_INPUT,STRUCTURAL_SCREEN_EXHAUSTED_PRIMALITY_UNASSIGNED,FIRST_SINGULARITY_SHELL_EXHAUSTED_PRIMALITY_UNASSIGNED,513,9595,9595
SLCMP01-0505,505,143143003,2^143143003-1,SEARCH_INPUT,STRUCTURAL_SCREEN_EXHAUSTED_PRIMALITY_UNASSIGNED,FIRST_SINGULARITY_SHELL_EXHAUSTED_PRIMALITY_UNASSIGNED,514,9595,9595
SLCMP01-0506,506,143143019,2^143143019-1,SEARCH_INPUT,STRUCTURAL_SCREEN_EXHAUSTED_PRIMALITY_UNASSIGNED,FIRST_SINGULARITY_SHELL_EXHAUSTED_PRIMALITY_UNASSIGNED,514,9595,9595
SLCMP01-0507,507,143143127,2^143143127-1,SEARCH_INPUT,STRUCTURAL_SCREEN_EXHAUSTED_PRIMALITY_UNASSIGNED,FIRST_SINGULARITY_SHELL_EXHAUSTED_PRIMALITY_UNASSIGNED,514,9595,9595
SLCMP01-0508,508,143143139,2^143143139-1,SEARCH_INPUT,STRUCTURAL_SCREEN_EXHAUSTED_PRIMALITY_UNASSIGNED,FIRST_SINGULARITY_SHELL_EXHAUSTED_PRIMALITY_UNASSIGNED,514,9595,9595
SLCMP01-0509,509,143143867,2^143143867-1,SEARCH_INPUT,STRUCTURAL_SCREEN_EXHAUSTED_PRIMALITY_UNASSIGNED,FIRST_SINGULARITY_SHELL_EXHAUSTED_PRIMALITY_UNASSIGNED,514,9595,9595
SLCMP01-0510,510,143143909,2^143143909-1,SEARCH_INPUT,STRUCTURAL_SCREEN_EXHAUSTED_PRIMALITY_UNASSIGNED,FIRST_SINGULARITY_SHELL_EXHAUSTED_PRIMALITY_UNASSIGNED,513,9595,9595
SLCMP01-0511,511,143144101,2^143144101-1,SEARCH_INPUT,STRUCTURAL_SCREEN_EXHAUSTED_PRIMALITY_UNASSIGNED,FIRST_SINGULARITY_SHELL_EXHAUSTED_PRIMALITY_UNASSIGNED,513,9595,9595
SLCMP01-0512,512,143144159,2^143144159-1,SEARCH_INPUT,STRUCTURAL_SCREEN_EXHAUSTED_PRIMALITY_UNASSIGNED,FIRST_SINGULARITY_SHELL_EXHAUSTED_PRIMALITY_UNASSIGNED,514,9595,9595
SLCMP01-0513,513,143144201,2^143144201-1,SEARCH_INPUT,STRUCTURAL_SCREEN_EXHAUSTED_PRIMALITY_UNASSIGNED,FIRST_SINGULARITY_SHELL_EXHAUSTED_PRIMALITY_UNASSIGNED,513,9595,9595
SLCMP01-0514,514,143144273,2^143144273-1,SEARCH_INPUT,STRUCTURAL_SCREEN_EXHAUSTED_PRIMALITY_UNASSIGNED,FIRST_SINGULARITY_SHELL_EXHAUSTED_PRIMALITY_UNASSIGNED,513,9595,9595
SLCMP01-0515,515,143144333,2^143144333-1,SEARCH_INPUT,STRUCTURAL_SCREEN_EXHAUSTED_PRIMALITY_UNASSIGNED,FIRST_SINGULARITY_SHELL_EXHAUSTED_PRIMALITY_UNASSIGNED,513,9595,9595
SLCMP01-0516,516,143144579,2^143144579-1,SEARCH_INPUT,STRUCTURAL_SCREEN_EXHAUSTED_PRIMALITY_UNASSIGNED,FIRST_SINGULARITY_SHELL_EXHAUSTED_PRIMALITY_UNASSIGNED,514,9595,9595
SLCMP01-0517,517,143144753,2^143144753-1,SEARCH_INPUT,STRUCTURAL_SCREEN_EXHAUSTED_PRIMALITY_UNASSIGNED,FIRST_SINGULARITY_SHELL_EXHAUSTED_PRIMALITY_UNASSIGNED,513,9595,9595
SLCMP01-0518,518,143144831,2^143144831-1,SEARCH_INPUT,STRUCTURAL_SCREEN_EXHAUSTED_PRIMALITY_UNASSIGNED,FIRST_SINGULARITY_SHELL_EXHAUSTED_PRIMALITY_UNASSIGNED,514,9595,9595
SLCMP01-0519,519,143144873,2^143144873-1,SEARCH_INPUT,STRUCTURAL_SCREEN_EXHAUSTED_PRIMALITY_UNASSIGNED,FIRST_SINGULARITY_SHELL_EXHAUSTED_PRIMALITY_UNASSIGNED,513,9595,9595
SLCMP01-0520,520,143144929,2^143144929-1,SEARCH_INPUT,STRUCTURAL_SCREEN_EXHAUSTED_PRIMALITY_UNASSIGNED,FIRST_SINGULARITY_SHELL_EXHAUSTED_PRIMALITY_UNASSIGNED,513,9595,9595
SLCMP01-0521,521,143144933,2^143144933-1,SEARCH_INPUT,STRUCTURAL_SCREEN_EXHAUSTED_PRIMALITY_UNASSIGNED,FIRST_SINGULARITY_SHELL_EXHAUSTED_PRIMALITY_UNASSIGNED,513,9595,9595
SLCMP01-0522,522,143145001,2^143145001-1,SEARCH_INPUT,STRUCTURAL_SCREEN_EXHAUSTED_PRIMALITY_UNASSIGNED,FIRST_SINGULARITY_SHELL_EXHAUSTED_PRIMALITY_UNASSIGNED,513,9595,9595
SLCMP01-0523,523,143145089,2^143145089-1,SEARCH_INPUT,STRUCTURAL_SCREEN_EXHAUSTED_PRIMALITY_UNASSIGNED,FIRST_SINGULARITY_SHELL_EXHAUSTED_PRIMALITY_UNASSIGNED,513,9595,9595
SLCMP01-0524,524,143145137,2^143145137-1,SEARCH_INPUT,STRUCTURAL_SCREEN_EXHAUSTED_PRIMALITY_UNASSIGNED,FIRST_SINGULARITY_SHELL_EXHAUSTED_PRIMALITY_UNASSIGNED,513,9595,9595
SLCMP01-0525,525,143145139,2^143145139-1,SEARCH_INPUT,STRUCTURAL_SCREEN_EXHAUSTED_PRIMALITY_UNASSIGNED,FIRST_SINGULARITY_SHELL_EXHAUSTED_PRIMALITY_UNASSIGNED,514,9595,9595
SLCMP01-0526,526,143145239,2^143145239-1,SEARCH_INPUT,STRUCTURAL_SCREEN_EXHAUSTED_PRIMALITY_UNASSIGNED,FIRST_SINGULARITY_SHELL_EXHAUSTED_PRIMALITY_UNASSIGNED,514,9595,9595
SLCMP01-0527,527,143145251,2^143145251-1,SEARCH_INPUT,STRUCTURAL_SCREEN_EXHAUSTED_PRIMALITY_UNASSIGNED,FIRST_SINGULARITY_SHELL_EXHAUSTED_PRIMALITY_UNASSIGNED,514,9595,9595
SLCMP01-0528,528,143145329,2^143145329-1,SEARCH_INPUT,STRUCTURAL_SCREEN_EXHAUSTED_PRIMALITY_UNASSIGNED,FIRST_SINGULARITY_SHELL_EXHAUSTED_PRIMALITY_UNASSIGNED,513,9595,9595
SLCMP01-0529,529,143145437,2^143145437-1,SEARCH_INPUT,STRUCTURAL_SCREEN_EXHAUSTED_PRIMALITY_UNASSIGNED,FIRST_SINGULARITY_SHELL_EXHAUSTED_PRIMALITY_UNASSIGNED,513,9595,9595
SLCMP01-0530,530,143145463,2^143145463-1,SEARCH_INPUT,STRUCTURAL_SCREEN_EXHAUSTED_PRIMALITY_UNASSIGNED,FIRST_SINGULARITY_SHELL_EXHAUSTED_PRIMALITY_UNASSIGNED,514,9595,9595
SLCMP01-0531,531,143145511,2^143145511-1,SEARCH_INPUT,STRUCTURAL_SCREEN_EXHAUSTED_PRIMALITY_UNASSIGNED,FIRST_SINGULARITY_SHELL_EXHAUSTED_PRIMALITY_UNASSIGNED,514,9595,9595
SLCMP01-0532,532,143145539,2^143145539-1,SEARCH_INPUT,STRUCTURAL_SCREEN_EXHAUSTED_PRIMALITY_UNASSIGNED,FIRST_SINGULARITY_SHELL_EXHAUSTED_PRIMALITY_UNASSIGNED,514,9595,9595
SLCMP01-0533,533,143145643,2^143145643-1,SEARCH_INPUT,STRUCTURAL_SCREEN_EXHAUSTED_PRIMALITY_UNASSIGNED,FIRST_SINGULARITY_SHELL_EXHAUSTED_PRIMALITY_UNASSIGNED,514,9595,9595
SLCMP01-0534,534,143145733,2^143145733-1,SEARCH_INPUT,STRUCTURAL_SCREEN_EXHAUSTED_PRIMALITY_UNASSIGNED,FIRST_SINGULARITY_SHELL_EXHAUSTED_PRIMALITY_UNASSIGNED,513,9595,9595
SLCMP01-0535,535,143145799,2^143145799-1,SEARCH_INPUT,STRUCTURAL_SCREEN_EXHAUSTED_PRIMALITY_UNASSIGNED,FIRST_SINGULARITY_SHELL_EXHAUSTED_PRIMALITY_UNASSIGNED,514,9595,9595
SLCMP01-0536,536,143145923,2^143145923-1,SEARCH_INPUT,STRUCTURAL_SCREEN_EXHAUSTED_PRIMALITY_UNASSIGNED,FIRST_SINGULARITY_SHELL_EXHAUSTED_PRIMALITY_UNASSIGNED,514,9595,9595
SLCMP01-0537,537,143146039,2^143146039-1,SEARCH_INPUT,STRUCTURAL_SCREEN_EXHAUSTED_PRIMALITY_UNASSIGNED,FIRST_SINGULARITY_SHELL_EXHAUSTED_PRIMALITY_UNASSIGNED,514,9595,9595
SLCMP01-0538,538,143146151,2^143146151-1,SEARCH_INPUT,STRUCTURAL_SCREEN_EXHAUSTED_PRIMALITY_UNASSIGNED,FIRST_SINGULARITY_SHELL_EXHAUSTED_PRIMALITY_UNASSIGNED,514,9595,9595
SLCMP01-0539,539,143146169,2^143146169-1,SEARCH_INPUT,STRUCTURAL_SCREEN_EXHAUSTED_PRIMALITY_UNASSIGNED,FIRST_SINGULARITY_SHELL_EXHAUSTED_PRIMALITY_UNASSIGNED,513,9595,9595
SLCMP01-0540,540,143146219,2^143146219-1,SEARCH_INPUT,STRUCTURAL_SCREEN_EXHAUSTED_PRIMALITY_UNASSIGNED,FIRST_SINGULARITY_SHELL_EXHAUSTED_PRIMALITY_UNASSIGNED,514,9595,9595
SLCMP01-0541,541,143146261,2^143146261-1,SEARCH_INPUT,STRUCTURAL_SCREEN_EXHAUSTED_PRIMALITY_UNASSIGNED,FIRST_SINGULARITY_SHELL_EXHAUSTED_PRIMALITY_UNASSIGNED,513,9595,9595
SLCMP01-0542,542,143146327,2^143146327-1,SEARCH_INPUT,STRUCTURAL_SCREEN_EXHAUSTED_PRIMALITY_UNASSIGNED,FIRST_SINGULARITY_SHELL_EXHAUSTED_PRIMALITY_UNASSIGNED,514,9595,9595
SLCMP01-0543,543,143146343,2^143146343-1,SEARCH_INPUT,STRUCTURAL_SCREEN_EXHAUSTED_PRIMALITY_UNASSIGNED,FIRST_SINGULARITY_SHELL_EXHAUSTED_PRIMALITY_UNASSIGNED,514,9595,9595
SLCMP01-0544,544,143146403,2^143146403-1,SEARCH_INPUT,STRUCTURAL_SCREEN_EXHAUSTED_PRIMALITY_UNASSIGNED,FIRST_SINGULARITY_SHELL_EXHAUSTED_PRIMALITY_UNASSIGNED,514,9595,9595
SLCMP01-0545,545,143146469,2^143146469-1,SEARCH_INPUT,STRUCTURAL_SCREEN_EXHAUSTED_PRIMALITY_UNASSIGNED,FIRST_SINGULARITY_SHELL_EXHAUSTED_PRIMALITY_UNASSIGNED,513,9595,9595
SLCMP01-0546,546,143146603,2^143146603-1,SEARCH_INPUT,STRUCTURAL_SCREEN_EXHAUSTED_PRIMALITY_UNASSIGNED,FIRST_SINGULARITY_SHELL_EXHAUSTED_PRIMALITY_UNASSIGNED,514,9595,9595
SLCMP01-0547,547,143146793,2^143146793-1,SEARCH_INPUT,STRUCTURAL_SCREEN_EXHAUSTED_PRIMALITY_UNASSIGNED,FIRST_SINGULARITY_SHELL_EXHAUSTED_PRIMALITY_UNASSIGNED,513,9595,9595
SLCMP01-0548,548,143146841,2^143146841-1,SEARCH_INPUT,STRUCTURAL_SCREEN_EXHAUSTED_PRIMALITY_UNASSIGNED,FIRST_SINGULARITY_SHELL_EXHAUSTED_PRIMALITY_UNASSIGNED,513,9595,9595
SLCMP01-0549,549,143146897,2^143146897-1,SEARCH_INPUT,STRUCTURAL_SCREEN_EXHAUSTED_PRIMALITY_UNASSIGNED,FIRST_SINGULARITY_SHELL_EXHAUSTED_PRIMALITY_UNASSIGNED,513,9595,9595
SLCMP01-0550,550,143147111,2^143147111-1,SEARCH_INPUT,STRUCTURAL_SCREEN_EXHAUSTED_PRIMALITY_UNASSIGNED,FIRST_SINGULARITY_SHELL_EXHAUSTED_PRIMALITY_UNASSIGNED,514,9595,9595
SLCMP01-0551,551,143147143,2^143147143-1,SEARCH_INPUT,STRUCTURAL_SCREEN_EXHAUSTED_PRIMALITY_UNASSIGNED,FIRST_SINGULARITY_SHELL_EXHAUSTED_PRIMALITY_UNASSIGNED,514,9595,9595
SLCMP01-0552,552,143147209,2^143147209-1,SEARCH_INPUT,STRUCTURAL_SCREEN_EXHAUSTED_PRIMALITY_UNASSIGNED,FIRST_SINGULARITY_SHELL_EXHAUSTED_PRIMALITY_UNASSIGNED,513,9595,9595
SLCMP01-0553,553,143147299,2^143147299-1,SEARCH_INPUT,STRUCTURAL_SCREEN_EXHAUSTED_PRIMALITY_UNASSIGNED,FIRST_SINGULARITY_SHELL_EXHAUSTED_PRIMALITY_UNASSIGNED,514,9595,9595
SLCMP01-0554,554,143147453,2^143147453-1,SEARCH_INPUT,STRUCTURAL_SCREEN_EXHAUSTED_PRIMALITY_UNASSIGNED,FIRST_SINGULARITY_SHELL_EXHAUSTED_PRIMALITY_UNASSIGNED,513,9595,9595
SLCMP01-0555,555,143147519,2^143147519-1,SEARCH_INPUT,STRUCTURAL_SCREEN_EXHAUSTED_PRIMALITY_UNASSIGNED,FIRST_SINGULARITY_SHELL_EXHAUSTED_PRIMALITY_UNASSIGNED,514,9595,9595
SLCMP01-0556,556,143147591,2^143147591-1,SEARCH_INPUT,STRUCTURAL_SCREEN_EXHAUSTED_PRIMALITY_UNASSIGNED,FIRST_SINGULARITY_SHELL_EXHAUSTED_PRIMALITY_UNASSIGNED,514,9595,9595
SLCMP01-0557,557,143147623,2^143147623-1,SEARCH_INPUT,STRUCTURAL_SCREEN_EXHAUSTED_PRIMALITY_UNASSIGNED,FIRST_SINGULARITY_SHELL_EXHAUSTED_PRIMALITY_UNASSIGNED,514,9595,9595
SLCMP01-0558,558,143147707,2^143147707-1,SEARCH_INPUT,STRUCTURAL_SCREEN_EXHAUSTED_PRIMALITY_UNASSIGNED,FIRST_SINGULARITY_SHELL_EXHAUSTED_PRIMALITY_UNASSIGNED,514,9595,9595
SLCMP01-0559,559,143147779,2^143147779-1,SEARCH_INPUT,STRUCTURAL_SCREEN_EXHAUSTED_PRIMALITY_UNASSIGNED,FIRST_SINGULARITY_SHELL_EXHAUSTED_PRIMALITY_UNASSIGNED,514,9595,9595
SLCMP01-0560,560,143147941,2^143147941-1,SEARCH_INPUT,STRUCTURAL_SCREEN_EXHAUSTED_PRIMALITY_UNASSIGNED,FIRST_SINGULARITY_SHELL_EXHAUSTED_PRIMALITY_UNASSIGNED,513,9595,9595
SLCMP01-0561,561,143147981,2^143147981-1,SEARCH_INPUT,STRUCTURAL_SCREEN_EXHAUSTED_PRIMALITY_UNASSIGNED,FIRST_SINGULARITY_SHELL_EXHAUSTED_PRIMALITY_UNASSIGNED,513,9595,9595
SLCMP01-0562,562,143148011,2^143148011-1,SEARCH_INPUT,STRUCTURAL_SCREEN_EXHAUSTED_PRIMALITY_UNASSIGNED,FIRST_SINGULARITY_SHELL_EXHAUSTED_PRIMALITY_UNASSIGNED,514,9595,9595
SLCMP01-0563,563,143148077,2^143148077-1,SEARCH_INPUT,STRUCTURAL_SCREEN_EXHAUSTED_PRIMALITY_UNASSIGNED,FIRST_SINGULARITY_SHELL_EXHAUSTED_PRIMALITY_UNASSIGNED,513,9595,9595
SLCMP01-0564,564,143148091,2^143148091-1,SEARCH_INPUT,STRUCTURAL_SCREEN_EXHAUSTED_PRIMALITY_UNASSIGNED,FIRST_SINGULARITY_SHELL_EXHAUSTED_PRIMALITY_UNASSIGNED,514,9595,9595
SLCMP01-0565,565,143148253,2^143148253-1,SEARCH_INPUT,STRUCTURAL_SCREEN_EXHAUSTED_PRIMALITY_UNASSIGNED,FIRST_SINGULARITY_SHELL_EXHAUSTED_PRIMALITY_UNASSIGNED,513,9595,9595
SLCMP01-0566,566,143148349,2^143148349-1,SEARCH_INPUT,STRUCTURAL_SCREEN_EXHAUSTED_PRIMALITY_UNASSIGNED,FIRST_SINGULARITY_SHELL_EXHAUSTED_PRIMALITY_UNASSIGNED,513,9595,9595
SLCMP01-0567,567,143148377,2^143148377-1,SEARCH_INPUT,STRUCTURAL_SCREEN_EXHAUSTED_PRIMALITY_UNASSIGNED,FIRST_SINGULARITY_SHELL_EXHAUSTED_PRIMALITY_UNASSIGNED,513,9595,9595
SLCMP01-0568,568,143148463,2^143148463-1,SEARCH_INPUT,STRUCTURAL_SCREEN_EXHAUSTED_PRIMALITY_UNASSIGNED,FIRST_SINGULARITY_SHELL_EXHAUSTED_PRIMALITY_UNASSIGNED,514,9595,9595
SLCMP01-0569,569,143148487,2^143148487-1,SEARCH_INPUT,STRUCTURAL_SCREEN_EXHAUSTED_PRIMALITY_UNASSIGNED,FIRST_SINGULARITY_SHELL_EXHAUSTED_PRIMALITY_UNASSIGNED,514,9595,9595
SLCMP01-0570,570,143148541,2^143148541-1,SEARCH_INPUT,STRUCTURAL_SCREEN_EXHAUSTED_PRIMALITY_UNASSIGNED,FIRST_SINGULARITY_SHELL_EXHAUSTED_PRIMALITY_UNASSIGNED,513,9595,9595
SLCMP01-0571,571,143148569,2^143148569-1,SEARCH_INPUT,STRUCTURAL_SCREEN_EXHAUSTED_PRIMALITY_UNASSIGNED,FIRST_SINGULARITY_SHELL_EXHAUSTED_PRIMALITY_UNASSIGNED,513,9595,9595
SLCMP01-0572,572,143148631,2^143148631-1,SEARCH_INPUT,STRUCTURAL_SCREEN_EXHAUSTED_PRIMALITY_UNASSIGNED,FIRST_SINGULARITY_SHELL_EXHAUSTED_PRIMALITY_UNASSIGNED,514,9595,9595
SLCMP01-0573,573,143148659,2^143148659-1,SEARCH_INPUT,STRUCTURAL_SCREEN_EXHAUSTED_PRIMALITY_UNASSIGNED,FIRST_SINGULARITY_SHELL_EXHAUSTED_PRIMALITY_UNASSIGNED,514,9595,9595
SLCMP01-0574,574,143148791,2^143148791-1,SEARCH_INPUT,STRUCTURAL_SCREEN_EXHAUSTED_PRIMALITY_UNASSIGNED,FIRST_SINGULARITY_SHELL_EXHAUSTED_PRIMALITY_UNASSIGNED,514,9595,9595
SLCMP01-0575,575,143148847,2^143148847-1,SEARCH_INPUT,STRUCTURAL_SCREEN_EXHAUSTED_PRIMALITY_UNASSIGNED,FIRST_SINGULARITY_SHELL_EXHAUSTED_PRIMALITY_UNASSIGNED,514,9595,9595
SLCMP01-0576,576,143148977,2^143148977-1,SEARCH_INPUT,STRUCTURAL_SCREEN_EXHAUSTED_PRIMALITY_UNASSIGNED,FIRST_SINGULARITY_SHELL_EXHAUSTED_PRIMALITY_UNASSIGNED,513,9595,9595
SLCMP01-0577,577,143149001,2^143149001-1,SEARCH_INPUT,STRUCTURAL_SCREEN_EXHAUSTED_PRIMALITY_UNASSIGNED,FIRST_SINGULARITY_SHELL_EXHAUSTED_PRIMALITY_UNASSIGNED,513,9595,9595
SLCMP01-0578,578,143149067,2^143149067-1,SEARCH_INPUT,STRUCTURAL_SCREEN_EXHAUSTED_PRIMALITY_UNASSIGNED,FIRST_SINGULARITY_SHELL_EXHAUSTED_PRIMALITY_UNASSIGNED,514,9595,9595
SLCMP01-0579,579,143149109,2^143149109-1,SEARCH_INPUT,STRUCTURAL_SCREEN_EXHAUSTED_PRIMALITY_UNASSIGNED,FIRST_SINGULARITY_SHELL_EXHAUSTED_PRIMALITY_UNASSIGNED,513,9595,9595
SLCMP01-0580,580,143149207,2^143149207-1,SEARCH_INPUT,STRUCTURAL_SCREEN_EXHAUSTED_PRIMALITY_UNASSIGNED,FIRST_SINGULARITY_SHELL_EXHAUSTED_PRIMALITY_UNASSIGNED,514,9595,9595
SLCMP01-0581,581,143149213,2^143149213-1,SEARCH_INPUT,STRUCTURAL_SCREEN_EXHAUSTED_PRIMALITY_UNASSIGNED,FIRST_SINGULARITY_SHELL_EXHAUSTED_PRIMALITY_UNASSIGNED,513,9595,9595
SLCMP01-0582,582,143149271,2^143149271-1,SEARCH_INPUT,STRUCTURAL_SCREEN_EXHAUSTED_PRIMALITY_UNASSIGNED,FIRST_SINGULARITY_SHELL_EXHAUSTED_PRIMALITY_UNASSIGNED,514,9595,9595
SLCMP01-0583,583,143149429,2^143149429-1,SEARCH_INPUT,STRUCTURAL_SCREEN_EXHAUSTED_PRIMALITY_UNASSIGNED,FIRST_SINGULARITY_SHELL_EXHAUSTED_PRIMALITY_UNASSIGNED,513,9595,9595
SLCMP01-0584,584,143149499,2^143149499-1,SEARCH_INPUT,STRUCTURAL_SCREEN_EXHAUSTED_PRIMALITY_UNASSIGNED,FIRST_SINGULARITY_SHELL_EXHAUSTED_PRIMALITY_UNASSIGNED,514,9595,9595
SLCMP01-0585,585,143149511,2^143149511-1,SEARCH_INPUT,STRUCTURAL_SCREEN_EXHAUSTED_PRIMALITY_UNASSIGNED,FIRST_SINGULARITY_SHELL_EXHAUSTED_PRIMALITY_UNASSIGNED,514,9595,9595
SLCMP01-0586,586,143149579,2^143149579-1,SEARCH_INPUT,STRUCTURAL_SCREEN_EXHAUSTED_PRIMALITY_UNASSIGNED,FIRST_SINGULARITY_SHELL_EXHAUSTED_PRIMALITY_UNASSIGNED,514,9595,9595
SLCMP01-0587,587,143149583,2^143149583-1,SEARCH_INPUT,STRUCTURAL_SCREEN_EXHAUSTED_PRIMALITY_UNASSIGNED,FIRST_SINGULARITY_SHELL_EXHAUSTED_PRIMALITY_UNASSIGNED,514,9595,9595
SLCMP01-0588,588,143149637,2^143149637-1,SEARCH_INPUT,STRUCTURAL_SCREEN_EXHAUSTED_PRIMALITY_UNASSIGNED,FIRST_SINGULARITY_SHELL_EXHAUSTED_PRIMALITY_UNASSIGNED,513,9595,9595
SLCMP01-0589,589,143149651,2^143149651-1,SEARCH_INPUT,STRUCTURAL_SCREEN_EXHAUSTED_PRIMALITY_UNASSIGNED,FIRST_SINGULARITY_SHELL_EXHAUSTED_PRIMALITY_UNASSIGNED,514,9595,9595
SLCMP01-0590,590,143149711,2^143149711-1,SEARCH_INPUT,STRUCTURAL_SCREEN_EXHAUSTED_PRIMALITY_UNASSIGNED,FIRST_SINGULARITY_SHELL_EXHAUSTED_PRIMALITY_UNASSIGNED,514,9595,9595
SLCMP01-0591,591,143149717,2^143149717-1,SEARCH_INPUT,STRUCTURAL_SCREEN_EXHAUSTED_PRIMALITY_UNASSIGNED,FIRST_SINGULARITY_SHELL_EXHAUSTED_PRIMALITY_UNASSIGNED,513,9595,9595
SLCMP01-0592,592,143149739,2^143149739-1,SEARCH_INPUT,STRUCTURAL_SCREEN_EXHAUSTED_PRIMALITY_UNASSIGNED,FIRST_SINGULARITY_SHELL_EXHAUSTED_PRIMALITY_UNASSIGNED,514,9595,9595
SLCMP01-0593,593,143149759,2^143149759-1,SEARCH_INPUT,STRUCTURAL_SCREEN_EXHAUSTED_PRIMALITY_UNASSIGNED,FIRST_SINGULARITY_SHELL_EXHAUSTED_PRIMALITY_UNASSIGNED,514,9595,9595
SLCMP01-0594,594,143149777,2^143149777-1,SEARCH_INPUT,STRUCTURAL_SCREEN_EXHAUSTED_PRIMALITY_UNASSIGNED,FIRST_SINGULARITY_SHELL_EXHAUSTED_PRIMALITY_UNASSIGNED,513,9595,9595
SLCMP01-0595,595,143149891,2^143149891-1,SEARCH_INPUT,STRUCTURAL_SCREEN_EXHAUSTED_PRIMALITY_UNASSIGNED,FIRST_SINGULARITY_SHELL_EXHAUSTED_PRIMALITY_UNASSIGNED,514,9595,9595
SLCMP01-0596,596,143149969,2^143149969-1,SEARCH_INPUT,STRUCTURAL_SCREEN_EXHAUSTED_PRIMALITY_UNASSIGNED,FIRST_SINGULARITY_SHELL_EXHAUSTED_PRIMALITY_UNASSIGNED,513,9595,9595
SLCMP01-0597,597,143149997,2^143149997-1,SEARCH_INPUT,STRUCTURAL_SCREEN_EXHAUSTED_PRIMALITY_UNASSIGNED,FIRST_SINGULARITY_SHELL_EXHAUSTED_PRIMALITY_UNASSIGNED,513,9595,9595
SLCMP01-0598,598,143150011,2^143150011-1,SEARCH_INPUT,STRUCTURAL_SCREEN_EXHAUSTED_PRIMALITY_UNASSIGNED,FIRST_SINGULARITY_SHELL_EXHAUSTED_PRIMALITY_UNASSIGNED,514,9595,9595
SLCMP01-0599,599,143150083,2^143150083-1,SEARCH_INPUT,STRUCTURAL_SCREEN_EXHAUSTED_PRIMALITY_UNASSIGNED,FIRST_SINGULARITY_SHELL_EXHAUSTED_PRIMALITY_UNASSIGNED,514,9595,9595
SLCMP01-0600,600,143150089,2^143150089-1,SEARCH_INPUT,STRUCTURAL_SCREEN_EXHAUSTED_PRIMALITY_UNASSIGNED,FIRST_SINGULARITY_SHELL_EXHAUSTED_PRIMALITY_UNASSIGNED,513,9595,9595
SLCMP01-0601,601,143150143,2^143150143-1,SEARCH_INPUT,STRUCTURAL_SCREEN_EXHAUSTED_PRIMALITY_UNASSIGNED,FIRST_SINGULARITY_SHELL_EXHAUSTED_PRIMALITY_UNASSIGNED,514,9595,9595
SLCMP01-0602,602,143150197,2^143150197-1,SEARCH_INPUT,STRUCTURAL_SCREEN_EXHAUSTED_PRIMALITY_UNASSIGNED,FIRST_SINGULARITY_SHELL_EXHAUSTED_PRIMALITY_UNASSIGNED,513,9595,9595
SLCMP01-0603,603,143150593,2^143150593-1,SEARCH_INPUT,STRUCTURAL_SCREEN_EXHAUSTED_PRIMALITY_UNASSIGNED,FIRST_SINGULARITY_SHELL_EXHAUSTED_PRIMALITY_UNASSIGNED,513,9595,9595
SLCMP01-0604,604,143150599,2^143150599-1,SEARCH_INPUT,STRUCTURAL_SCREEN_EXHAUSTED_PRIMALITY_UNASSIGNED,FIRST_SINGULARITY_SHELL_EXHAUSTED_PRIMALITY_UNASSIGNED,514,9595,9595
SLCMP01-0605,605,143150719,2^143150719-1,SEARCH_INPUT,STRUCTURAL_SCREEN_EXHAUSTED_PRIMALITY_UNASSIGNED,FIRST_SINGULARITY_SHELL_EXHAUSTED_PRIMALITY_UNASSIGNED,514,9595,9595
SLCMP01-0606,606,143150783,2^143150783-1,SEARCH_INPUT,STRUCTURAL_SCREEN_EXHAUSTED_PRIMALITY_UNASSIGNED,FIRST_SINGULARITY_SHELL_EXHAUSTED_PRIMALITY_UNASSIGNED,514,9595,9595
SLCMP01-0607,607,143150809,2^143150809-1,SEARCH_INPUT,STRUCTURAL_SCREEN_EXHAUSTED_PRIMALITY_UNASSIGNED,FIRST_SINGULARITY_SHELL_EXHAUSTED_PRIMALITY_UNASSIGNED,513,9595,9595
SLCMP01-0608,608,143150837,2^143150837-1,SEARCH_INPUT,STRUCTURAL_SCREEN_EXHAUSTED_PRIMALITY_UNASSIGNED,FIRST_SINGULARITY_SHELL_EXHAUSTED_PRIMALITY_UNASSIGNED,513,9595,9595
SLCMP01-0609,609,143150939,2^143150939-1,SEARCH_INPUT,STRUCTURAL_SCREEN_EXHAUSTED_PRIMALITY_UNASSIGNED,FIRST_SINGULARITY_SHELL_EXHAUSTED_PRIMALITY_UNASSIGNED,514,9595,9595
SLCMP01-0610,610,143150947,2^143150947-1,SEARCH_INPUT,STRUCTURAL_SCREEN_EXHAUSTED_PRIMALITY_UNASSIGNED,FIRST_SINGULARITY_SHELL_EXHAUSTED_PRIMALITY_UNASSIGNED,514,9595,9595
SLCMP01-0611,611,143150977,2^143150977-1,SEARCH_INPUT,STRUCTURAL_SCREEN_EXHAUSTED_PRIMALITY_UNASSIGNED,FIRST_SINGULARITY_SHELL_EXHAUSTED_PRIMALITY_UNASSIGNED,513,9595,9595
SLCMP01-0612,612,143150993,2^143150993-1,SEARCH_INPUT,STRUCTURAL_SCREEN_EXHAUSTED_PRIMALITY_UNASSIGNED,FIRST_SINGULARITY_SHELL_EXHAUSTED_PRIMALITY_UNASSIGNED,513,9595,9595
SLCMP01-0613,613,143151053,2^143151053-1,SEARCH_INPUT,STRUCTURAL_SCREEN_EXHAUSTED_PRIMALITY_UNASSIGNED,FIRST_SINGULARITY_SHELL_EXHAUSTED_PRIMALITY_UNASSIGNED,513,9595,9595
SLCMP01-0614,614,143151089,2^143151089-1,SEARCH_INPUT,STRUCTURAL_SCREEN_EXHAUSTED_PRIMALITY_UNASSIGNED,FIRST_SINGULARITY_SHELL_EXHAUSTED_PRIMALITY_UNASSIGNED,513,9595,9595
SLCMP01-0615,615,143151259,2^143151259-1,SEARCH_INPUT,STRUCTURAL_SCREEN_EXHAUSTED_PRIMALITY_UNASSIGNED,FIRST_SINGULARITY_SHELL_EXHAUSTED_PRIMALITY_UNASSIGNED,514,9595,9595
SLCMP01-0616,616,143151311,2^143151311-1,SEARCH_INPUT,STRUCTURAL_SCREEN_EXHAUSTED_PRIMALITY_UNASSIGNED,FIRST_SINGULARITY_SHELL_EXHAUSTED_PRIMALITY_UNASSIGNED,514,9595,9595
SLCMP01-0617,617,143151317,2^143151317-1,SEARCH_INPUT,STRUCTURAL_SCREEN_EXHAUSTED_PRIMALITY_UNASSIGNED,FIRST_SINGULARITY_SHELL_EXHAUSTED_PRIMALITY_UNASSIGNED,513,9595,9595
SLCMP01-0618,618,143151353,2^143151353-1,SEARCH_INPUT,STRUCTURAL_SCREEN_EXHAUSTED_PRIMALITY_UNASSIGNED,FIRST_SINGULARITY_SHELL_EXHAUSTED_PRIMALITY_UNASSIGNED,513,9595,9595
SLCMP01-0619,619,143151493,2^143151493-1,SEARCH_INPUT,STRUCTURAL_SCREEN_EXHAUSTED_PRIMALITY_UNASSIGNED,FIRST_SINGULARITY_SHELL_EXHAUSTED_PRIMALITY_UNASSIGNED,513,9595,9595
SLCMP01-0620,620,143151539,2^143151539-1,SEARCH_INPUT,STRUCTURAL_SCREEN_EXHAUSTED_PRIMALITY_UNASSIGNED,FIRST_SINGULARITY_SHELL_EXHAUSTED_PRIMALITY_UNASSIGNED,514,9595,9595
SLCMP01-0621,621,143151709,2^143151709-1,SEARCH_INPUT,STRUCTURAL_SCREEN_EXHAUSTED_PRIMALITY_UNASSIGNED,FIRST_SINGULARITY_SHELL_EXHAUSTED_PRIMALITY_UNASSIGNED,513,9595,9595
SLCMP01-0622,622,143151739,2^143151739-1,SEARCH_INPUT,STRUCTURAL_SCREEN_EXHAUSTED_PRIMALITY_UNASSIGNED,FIRST_SINGULARITY_SHELL_EXHAUSTED_PRIMALITY_UNASSIGNED,514,9595,9595
SLCMP01-0623,623,143151901,2^143151901-1,SEARCH_INPUT,STRUCTURAL_SCREEN_EXHAUSTED_PRIMALITY_UNASSIGNED,FIRST_SINGULARITY_SHELL_EXHAUSTED_PRIMALITY_UNASSIGNED,513,9595,9595
SLCMP01-0624,624,143151907,2^143151907-1,SEARCH_INPUT,STRUCTURAL_SCREEN_EXHAUSTED_PRIMALITY_UNASSIGNED,FIRST_SINGULARITY_SHELL_EXHAUSTED_PRIMALITY_UNASSIGNED,514,9595,9595
SLCMP01-0625,625,143151929,2^143151929-1,SEARCH_INPUT,STRUCTURAL_SCREEN_EXHAUSTED_PRIMALITY_UNASSIGNED,FIRST_SINGULARITY_SHELL_EXHAUSTED_PRIMALITY_UNASSIGNED,513,9595,9595
SLCMP01-0626,626,143151941,2^143151941-1,SEARCH_INPUT,STRUCTURAL_SCREEN_EXHAUSTED_PRIMALITY_UNASSIGNED,FIRST_SINGULARITY_SHELL_EXHAUSTED_PRIMALITY_UNASSIGNED,513,9595,9595
SLCMP01-0627,627,143151949,2^143151949-1,SEARCH_INPUT,STRUCTURAL_SCREEN_EXHAUSTED_PRIMALITY_UNASSIGNED,FIRST_SINGULARITY_SHELL_EXHAUSTED_PRIMALITY_UNASSIGNED,513,9595,9595
SLCMP01-0628,628,143152027,2^143152027-1,SEARCH_INPUT,STRUCTURAL_SCREEN_EXHAUSTED_PRIMALITY_UNASSIGNED,FIRST_SINGULARITY_SHELL_EXHAUSTED_PRIMALITY_UNASSIGNED,514,9595,9595
SLCMP01-0629,629,143152039,2^143152039-1,SEARCH_INPUT,STRUCTURAL_SCREEN_EXHAUSTED_PRIMALITY_UNASSIGNED,FIRST_SINGULARITY_SHELL_EXHAUSTED_PRIMALITY_UNASSIGNED,514,9595,9595
SLCMP01-0630,630,143152127,2^143152127-1,SEARCH_INPUT,STRUCTURAL_SCREEN_EXHAUSTED_PRIMALITY_UNASSIGNED,FIRST_SINGULARITY_SHELL_EXHAUSTED_PRIMALITY_UNASSIGNED,514,9595,9595
SLCMP01-0631,631,143152159,2^143152159-1,SEARCH_INPUT,STRUCTURAL_SCREEN_EXHAUSTED_PRIMALITY_UNASSIGNED,FIRST_SINGULARITY_SHELL_EXHAUSTED_PRIMALITY_UNASSIGNED,514,9595,9595
SLCMP01-0632,632,143152169,2^143152169-1,SEARCH_INPUT,STRUCTURAL_SCREEN_EXHAUSTED_PRIMALITY_UNASSIGNED,FIRST_SINGULARITY_SHELL_EXHAUSTED_PRIMALITY_UNASSIGNED,513,9595,9595
SLCMP01-0633,633,143152201,2^143152201-1,SEARCH_INPUT,STRUCTURAL_SCREEN_EXHAUSTED_PRIMALITY_UNASSIGNED,FIRST_SINGULARITY_SHELL_EXHAUSTED_PRIMALITY_UNASSIGNED,513,9595,9595
SLCMP01-0634,634,143152237,2^143152237-1,SEARCH_INPUT,STRUCTURAL_SCREEN_EXHAUSTED_PRIMALITY_UNASSIGNED,FIRST_SINGULARITY_SHELL_EXHAUSTED_PRIMALITY_UNASSIGNED,513,9595,9595
SLCMP01-0635,635,143152363,2^143152363-1,SEARCH_INPUT,STRUCTURAL_SCREEN_EXHAUSTED_PRIMALITY_UNASSIGNED,FIRST_SINGULARITY_SHELL_EXHAUSTED_PRIMALITY_UNASSIGNED,514,9595,9595
SLCMP01-0636,636,143152369,2^143152369-1,SEARCH_INPUT,STRUCTURAL_SCREEN_EXHAUSTED_PRIMALITY_UNASSIGNED,FIRST_SINGULARITY_SHELL_EXHAUSTED_PRIMALITY_UNASSIGNED,513,9595,9595
SLCMP01-0637,637,143152463,2^143152463-1,SEARCH_INPUT,STRUCTURAL_SCREEN_EXHAUSTED_PRIMALITY_UNASSIGNED,FIRST_SINGULARITY_SHELL_EXHAUSTED_PRIMALITY_UNASSIGNED,514,9595,9595
SLCMP01-0638,638,143152571,2^143152571-1,SEARCH_INPUT,STRUCTURAL_SCREEN_EXHAUSTED_PRIMALITY_UNASSIGNED,FIRST_SINGULARITY_SHELL_EXHAUSTED_PRIMALITY_UNASSIGNED,514,9595,9595
SLCMP01-0639,639,143152573,2^143152573-1,SEARCH_INPUT,STRUCTURAL_SCREEN_EXHAUSTED_PRIMALITY_UNASSIGNED,FIRST_SINGULARITY_SHELL_EXHAUSTED_PRIMALITY_UNASSIGNED,513,9595,9595
SLCMP01-0640,640,143152657,2^143152657-1,SEARCH_INPUT,STRUCTURAL_SCREEN_EXHAUSTED_PRIMALITY_UNASSIGNED,FIRST_SINGULARITY_SHELL_EXHAUSTED_PRIMALITY_UNASSIGNED,513,9595,9595
SLCMP01-0641,641,143152727,2^143152727-1,SEARCH_INPUT,STRUCTURAL_SCREEN_EXHAUSTED_PRIMALITY_UNASSIGNED,FIRST_SINGULARITY_SHELL_EXHAUSTED_PRIMALITY_UNASSIGNED,514,9595,9595
SLCMP01-0642,642,143152747,2^143152747-1,SEARCH_INPUT,STRUCTURAL_SCREEN_EXHAUSTED_PRIMALITY_UNASSIGNED,FIRST_SINGULARITY_SHELL_EXHAUSTED_PRIMALITY_UNASSIGNED,514,9595,9595
SLCMP01-0643,643,143152871,2^143152871-1,SEARCH_INPUT,STRUCTURAL_SCREEN_EXHAUSTED_PRIMALITY_UNASSIGNED,FIRST_SINGULARITY_SHELL_EXHAUSTED_PRIMALITY_UNASSIGNED,514,9595,9595
SLCMP01-0644,644,143152913,2^143152913-1,SEARCH_INPUT,STRUCTURAL_SCREEN_EXHAUSTED_PRIMALITY_UNASSIGNED,FIRST_SINGULARITY_SHELL_EXHAUSTED_PRIMALITY_UNASSIGNED,513,9595,9595
SLCMP01-0645,645,143152931,2^143152931-1,SEARCH_INPUT,STRUCTURAL_SCREEN_EXHAUSTED_PRIMALITY_UNASSIGNED,FIRST_SINGULARITY_SHELL_EXHAUSTED_PRIMALITY_UNASSIGNED,514,9595,9595
SLCMP01-0646,646,143152967,2^143152967-1,SEARCH_INPUT,STRUCTURAL_SCREEN_EXHAUSTED_PRIMALITY_UNASSIGNED,FIRST_SINGULARITY_SHELL_EXHAUSTED_PRIMALITY_UNASSIGNED,514,9595,9595
SLCMP01-0647,647,143152979,2^143152979-1,SEARCH_INPUT,STRUCTURAL_SCREEN_EXHAUSTED_PRIMALITY_UNASSIGNED,FIRST_SINGULARITY_SHELL_EXHAUSTED_PRIMALITY_UNASSIGNED,514,9595,9595
SLCMP01-0648,648,143153027,2^143153027-1,SEARCH_INPUT,STRUCTURAL_SCREEN_EXHAUSTED_PRIMALITY_UNASSIGNED,FIRST_SINGULARITY_SHELL_EXHAUSTED_PRIMALITY_UNASSIGNED,514,9595,9595
SLCMP01-0649,649,143153083,2^143153083-1,SEARCH_INPUT,STRUCTURAL_SCREEN_EXHAUSTED_PRIMALITY_UNASSIGNED,FIRST_SINGULARITY_SHELL_EXHAUSTED_PRIMALITY_UNASSIGNED,514,9595,9595
SLCMP01-0650,650,143153287,2^143153287-1,SEARCH_INPUT,STRUCTURAL_SCREEN_EXHAUSTED_PRIMALITY_UNASSIGNED,FIRST_SINGULARITY_SHELL_EXHAUSTED_PRIMALITY_UNASSIGNED,514,9595,9595
SLCMP01-0651,651,143153341,2^143153341-1,SEARCH_INPUT,STRUCTURAL_SCREEN_EXHAUSTED_PRIMALITY_UNASSIGNED,FIRST_SINGULARITY_SHELL_EXHAUSTED_PRIMALITY_UNASSIGNED,513,9595,9595
SLCMP01-0652,652,143153497,2^143153497-1,SEARCH_INPUT,STRUCTURAL_SCREEN_EXHAUSTED_PRIMALITY_UNASSIGNED,FIRST_SINGULARITY_SHELL_EXHAUSTED_PRIMALITY_UNASSIGNED,513,9595,9595
SLCMP01-0653,653,143153531,2^143153531-1,SEARCH_INPUT,STRUCTURAL_SCREEN_EXHAUSTED_PRIMALITY_UNASSIGNED,FIRST_SINGULARITY_SHELL_EXHAUSTED_PRIMALITY_UNASSIGNED,514,9595,9595
SLCMP01-0654,654,143153533,2^143153533-1,SEARCH_INPUT,STRUCTURAL_SCREEN_EXHAUSTED_PRIMALITY_UNASSIGNED,FIRST_SINGULARITY_SHELL_EXHAUSTED_PRIMALITY_UNASSIGNED,513,9595,9595
SLCMP01-0655,655,143153539,2^143153539-1,SEARCH_INPUT,STRUCTURAL_SCREEN_EXHAUSTED_PRIMALITY_UNASSIGNED,FIRST_SINGULARITY_SHELL_EXHAUSTED_PRIMALITY_UNASSIGNED,514,9595,9595
SLCMP01-0656,656,143153573,2^143153573-1,SEARCH_INPUT,STRUCTURAL_SCREEN_EXHAUSTED_PRIMALITY_UNASSIGNED,FIRST_SINGULARITY_SHELL_EXHAUSTED_PRIMALITY_UNASSIGNED,513,9595,9595
SLCMP01-0657,657,143153701,2^143153701-1,SEARCH_INPUT,STRUCTURAL_SCREEN_EXHAUSTED_PRIMALITY_UNASSIGNED,FIRST_SINGULARITY_SHELL_EXHAUSTED_PRIMALITY_UNASSIGNED,513,9595,9595
SLCMP01-0658,658,143153707,2^143153707-1,SEARCH_INPUT,STRUCTURAL_SCREEN_EXHAUSTED_PRIMALITY_UNASSIGNED,FIRST_SINGULARITY_SHELL_EXHAUSTED_PRIMALITY_UNASSIGNED,514,9595,9595
SLCMP01-0659,659,143153761,2^143153761-1,SEARCH_INPUT,STRUCTURAL_SCREEN_EXHAUSTED_PRIMALITY_UNASSIGNED,FIRST_SINGULARITY_SHELL_EXHAUSTED_PRIMALITY_UNASSIGNED,513,9595,9595
SLCMP01-0660,660,143153783,2^143153783-1,SEARCH_INPUT,STRUCTURAL_SCREEN_EXHAUSTED_PRIMALITY_UNASSIGNED,FIRST_SINGULARITY_SHELL_EXHAUSTED_PRIMALITY_UNASSIGNED,514,9595,9595
SLCMP01-0661,661,143153887,2^143153887-1,SEARCH_INPUT,STRUCTURAL_SCREEN_EXHAUSTED_PRIMALITY_UNASSIGNED,FIRST_SINGULARITY_SHELL_EXHAUSTED_PRIMALITY_UNASSIGNED,514,9595,9595
SLCMP01-0662,662,143154131,2^143154131-1,SEARCH_INPUT,STRUCTURAL_SCREEN_EXHAUSTED_PRIMALITY_UNASSIGNED,FIRST_SINGULARITY_SHELL_EXHAUSTED_PRIMALITY_UNASSIGNED,514,9595,9595
SLCMP01-0663,663,143154149,2^143154149-1,SEARCH_INPUT,STRUCTURAL_SCREEN_EXHAUSTED_PRIMALITY_UNASSIGNED,FIRST_SINGULARITY_SHELL_EXHAUSTED_PRIMALITY_UNASSIGNED,513,9595,9595
SLCMP01-0664,664,143154203,2^143154203-1,SEARCH_INPUT,STRUCTURAL_SCREEN_EXHAUSTED_PRIMALITY_UNASSIGNED,FIRST_SINGULARITY_SHELL_EXHAUSTED_PRIMALITY_UNASSIGNED,514,9595,9595
SLCMP01-0665,665,143154257,2^143154257-1,SEARCH_INPUT,STRUCTURAL_SCREEN_EXHAUSTED_PRIMALITY_UNASSIGNED,FIRST_SINGULARITY_SHELL_EXHAUSTED_PRIMALITY_UNASSIGNED,513,9595,9595
SLCMP01-0666,666,143154259,2^143154259-1,SEARCH_INPUT,STRUCTURAL_SCREEN_EXHAUSTED_PRIMALITY_UNASSIGNED,FIRST_SINGULARITY_SHELL_EXHAUSTED_PRIMALITY_UNASSIGNED,514,9595,9595
SLCMP01-0667,667,143154289,2^143154289-1,SEARCH_INPUT,STRUCTURAL_SCREEN_EXHAUSTED_PRIMALITY_UNASSIGNED,FIRST_SINGULARITY_SHELL_EXHAUSTED_PRIMALITY_UNASSIGNED,513,9595,9595
SLCMP01-0668,668,143154301,2^143154301-1,SEARCH_INPUT,STRUCTURAL_SCREEN_EXHAUSTED_PRIMALITY_UNASSIGNED,FIRST_SINGULARITY_SHELL_EXHAUSTED_PRIMALITY_UNASSIGNED,513,9595,9595
SLCMP01-0669,669,143154307,2^143154307-1,SEARCH_INPUT,STRUCTURAL_SCREEN_EXHAUSTED_PRIMALITY_UNASSIGNED,FIRST_SINGULARITY_SHELL_EXHAUSTED_PRIMALITY_UNASSIGNED,514,9595,9595
SLCMP01-0670,670,143154359,2^143154359-1,SEARCH_INPUT,STRUCTURAL_SCREEN_EXHAUSTED_PRIMALITY_UNASSIGNED,FIRST_SINGULARITY_SHELL_EXHAUSTED_PRIMALITY_UNASSIGNED,514,9595,9595
SLCMP01-0671,671,143154409,2^143154409-1,SEARCH_INPUT,STRUCTURAL_SCREEN_EXHAUSTED_PRIMALITY_UNASSIGNED,FIRST_SINGULARITY_SHELL_EXHAUSTED_PRIMALITY_UNASSIGNED,513,9595,9595
SLCMP01-0672,672,143154437,2^143154437-1,SEARCH_INPUT,STRUCTURAL_SCREEN_EXHAUSTED_PRIMALITY_UNASSIGNED,FIRST_SINGULARITY_SHELL_EXHAUSTED_PRIMALITY_UNASSIGNED,513,9595,9595
SLCMP01-0673,673,143154457,2^143154457-1,SEARCH_INPUT,STRUCTURAL_SCREEN_EXHAUSTED_PRIMALITY_UNASSIGNED,FIRST_SINGULARITY_SHELL_EXHAUSTED_PRIMALITY_UNASSIGNED,513,9595,9595
SLCMP01-0674,674,143154463,2^143154463-1,SEARCH_INPUT,STRUCTURAL_SCREEN_EXHAUSTED_PRIMALITY_UNASSIGNED,FIRST_SINGULARITY_SHELL_EXHAUSTED_PRIMALITY_UNASSIGNED,514,9595,9595
SLCMP01-0675,675,143154667,2^143154667-1,SEARCH_INPUT,STRUCTURAL_SCREEN_EXHAUSTED_PRIMALITY_UNASSIGNED,FIRST_SINGULARITY_SHELL_EXHAUSTED_PRIMALITY_UNASSIGNED,514,9595,9595
SLCMP01-0676,676,143154719,2^143154719-1,SEARCH_INPUT,STRUCTURAL_SCREEN_EXHAUSTED_PRIMALITY_UNASSIGNED,FIRST_SINGULARITY_SHELL_EXHAUSTED_PRIMALITY_UNASSIGNED,514,9595,9595
SLCMP01-0677,677,143154761,2^143154761-1,SEARCH_INPUT,STRUCTURAL_SCREEN_EXHAUSTED_PRIMALITY_UNASSIGNED,FIRST_SINGULARITY_SHELL_EXHAUSTED_PRIMALITY_UNASSIGNED,513,9595,9595
SLCMP01-0678,678,143154787,2^143154787-1,SEARCH_INPUT,STRUCTURAL_SCREEN_EXHAUSTED_PRIMALITY_UNASSIGNED,FIRST_SINGULARITY_SHELL_EXHAUSTED_PRIMALITY_UNASSIGNED,514,9595,9595
SLCMP01-0679,679,143154871,2^143154871-1,SEARCH_INPUT,STRUCTURAL_SCREEN_EXHAUSTED_PRIMALITY_UNASSIGNED,FIRST_SINGULARITY_SHELL_EXHAUSTED_PRIMALITY_UNASSIGNED,514,9595,9595
SLCMP01-0680,680,143154929,2^143154929-1,SEARCH_INPUT,STRUCTURAL_SCREEN_EXHAUSTED_PRIMALITY_UNASSIGNED,FIRST_SINGULARITY_SHELL_EXHAUSTED_PRIMALITY_UNASSIGNED,513,9595,9595
SLCMP01-0681,681,143155301,2^143155301-1,SEARCH_INPUT,STRUCTURAL_SCREEN_EXHAUSTED_PRIMALITY_UNASSIGNED,FIRST_SINGULARITY_SHELL_EXHAUSTED_PRIMALITY_UNASSIGNED,513,9595,9595
SLCMP01-0682,682,143155319,2^143155319-1,SEARCH_INPUT,STRUCTURAL_SCREEN_EXHAUSTED_PRIMALITY_UNASSIGNED,FIRST_SINGULARITY_SHELL_EXHAUSTED_PRIMALITY_UNASSIGNED,514,9595,9595
SLCMP01-0683,683,143155379,2^143155379-1,SEARCH_INPUT,STRUCTURAL_SCREEN_EXHAUSTED_PRIMALITY_UNASSIGNED,FIRST_SINGULARITY_SHELL_EXHAUSTED_PRIMALITY_UNASSIGNED,514,9595,9595
SLCMP01-0684,684,143155423,2^143155423-1,SEARCH_INPUT,STRUCTURAL_SCREEN_EXHAUSTED_PRIMALITY_UNASSIGNED,FIRST_SINGULARITY_SHELL_EXHAUSTED_PRIMALITY_UNASSIGNED,514,9595,9595
SLCMP01-0685,685,143155459,2^143155459-1,SEARCH_INPUT,STRUCTURAL_SCREEN_EXHAUSTED_PRIMALITY_UNASSIGNED,FIRST_SINGULARITY_SHELL_EXHAUSTED_PRIMALITY_UNASSIGNED,514,9595,9595
SLCMP01-0686,686,143155541,2^143155541-1,SEARCH_INPUT,STRUCTURAL_SCREEN_EXHAUSTED_PRIMALITY_UNASSIGNED,FIRST_SINGULARITY_SHELL_EXHAUSTED_PRIMALITY_UNASSIGNED,513,9595,9595
SLCMP01-0687,687,143155567,2^143155567-1,SEARCH_INPUT,STRUCTURAL_SCREEN_EXHAUSTED_PRIMALITY_UNASSIGNED,FIRST_SINGULARITY_SHELL_EXHAUSTED_PRIMALITY_UNASSIGNED,514,9595,9595
SLCMP01-0688,688,143155619,2^143155619-1,SEARCH_INPUT,STRUCTURAL_SCREEN_EXHAUSTED_PRIMALITY_UNASSIGNED,FIRST_SINGULARITY_SHELL_EXHAUSTED_PRIMALITY_UNASSIGNED,514,9595,9595
SLCMP01-0689,689,143155673,2^143155673-1,SEARCH_INPUT,STRUCTURAL_SCREEN_EXHAUSTED_PRIMALITY_UNASSIGNED,FIRST_SINGULARITY_SHELL_EXHAUSTED_PRIMALITY_UNASSIGNED,513,9595,9595
SLCMP01-0690,690,143155697,2^143155697-1,SEARCH_INPUT,STRUCTURAL_SCREEN_EXHAUSTED_PRIMALITY_UNASSIGNED,FIRST_SINGULARITY_SHELL_EXHAUSTED_PRIMALITY_UNASSIGNED,513,9595,9595
SLCMP01-0691,691,143155711,2^143155711-1,SEARCH_INPUT,STRUCTURAL_SCREEN_EXHAUSTED_PRIMALITY_UNASSIGNED,FIRST_SINGULARITY_SHELL_EXHAUSTED_PRIMALITY_UNASSIGNED,514,9595,9595
SLCMP01-0692,692,143155777,2^143155777-1,SEARCH_INPUT,STRUCTURAL_SCREEN_EXHAUSTED_PRIMALITY_UNASSIGNED,FIRST_SINGULARITY_SHELL_EXHAUSTED_PRIMALITY_UNASSIGNED,513,9595,9595
SLCMP01-0693,693,143155783,2^143155783-1,SEARCH_INPUT,STRUCTURAL_SCREEN_EXHAUSTED_PRIMALITY_UNASSIGNED,FIRST_SINGULARITY_SHELL_EXHAUSTED_PRIMALITY_UNASSIGNED,514,9595,9595
SLCMP01-0694,694,143155811,2^143155811-1,SEARCH_INPUT,STRUCTURAL_SCREEN_EXHAUSTED_PRIMALITY_UNASSIGNED,FIRST_SINGULARITY_SHELL_EXHAUSTED_PRIMALITY_UNASSIGNED,514,9595,9595
SLCMP01-0695,695,143155829,2^143155829-1,SEARCH_INPUT,STRUCTURAL_SCREEN_EXHAUSTED_PRIMALITY_UNASSIGNED,FIRST_SINGULARITY_SHELL_EXHAUSTED_PRIMALITY_UNASSIGNED,513,9595,9595
SLCMP01-0696,696,143155949,2^143155949-1,SEARCH_INPUT,STRUCTURAL_SCREEN_EXHAUSTED_PRIMALITY_UNASSIGNED,FIRST_SINGULARITY_SHELL_EXHAUSTED_PRIMALITY_UNASSIGNED,513,9595,9595
SLCMP01-0697,697,143155967,2^143155967-1,SEARCH_INPUT,STRUCTURAL_SCREEN_EXHAUSTED_PRIMALITY_UNASSIGNED,FIRST_SINGULARITY_SHELL_EXHAUSTED_PRIMALITY_UNASSIGNED,514,9595,9595
SLCMP01-0698,698,143156059,2^143156059-1,SEARCH_INPUT,STRUCTURAL_SCREEN_EXHAUSTED_PRIMALITY_UNASSIGNED,FIRST_SINGULARITY_SHELL_EXHAUSTED_PRIMALITY_UNASSIGNED,514,9595,9595
SLCMP01-0699,699,143156213,2^143156213-1,SEARCH_INPUT,STRUCTURAL_SCREEN_EXHAUSTED_PRIMALITY_UNASSIGNED,FIRST_SINGULARITY_SHELL_EXHAUSTED_PRIMALITY_UNASSIGNED,513,9595,9595
SLCMP01-0700,700,143156509,2^143156509-1,SEARCH_INPUT,STRUCTURAL_SCREEN_EXHAUSTED_PRIMALITY_UNASSIGNED,FIRST_SINGULARITY_SHELL_EXHAUSTED_PRIMALITY_UNASSIGNED,513,9595,9595
SLCMP01-0701,701,143156521,2^143156521-1,SEARCH_INPUT,STRUCTURAL_SCREEN_EXHAUSTED_PRIMALITY_UNASSIGNED,FIRST_SINGULARITY_SHELL_EXHAUSTED_PRIMALITY_UNASSIGNED,513,9595,9595
SLCMP01-0702,702,143156527,2^143156527-1,SEARCH_INPUT,STRUCTURAL_SCREEN_EXHAUSTED_PRIMALITY_UNASSIGNED,FIRST_SINGULARITY_SHELL_EXHAUSTED_PRIMALITY_UNASSIGNED,514,9595,9595
SLCMP01-0703,703,143156561,2^143156561-1,SEARCH_INPUT,STRUCTURAL_SCREEN_EXHAUSTED_PRIMALITY_UNASSIGNED,FIRST_SINGULARITY_SHELL_EXHAUSTED_PRIMALITY_UNASSIGNED,513,9595,9595
SLCMP01-0704,704,143156593,2^143156593-1,SEARCH_INPUT,STRUCTURAL_SCREEN_EXHAUSTED_PRIMALITY_UNASSIGNED,FIRST_SINGULARITY_SHELL_EXHAUSTED_PRIMALITY_UNASSIGNED,513,9595,9595
SLCMP01-0705,705,143156639,2^143156639-1,SEARCH_INPUT,STRUCTURAL_SCREEN_EXHAUSTED_PRIMALITY_UNASSIGNED,FIRST_SINGULARITY_SHELL_EXHAUSTED_PRIMALITY_UNASSIGNED,514,9595,9595
SLCMP01-0706,706,143156653,2^143156653-1,SEARCH_INPUT,STRUCTURAL_SCREEN_EXHAUSTED_PRIMALITY_UNASSIGNED,FIRST_SINGULARITY_SHELL_EXHAUSTED_PRIMALITY_UNASSIGNED,513,9595,9595
SLCMP01-0707,707,143156687,2^143156687-1,SEARCH_INPUT,STRUCTURAL_SCREEN_EXHAUSTED_PRIMALITY_UNASSIGNED,FIRST_SINGULARITY_SHELL_EXHAUSTED_PRIMALITY_UNASSIGNED,514,9595,9595
SLCMP01-0708,708,143156821,2^143156821-1,SEARCH_INPUT,STRUCTURAL_SCREEN_EXHAUSTED_PRIMALITY_UNASSIGNED,FIRST_SINGULARITY_SHELL_EXHAUSTED_PRIMALITY_UNASSIGNED,513,9595,9595
SLCMP01-0709,709,143156851,2^143156851-1,SEARCH_INPUT,STRUCTURAL_SCREEN_EXHAUSTED_PRIMALITY_UNASSIGNED,FIRST_SINGULARITY_SHELL_EXHAUSTED_PRIMALITY_UNASSIGNED,514,9595,9595
SLCMP01-0710,710,143156947,2^143156947-1,SEARCH_INPUT,STRUCTURAL_SCREEN_EXHAUSTED_PRIMALITY_UNASSIGNED,FIRST_SINGULARITY_SHELL_EXHAUSTED_PRIMALITY_UNASSIGNED,514,9595,9595
SLCMP01-0711,711,143157041,2^143157041-1,SEARCH_INPUT,STRUCTURAL_SCREEN_EXHAUSTED_PRIMALITY_UNASSIGNED,FIRST_SINGULARITY_SHELL_EXHAUSTED_PRIMALITY_UNASSIGNED,513,9595,9595
SLCMP01-0712,712,143157173,2^143157173-1,SEARCH_INPUT,STRUCTURAL_SCREEN_EXHAUSTED_PRIMALITY_UNASSIGNED,FIRST_SINGULARITY_SHELL_EXHAUSTED_PRIMALITY_UNASSIGNED,513,9595,9595
SLCMP01-0713,713,143157269,2^143157269-1,SEARCH_INPUT,STRUCTURAL_SCREEN_EXHAUSTED_PRIMALITY_UNASSIGNED,FIRST_SINGULARITY_SHELL_EXHAUSTED_PRIMALITY_UNASSIGNED,513,9595,9595
SLCMP01-0714,714,143157319,2^143157319-1,SEARCH_INPUT,STRUCTURAL_SCREEN_EXHAUSTED_PRIMALITY_UNASSIGNED,FIRST_SINGULARITY_SHELL_EXHAUSTED_PRIMALITY_UNASSIGNED,514,9595,9595
SLCMP01-0715,715,143157379,2^143157379-1,SEARCH_INPUT,STRUCTURAL_SCREEN_EXHAUSTED_PRIMALITY_UNASSIGNED,FIRST_SINGULARITY_SHELL_EXHAUSTED_PRIMALITY_UNASSIGNED,514,9595,9595
SLCMP01-0716,716,143157383,2^143157383-1,SEARCH_INPUT,STRUCTURAL_SCREEN_EXHAUSTED_PRIMALITY_UNASSIGNED,FIRST_SINGULARITY_SHELL_EXHAUSTED_PRIMALITY_UNASSIGNED,514,9595,9595
SLCMP01-0717,717,143157529,2^143157529-1,SEARCH_INPUT,STRUCTURAL_SCREEN_EXHAUSTED_PRIMALITY_UNASSIGNED,FIRST_SINGULARITY_SHELL_EXHAUSTED_PRIMALITY_UNASSIGNED,513,9595,9595
SLCMP01-0718,718,143157593,2^143157593-1,SEARCH_INPUT,STRUCTURAL_SCREEN_EXHAUSTED_PRIMALITY_UNASSIGNED,FIRST_SINGULARITY_SHELL_EXHAUSTED_PRIMALITY_UNASSIGNED,513,9595,9595
SLCMP01-0719,719,143157613,2^143157613-1,SEARCH_INPUT,STRUCTURAL_SCREEN_EXHAUSTED_PRIMALITY_UNASSIGNED,FIRST_SINGULARITY_SHELL_EXHAUSTED_PRIMALITY_UNASSIGNED,513,9595,9595
SLCMP01-0720,720,143157631,2^143157631-1,SEARCH_INPUT,STRUCTURAL_SCREEN_EXHAUSTED_PRIMALITY_UNASSIGNED,FIRST_SINGULARITY_SHELL_EXHAUSTED_PRIMALITY_UNASSIGNED,514,9595,9595
SLCMP01-0721,721,143157821,2^143157821-1,SEARCH_INPUT,STRUCTURAL_SCREEN_EXHAUSTED_PRIMALITY_UNASSIGNED,FIRST_SINGULARITY_SHELL_EXHAUSTED_PRIMALITY_UNASSIGNED,513,9595,9595
SLCMP01-0722,722,143157851,2^143157851-1,SEARCH_INPUT,STRUCTURAL_SCREEN_EXHAUSTED_PRIMALITY_UNASSIGNED,FIRST_SINGULARITY_SHELL_EXHAUSTED_PRIMALITY_UNASSIGNED,514,9595,9595
SLCMP01-0723,723,143157869,2^143157869-1,SEARCH_INPUT,STRUCTURAL_SCREEN_EXHAUSTED_PRIMALITY_UNASSIGNED,FIRST_SINGULARITY_SHELL_EXHAUSTED_PRIMALITY_UNASSIGNED,513,9595,9595
SLCMP01-0724,724,143157871,2^143157871-1,SEARCH_INPUT,STRUCTURAL_SCREEN_EXHAUSTED_PRIMALITY_UNASSIGNED,FIRST_SINGULARITY_SHELL_EXHAUSTED_PRIMALITY_UNASSIGNED,514,9595,9595
SLCMP01-0725,725,143157881,2^143157881-1,SEARCH_INPUT,STRUCTURAL_SCREEN_EXHAUSTED_PRIMALITY_UNASSIGNED,FIRST_SINGULARITY_SHELL_EXHAUSTED_PRIMALITY_UNASSIGNED,513,9595,9595
SLCMP01-0726,726,143157967,2^143157967-1,SEARCH_INPUT,STRUCTURAL_SCREEN_EXHAUSTED_PRIMALITY_UNASSIGNED,FIRST_SINGULARITY_SHELL_EXHAUSTED_PRIMALITY_UNASSIGNED,514,9595,9595
SLCMP01-0727,727,143158199,2^143158199-1,SEARCH_INPUT,STRUCTURAL_SCREEN_EXHAUSTED_PRIMALITY_UNASSIGNED,FIRST_SINGULARITY_SHELL_EXHAUSTED_PRIMALITY_UNASSIGNED,514,9595,9595
SLCMP01-0728,728,143158237,2^143158237-1,SEARCH_INPUT,STRUCTURAL_SCREEN_EXHAUSTED_PRIMALITY_UNASSIGNED,FIRST_SINGULARITY_SHELL_EXHAUSTED_PRIMALITY_UNASSIGNED,513,9595,9595
SLCMP01-0729,729,143158243,2^143158243-1,SEARCH_INPUT,STRUCTURAL_SCREEN_EXHAUSTED_PRIMALITY_UNASSIGNED,FIRST_SINGULARITY_SHELL_EXHAUSTED_PRIMALITY_UNASSIGNED,514,9595,9595
SLCMP01-0730,730,143158261,2^143158261-1,SEARCH_INPUT,STRUCTURAL_SCREEN_EXHAUSTED_PRIMALITY_UNASSIGNED,FIRST_SINGULARITY_SHELL_EXHAUSTED_PRIMALITY_UNASSIGNED,513,9595,9595
SLCMP01-0731,731,143158273,2^143158273-1,SEARCH_INPUT,STRUCTURAL_SCREEN_EXHAUSTED_PRIMALITY_UNASSIGNED,FIRST_SINGULARITY_SHELL_EXHAUSTED_PRIMALITY_UNASSIGNED,513,9595,9595
SLCMP01-0732,732,143158373,2^143158373-1,SEARCH_INPUT,STRUCTURAL_SCREEN_EXHAUSTED_PRIMALITY_UNASSIGNED,FIRST_SINGULARITY_SHELL_EXHAUSTED_PRIMALITY_UNASSIGNED,513,9595,9595
SLCMP01-0733,733,143158391,2^143158391-1,SEARCH_INPUT,STRUCTURAL_SCREEN_EXHAUSTED_PRIMALITY_UNASSIGNED,FIRST_SINGULARITY_SHELL_EXHAUSTED_PRIMALITY_UNASSIGNED,514,9595,9595
SLCMP01-0734,734,143158489,2^143158489-1,SEARCH_INPUT,STRUCTURAL_SCREEN_EXHAUSTED_PRIMALITY_UNASSIGNED,FIRST_SINGULARITY_SHELL_EXHAUSTED_PRIMALITY_UNASSIGNED,513,9595,9595
SLCMP01-0735,735,143158537,2^143158537-1,SEARCH_INPUT,STRUCTURAL_SCREEN_EXHAUSTED_PRIMALITY_UNASSIGNED,FIRST_SINGULARITY_SHELL_EXHAUSTED_PRIMALITY_UNASSIGNED,513,9595,9595
SLCMP01-0736,736,143158549,2^143158549-1,SEARCH_INPUT,STRUCTURAL_SCREEN_EXHAUSTED_PRIMALITY_UNASSIGNED,FIRST_SINGULARITY_SHELL_EXHAUSTED_PRIMALITY_UNASSIGNED,513,9595,9595
SLCMP01-0737,737,143158793,2^143158793-1,SEARCH_INPUT,STRUCTURAL_SCREEN_EXHAUSTED_PRIMALITY_UNASSIGNED,FIRST_SINGULARITY_SHELL_EXHAUSTED_PRIMALITY_UNASSIGNED,513,9595,9595
SLCMP01-0738,738,143158891,2^143158891-1,SEARCH_INPUT,STRUCTURAL_SCREEN_EXHAUSTED_PRIMALITY_UNASSIGNED,FIRST_SINGULARITY_SHELL_EXHAUSTED_PRIMALITY_UNASSIGNED,514,9595,9595
SLCMP01-0739,739,143158963,2^143158963-1,SEARCH_INPUT,STRUCTURAL_SCREEN_EXHAUSTED_PRIMALITY_UNASSIGNED,FIRST_SINGULARITY_SHELL_EXHAUSTED_PRIMALITY_UNASSIGNED,514,9595,9595
SLCMP01-0740,740,143158999,2^143158999-1,SEARCH_INPUT,STRUCTURAL_SCREEN_EXHAUSTED_PRIMALITY_UNASSIGNED,FIRST_SINGULARITY_SHELL_EXHAUSTED_PRIMALITY_UNASSIGNED,514,9595,9595
SLCMP01-0741,741,143159021,2^143159021-1,SEARCH_INPUT,STRUCTURAL_SCREEN_EXHAUSTED_PRIMALITY_UNASSIGNED,FIRST_SINGULARITY_SHELL_EXHAUSTED_PRIMALITY_UNASSIGNED,513,9595,9595
SLCMP01-0742,742,143159041,2^143159041-1,SEARCH_INPUT,STRUCTURAL_SCREEN_EXHAUSTED_PRIMALITY_UNASSIGNED,FIRST_SINGULARITY_SHELL_EXHAUSTED_PRIMALITY_UNASSIGNED,513,9595,9595
SLCMP01-0743,743,143159119,2^143159119-1,SEARCH_INPUT,STRUCTURAL_SCREEN_EXHAUSTED_PRIMALITY_UNASSIGNED,FIRST_SINGULARITY_SHELL_EXHAUSTED_PRIMALITY_UNASSIGNED,514,9595,9595
SLCMP01-0744,744,143159143,2^143159143-1,SEARCH_INPUT,STRUCTURAL_SCREEN_EXHAUSTED_PRIMALITY_UNASSIGNED,FIRST_SINGULARITY_SHELL_EXHAUSTED_PRIMALITY_UNASSIGNED,514,9595,9595
SLCMP01-0745,745,143159299,2^143159299-1,SEARCH_INPUT,STRUCTURAL_SCREEN_EXHAUSTED_PRIMALITY_UNASSIGNED,FIRST_SINGULARITY_SHELL_EXHAUSTED_PRIMALITY_UNASSIGNED,514,9595,9595
SLCMP01-0746,746,143159323,2^143159323-1,SEARCH_INPUT,STRUCTURAL_SCREEN_EXHAUSTED_PRIMALITY_UNASSIGNED,FIRST_SINGULARITY_SHELL_EXHAUSTED_PRIMALITY_UNASSIGNED,514,9595,9595
SLCMP01-0747,747,143159483,2^143159483-1,SEARCH_INPUT,STRUCTURAL_SCREEN_EXHAUSTED_PRIMALITY_UNASSIGNED,FIRST_SINGULARITY_SHELL_EXHAUSTED_PRIMALITY_UNASSIGNED,514,9595,9595
SLCMP01-0748,748,143159557,2^143159557-1,SEARCH_INPUT,STRUCTURAL_SCREEN_EXHAUSTED_PRIMALITY_UNASSIGNED,FIRST_SINGULARITY_SHELL_EXHAUSTED_PRIMALITY_UNASSIGNED,513,9595,9595
SLCMP01-0749,749,143159729,2^143159729-1,SEARCH_INPUT,STRUCTURAL_SCREEN_EXHAUSTED_PRIMALITY_UNASSIGNED,FIRST_SINGULARITY_SHELL_EXHAUSTED_PRIMALITY_UNASSIGNED,513,9595,9595
SLCMP01-0750,750,143159761,2^143159761-1,SEARCH_INPUT,STRUCTURAL_SCREEN_EXHAUSTED_PRIMALITY_UNASSIGNED,FIRST_SINGULARITY_SHELL_EXHAUSTED_PRIMALITY_UNASSIGNED,513,9595,9595
SLCMP01-0751,751,143159903,2^143159903-1,SEARCH_INPUT,STRUCTURAL_SCREEN_EXHAUSTED_PRIMALITY_UNASSIGNED,FIRST_SINGULARITY_SHELL_EXHAUSTED_PRIMALITY_UNASSIGNED,514,9595,9595
SLCMP01-0752,752,143159923,2^143159923-1,SEARCH_INPUT,STRUCTURAL_SCREEN_EXHAUSTED_PRIMALITY_UNASSIGNED,FIRST_SINGULARITY_SHELL_EXHAUSTED_PRIMALITY_UNASSIGNED,514,9595,9595
SLCMP01-0753,753,143160007,2^143160007-1,SEARCH_INPUT,STRUCTURAL_SCREEN_EXHAUSTED_PRIMALITY_UNASSIGNED,FIRST_SINGULARITY_SHELL_EXHAUSTED_PRIMALITY_UNASSIGNED,514,9595,9595
SLCMP01-0754,754,143160161,2^143160161-1,SEARCH_INPUT,STRUCTURAL_SCREEN_EXHAUSTED_PRIMALITY_UNASSIGNED,FIRST_SINGULARITY_SHELL_EXHAUSTED_PRIMALITY_UNASSIGNED,513,9595,9595
SLCMP01-0755,755,143160163,2^143160163-1,SEARCH_INPUT,STRUCTURAL_SCREEN_EXHAUSTED_PRIMALITY_UNASSIGNED,FIRST_SINGULARITY_SHELL_EXHAUSTED_PRIMALITY_UNASSIGNED,514,9595,9595
SLCMP01-0756,756,143160187,2^143160187-1,SEARCH_INPUT,STRUCTURAL_SCREEN_EXHAUSTED_PRIMALITY_UNASSIGNED,FIRST_SINGULARITY_SHELL_EXHAUSTED_PRIMALITY_UNASSIGNED,514,9595,9595
SLCMP01-0757,757,143160313,2^143160313-1,SEARCH_INPUT,STRUCTURAL_SCREEN_EXHAUSTED_PRIMALITY_UNASSIGNED,FIRST_SINGULARITY_SHELL_EXHAUSTED_PRIMALITY_UNASSIGNED,513,9595,9595
SLCMP01-0758,758,143160439,2^143160439-1,SEARCH_INPUT,STRUCTURAL_SCREEN_EXHAUSTED_PRIMALITY_UNASSIGNED,FIRST_SINGULARITY_SHELL_EXHAUSTED_PRIMALITY_UNASSIGNED,514,9595,9595
SLCMP01-0759,759,143160469,2^143160469-1,SEARCH_INPUT,STRUCTURAL_SCREEN_EXHAUSTED_PRIMALITY_UNASSIGNED,FIRST_SINGULARITY_SHELL_EXHAUSTED_PRIMALITY_UNASSIGNED,513,9595,9595
SLCMP01-0760,760,143160539,2^143160539-1,SEARCH_INPUT,STRUCTURAL_SCREEN_EXHAUSTED_PRIMALITY_UNASSIGNED,FIRST_SINGULARITY_SHELL_EXHAUSTED_PRIMALITY_UNASSIGNED,514,9595,9595
SLCMP01-0761,761,143160653,2^143160653-1,SEARCH_INPUT,STRUCTURAL_SCREEN_EXHAUSTED_PRIMALITY_UNASSIGNED,FIRST_SINGULARITY_SHELL_EXHAUSTED_PRIMALITY_UNASSIGNED,513,9595,9595
SLCMP01-0762,762,143160701,2^143160701-1,SEARCH_INPUT,STRUCTURAL_SCREEN_EXHAUSTED_PRIMALITY_UNASSIGNED,FIRST_SINGULARITY_SHELL_EXHAUSTED_PRIMALITY_UNASSIGNED,513,9595,9595
SLCMP01-0763,763,143160737,2^143160737-1,SEARCH_INPUT,STRUCTURAL_SCREEN_EXHAUSTED_PRIMALITY_UNASSIGNED,FIRST_SINGULARITY_SHELL_EXHAUSTED_PRIMALITY_UNASSIGNED,513,9595,9595
SLCMP01-0764,764,143160751,2^143160751-1,SEARCH_INPUT,STRUCTURAL_SCREEN_EXHAUSTED_PRIMALITY_UNASSIGNED,FIRST_SINGULARITY_SHELL_EXHAUSTED_PRIMALITY_UNASSIGNED,514,9595,9595
SLCMP01-0765,765,143160769,2^143160769-1,SEARCH_INPUT,STRUCTURAL_SCREEN_EXHAUSTED_PRIMALITY_UNASSIGNED,FIRST_SINGULARITY_SHELL_EXHAUSTED_PRIMALITY_UNASSIGNED,513,9595,9595
SLCMP01-0766,766,143160869,2^143160869-1,SEARCH_INPUT,STRUCTURAL_SCREEN_EXHAUSTED_PRIMALITY_UNASSIGNED,FIRST_SINGULARITY_SHELL_EXHAUSTED_PRIMALITY_UNASSIGNED,513,9595,9595
SLCMP01-0767,767,143160887,2^143160887-1,SEARCH_INPUT,STRUCTURAL_SCREEN_EXHAUSTED_PRIMALITY_UNASSIGNED,FIRST_SINGULARITY_SHELL_EXHAUSTED_PRIMALITY_UNASSIGNED,514,9595,9595
SLCMP01-0768,768,143160937,2^143160937-1,SEARCH_INPUT,STRUCTURAL_SCREEN_EXHAUSTED_PRIMALITY_UNASSIGNED,FIRST_SINGULARITY_SHELL_EXHAUSTED_PRIMALITY_UNASSIGNED,513,9595,9595
SLCMP01-0769,769,143160949,2^143160949-1,SEARCH_INPUT,STRUCTURAL_SCREEN_EXHAUSTED_PRIMALITY_UNASSIGNED,FIRST_SINGULARITY_SHELL_EXHAUSTED_PRIMALITY_UNASSIGNED,513,9595,9595
SLCMP01-0770,770,143160959,2^143160959-1,SEARCH_INPUT,STRUCTURAL_SCREEN_EXHAUSTED_PRIMALITY_UNASSIGNED,FIRST_SINGULARITY_SHELL_EXHAUSTED_PRIMALITY_UNASSIGNED,514,9595,9595
SLCMP01-0771,771,143160967,2^143160967-1,SEARCH_INPUT,STRUCTURAL_SCREEN_EXHAUSTED_PRIMALITY_UNASSIGNED,FIRST_SINGULARITY_SHELL_EXHAUSTED_PRIMALITY_UNASSIGNED,514,9595,9595
SLCMP01-0772,772,143161001,2^143161001-1,SEARCH_INPUT,STRUCTURAL_SCREEN_EXHAUSTED_PRIMALITY_UNASSIGNED,FIRST_SINGULARITY_SHELL_EXHAUSTED_PRIMALITY_UNASSIGNED,513,9595,9595
SLCMP01-0773,773,143161009,2^143161009-1,SEARCH_INPUT,STRUCTURAL_SCREEN_EXHAUSTED_PRIMALITY_UNASSIGNED,FIRST_SINGULARITY_SHELL_EXHAUSTED_PRIMALITY_UNASSIGNED,513,9595,9595
SLCMP01-0774,774,143161241,2^143161241-1,SEARCH_INPUT,STRUCTURAL_SCREEN_EXHAUSTED_PRIMALITY_UNASSIGNED,FIRST_SINGULARITY_SHELL_EXHAUSTED_PRIMALITY_UNASSIGNED,513,9595,9595
SLCMP01-0775,775,143161423,2^143161423-1,SEARCH_INPUT,STRUCTURAL_SCREEN_EXHAUSTED_PRIMALITY_UNASSIGNED,FIRST_SINGULARITY_SHELL_EXHAUSTED_PRIMALITY_UNASSIGNED,514,9595,9595
SLCMP01-0776,776,143161511,2^143161511-1,SEARCH_INPUT,STRUCTURAL_SCREEN_EXHAUSTED_PRIMALITY_UNASSIGNED,FIRST_SINGULARITY_SHELL_EXHAUSTED_PRIMALITY_UNASSIGNED,514,9595,9595
SLCMP01-0777,777,143161519,2^143161519-1,SEARCH_INPUT,STRUCTURAL_SCREEN_EXHAUSTED_PRIMALITY_UNASSIGNED,FIRST_SINGULARITY_SHELL_EXHAUSTED_PRIMALITY_UNASSIGNED,514,9595,9595
SLCMP01-0778,778,143161703,2^143161703-1,SEARCH_INPUT,STRUCTURAL_SCREEN_EXHAUSTED_PRIMALITY_UNASSIGNED,FIRST_SINGULARITY_SHELL_EXHAUSTED_PRIMALITY_UNASSIGNED,514,9595,9595
SLCMP01-0779,779,143161757,2^143161757-1,SEARCH_INPUT,STRUCTURAL_SCREEN_EXHAUSTED_PRIMALITY_UNASSIGNED,FIRST_SINGULARITY_SHELL_EXHAUSTED_PRIMALITY_UNASSIGNED,513,9595,9595
SLCMP01-0780,780,143161801,2^143161801-1,SEARCH_INPUT,STRUCTURAL_SCREEN_EXHAUSTED_PRIMALITY_UNASSIGNED,FIRST_SINGULARITY_SHELL_EXHAUSTED_PRIMALITY_UNASSIGNED,513,9595,9595
SLCMP01-0781,781,143161831,2^143161831-1,SEARCH_INPUT,STRUCTURAL_SCREEN_EXHAUSTED_PRIMALITY_UNASSIGNED,FIRST_SINGULARITY_SHELL_EXHAUSTED_PRIMALITY_UNASSIGNED,514,9595,9595
SLCMP01-0782,782,143161897,2^143161897-1,SEARCH_INPUT,STRUCTURAL_SCREEN_EXHAUSTED_PRIMALITY_UNASSIGNED,FIRST_SINGULARITY_SHELL_EXHAUSTED_PRIMALITY_UNASSIGNED,513,9595,9595
SLCMP01-0783,783,143161961,2^143161961-1,SEARCH_INPUT,STRUCTURAL_SCREEN_EXHAUSTED_PRIMALITY_UNASSIGNED,FIRST_SINGULARITY_SHELL_EXHAUSTED_PRIMALITY_UNASSIGNED,513,9595,9595
SLCMP01-0784,784,143162099,2^143162099-1,SEARCH_INPUT,STRUCTURAL_SCREEN_EXHAUSTED_PRIMALITY_UNASSIGNED,FIRST_SINGULARITY_SHELL_EXHAUSTED_PRIMALITY_UNASSIGNED,514,9595,9595
SLCMP01-0785,785,143162113,2^143162113-1,SEARCH_INPUT,STRUCTURAL_SCREEN_EXHAUSTED_PRIMALITY_UNASSIGNED,FIRST_SINGULARITY_SHELL_EXHAUSTED_PRIMALITY_UNASSIGNED,513,9595,9595
SLCMP01-0786,786,143162191,2^143162191-1,SEARCH_INPUT,STRUCTURAL_SCREEN_EXHAUSTED_PRIMALITY_UNASSIGNED,FIRST_SINGULARITY_SHELL_EXHAUSTED_PRIMALITY_UNASSIGNED,514,9595,9595
SLCMP01-0787,787,143162237,2^143162237-1,SEARCH_INPUT,STRUCTURAL_SCREEN_EXHAUSTED_PRIMALITY_UNASSIGNED,FIRST_SINGULARITY_SHELL_EXHAUSTED_PRIMALITY_UNASSIGNED,513,9595,9595
SLCMP01-0788,788,143162263,2^143162263-1,SEARCH_INPUT,STRUCTURAL_SCREEN_EXHAUSTED_PRIMALITY_UNASSIGNED,FIRST_SINGULARITY_SHELL_EXHAUSTED_PRIMALITY_UNASSIGNED,514,9595,9595
SLCMP01-0789,789,143162293,2^143162293-1,SEARCH_INPUT,STRUCTURAL_SCREEN_EXHAUSTED_PRIMALITY_UNASSIGNED,FIRST_SINGULARITY_SHELL_EXHAUSTED_PRIMALITY_UNASSIGNED,513,9595,9595
SLCMP01-0790,790,143162311,2^143162311-1,SEARCH_INPUT,STRUCTURAL_SCREEN_EXHAUSTED_PRIMALITY_UNASSIGNED,FIRST_SINGULARITY_SHELL_EXHAUSTED_PRIMALITY_UNASSIGNED,514,9595,9595
SLCMP01-0791,791,143162333,2^143162333-1,SEARCH_INPUT,STRUCTURAL_SCREEN_EXHAUSTED_PRIMALITY_UNASSIGNED,FIRST_SINGULARITY_SHELL_EXHAUSTED_PRIMALITY_UNASSIGNED,513,9595,9595
SLCMP01-0792,792,143162353,2^143162353-1,SEARCH_INPUT,STRUCTURAL_SCREEN_EXHAUSTED_PRIMALITY_UNASSIGNED,FIRST_SINGULARITY_SHELL_EXHAUSTED_PRIMALITY_UNASSIGNED,513,9595,9595
SLCMP01-0793,793,143162399,2^143162399-1,SEARCH_INPUT,STRUCTURAL_SCREEN_EXHAUSTED_PRIMALITY_UNASSIGNED,FIRST_SINGULARITY_SHELL_EXHAUSTED_PRIMALITY_UNASSIGNED,514,9595,9595
SLCMP01-0794,794,143162501,2^143162501-1,SEARCH_INPUT,STRUCTURAL_SCREEN_EXHAUSTED_PRIMALITY_UNASSIGNED,FIRST_SINGULARITY_SHELL_EXHAUSTED_PRIMALITY_UNASSIGNED,513,9595,9595
SLCMP01-0795,795,143162527,2^143162527-1,SEARCH_INPUT,STRUCTURAL_SCREEN_EXHAUSTED_PRIMALITY_UNASSIGNED,FIRST_SINGULARITY_SHELL_EXHAUSTED_PRIMALITY_UNASSIGNED,514,9595,9595
SLCMP01-0796,796,143162533,2^143162533-1,SEARCH_INPUT,STRUCTURAL_SCREEN_EXHAUSTED_PRIMALITY_UNASSIGNED,FIRST_SINGULARITY_SHELL_EXHAUSTED_PRIMALITY_UNASSIGNED,513,9595,9595
SLCMP01-0797,797,143162759,2^143162759-1,SEARCH_INPUT,STRUCTURAL_SCREEN_EXHAUSTED_PRIMALITY_UNASSIGNED,FIRST_SINGULARITY_SHELL_EXHAUSTED_PRIMALITY_UNASSIGNED,514,9595,9595
SLCMP01-0798,798,143162827,2^143162827-1,SEARCH_INPUT,STRUCTURAL_SCREEN_EXHAUSTED_PRIMALITY_UNASSIGNED,FIRST_SINGULARITY_SHELL_EXHAUSTED_PRIMALITY_UNASSIGNED,514,9595,9595
SLCMP01-0799,799,143163277,2^143163277-1,SEARCH_INPUT,STRUCTURAL_SCREEN_EXHAUSTED_PRIMALITY_UNASSIGNED,FIRST_SINGULARITY_SHELL_EXHAUSTED_PRIMALITY_UNASSIGNED,513,9595,9595
SLCMP01-0800,800,143163703,2^143163703-1,SEARCH_INPUT,STRUCTURAL_SCREEN_EXHAUSTED_PRIMALITY_UNASSIGNED,FIRST_SINGULARITY_SHELL_EXHAUSTED_PRIMALITY_UNASSIGNED,514,9595,9595
SLCMP01-0801,801,143164057,2^143164057-1,SEARCH_INPUT,STRUCTURAL_SCREEN_EXHAUSTED_PRIMALITY_UNASSIGNED,FIRST_SINGULARITY_SHELL_EXHAUSTED_PRIMALITY_UNASSIGNED,513,9595,9595
SLCMP01-0802,802,143164141,2^143164141-1,SEARCH_INPUT,STRUCTURAL_SCREEN_EXHAUSTED_PRIMALITY_UNASSIGNED,FIRST_SINGULARITY_SHELL_EXHAUSTED_PRIMALITY_UNASSIGNED,513,9595,9595
SLCMP01-0803,803,143164319,2^143164319-1,SEARCH_INPUT,STRUCTURAL_SCREEN_EXHAUSTED_PRIMALITY_UNASSIGNED,FIRST_SINGULARITY_SHELL_EXHAUSTED_PRIMALITY_UNASSIGNED,514,9595,9595
SLCMP01-0804,804,143164321,2^143164321-1,SEARCH_INPUT,STRUCTURAL_SCREEN_EXHAUSTED_PRIMALITY_UNASSIGNED,FIRST_SINGULARITY_SHELL_EXHAUSTED_PRIMALITY_UNASSIGNED,513,9595,9595
SLCMP01-0805,805,143164453,2^143164453-1,SEARCH_INPUT,STRUCTURAL_SCREEN_EXHAUSTED_PRIMALITY_UNASSIGNED,FIRST_SINGULARITY_SHELL_EXHAUSTED_PRIMALITY_UNASSIGNED,513,9595,9595
SLCMP01-0806,806,143164537,2^143164537-1,SEARCH_INPUT,STRUCTURAL_SCREEN_EXHAUSTED_PRIMALITY_UNASSIGNED,FIRST_SINGULARITY_SHELL_EXHAUSTED_PRIMALITY_UNASSIGNED,513,9595,9595
SLCMP01-0807,807,143164691,2^143164691-1,SEARCH_INPUT,STRUCTURAL_SCREEN_EXHAUSTED_PRIMALITY_UNASSIGNED,FIRST_SINGULARITY_SHELL_EXHAUSTED_PRIMALITY_UNASSIGNED,514,9595,9595
SLCMP01-0808,808,143164699,2^143164699-1,SEARCH_INPUT,STRUCTURAL_SCREEN_EXHAUSTED_PRIMALITY_UNASSIGNED,FIRST_SINGULARITY_SHELL_EXHAUSTED_PRIMALITY_UNASSIGNED,514,9595,9595
SLCMP01-0809,809,143164711,2^143164711-1,SEARCH_INPUT,STRUCTURAL_SCREEN_EXHAUSTED_PRIMALITY_UNASSIGNED,FIRST_SINGULARITY_SHELL_EXHAUSTED_PRIMALITY_UNASSIGNED,514,9595,9595
SLCMP01-0810,810,143164757,2^143164757-1,SEARCH_INPUT,STRUCTURAL_SCREEN_EXHAUSTED_PRIMALITY_UNASSIGNED,FIRST_SINGULARITY_SHELL_EXHAUSTED_PRIMALITY_UNASSIGNED,513,9595,9595
SLCMP01-0811,811,143164841,2^143164841-1,SEARCH_INPUT,STRUCTURAL_SCREEN_EXHAUSTED_PRIMALITY_UNASSIGNED,FIRST_SINGULARITY_SHELL_EXHAUSTED_PRIMALITY_UNASSIGNED,513,9595,9595
SLCMP01-0812,812,143164843,2^143164843-1,SEARCH_INPUT,STRUCTURAL_SCREEN_EXHAUSTED_PRIMALITY_UNASSIGNED,FIRST_SINGULARITY_SHELL_EXHAUSTED_PRIMALITY_UNASSIGNED,514,9595,9595
SLCMP01-0813,813,143164963,2^143164963-1,SEARCH_INPUT,STRUCTURAL_SCREEN_EXHAUSTED_PRIMALITY_UNASSIGNED,FIRST_SINGULARITY_SHELL_EXHAUSTED_PRIMALITY_UNASSIGNED,514,9595,9595
SLCMP01-0814,814,143164969,2^143164969-1,SEARCH_INPUT,STRUCTURAL_SCREEN_EXHAUSTED_PRIMALITY_UNASSIGNED,FIRST_SINGULARITY_SHELL_EXHAUSTED_PRIMALITY_UNASSIGNED,513,9595,9595
SLCMP01-0815,815,143165291,2^143165291-1,SEARCH_INPUT,STRUCTURAL_SCREEN_EXHAUSTED_PRIMALITY_UNASSIGNED,FIRST_SINGULARITY_SHELL_EXHAUSTED_PRIMALITY_UNASSIGNED,514,9595,9595
SLCMP01-0816,816,143165293,2^143165293-1,SEARCH_INPUT,STRUCTURAL_SCREEN_EXHAUSTED_PRIMALITY_UNASSIGNED,FIRST_SINGULARITY_SHELL_EXHAUSTED_PRIMALITY_UNASSIGNED,513,9595,9595
SLCMP01-0817,817,143165401,2^143165401-1,SEARCH_INPUT,STRUCTURAL_SCREEN_EXHAUSTED_PRIMALITY_UNASSIGNED,FIRST_SINGULARITY_SHELL_EXHAUSTED_PRIMALITY_UNASSIGNED,513,9595,9595
SLCMP01-0818,818,143165441,2^143165441-1,SEARCH_INPUT,STRUCTURAL_SCREEN_EXHAUSTED_PRIMALITY_UNASSIGNED,FIRST_SINGULARITY_SHELL_EXHAUSTED_PRIMALITY_UNASSIGNED,513,9595,9595
SLCMP01-0819,819,143165549,2^143165549-1,SEARCH_INPUT,STRUCTURAL_SCREEN_EXHAUSTED_PRIMALITY_UNASSIGNED,FIRST_SINGULARITY_SHELL_EXHAUSTED_PRIMALITY_UNASSIGNED,513,9595,9595
SLCMP01-0820,820,143165567,2^143165567-1,SEARCH_INPUT,STRUCTURAL_SCREEN_EXHAUSTED_PRIMALITY_UNASSIGNED,FIRST_SINGULARITY_SHELL_EXHAUSTED_PRIMALITY_UNASSIGNED,514,9595,9595
SLCMP01-0821,821,143165569,2^143165569-1,SEARCH_INPUT,STRUCTURAL_SCREEN_EXHAUSTED_PRIMALITY_UNASSIGNED,FIRST_SINGULARITY_SHELL_EXHAUSTED_PRIMALITY_UNASSIGNED,513,9595,9595
SLCMP01-0822,822,143165647,2^143165647-1,SEARCH_INPUT,STRUCTURAL_SCREEN_EXHAUSTED_PRIMALITY_UNASSIGNED,FIRST_SINGULARITY_SHELL_EXHAUSTED_PRIMALITY_UNASSIGNED,514,9595,9595
SLCMP01-0823,823,143165651,2^143165651-1,SEARCH_INPUT,STRUCTURAL_SCREEN_EXHAUSTED_PRIMALITY_UNASSIGNED,FIRST_SINGULARITY_SHELL_EXHAUSTED_PRIMALITY_UNASSIGNED,514,9595,9595
SLCMP01-0824,824,143165699,2^143165699-1,SEARCH_INPUT,STRUCTURAL_SCREEN_EXHAUSTED_PRIMALITY_UNASSIGNED,FIRST_SINGULARITY_SHELL_EXHAUSTED_PRIMALITY_UNASSIGNED,514,9595,9595
SLCMP01-0825,825,143165819,2^143165819-1,SEARCH_INPUT,STRUCTURAL_SCREEN_EXHAUSTED_PRIMALITY_UNASSIGNED,FIRST_SINGULARITY_SHELL_EXHAUSTED_PRIMALITY_UNASSIGNED,514,9595,9595
SLCMP01-0826,826,143165873,2^143165873-1,SEARCH_INPUT,STRUCTURAL_SCREEN_EXHAUSTED_PRIMALITY_UNASSIGNED,FIRST_SINGULARITY_SHELL_EXHAUSTED_PRIMALITY_UNASSIGNED,513,9595,9595
SLCMP01-0827,827,143166071,2^143166071-1,SEARCH_INPUT,STRUCTURAL_SCREEN_EXHAUSTED_PRIMALITY_UNASSIGNED,FIRST_SINGULARITY_SHELL_EXHAUSTED_PRIMALITY_UNASSIGNED,514,9595,9595
SLCMP01-0828,828,143166097,2^143166097-1,SEARCH_INPUT,STRUCTURAL_SCREEN_EXHAUSTED_PRIMALITY_UNASSIGNED,FIRST_SINGULARITY_SHELL_EXHAUSTED_PRIMALITY_UNASSIGNED,513,9595,9595
SLCMP01-0829,829,143166313,2^143166313-1,SEARCH_INPUT,STRUCTURAL_SCREEN_EXHAUSTED_PRIMALITY_UNASSIGNED,FIRST_SINGULARITY_SHELL_EXHAUSTED_PRIMALITY_UNASSIGNED,513,9595,9595
SLCMP01-0830,830,143166461,2^143166461-1,SEARCH_INPUT,STRUCTURAL_SCREEN_EXHAUSTED_PRIMALITY_UNASSIGNED,FIRST_SINGULARITY_SHELL_EXHAUSTED_PRIMALITY_UNASSIGNED,513,9595,9595
SLCMP01-0831,831,143166473,2^143166473-1,SEARCH_INPUT,STRUCTURAL_SCREEN_EXHAUSTED_PRIMALITY_UNASSIGNED,FIRST_SINGULARITY_SHELL_EXHAUSTED_PRIMALITY_UNASSIGNED,513,9595,9595
SLCMP01-0832,832,143166689,2^143166689-1,SEARCH_INPUT,STRUCTURAL_SCREEN_EXHAUSTED_PRIMALITY_UNASSIGNED,FIRST_SINGULARITY_SHELL_EXHAUSTED_PRIMALITY_UNASSIGNED,513,9595,9595
SLCMP01-0833,833,143166827,2^143166827-1,SEARCH_INPUT,STRUCTURAL_SCREEN_EXHAUSTED_PRIMALITY_UNASSIGNED,FIRST_SINGULARITY_SHELL_EXHAUSTED_PRIMALITY_UNASSIGNED,514,9595,9595
SLCMP01-0834,834,143166899,2^143166899-1,SEARCH_INPUT,STRUCTURAL_SCREEN_EXHAUSTED_PRIMALITY_UNASSIGNED,FIRST_SINGULARITY_SHELL_EXHAUSTED_PRIMALITY_UNASSIGNED,514,9595,9595
SLCMP01-0835,835,143166977,2^143166977-1,SEARCH_INPUT,STRUCTURAL_SCREEN_EXHAUSTED_PRIMALITY_UNASSIGNED,FIRST_SINGULARITY_SHELL_EXHAUSTED_PRIMALITY_UNASSIGNED,513,9595,9595
SLCMP01-0836,836,143167051,2^143167051-1,SEARCH_INPUT,STRUCTURAL_SCREEN_EXHAUSTED_PRIMALITY_UNASSIGNED,FIRST_SINGULARITY_SHELL_EXHAUSTED_PRIMALITY_UNASSIGNED,514,9595,9595
SLCMP01-0837,837,143167291,2^143167291-1,SEARCH_INPUT,STRUCTURAL_SCREEN_EXHAUSTED_PRIMALITY_UNASSIGNED,FIRST_SINGULARITY_SHELL_EXHAUSTED_PRIMALITY_UNASSIGNED,514,9595,9595
SLCMP01-0838,838,143167313,2^143167313-1,SEARCH_INPUT,STRUCTURAL_SCREEN_EXHAUSTED_PRIMALITY_UNASSIGNED,FIRST_SINGULARITY_SHELL_EXHAUSTED_PRIMALITY_UNASSIGNED,513,9595,9595
SLCMP01-0839,839,143167417,2^143167417-1,SEARCH_INPUT,STRUCTURAL_SCREEN_EXHAUSTED_PRIMALITY_UNASSIGNED,FIRST_SINGULARITY_SHELL_EXHAUSTED_PRIMALITY_UNASSIGNED,513,9595,9595
SLCMP01-0840,840,143167459,2^143167459-1,SEARCH_INPUT,STRUCTURAL_SCREEN_EXHAUSTED_PRIMALITY_UNASSIGNED,FIRST_SINGULARITY_SHELL_EXHAUSTED_PRIMALITY_UNASSIGNED,514,9595,9595
SLCMP01-0841,841,143167463,2^143167463-1,SEARCH_INPUT,STRUCTURAL_SCREEN_EXHAUSTED_PRIMALITY_UNASSIGNED,FIRST_SINGULARITY_SHELL_EXHAUSTED_PRIMALITY_UNASSIGNED,514,9595,9595
SLCMP01-0842,842,143167483,2^143167483-1,SEARCH_INPUT,STRUCTURAL_SCREEN_EXHAUSTED_PRIMALITY_UNASSIGNED,FIRST_SINGULARITY_SHELL_EXHAUSTED_PRIMALITY_UNASSIGNED,514,9595,9595
SLCMP01-0843,843,143167537,2^143167537-1,SEARCH_INPUT,STRUCTURAL_SCREEN_EXHAUSTED_PRIMALITY_UNASSIGNED,FIRST_SINGULARITY_SHELL_EXHAUSTED_PRIMALITY_UNASSIGNED,513,9595,9595
SLCMP01-0844,844,143167747,2^143167747-1,SEARCH_INPUT,STRUCTURAL_SCREEN_EXHAUSTED_PRIMALITY_UNASSIGNED,FIRST_SINGULARITY_SHELL_EXHAUSTED_PRIMALITY_UNASSIGNED,514,9595,9595
SLCMP01-0845,845,143167771,2^143167771-1,SEARCH_INPUT,STRUCTURAL_SCREEN_EXHAUSTED_PRIMALITY_UNASSIGNED,FIRST_SINGULARITY_SHELL_EXHAUSTED_PRIMALITY_UNASSIGNED,514,9595,9595
SLCMP01-0846,846,143167919,2^143167919-1,SEARCH_INPUT,STRUCTURAL_SCREEN_EXHAUSTED_PRIMALITY_UNASSIGNED,FIRST_SINGULARITY_SHELL_EXHAUSTED_PRIMALITY_UNASSIGNED,514,9595,9595
SLCMP01-0847,847,143168071,2^143168071-1,SEARCH_INPUT,STRUCTURAL_SCREEN_EXHAUSTED_PRIMALITY_UNASSIGNED,FIRST_SINGULARITY_SHELL_EXHAUSTED_PRIMALITY_UNASSIGNED,514,9595,9595
SLCMP01-0848,848,143168107,2^143168107-1,SEARCH_INPUT,STRUCTURAL_SCREEN_EXHAUSTED_PRIMALITY_UNASSIGNED,FIRST_SINGULARITY_SHELL_EXHAUSTED_PRIMALITY_UNASSIGNED,514,9595,9595
SLCMP01-0849,849,143168167,2^143168167-1,SEARCH_INPUT,STRUCTURAL_SCREEN_EXHAUSTED_PRIMALITY_UNASSIGNED,FIRST_SINGULARITY_SHELL_EXHAUSTED_PRIMALITY_UNASSIGNED,514,9595,9595
SLCMP01-0850,850,143168177,2^143168177-1,SEARCH_INPUT,STRUCTURAL_SCREEN_EXHAUSTED_PRIMALITY_UNASSIGNED,FIRST_SINGULARITY_SHELL_EXHAUSTED_PRIMALITY_UNASSIGNED,513,9595,9595
SLCMP01-0851,851,143168231,2^143168231-1,SEARCH_INPUT,STRUCTURAL_SCREEN_EXHAUSTED_PRIMALITY_UNASSIGNED,FIRST_SINGULARITY_SHELL_EXHAUSTED_PRIMALITY_UNASSIGNED,514,9595,9595
SLCMP01-0852,852,143168239,2^143168239-1,SEARCH_INPUT,STRUCTURAL_SCREEN_EXHAUSTED_PRIMALITY_UNASSIGNED,FIRST_SINGULARITY_SHELL_EXHAUSTED_PRIMALITY_UNASSIGNED,514,9595,9595
SLCMP01-0853,853,143168321,2^143168321-1,SEARCH_INPUT,STRUCTURAL_SCREEN_EXHAUSTED_PRIMALITY_UNASSIGNED,FIRST_SINGULARITY_SHELL_EXHAUSTED_PRIMALITY_UNASSIGNED,513,9595,9595
SLCMP01-0854,854,143168479,2^143168479-1,SEARCH_INPUT,STRUCTURAL_SCREEN_EXHAUSTED_PRIMALITY_UNASSIGNED,FIRST_SINGULARITY_SHELL_EXHAUSTED_PRIMALITY_UNASSIGNED,514,9595,9595
SLCMP01-0855,855,143168507,2^143168507-1,SEARCH_INPUT,STRUCTURAL_SCREEN_EXHAUSTED_PRIMALITY_UNASSIGNED,FIRST_SINGULARITY_SHELL_EXHAUSTED_PRIMALITY_UNASSIGNED,514,9595,9595
SLCMP01-0856,856,143168513,2^143168513-1,SEARCH_INPUT,STRUCTURAL_SCREEN_EXHAUSTED_PRIMALITY_UNASSIGNED,FIRST_SINGULARITY_SHELL_EXHAUSTED_PRIMALITY_UNASSIGNED,513,9595,9595
SLCMP01-0857,857,143168833,2^143168833-1,SEARCH_INPUT,STRUCTURAL_SCREEN_EXHAUSTED_PRIMALITY_UNASSIGNED,FIRST_SINGULARITY_SHELL_EXHAUSTED_PRIMALITY_UNASSIGNED,513,9595,9595
SLCMP01-0858,858,143168897,2^143168897-1,SEARCH_INPUT,STRUCTURAL_SCREEN_EXHAUSTED_PRIMALITY_UNASSIGNED,FIRST_SINGULARITY_SHELL_EXHAUSTED_PRIMALITY_UNASSIGNED,513,9595,9595
SLCMP01-0859,859,143168939,2^143168939-1,SEARCH_INPUT,STRUCTURAL_SCREEN_EXHAUSTED_PRIMALITY_UNASSIGNED,FIRST_SINGULARITY_SHELL_EXHAUSTED_PRIMALITY_UNASSIGNED,514,9595,9595
SLCMP01-0860,860,143169041,2^143169041-1,SEARCH_INPUT,STRUCTURAL_SCREEN_EXHAUSTED_PRIMALITY_UNASSIGNED,FIRST_SINGULARITY_SHELL_EXHAUSTED_PRIMALITY_UNASSIGNED,513,9595,9595
SLCMP01-0861,861,143169101,2^143169101-1,SEARCH_INPUT,STRUCTURAL_SCREEN_EXHAUSTED_PRIMALITY_UNASSIGNED,FIRST_SINGULARITY_SHELL_EXHAUSTED_PRIMALITY_UNASSIGNED,513,9595,9595
SLCMP01-0862,862,143169179,2^143169179-1,SEARCH_INPUT,STRUCTURAL_SCREEN_EXHAUSTED_PRIMALITY_UNASSIGNED,FIRST_SINGULARITY_SHELL_EXHAUSTED_PRIMALITY_UNASSIGNED,514,9595,9595
SLCMP01-0863,863,143169209,2^143169209-1,SEARCH_INPUT,STRUCTURAL_SCREEN_EXHAUSTED_PRIMALITY_UNASSIGNED,FIRST_SINGULARITY_SHELL_EXHAUSTED_PRIMALITY_UNASSIGNED,513,9595,9595
SLCMP01-0864,864,143169289,2^143169289-1,SEARCH_INPUT,STRUCTURAL_SCREEN_EXHAUSTED_PRIMALITY_UNASSIGNED,FIRST_SINGULARITY_SHELL_EXHAUSTED_PRIMALITY_UNASSIGNED,513,9595,9595
SLCMP01-0865,865,143169307,2^143169307-1,SEARCH_INPUT,STRUCTURAL_SCREEN_EXHAUSTED_PRIMALITY_UNASSIGNED,FIRST_SINGULARITY_SHELL_EXHAUSTED_PRIMALITY_UNASSIGNED,514,9595,9595
SLCMP01-0866,866,143169343,2^143169343-1,SEARCH_INPUT,STRUCTURAL_SCREEN_EXHAUSTED_PRIMALITY_UNASSIGNED,FIRST_SINGULARITY_SHELL_EXHAUSTED_PRIMALITY_UNASSIGNED,514,9595,9595
SLCMP01-0867,867,143169421,2^143169421-1,SEARCH_INPUT,STRUCTURAL_SCREEN_EXHAUSTED_PRIMALITY_UNASSIGNED,FIRST_SINGULARITY_SHELL_EXHAUSTED_PRIMALITY_UNASSIGNED,513,9595,9595
SLCMP01-0868,868,143169511,2^143169511-1,SEARCH_INPUT,STRUCTURAL_SCREEN_EXHAUSTED_PRIMALITY_UNASSIGNED,FIRST_SINGULARITY_SHELL_EXHAUSTED_PRIMALITY_UNASSIGNED,514,9595,9595
SLCMP01-0869,869,143169527,2^143169527-1,SEARCH_INPUT,STRUCTURAL_SCREEN_EXHAUSTED_PRIMALITY_UNASSIGNED,FIRST_SINGULARITY_SHELL_EXHAUSTED_PRIMALITY_UNASSIGNED,514,9595,9595
SLCMP01-0870,870,143169671,2^143169671-1,SEARCH_INPUT,STRUCTURAL_SCREEN_EXHAUSTED_PRIMALITY_UNASSIGNED,FIRST_SINGULARITY_SHELL_EXHAUSTED_PRIMALITY_UNASSIGNED,514,9595,9595
SLCMP01-0871,871,143169673,2^143169673-1,SEARCH_INPUT,STRUCTURAL_SCREEN_EXHAUSTED_PRIMALITY_UNASSIGNED,FIRST_SINGULARITY_SHELL_EXHAUSTED_PRIMALITY_UNASSIGNED,513,9595,9595
SLCMP01-0872,872,143169679,2^143169679-1,SEARCH_INPUT,STRUCTURAL_SCREEN_EXHAUSTED_PRIMALITY_UNASSIGNED,FIRST_SINGULARITY_SHELL_EXHAUSTED_PRIMALITY_UNASSIGNED,514,9595,9595
SLCMP01-0873,873,143169787,2^143169787-1,SEARCH_INPUT,STRUCTURAL_SCREEN_EXHAUSTED_PRIMALITY_UNASSIGNED,FIRST_SINGULARITY_SHELL_EXHAUSTED_PRIMALITY_UNASSIGNED,514,9595,9595
SLCMP01-0874,874,143169797,2^143169797-1,SEARCH_INPUT,STRUCTURAL_SCREEN_EXHAUSTED_PRIMALITY_UNASSIGNED,FIRST_SINGULARITY_SHELL_EXHAUSTED_PRIMALITY_UNASSIGNED,513,9595,9595
SLCMP01-0875,875,143169809,2^143169809-1,SEARCH_INPUT,STRUCTURAL_SCREEN_EXHAUSTED_PRIMALITY_UNASSIGNED,FIRST_SINGULARITY_SHELL_EXHAUSTED_PRIMALITY_UNASSIGNED,513,9595,9595
SLCMP01-0876,876,143169853,2^143169853-1,SEARCH_INPUT,STRUCTURAL_SCREEN_EXHAUSTED_PRIMALITY_UNASSIGNED,FIRST_SINGULARITY_SHELL_EXHAUSTED_PRIMALITY_UNASSIGNED,513,9595,9595
SLCMP01-0877,877,143169893,2^143169893-1,SEARCH_INPUT,STRUCTURAL_SCREEN_EXHAUSTED_PRIMALITY_UNASSIGNED,FIRST_SINGULARITY_SHELL_EXHAUSTED_PRIMALITY_UNASSIGNED,513,9595,9595
SLCMP01-0878,878,143169911,2^143169911-1,SEARCH_INPUT,STRUCTURAL_SCREEN_EXHAUSTED_PRIMALITY_UNASSIGNED,FIRST_SINGULARITY_SHELL_EXHAUSTED_PRIMALITY_UNASSIGNED,514,9595,9595
SLCMP01-0879,879,143169913,2^143169913-1,SEARCH_INPUT,STRUCTURAL_SCREEN_EXHAUSTED_PRIMALITY_UNASSIGNED,FIRST_SINGULARITY_SHELL_EXHAUSTED_PRIMALITY_UNASSIGNED,513,9595,9595
SLCMP01-0880,880,143169941,2^143169941-1,SEARCH_INPUT,STRUCTURAL_SCREEN_EXHAUSTED_PRIMALITY_UNASSIGNED,FIRST_SINGULARITY_SHELL_EXHAUSTED_PRIMALITY_UNASSIGNED,513,9595,9595
SLCMP01-0881,881,143170067,2^143170067-1,SEARCH_INPUT,STRUCTURAL_SCREEN_EXHAUSTED_PRIMALITY_UNASSIGNED,FIRST_SINGULARITY_SHELL_EXHAUSTED_PRIMALITY_UNASSIGNED,514,9595,9595
SLCMP01-0882,882,143170169,2^143170169-1,SEARCH_INPUT,STRUCTURAL_SCREEN_EXHAUSTED_PRIMALITY_UNASSIGNED,FIRST_SINGULARITY_SHELL_EXHAUSTED_PRIMALITY_UNASSIGNED,513,9595,9595
SLCMP01-0883,883,143170189,2^143170189-1,SEARCH_INPUT,STRUCTURAL_SCREEN_EXHAUSTED_PRIMALITY_UNASSIGNED,FIRST_SINGULARITY_SHELL_EXHAUSTED_PRIMALITY_UNASSIGNED,513,9595,9595
SLCMP01-0884,884,143170231,2^143170231-1,SEARCH_INPUT,STRUCTURAL_SCREEN_EXHAUSTED_PRIMALITY_UNASSIGNED,FIRST_SINGULARITY_SHELL_EXHAUSTED_PRIMALITY_UNASSIGNED,514,9595,9595
SLCMP01-0885,885,143170451,2^143170451-1,SEARCH_INPUT,STRUCTURAL_SCREEN_EXHAUSTED_PRIMALITY_UNASSIGNED,FIRST_SINGULARITY_SHELL_EXHAUSTED_PRIMALITY_UNASSIGNED,514,9595,9595
SLCMP01-0886,886,143170591,2^143170591-1,SEARCH_INPUT,STRUCTURAL_SCREEN_EXHAUSTED_PRIMALITY_UNASSIGNED,FIRST_SINGULARITY_SHELL_EXHAUSTED_PRIMALITY_UNASSIGNED,514,9595,9595
SLCMP01-0887,887,143170613,2^143170613-1,SEARCH_INPUT,STRUCTURAL_SCREEN_EXHAUSTED_PRIMALITY_UNASSIGNED,FIRST_SINGULARITY_SHELL_EXHAUSTED_PRIMALITY_UNASSIGNED,513,9595,9595
SLCMP01-0888,888,143170697,2^143170697-1,SEARCH_INPUT,STRUCTURAL_SCREEN_EXHAUSTED_PRIMALITY_UNASSIGNED,FIRST_SINGULARITY_SHELL_EXHAUSTED_PRIMALITY_UNASSIGNED,513,9595,9595
SLCMP01-0889,889,143170747,2^143170747-1,SEARCH_INPUT,STRUCTURAL_SCREEN_EXHAUSTED_PRIMALITY_UNASSIGNED,FIRST_SINGULARITY_SHELL_EXHAUSTED_PRIMALITY_UNASSIGNED,514,9595,9595
SLCMP01-0890,890,143170777,2^143170777-1,SEARCH_INPUT,STRUCTURAL_SCREEN_EXHAUSTED_PRIMALITY_UNASSIGNED,FIRST_SINGULARITY_SHELL_EXHAUSTED_PRIMALITY_UNASSIGNED,513,9595,9595
SLCMP01-0891,891,143170849,2^143170849-1,SEARCH_INPUT,STRUCTURAL_SCREEN_EXHAUSTED_PRIMALITY_UNASSIGNED,FIRST_SINGULARITY_SHELL_EXHAUSTED_PRIMALITY_UNASSIGNED,513,9595,9595
SLCMP01-0892,892,143170877,2^143170877-1,SEARCH_INPUT,STRUCTURAL_SCREEN_EXHAUSTED_PRIMALITY_UNASSIGNED,FIRST_SINGULARITY_SHELL_EXHAUSTED_PRIMALITY_UNASSIGNED,513,9595,9595
SLCMP01-0893,893,143170931,2^143170931-1,SEARCH_INPUT,STRUCTURAL_SCREEN_EXHAUSTED_PRIMALITY_UNASSIGNED,FIRST_SINGULARITY_SHELL_EXHAUSTED_PRIMALITY_UNASSIGNED,514,9595,9595
SLCMP01-0894,894,143170939,2^143170939-1,SEARCH_INPUT,STRUCTURAL_SCREEN_EXHAUSTED_PRIMALITY_UNASSIGNED,FIRST_SINGULARITY_SHELL_EXHAUSTED_PRIMALITY_UNASSIGNED,514,9595,9595
SLCMP01-0895,895,143170981,2^143170981-1,SEARCH_INPUT,STRUCTURAL_SCREEN_EXHAUSTED_PRIMALITY_UNASSIGNED,FIRST_SINGULARITY_SHELL_EXHAUSTED_PRIMALITY_UNASSIGNED,513,9595,9595
SLCMP01-0896,896,143170987,2^143170987-1,SEARCH_INPUT,STRUCTURAL_SCREEN_EXHAUSTED_PRIMALITY_UNASSIGNED,FIRST_SINGULARITY_SHELL_EXHAUSTED_PRIMALITY_UNASSIGNED,514,9595,9595
SLCMP01-0897,897,143171047,2^143171047-1,SEARCH_INPUT,STRUCTURAL_SCREEN_EXHAUSTED_PRIMALITY_UNASSIGNED,FIRST_SINGULARITY_SHELL_EXHAUSTED_PRIMALITY_UNASSIGNED,514,9595,9595
SLCMP01-0898,898,143171069,2^143171069-1,SEARCH_INPUT,STRUCTURAL_SCREEN_EXHAUSTED_PRIMALITY_UNASSIGNED,FIRST_SINGULARITY_SHELL_EXHAUSTED_PRIMALITY_UNASSIGNED,513,9595,9595
SLCMP01-0899,899,143171081,2^143171081-1,SEARCH_INPUT,STRUCTURAL_SCREEN_EXHAUSTED_PRIMALITY_UNASSIGNED,FIRST_SINGULARITY_SHELL_EXHAUSTED_PRIMALITY_UNASSIGNED,513,9595,9595
SLCMP01-0900,900,143171089,2^143171089-1,SEARCH_INPUT,STRUCTURAL_SCREEN_EXHAUSTED_PRIMALITY_UNASSIGNED,FIRST_SINGULARITY_SHELL_EXHAUSTED_PRIMALITY_UNASSIGNED,513,9595,9595
SLCMP01-0901,901,143171131,2^143171131-1,SEARCH_INPUT,STRUCTURAL_SCREEN_EXHAUSTED_PRIMALITY_UNASSIGNED,FIRST_SINGULARITY_SHELL_EXHAUSTED_PRIMALITY_UNASSIGNED,514,9595,9595
SLCMP01-0902,902,143171207,2^143171207-1,SEARCH_INPUT,STRUCTURAL_SCREEN_EXHAUSTED_PRIMALITY_UNASSIGNED,FIRST_SINGULARITY_SHELL_EXHAUSTED_PRIMALITY_UNASSIGNED,514,9595,9595
SLCMP01-0903,903,143171261,2^143171261-1,SEARCH_INPUT,STRUCTURAL_SCREEN_EXHAUSTED_PRIMALITY_UNASSIGNED,FIRST_SINGULARITY_SHELL_EXHAUSTED_PRIMALITY_UNASSIGNED,513,9595,9595
SLCMP01-0904,904,143171333,2^143171333-1,SEARCH_INPUT,STRUCTURAL_SCREEN_EXHAUSTED_PRIMALITY_UNASSIGNED,FIRST_SINGULARITY_SHELL_EXHAUSTED_PRIMALITY_UNASSIGNED,513,9595,9595
SLCMP01-0905,905,143171393,2^143171393-1,SEARCH_INPUT,STRUCTURAL_SCREEN_EXHAUSTED_PRIMALITY_UNASSIGNED,FIRST_SINGULARITY_SHELL_EXHAUSTED_PRIMALITY_UNASSIGNED,513,9595,9595
SLCMP01-0906,906,143171503,2^143171503-1,SEARCH_INPUT,STRUCTURAL_SCREEN_EXHAUSTED_PRIMALITY_UNASSIGNED,FIRST_SINGULARITY_SHELL_EXHAUSTED_PRIMALITY_UNASSIGNED,514,9595,9595
SLCMP01-0907,907,143171653,2^143171653-1,SEARCH_INPUT,STRUCTURAL_SCREEN_EXHAUSTED_PRIMALITY_UNASSIGNED,FIRST_SINGULARITY_SHELL_EXHAUSTED_PRIMALITY_UNASSIGNED,513,9595,9595
SLCMP01-0908,908,143171741,2^143171741-1,SEARCH_INPUT,STRUCTURAL_SCREEN_EXHAUSTED_PRIMALITY_UNASSIGNED,FIRST_SINGULARITY_SHELL_EXHAUSTED_PRIMALITY_UNASSIGNED,513,9595,9595
SLCMP01-0909,909,143171989,2^143171989-1,SEARCH_INPUT,STRUCTURAL_SCREEN_EXHAUSTED_PRIMALITY_UNASSIGNED,FIRST_SINGULARITY_SHELL_EXHAUSTED_PRIMALITY_UNASSIGNED,513,9595,9595
SLCMP01-0910,910,143171993,2^143171993-1,SEARCH_INPUT,STRUCTURAL_SCREEN_EXHAUSTED_PRIMALITY_UNASSIGNED,FIRST_SINGULARITY_SHELL_EXHAUSTED_PRIMALITY_UNASSIGNED,513,9595,9595
SLCMP01-0911,911,143171999,2^143171999-1,SEARCH_INPUT,STRUCTURAL_SCREEN_EXHAUSTED_PRIMALITY_UNASSIGNED,FIRST_SINGULARITY_SHELL_EXHAUSTED_PRIMALITY_UNASSIGNED,514,9595,9595
SLCMP01-0912,912,143172037,2^143172037-1,SEARCH_INPUT,STRUCTURAL_SCREEN_EXHAUSTED_PRIMALITY_UNASSIGNED,FIRST_SINGULARITY_SHELL_EXHAUSTED_PRIMALITY_UNASSIGNED,513,9595,9595
SLCMP01-0913,913,143172047,2^143172047-1,SEARCH_INPUT,STRUCTURAL_SCREEN_EXHAUSTED_PRIMALITY_UNASSIGNED,FIRST_SINGULARITY_SHELL_EXHAUSTED_PRIMALITY_UNASSIGNED,514,9595,9595
SLCMP01-0914,914,143172067,2^143172067-1,SEARCH_INPUT,STRUCTURAL_SCREEN_EXHAUSTED_PRIMALITY_UNASSIGNED,FIRST_SINGULARITY_SHELL_EXHAUSTED_PRIMALITY_UNASSIGNED,514,9595,9595
SLCMP01-0915,915,143172193,2^143172193-1,SEARCH_INPUT,STRUCTURAL_SCREEN_EXHAUSTED_PRIMALITY_UNASSIGNED,FIRST_SINGULARITY_SHELL_EXHAUSTED_PRIMALITY_UNASSIGNED,513,9595,9595
SLCMP01-0916,916,143172259,2^143172259-1,SEARCH_INPUT,STRUCTURAL_SCREEN_EXHAUSTED_PRIMALITY_UNASSIGNED,FIRST_SINGULARITY_SHELL_EXHAUSTED_PRIMALITY_UNASSIGNED,514,9595,9595
SLCMP01-0917,917,143172373,2^143172373-1,SEARCH_INPUT,STRUCTURAL_SCREEN_EXHAUSTED_PRIMALITY_UNASSIGNED,FIRST_SINGULARITY_SHELL_EXHAUSTED_PRIMALITY_UNASSIGNED,513,9595,9595
SLCMP01-0918,918,143172397,2^143172397-1,SEARCH_INPUT,STRUCTURAL_SCREEN_EXHAUSTED_PRIMALITY_UNASSIGNED,FIRST_SINGULARITY_SHELL_EXHAUSTED_PRIMALITY_UNASSIGNED,513,9595,9595
SLCMP01-0919,919,143172457,2^143172457-1,SEARCH_INPUT,STRUCTURAL_SCREEN_EXHAUSTED_PRIMALITY_UNASSIGNED,FIRST_SINGULARITY_SHELL_EXHAUSTED_PRIMALITY_UNASSIGNED,513,9595,9595
SLCMP01-0920,920,143172649,2^143172649-1,SEARCH_INPUT,STRUCTURAL_SCREEN_EXHAUSTED_PRIMALITY_UNASSIGNED,FIRST_SINGULARITY_SHELL_EXHAUSTED_PRIMALITY_UNASSIGNED,513,9595,9595
SLCMP01-0921,921,143172751,2^143172751-1,SEARCH_INPUT,STRUCTURAL_SCREEN_EXHAUSTED_PRIMALITY_UNASSIGNED,FIRST_SINGULARITY_SHELL_EXHAUSTED_PRIMALITY_UNASSIGNED,514,9595,9595
SLCMP01-0922,922,143172803,2^143172803-1,SEARCH_INPUT,STRUCTURAL_SCREEN_EXHAUSTED_PRIMALITY_UNASSIGNED,FIRST_SINGULARITY_SHELL_EXHAUSTED_PRIMALITY_UNASSIGNED,514,9595,9595
SLCMP01-0923,923,143172859,2^143172859-1,SEARCH_INPUT,STRUCTURAL_SCREEN_EXHAUSTED_PRIMALITY_UNASSIGNED,FIRST_SINGULARITY_SHELL_EXHAUSTED_PRIMALITY_UNASSIGNED,514,9595,9595
SLCMP01-0924,924,143172871,2^143172871-1,SEARCH_INPUT,STRUCTURAL_SCREEN_EXHAUSTED_PRIMALITY_UNASSIGNED,FIRST_SINGULARITY_SHELL_EXHAUSTED_PRIMALITY_UNASSIGNED,514,9595,9595
SLCMP01-0925,925,143172899,2^143172899-1,SEARCH_INPUT,STRUCTURAL_SCREEN_EXHAUSTED_PRIMALITY_UNASSIGNED,FIRST_SINGULARITY_SHELL_EXHAUSTED_PRIMALITY_UNASSIGNED,514,9595,9595
SLCMP01-0926,926,143172947,2^143172947-1,SEARCH_INPUT,STRUCTURAL_SCREEN_EXHAUSTED_PRIMALITY_UNASSIGNED,FIRST_SINGULARITY_SHELL_EXHAUSTED_PRIMALITY_UNASSIGNED,514,9595,9595
SLCMP01-0927,927,143173049,2^143173049-1,SEARCH_INPUT,STRUCTURAL_SCREEN_EXHAUSTED_PRIMALITY_UNASSIGNED,FIRST_SINGULARITY_SHELL_EXHAUSTED_PRIMALITY_UNASSIGNED,513,9595,9595
SLCMP01-0928,928,143173297,2^143173297-1,SEARCH_INPUT,STRUCTURAL_SCREEN_EXHAUSTED_PRIMALITY_UNASSIGNED,FIRST_SINGULARITY_SHELL_EXHAUSTED_PRIMALITY_UNASSIGNED,513,9595,9595
SLCMP01-0929,929,143173307,2^143173307-1,SEARCH_INPUT,STRUCTURAL_SCREEN_EXHAUSTED_PRIMALITY_UNASSIGNED,FIRST_SINGULARITY_SHELL_EXHAUSTED_PRIMALITY_UNASSIGNED,514,9595,9595
SLCMP01-0930,930,143173309,2^143173309-1,SEARCH_INPUT,STRUCTURAL_SCREEN_EXHAUSTED_PRIMALITY_UNASSIGNED,FIRST_SINGULARITY_SHELL_EXHAUSTED_PRIMALITY_UNASSIGNED,513,9595,9595
SLCMP01-0931,931,143173339,2^143173339-1,SEARCH_INPUT,STRUCTURAL_SCREEN_EXHAUSTED_PRIMALITY_UNASSIGNED,FIRST_SINGULARITY_SHELL_EXHAUSTED_PRIMALITY_UNASSIGNED,514,9595,9595
SLCMP01-0932,932,143173361,2^143173361-1,SEARCH_INPUT,STRUCTURAL_SCREEN_EXHAUSTED_PRIMALITY_UNASSIGNED,FIRST_SINGULARITY_SHELL_EXHAUSTED_PRIMALITY_UNASSIGNED,513,9595,9595
SLCMP01-0933,933,143176981,2^143176981-1,SEARCH_INPUT,STRUCTURAL_SCREEN_EXHAUSTED_PRIMALITY_UNASSIGNED,FIRST_SINGULARITY_SHELL_EXHAUSTED_PRIMALITY_UNASSIGNED,513,9595,9595
SLCMP01-0934,934,143177033,2^143177033-1,SEARCH_INPUT,STRUCTURAL_SCREEN_EXHAUSTED_PRIMALITY_UNASSIGNED,FIRST_SINGULARITY_SHELL_EXHAUSTED_PRIMALITY_UNASSIGNED,513,9595,9595
SLCMP01-0935,935,143177051,2^143177051-1,SEARCH_INPUT,STRUCTURAL_SCREEN_EXHAUSTED_PRIMALITY_UNASSIGNED,FIRST_SINGULARITY_SHELL_EXHAUSTED_PRIMALITY_UNASSIGNED,514,9595,9595
SLCMP01-0936,936,143177053,2^143177053-1,SEARCH_INPUT,STRUCTURAL_SCREEN_EXHAUSTED_PRIMALITY_UNASSIGNED,FIRST_SINGULARITY_SHELL_EXHAUSTED_PRIMALITY_UNASSIGNED,513,9595,9595
SLCMP01-0937,937,143177071,2^143177071-1,SEARCH_INPUT,STRUCTURAL_SCREEN_EXHAUSTED_PRIMALITY_UNASSIGNED,FIRST_SINGULARITY_SHELL_EXHAUSTED_PRIMALITY_UNASSIGNED,514,9595,9595
SLCMP01-0938,938,143177113,2^143177113-1,SEARCH_INPUT,STRUCTURAL_SCREEN_EXHAUSTED_PRIMALITY_UNASSIGNED,FIRST_SINGULARITY_SHELL_EXHAUSTED_PRIMALITY_UNASSIGNED,513,9595,9595
SLCMP01-0939,939,143177131,2^143177131-1,SEARCH_INPUT,STRUCTURAL_SCREEN_EXHAUSTED_PRIMALITY_UNASSIGNED,FIRST_SINGULARITY_SHELL_EXHAUSTED_PRIMALITY_UNASSIGNED,514,9595,9595
SLCMP01-0940,940,143177197,2^143177197-1,SEARCH_INPUT,STRUCTURAL_SCREEN_EXHAUSTED_PRIMALITY_UNASSIGNED,FIRST_SINGULARITY_SHELL_EXHAUSTED_PRIMALITY_UNASSIGNED,513,9595,9595
SLCMP01-0941,941,143177311,2^143177311-1,SEARCH_INPUT,STRUCTURAL_SCREEN_EXHAUSTED_PRIMALITY_UNASSIGNED,FIRST_SINGULARITY_SHELL_EXHAUSTED_PRIMALITY_UNASSIGNED,514,9595,9595
SLCMP01-0942,942,143177389,2^143177389-1,SEARCH_INPUT,STRUCTURAL_SCREEN_EXHAUSTED_PRIMALITY_UNASSIGNED,FIRST_SINGULARITY_SHELL_EXHAUSTED_PRIMALITY_UNASSIGNED,513,9595,9595
SLCMP01-0943,943,143177543,2^143177543-1,SEARCH_INPUT,STRUCTURAL_SCREEN_EXHAUSTED_PRIMALITY_UNASSIGNED,FIRST_SINGULARITY_SHELL_EXHAUSTED_PRIMALITY_UNASSIGNED,514,9595,9595
SLCMP01-0944,944,143177687,2^143177687-1,SEARCH_INPUT,STRUCTURAL_SCREEN_EXHAUSTED_PRIMALITY_UNASSIGNED,FIRST_SINGULARITY_SHELL_EXHAUSTED_PRIMALITY_UNASSIGNED,514,9595,9595
SLCMP01-0945,945,143177849,2^143177849-1,SEARCH_INPUT,STRUCTURAL_SCREEN_EXHAUSTED_PRIMALITY_UNASSIGNED,FIRST_SINGULARITY_SHELL_EXHAUSTED_PRIMALITY_UNASSIGNED,513,9595,9595
SLCMP01-0946,946,143177887,2^143177887-1,SEARCH_INPUT,STRUCTURAL_SCREEN_EXHAUSTED_PRIMALITY_UNASSIGNED,FIRST_SINGULARITY_SHELL_EXHAUSTED_PRIMALITY_UNASSIGNED,514,9595,9595
SLCMP01-0947,947,143177897,2^143177897-1,SEARCH_INPUT,STRUCTURAL_SCREEN_EXHAUSTED_PRIMALITY_UNASSIGNED,FIRST_SINGULARITY_SHELL_EXHAUSTED_PRIMALITY_UNASSIGNED,513,9595,9595
SLCMP01-0948,948,143178083,2^143178083-1,SEARCH_INPUT,STRUCTURAL_SCREEN_EXHAUSTED_PRIMALITY_UNASSIGNED,FIRST_SINGULARITY_SHELL_EXHAUSTED_PRIMALITY_UNASSIGNED,514,9595,9595
SLCMP01-0949,949,143178107,2^143178107-1,SEARCH_INPUT,STRUCTURAL_SCREEN_EXHAUSTED_PRIMALITY_UNASSIGNED,FIRST_SINGULARITY_SHELL_EXHAUSTED_PRIMALITY_UNASSIGNED,514,9595,9595
SLCMP01-0950,950,143178227,2^143178227-1,SEARCH_INPUT,STRUCTURAL_SCREEN_EXHAUSTED_PRIMALITY_UNASSIGNED,FIRST_SINGULARITY_SHELL_EXHAUSTED_PRIMALITY_UNASSIGNED,514,9595,9595
SLCMP01-0951,951,143178463,2^143178463-1,SEARCH_INPUT,STRUCTURAL_SCREEN_EXHAUSTED_PRIMALITY_UNASSIGNED,FIRST_SINGULARITY_SHELL_EXHAUSTED_PRIMALITY_UNASSIGNED,514,9595,9595
SLCMP01-0952,952,143178617,2^143178617-1,SEARCH_INPUT,STRUCTURAL_SCREEN_EXHAUSTED_PRIMALITY_UNASSIGNED,FIRST_SINGULARITY_SHELL_EXHAUSTED_PRIMALITY_UNASSIGNED,513,9595,9595
SLCMP01-0953,953,143178649,2^143178649-1,SEARCH_INPUT,STRUCTURAL_SCREEN_EXHAUSTED_PRIMALITY_UNASSIGNED,FIRST_SINGULARITY_SHELL_EXHAUSTED_PRIMALITY_UNASSIGNED,513,9595,9595
SLCMP01-0954,954,143178667,2^143178667-1,SEARCH_INPUT,STRUCTURAL_SCREEN_EXHAUSTED_PRIMALITY_UNASSIGNED,FIRST_SINGULARITY_SHELL_EXHAUSTED_PRIMALITY_UNASSIGNED,514,9595,9595
SLCMP01-0955,955,143178701,2^143178701-1,SEARCH_INPUT,STRUCTURAL_SCREEN_EXHAUSTED_PRIMALITY_UNASSIGNED,FIRST_SINGULARITY_SHELL_EXHAUSTED_PRIMALITY_UNASSIGNED,513,9595,9595
SLCMP01-0956,956,143178853,2^143178853-1,SEARCH_INPUT,STRUCTURAL_SCREEN_EXHAUSTED_PRIMALITY_UNASSIGNED,FIRST_SINGULARITY_SHELL_EXHAUSTED_PRIMALITY_UNASSIGNED,513,9595,9595
SLCMP01-0957,957,143178857,2^143178857-1,SEARCH_INPUT,STRUCTURAL_SCREEN_EXHAUSTED_PRIMALITY_UNASSIGNED,FIRST_SINGULARITY_SHELL_EXHAUSTED_PRIMALITY_UNASSIGNED,513,9595,9595
SLCMP01-0958,958,143178869,2^143178869-1,SEARCH_INPUT,STRUCTURAL_SCREEN_EXHAUSTED_PRIMALITY_UNASSIGNED,FIRST_SINGULARITY_SHELL_EXHAUSTED_PRIMALITY_UNASSIGNED,513,9595,9595
SLCMP01-0959,959,143178883,2^143178883-1,SEARCH_INPUT,STRUCTURAL_SCREEN_EXHAUSTED_PRIMALITY_UNASSIGNED,FIRST_SINGULARITY_SHELL_EXHAUSTED_PRIMALITY_UNASSIGNED,514,9595,9595
SLCMP01-0960,960,143178943,2^143178943-1,SEARCH_INPUT,STRUCTURAL_SCREEN_EXHAUSTED_PRIMALITY_UNASSIGNED,FIRST_SINGULARITY_SHELL_EXHAUSTED_PRIMALITY_UNASSIGNED,514,9595,9595
SLCMP01-0961,961,143178989,2^143178989-1,SEARCH_INPUT,STRUCTURAL_SCREEN_EXHAUSTED_PRIMALITY_UNASSIGNED,FIRST_SINGULARITY_SHELL_EXHAUSTED_PRIMALITY_UNASSIGNED,513,9595,9595
SLCMP01-0962,962,143179237,2^143179237-1,SEARCH_INPUT,STRUCTURAL_SCREEN_EXHAUSTED_PRIMALITY_UNASSIGNED,FIRST_SINGULARITY_SHELL_EXHAUSTED_PRIMALITY_UNASSIGNED,513,9595,9595
SLCMP01-0963,963,143179367,2^143179367-1,SEARCH_INPUT,STRUCTURAL_SCREEN_EXHAUSTED_PRIMALITY_UNASSIGNED,FIRST_SINGULARITY_SHELL_EXHAUSTED_PRIMALITY_UNASSIGNED,514,9595,9595
SLCMP01-0964,964,143179397,2^143179397-1,SEARCH_INPUT,STRUCTURAL_SCREEN_EXHAUSTED_PRIMALITY_UNASSIGNED,FIRST_SINGULARITY_SHELL_EXHAUSTED_PRIMALITY_UNASSIGNED,513,9595,9595
SLCMP01-0965,965,143179433,2^143179433-1,SEARCH_INPUT,STRUCTURAL_SCREEN_EXHAUSTED_PRIMALITY_UNASSIGNED,FIRST_SINGULARITY_SHELL_EXHAUSTED_PRIMALITY_UNASSIGNED,513,9595,9595
SLCMP01-0966,966,143179441,2^143179441-1,SEARCH_INPUT,STRUCTURAL_SCREEN_EXHAUSTED_PRIMALITY_UNASSIGNED,FIRST_SINGULARITY_SHELL_EXHAUSTED_PRIMALITY_UNASSIGNED,513,9595,9595
SLCMP01-0967,967,143179549,2^143179549-1,SEARCH_INPUT,STRUCTURAL_SCREEN_EXHAUSTED_PRIMALITY_UNASSIGNED,FIRST_SINGULARITY_SHELL_EXHAUSTED_PRIMALITY_UNASSIGNED,513,9595,9595
SLCMP01-0968,968,143179639,2^143179639-1,SEARCH_INPUT,STRUCTURAL_SCREEN_EXHAUSTED_PRIMALITY_UNASSIGNED,FIRST_SINGULARITY_SHELL_EXHAUSTED_PRIMALITY_UNASSIGNED,514,9595,9595
SLCMP01-0969,969,143179681,2^143179681-1,SEARCH_INPUT,STRUCTURAL_SCREEN_EXHAUSTED_PRIMALITY_UNASSIGNED,FIRST_SINGULARITY_SHELL_EXHAUSTED_PRIMALITY_UNASSIGNED,513,9595,9595
SLCMP01-0970,970,143179691,2^143179691-1,SEARCH_INPUT,STRUCTURAL_SCREEN_EXHAUSTED_PRIMALITY_UNASSIGNED,FIRST_SINGULARITY_SHELL_EXHAUSTED_PRIMALITY_UNASSIGNED,514,9595,9595
SLCMP01-0971,971,143179711,2^143179711-1,SEARCH_INPUT,STRUCTURAL_SCREEN_EXHAUSTED_PRIMALITY_UNASSIGNED,FIRST_SINGULARITY_SHELL_EXHAUSTED_PRIMALITY_UNASSIGNED,514,9595,9595
SLCMP01-0972,972,143179733,2^143179733-1,SEARCH_INPUT,STRUCTURAL_SCREEN_EXHAUSTED_PRIMALITY_UNASSIGNED,FIRST_SINGULARITY_SHELL_EXHAUSTED_PRIMALITY_UNASSIGNED,513,9595,9595
SLCMP01-0973,973,143179739,2^143179739-1,SEARCH_INPUT,STRUCTURAL_SCREEN_EXHAUSTED_PRIMALITY_UNASSIGNED,FIRST_SINGULARITY_SHELL_EXHAUSTED_PRIMALITY_UNASSIGNED,514,9595,9595
SLCMP01-0974,974,143179769,2^143179769-1,SEARCH_INPUT,STRUCTURAL_SCREEN_EXHAUSTED_PRIMALITY_UNASSIGNED,FIRST_SINGULARITY_SHELL_EXHAUSTED_PRIMALITY_UNASSIGNED,513,9595,9595
SLCMP01-0975,975,143179891,2^143179891-1,SEARCH_INPUT,STRUCTURAL_SCREEN_EXHAUSTED_PRIMALITY_UNASSIGNED,FIRST_SINGULARITY_SHELL_EXHAUSTED_PRIMALITY_UNASSIGNED,514,9595,9595
SLCMP01-0976,976,143179901,2^143179901-1,SEARCH_INPUT,STRUCTURAL_SCREEN_EXHAUSTED_PRIMALITY_UNASSIGNED,FIRST_SINGULARITY_SHELL_EXHAUSTED_PRIMALITY_UNASSIGNED,513,9595,9595
SLCMP01-0977,977,143179957,2^143179957-1,SEARCH_INPUT,STRUCTURAL_SCREEN_EXHAUSTED_PRIMALITY_UNASSIGNED,FIRST_SINGULARITY_SHELL_EXHAUSTED_PRIMALITY_UNASSIGNED,513,9595,9595
SLCMP01-0978,978,143180021,2^143180021-1,SEARCH_INPUT,STRUCTURAL_SCREEN_EXHAUSTED_PRIMALITY_UNASSIGNED,FIRST_SINGULARITY_SHELL_EXHAUSTED_PRIMALITY_UNASSIGNED,513,9595,9595
SLCMP01-0979,979,143180039,2^143180039-1,SEARCH_INPUT,STRUCTURAL_SCREEN_EXHAUSTED_PRIMALITY_UNASSIGNED,FIRST_SINGULARITY_SHELL_EXHAUSTED_PRIMALITY_UNASSIGNED,514,9595,9595
SLCMP01-0980,980,143180057,2^143180057-1,SEARCH_INPUT,STRUCTURAL_SCREEN_EXHAUSTED_PRIMALITY_UNASSIGNED,FIRST_SINGULARITY_SHELL_EXHAUSTED_PRIMALITY_UNASSIGNED,513,9595,9595
SLCMP01-0981,981,143180161,2^143180161-1,SEARCH_INPUT,STRUCTURAL_SCREEN_EXHAUSTED_PRIMALITY_UNASSIGNED,FIRST_SINGULARITY_SHELL_EXHAUSTED_PRIMALITY_UNASSIGNED,513,9595,9595
SLCMP01-0982,982,143180183,2^143180183-1,SEARCH_INPUT,STRUCTURAL_SCREEN_EXHAUSTED_PRIMALITY_UNASSIGNED,FIRST_SINGULARITY_SHELL_EXHAUSTED_PRIMALITY_UNASSIGNED,514,9595,9595
SLCMP01-0983,983,143180201,2^143180201-1,SEARCH_INPUT,STRUCTURAL_SCREEN_EXHAUSTED_PRIMALITY_UNASSIGNED,FIRST_SINGULARITY_SHELL_EXHAUSTED_PRIMALITY_UNASSIGNED,513,9595,9595
SLCMP01-0984,984,143180251,2^143180251-1,SEARCH_INPUT,STRUCTURAL_SCREEN_EXHAUSTED_PRIMALITY_UNASSIGNED,FIRST_SINGULARITY_SHELL_EXHAUSTED_PRIMALITY_UNASSIGNED,514,9595,9595
SLCMP01-0985,985,143180381,2^143180381-1,SEARCH_INPUT,STRUCTURAL_SCREEN_EXHAUSTED_PRIMALITY_UNASSIGNED,FIRST_SINGULARITY_SHELL_EXHAUSTED_PRIMALITY_UNASSIGNED,513,9595,9595
SLCMP01-0986,986,143180461,2^143180461-1,SEARCH_INPUT,STRUCTURAL_SCREEN_EXHAUSTED_PRIMALITY_UNASSIGNED,FIRST_SINGULARITY_SHELL_EXHAUSTED_PRIMALITY_UNASSIGNED,513,9595,9595
SLCMP01-0987,987,143180641,2^143180641-1,SEARCH_INPUT,STRUCTURAL_SCREEN_EXHAUSTED_PRIMALITY_UNASSIGNED,FIRST_SINGULARITY_SHELL_EXHAUSTED_PRIMALITY_UNASSIGNED,513,9595,9595
SLCMP01-0988,988,143180677,2^143180677-1,SEARCH_INPUT,STRUCTURAL_SCREEN_EXHAUSTED_PRIMALITY_UNASSIGNED,FIRST_SINGULARITY_SHELL_EXHAUSTED_PRIMALITY_UNASSIGNED,513,9595,9595
SLCMP01-0989,989,143180923,2^143180923-1,SEARCH_INPUT,STRUCTURAL_SCREEN_EXHAUSTED_PRIMALITY_UNASSIGNED,FIRST_SINGULARITY_SHELL_EXHAUSTED_PRIMALITY_UNASSIGNED,514,9595,9595
SLCMP01-0990,990,143180951,2^143180951-1,SEARCH_INPUT,STRUCTURAL_SCREEN_EXHAUSTED_PRIMALITY_UNASSIGNED,FIRST_SINGULARITY_SHELL_EXHAUSTED_PRIMALITY_UNASSIGNED,514,9595,9595
SLCMP01-0991,991,143181043,2^143181043-1,SEARCH_INPUT,STRUCTURAL_SCREEN_EXHAUSTED_PRIMALITY_UNASSIGNED,FIRST_SINGULARITY_SHELL_EXHAUSTED_PRIMALITY_UNASSIGNED,514,9595,9595
SLCMP01-0992,992,143181121,2^143181121-1,SEARCH_INPUT,STRUCTURAL_SCREEN_EXHAUSTED_PRIMALITY_UNASSIGNED,FIRST_SINGULARITY_SHELL_EXHAUSTED_PRIMALITY_UNASSIGNED,513,9595,9595
SLCMP01-0993,993,143181127,2^143181127-1,SEARCH_INPUT,STRUCTURAL_SCREEN_EXHAUSTED_PRIMALITY_UNASSIGNED,FIRST_SINGULARITY_SHELL_EXHAUSTED_PRIMALITY_UNASSIGNED,514,9595,9595
SLCMP01-0994,994,143181133,2^143181133-1,SEARCH_INPUT,STRUCTURAL_SCREEN_EXHAUSTED_PRIMALITY_UNASSIGNED,FIRST_SINGULARITY_SHELL_EXHAUSTED_PRIMALITY_UNASSIGNED,513,9595,9595
SLCMP01-0995,995,143181523,2^143181523-1,SEARCH_INPUT,STRUCTURAL_SCREEN_EXHAUSTED_PRIMALITY_UNASSIGNED,FIRST_SINGULARITY_SHELL_EXHAUSTED_PRIMALITY_UNASSIGNED,514,9595,9595
SLCMP01-0996,996,143181551,2^143181551-1,SEARCH_INPUT,STRUCTURAL_SCREEN_EXHAUSTED_PRIMALITY_UNASSIGNED,FIRST_SINGULARITY_SHELL_EXHAUSTED_PRIMALITY_UNASSIGNED,514,9595,9595
SLCMP01-0997,997,143181607,2^143181607-1,SEARCH_INPUT,STRUCTURAL_SCREEN_EXHAUSTED_PRIMALITY_UNASSIGNED,FIRST_SINGULARITY_SHELL_EXHAUSTED_PRIMALITY_UNASSIGNED,514,9595,9595
SLCMP01-0998,998,143181641,2^143181641-1,SEARCH_INPUT,STRUCTURAL_SCREEN_EXHAUSTED_PRIMALITY_UNASSIGNED,FIRST_SINGULARITY_SHELL_EXHAUSTED_PRIMALITY_UNASSIGNED,513,9595,9595
SLCMP01-0999,999,143181691,2^143181691-1,SEARCH_INPUT,STRUCTURAL_SCREEN_EXHAUSTED_PRIMALITY_UNASSIGNED,FIRST_SINGULARITY_SHELL_EXHAUSTED_PRIMALITY_UNASSIGNED,514,9595,9595
SLCMP01-1000,1000,143181713,2^143181713-1,SEARCH_INPUT,STRUCTURAL_SCREEN_EXHAUSTED_PRIMALITY_UNASSIGNED,FIRST_SINGULARITY_SHELL_EXHAUSTED_PRIMALITY_UNASSIGNED,513,9595,9595
SLCMP01-1001,1001,143181791,2^143181791-1,SEARCH_INPUT,STRUCTURAL_SCREEN_EXHAUSTED_PRIMALITY_UNASSIGNED,FIRST_SINGULARITY_SHELL_EXHAUSTED_PRIMALITY_UNASSIGNED,514,9595,9595
SLCMP01-1002,1002,143181817,2^143181817-1,SEARCH_INPUT,STRUCTURAL_SCREEN_EXHAUSTED_PRIMALITY_UNASSIGNED,FIRST_SINGULARITY_SHELL_EXHAUSTED_PRIMALITY_UNASSIGNED,513,9595,9595
SLCMP01-1003,1003,143181919,2^143181919-1,SEARCH_INPUT,STRUCTURAL_SCREEN_EXHAUSTED_PRIMALITY_UNASSIGNED,FIRST_SINGULARITY_SHELL_EXHAUSTED_PRIMALITY_UNASSIGNED,514,9595,9595
SLCMP01-1004,1004,143181979,2^143181979-1,SEARCH_INPUT,STRUCTURAL_SCREEN_EXHAUSTED_PRIMALITY_UNASSIGNED,FIRST_SINGULARITY_SHELL_EXHAUSTED_PRIMALITY_UNASSIGNED,514,9595,9595
SLCMP01-1005,1005,143182099,2^143182099-1,SEARCH_INPUT,STRUCTURAL_SCREEN_EXHAUSTED_PRIMALITY_UNASSIGNED,FIRST_SINGULARITY_SHELL_EXHAUSTED_PRIMALITY_UNASSIGNED,514,9595,9595
SLCMP01-1006,1006,143182181,2^143182181-1,SEARCH_INPUT,STRUCTURAL_SCREEN_EXHAUSTED_PRIMALITY_UNASSIGNED,FIRST_SINGULARITY_SHELL_EXHAUSTED_PRIMALITY_UNASSIGNED,513,9595,9595
SLCMP01-1007,1007,143182219,2^143182219-1,SEARCH_INPUT,STRUCTURAL_SCREEN_EXHAUSTED_PRIMALITY_UNASSIGNED,FIRST_SINGULARITY_SHELL_EXHAUSTED_PRIMALITY_UNASSIGNED,514,9595,9595
SLCMP01-1008,1008,143182253,2^143182253-1,SEARCH_INPUT,STRUCTURAL_SCREEN_EXHAUSTED_PRIMALITY_UNASSIGNED,FIRST_SINGULARITY_SHELL_EXHAUSTED_PRIMALITY_UNASSIGNED,513,9595,9595
SLCMP01-1009,1009,143182307,2^143182307-1,SEARCH_INPUT,STRUCTURAL_SCREEN_EXHAUSTED_PRIMALITY_UNASSIGNED,FIRST_SINGULARITY_SHELL_EXHAUSTED_PRIMALITY_UNASSIGNED,514,9595,9595
SLCMP01-1010,1010,143182331,2^143182331-1,SEARCH_INPUT,STRUCTURAL_SCREEN_EXHAUSTED_PRIMALITY_UNASSIGNED,FIRST_SINGULARITY_SHELL_EXHAUSTED_PRIMALITY_UNASSIGNED,514,9595,9595
SLCMP01-1011,1011,143182447,2^143182447-1,SEARCH_INPUT,STRUCTURAL_SCREEN_EXHAUSTED_PRIMALITY_UNASSIGNED,FIRST_SINGULARITY_SHELL_EXHAUSTED_PRIMALITY_UNASSIGNED,514,9595,9595
SLCMP01-1012,1012,143182453,2^143182453-1,SEARCH_INPUT,STRUCTURAL_SCREEN_EXHAUSTED_PRIMALITY_UNASSIGNED,FIRST_SINGULARITY_SHELL_EXHAUSTED_PRIMALITY_UNASSIGNED,513,9595,9595
SLCMP01-1013,1013,143182469,2^143182469-1,SEARCH_INPUT,STRUCTURAL_SCREEN_EXHAUSTED_PRIMALITY_UNASSIGNED,FIRST_SINGULARITY_SHELL_EXHAUSTED_PRIMALITY_UNASSIGNED,513,9595,9595
SLCMP01-1014,1014,143182691,2^143182691-1,SEARCH_INPUT,STRUCTURAL_SCREEN_EXHAUSTED_PRIMALITY_UNASSIGNED,FIRST_SINGULARITY_SHELL_EXHAUSTED_PRIMALITY_UNASSIGNED,514,9595,9595
SLCMP01-1015,1015,143182807,2^143182807-1,SEARCH_INPUT,STRUCTURAL_SCREEN_EXHAUSTED_PRIMALITY_UNASSIGNED,FIRST_SINGULARITY_SHELL_EXHAUSTED_PRIMALITY_UNASSIGNED,514,9595,9595
SLCMP01-1016,1016,143182847,2^143182847-1,SEARCH_INPUT,STRUCTURAL_SCREEN_EXHAUSTED_PRIMALITY_UNASSIGNED,FIRST_SINGULARITY_SHELL_EXHAUSTED_PRIMALITY_UNASSIGNED,514,9595,9595
SLCMP01-1017,1017,143182909,2^143182909-1,SEARCH_INPUT,STRUCTURAL_SCREEN_EXHAUSTED_PRIMALITY_UNASSIGNED,FIRST_SINGULARITY_SHELL_EXHAUSTED_PRIMALITY_UNASSIGNED,513,9595,9595
SLCMP01-1018,1018,143182913,2^143182913-1,SEARCH_INPUT,STRUCTURAL_SCREEN_EXHAUSTED_PRIMALITY_UNASSIGNED,FIRST_SINGULARITY_SHELL_EXHAUSTED_PRIMALITY_UNASSIGNED,513,9595,9595
SLCMP01-1019,1019,143182939,2^143182939-1,SEARCH_INPUT,STRUCTURAL_SCREEN_EXHAUSTED_PRIMALITY_UNASSIGNED,FIRST_SINGULARITY_SHELL_EXHAUSTED_PRIMALITY_UNASSIGNED,514,9595,9595
SLCMP01-1020,1020,143183021,2^143183021-1,SEARCH_INPUT,STRUCTURAL_SCREEN_EXHAUSTED_PRIMALITY_UNASSIGNED,FIRST_SINGULARITY_SHELL_EXHAUSTED_PRIMALITY_UNASSIGNED,513,9595,9595
SLCMP01-1021,1021,143183057,2^143183057-1,SEARCH_INPUT,STRUCTURAL_SCREEN_EXHAUSTED_PRIMALITY_UNASSIGNED,FIRST_SINGULARITY_SHELL_EXHAUSTED_PRIMALITY_UNASSIGNED,513,9595,9595
SLCMP01-1022,1022,143183143,2^143183143-1,SEARCH_INPUT,STRUCTURAL_SCREEN_EXHAUSTED_PRIMALITY_UNASSIGNED,FIRST_SINGULARITY_SHELL_EXHAUSTED_PRIMALITY_UNASSIGNED,514,9595,9595
SLCMP01-1023,1023,143183309,2^143183309-1,SEARCH_INPUT,STRUCTURAL_SCREEN_EXHAUSTED_PRIMALITY_UNASSIGNED,FIRST_SINGULARITY_SHELL_EXHAUSTED_PRIMALITY_UNASSIGNED,513,9595,9595
SLCMP01-1024,1024,143183329,2^143183329-1,SEARCH_INPUT,STRUCTURAL_SCREEN_EXHAUSTED_PRIMALITY_UNASSIGNED,FIRST_SINGULARITY_SHELL_EXHAUSTED_PRIMALITY_UNASSIGNED,513,9595,9595
SLCMP01-1025,1025,143183371,2^143183371-1,SEARCH_INPUT,STRUCTURAL_SCREEN_EXHAUSTED_PRIMALITY_UNASSIGNED,FIRST_SINGULARITY_SHELL_EXHAUSTED_PRIMALITY_UNASSIGNED,514,9595,9595
SLCMP01-1026,1026,143183431,2^143183431-1,SEARCH_INPUT,STRUCTURAL_SCREEN_EXHAUSTED_PRIMALITY_UNASSIGNED,FIRST_SINGULARITY_SHELL_EXHAUSTED_PRIMALITY_UNASSIGNED,514,9595,9595
SLCMP01-1027,1027,143183497,2^143183497-1,SEARCH_INPUT,STRUCTURAL_SCREEN_EXHAUSTED_PRIMALITY_UNASSIGNED,FIRST_SINGULARITY_SHELL_EXHAUSTED_PRIMALITY_UNASSIGNED,513,9595,9595
SLCMP01-1028,1028,143183569,2^143183569-1,SEARCH_INPUT,STRUCTURAL_SCREEN_EXHAUSTED_PRIMALITY_UNASSIGNED,FIRST_SINGULARITY_SHELL_EXHAUSTED_PRIMALITY_UNASSIGNED,513,9595,9595
SLCMP01-1029,1029,143183779,2^143183779-1,SEARCH_INPUT,STRUCTURAL_SCREEN_EXHAUSTED_PRIMALITY_UNASSIGNED,FIRST_SINGULARITY_SHELL_EXHAUSTED_PRIMALITY_UNASSIGNED,514,9595,9595
SLCMP01-1030,1030,143183819,2^143183819-1,SEARCH_INPUT,STRUCTURAL_SCREEN_EXHAUSTED_PRIMALITY_UNASSIGNED,FIRST_SINGULARITY_SHELL_EXHAUSTED_PRIMALITY_UNASSIGNED,514,9595,9595
SLCMP01-1031,1031,143183827,2^143183827-1,SEARCH_INPUT,STRUCTURAL_SCREEN_EXHAUSTED_PRIMALITY_UNASSIGNED,FIRST_SINGULARITY_SHELL_EXHAUSTED_PRIMALITY_UNASSIGNED,514,9595,9595
SLCMP01-1032,1032,143183903,2^143183903-1,SEARCH_INPUT,STRUCTURAL_SCREEN_EXHAUSTED_PRIMALITY_UNASSIGNED,FIRST_SINGULARITY_SHELL_EXHAUSTED_PRIMALITY_UNASSIGNED,514,9595,9595
SLCMP01-1033,1033,143184017,2^143184017-1,SEARCH_INPUT,STRUCTURAL_SCREEN_EXHAUSTED_PRIMALITY_UNASSIGNED,FIRST_SINGULARITY_SHELL_EXHAUSTED_PRIMALITY_UNASSIGNED,513,9595,9595
SLCMP01-1034,1034,143184029,2^143184029-1,SEARCH_INPUT,STRUCTURAL_SCREEN_EXHAUSTED_PRIMALITY_UNASSIGNED,FIRST_SINGULARITY_SHELL_EXHAUSTED_PRIMALITY_UNASSIGNED,513,9595,9595
SLCMP01-1035,1035,143184053,2^143184053-1,SEARCH_INPUT,STRUCTURAL_SCREEN_EXHAUSTED_PRIMALITY_UNASSIGNED,FIRST_SINGULARITY_SHELL_EXHAUSTED_PRIMALITY_UNASSIGNED,513,9595,9595
SLCMP01-1036,1036,143184073,2^143184073-1,SEARCH_INPUT,STRUCTURAL_SCREEN_EXHAUSTED_PRIMALITY_UNASSIGNED,FIRST_SINGULARITY_SHELL_EXHAUSTED_PRIMALITY_UNASSIGNED,513,9595,9595
SLCMP01-1037,1037,143184161,2^143184161-1,SEARCH_INPUT,STRUCTURAL_SCREEN_EXHAUSTED_PRIMALITY_UNASSIGNED,FIRST_SINGULARITY_SHELL_EXHAUSTED_PRIMALITY_UNASSIGNED,513,9595,9595
SLCMP01-1038,1038,143184229,2^143184229-1,SEARCH_INPUT,STRUCTURAL_SCREEN_EXHAUSTED_PRIMALITY_UNASSIGNED,FIRST_SINGULARITY_SHELL_EXHAUSTED_PRIMALITY_UNASSIGNED,513,9595,9595
SLCMP01-1039,1039,143184271,2^143184271-1,SEARCH_INPUT,STRUCTURAL_SCREEN_EXHAUSTED_PRIMALITY_UNASSIGNED,FIRST_SINGULARITY_SHELL_EXHAUSTED_PRIMALITY_UNASSIGNED,514,9595,9595
SLCMP01-1040,1040,143184277,2^143184277-1,SEARCH_INPUT,STRUCTURAL_SCREEN_EXHAUSTED_PRIMALITY_UNASSIGNED,FIRST_SINGULARITY_SHELL_EXHAUSTED_PRIMALITY_UNASSIGNED,513,9595,9595
SLCMP01-1041,1041,143184343,2^143184343-1,SEARCH_INPUT,STRUCTURAL_SCREEN_EXHAUSTED_PRIMALITY_UNASSIGNED,FIRST_SINGULARITY_SHELL_EXHAUSTED_PRIMALITY_UNASSIGNED,514,9595,9595
SLCMP01-1042,1042,143184439,2^143184439-1,SEARCH_INPUT,STRUCTURAL_SCREEN_EXHAUSTED_PRIMALITY_UNASSIGNED,FIRST_SINGULARITY_SHELL_EXHAUSTED_PRIMALITY_UNASSIGNED,514,9595,9595
SLCMP01-1043,1043,143184521,2^143184521-1,SEARCH_INPUT,STRUCTURAL_SCREEN_EXHAUSTED_PRIMALITY_UNASSIGNED,FIRST_SINGULARITY_SHELL_EXHAUSTED_PRIMALITY_UNASSIGNED,513,9595,9595
SLCMP01-1044,1044,143184527,2^143184527-1,SEARCH_INPUT,STRUCTURAL_SCREEN_EXHAUSTED_PRIMALITY_UNASSIGNED,FIRST_SINGULARITY_SHELL_EXHAUSTED_PRIMALITY_UNASSIGNED,514,9595,9595
SLCMP01-1045,1045,143184593,2^143184593-1,SEARCH_INPUT,STRUCTURAL_SCREEN_EXHAUSTED_PRIMALITY_UNASSIGNED,FIRST_SINGULARITY_SHELL_EXHAUSTED_PRIMALITY_UNASSIGNED,513,9595,9595
SLCMP01-1046,1046,143184599,2^143184599-1,SEARCH_INPUT,STRUCTURAL_SCREEN_EXHAUSTED_PRIMALITY_UNASSIGNED,FIRST_SINGULARITY_SHELL_EXHAUSTED_PRIMALITY_UNASSIGNED,514,9595,9595
SLCMP01-1047,1047,143184619,2^143184619-1,SEARCH_INPUT,STRUCTURAL_SCREEN_EXHAUSTED_PRIMALITY_UNASSIGNED,FIRST_SINGULARITY_SHELL_EXHAUSTED_PRIMALITY_UNASSIGNED,514,9595,9595
SLCMP01-1048,1048,143184739,2^143184739-1,SEARCH_INPUT,STRUCTURAL_SCREEN_EXHAUSTED_PRIMALITY_UNASSIGNED,FIRST_SINGULARITY_SHELL_EXHAUSTED_PRIMALITY_UNASSIGNED,514,9595,9595
SLCMP01-1049,1049,143184841,2^143184841-1,SEARCH_INPUT,STRUCTURAL_SCREEN_EXHAUSTED_PRIMALITY_UNASSIGNED,FIRST_SINGULARITY_SHELL_EXHAUSTED_PRIMALITY_UNASSIGNED,513,9595,9595
SLCMP01-1050,1050,143184851,2^143184851-1,SEARCH_INPUT,STRUCTURAL_SCREEN_EXHAUSTED_PRIMALITY_UNASSIGNED,FIRST_SINGULARITY_SHELL_EXHAUSTED_PRIMALITY_UNASSIGNED,514,9595,9595
SLCMP01-1051,1051,143185183,2^143185183-1,SEARCH_INPUT,STRUCTURAL_SCREEN_EXHAUSTED_PRIMALITY_UNASSIGNED,FIRST_SINGULARITY_SHELL_EXHAUSTED_PRIMALITY_UNASSIGNED,514,9595,9595
SLCMP01-1052,1052,143185201,2^143185201-1,SEARCH_INPUT,STRUCTURAL_SCREEN_EXHAUSTED_PRIMALITY_UNASSIGNED,FIRST_SINGULARITY_SHELL_EXHAUSTED_PRIMALITY_UNASSIGNED,513,9595,9595
SLCMP01-1053,1053,143185519,2^143185519-1,SEARCH_INPUT,STRUCTURAL_SCREEN_EXHAUSTED_PRIMALITY_UNASSIGNED,FIRST_SINGULARITY_SHELL_EXHAUSTED_PRIMALITY_UNASSIGNED,514,9595,9595
SLCMP01-1054,1054,143185613,2^143185613-1,SEARCH_INPUT,STRUCTURAL_SCREEN_EXHAUSTED_PRIMALITY_UNASSIGNED,FIRST_SINGULARITY_SHELL_EXHAUSTED_PRIMALITY_UNASSIGNED,513,9595,9595
SLCMP01-1055,1055,143185703,2^143185703-1,SEARCH_INPUT,STRUCTURAL_SCREEN_EXHAUSTED_PRIMALITY_UNASSIGNED,FIRST_SINGULARITY_SHELL_EXHAUSTED_PRIMALITY_UNASSIGNED,514,9595,9595
SLCMP01-1056,1056,143185753,2^143185753-1,SEARCH_INPUT,STRUCTURAL_SCREEN_EXHAUSTED_PRIMALITY_UNASSIGNED,FIRST_SINGULARITY_SHELL_EXHAUSTED_PRIMALITY_UNASSIGNED,513,9595,9595
SLCMP01-1057,1057,143185813,2^143185813-1,SEARCH_INPUT,STRUCTURAL_SCREEN_EXHAUSTED_PRIMALITY_UNASSIGNED,FIRST_SINGULARITY_SHELL_EXHAUSTED_PRIMALITY_UNASSIGNED,513,9595,9595
SLCMP01-1058,1058,143185907,2^143185907-1,SEARCH_INPUT,STRUCTURAL_SCREEN_EXHAUSTED_PRIMALITY_UNASSIGNED,FIRST_SINGULARITY_SHELL_EXHAUSTED_PRIMALITY_UNASSIGNED,514,9595,9595
SLCMP01-1059,1059,143185921,2^143185921-1,SEARCH_INPUT,STRUCTURAL_SCREEN_EXHAUSTED_PRIMALITY_UNASSIGNED,FIRST_SINGULARITY_SHELL_EXHAUSTED_PRIMALITY_UNASSIGNED,513,9595,9595
SLCMP01-1060,1060,143185937,2^143185937-1,SEARCH_INPUT,STRUCTURAL_SCREEN_EXHAUSTED_PRIMALITY_UNASSIGNED,FIRST_SINGULARITY_SHELL_EXHAUSTED_PRIMALITY_UNASSIGNED,513,9595,9595
SLCMP01-1061,1061,143186003,2^143186003-1,SEARCH_INPUT,STRUCTURAL_SCREEN_EXHAUSTED_PRIMALITY_UNASSIGNED,FIRST_SINGULARITY_SHELL_EXHAUSTED_PRIMALITY_UNASSIGNED,514,9595,9595
SLCMP01-1062,1062,143186027,2^143186027-1,SEARCH_INPUT,STRUCTURAL_SCREEN_EXHAUSTED_PRIMALITY_UNASSIGNED,FIRST_SINGULARITY_SHELL_EXHAUSTED_PRIMALITY_UNASSIGNED,514,9595,9595
SLCMP01-1063,1063,143186059,2^143186059-1,SEARCH_INPUT,STRUCTURAL_SCREEN_EXHAUSTED_PRIMALITY_UNASSIGNED,FIRST_SINGULARITY_SHELL_EXHAUSTED_PRIMALITY_UNASSIGNED,514,9595,9595
SLCMP01-1064,1064,143186107,2^143186107-1,SEARCH_INPUT,STRUCTURAL_SCREEN_EXHAUSTED_PRIMALITY_UNASSIGNED,FIRST_SINGULARITY_SHELL_EXHAUSTED_PRIMALITY_UNASSIGNED,514,9595,9595
SLCMP01-1065,1065,143186167,2^143186167-1,SEARCH_INPUT,STRUCTURAL_SCREEN_EXHAUSTED_PRIMALITY_UNASSIGNED,FIRST_SINGULARITY_SHELL_EXHAUSTED_PRIMALITY_UNASSIGNED,514,9595,9595
SLCMP01-1066,1066,143186207,2^143186207-1,SEARCH_INPUT,STRUCTURAL_SCREEN_EXHAUSTED_PRIMALITY_UNASSIGNED,FIRST_SINGULARITY_SHELL_EXHAUSTED_PRIMALITY_UNASSIGNED,514,9595,9595
SLCMP01-1067,1067,143186243,2^143186243-1,SEARCH_INPUT,STRUCTURAL_SCREEN_EXHAUSTED_PRIMALITY_UNASSIGNED,FIRST_SINGULARITY_SHELL_EXHAUSTED_PRIMALITY_UNASSIGNED,514,9595,9595
SLCMP01-1068,1068,143186479,2^143186479-1,SEARCH_INPUT,STRUCTURAL_SCREEN_EXHAUSTED_PRIMALITY_UNASSIGNED,FIRST_SINGULARITY_SHELL_EXHAUSTED_PRIMALITY_UNASSIGNED,514,9595,9595
SLCMP01-1069,1069,143186599,2^143186599-1,SEARCH_INPUT,STRUCTURAL_SCREEN_EXHAUSTED_PRIMALITY_UNASSIGNED,FIRST_SINGULARITY_SHELL_EXHAUSTED_PRIMALITY_UNASSIGNED,514,9595,9595
SLCMP01-1070,1070,143186663,2^143186663-1,SEARCH_INPUT,STRUCTURAL_SCREEN_EXHAUSTED_PRIMALITY_UNASSIGNED,FIRST_SINGULARITY_SHELL_EXHAUSTED_PRIMALITY_UNASSIGNED,514,9595,9595
SLCMP01-1071,1071,143187349,2^143187349-1,SEARCH_INPUT,STRUCTURAL_SCREEN_EXHAUSTED_PRIMALITY_UNASSIGNED,FIRST_SINGULARITY_SHELL_EXHAUSTED_PRIMALITY_UNASSIGNED,513,9595,9595
SLCMP01-1072,1072,143187403,2^143187403-1,SEARCH_INPUT,STRUCTURAL_SCREEN_EXHAUSTED_PRIMALITY_UNASSIGNED,FIRST_SINGULARITY_SHELL_EXHAUSTED_PRIMALITY_UNASSIGNED,514,9595,9595
SLCMP01-1073,1073,143187757,2^143187757-1,SEARCH_INPUT,STRUCTURAL_SCREEN_EXHAUSTED_PRIMALITY_UNASSIGNED,FIRST_SINGULARITY_SHELL_EXHAUSTED_PRIMALITY_UNASSIGNED,513,9595,9595
SLCMP01-1074,1074,143187767,2^143187767-1,SEARCH_INPUT,STRUCTURAL_SCREEN_EXHAUSTED_PRIMALITY_UNASSIGNED,FIRST_SINGULARITY_SHELL_EXHAUSTED_PRIMALITY_UNASSIGNED,514,9595,9595
SLCMP01-1075,1075,143187799,2^143187799-1,SEARCH_INPUT,STRUCTURAL_SCREEN_EXHAUSTED_PRIMALITY_UNASSIGNED,FIRST_SINGULARITY_SHELL_EXHAUSTED_PRIMALITY_UNASSIGNED,514,9595,9595
SLCMP01-1076,1076,143187907,2^143187907-1,SEARCH_INPUT,STRUCTURAL_SCREEN_EXHAUSTED_PRIMALITY_UNASSIGNED,FIRST_SINGULARITY_SHELL_EXHAUSTED_PRIMALITY_UNASSIGNED,514,9595,9595
SLCMP01-1077,1077,143187937,2^143187937-1,SEARCH_INPUT,STRUCTURAL_SCREEN_EXHAUSTED_PRIMALITY_UNASSIGNED,FIRST_SINGULARITY_SHELL_EXHAUSTED_PRIMALITY_UNASSIGNED,513,9595,9595
SLCMP01-1078,1078,143187943,2^143187943-1,SEARCH_INPUT,STRUCTURAL_SCREEN_EXHAUSTED_PRIMALITY_UNASSIGNED,FIRST_SINGULARITY_SHELL_EXHAUSTED_PRIMALITY_UNASSIGNED,514,9595,9595
SLCMP01-1079,1079,143188081,2^143188081-1,SEARCH_INPUT,STRUCTURAL_SCREEN_EXHAUSTED_PRIMALITY_UNASSIGNED,FIRST_SINGULARITY_SHELL_EXHAUSTED_PRIMALITY_UNASSIGNED,513,9595,9595
SLCMP01-1080,1080,143188183,2^143188183-1,SEARCH_INPUT,STRUCTURAL_SCREEN_EXHAUSTED_PRIMALITY_UNASSIGNED,FIRST_SINGULARITY_SHELL_EXHAUSTED_PRIMALITY_UNASSIGNED,514,9595,9595
SLCMP01-1081,1081,143188207,2^143188207-1,SEARCH_INPUT,STRUCTURAL_SCREEN_EXHAUSTED_PRIMALITY_UNASSIGNED,FIRST_SINGULARITY_SHELL_EXHAUSTED_PRIMALITY_UNASSIGNED,514,9595,9595
SLCMP01-1082,1082,143188249,2^143188249-1,SEARCH_INPUT,STRUCTURAL_SCREEN_EXHAUSTED_PRIMALITY_UNASSIGNED,FIRST_SINGULARITY_SHELL_EXHAUSTED_PRIMALITY_UNASSIGNED,513,9595,9595
SLCMP01-1083,1083,143188439,2^143188439-1,SEARCH_INPUT,STRUCTURAL_SCREEN_EXHAUSTED_PRIMALITY_UNASSIGNED,FIRST_SINGULARITY_SHELL_EXHAUSTED_PRIMALITY_UNASSIGNED,514,9595,9595
SLCMP01-1084,1084,143188453,2^143188453-1,SEARCH_INPUT,STRUCTURAL_SCREEN_EXHAUSTED_PRIMALITY_UNASSIGNED,FIRST_SINGULARITY_SHELL_EXHAUSTED_PRIMALITY_UNASSIGNED,513,9595,9595
SLCMP01-1085,1085,143188489,2^143188489-1,SEARCH_INPUT,STRUCTURAL_SCREEN_EXHAUSTED_PRIMALITY_UNASSIGNED,FIRST_SINGULARITY_SHELL_EXHAUSTED_PRIMALITY_UNASSIGNED,513,9595,9595
SLCMP01-1086,1086,143188499,2^143188499-1,SEARCH_INPUT,STRUCTURAL_SCREEN_EXHAUSTED_PRIMALITY_UNASSIGNED,FIRST_SINGULARITY_SHELL_EXHAUSTED_PRIMALITY_UNASSIGNED,514,9595,9595
SLCMP01-1087,1087,143188531,2^143188531-1,SEARCH_INPUT,STRUCTURAL_SCREEN_EXHAUSTED_PRIMALITY_UNASSIGNED,FIRST_SINGULARITY_SHELL_EXHAUSTED_PRIMALITY_UNASSIGNED,514,9595,9595
SLCMP01-1088,1088,143188601,2^143188601-1,SEARCH_INPUT,STRUCTURAL_SCREEN_EXHAUSTED_PRIMALITY_UNASSIGNED,FIRST_SINGULARITY_SHELL_EXHAUSTED_PRIMALITY_UNASSIGNED,513,9595,9595
SLCMP01-1089,1089,143188657,2^143188657-1,SEARCH_INPUT,STRUCTURAL_SCREEN_EXHAUSTED_PRIMALITY_UNASSIGNED,FIRST_SINGULARITY_SHELL_EXHAUSTED_PRIMALITY_UNASSIGNED,513,9595,9595
SLCMP01-1090,1090,143188673,2^143188673-1,SEARCH_INPUT,STRUCTURAL_SCREEN_EXHAUSTED_PRIMALITY_UNASSIGNED,FIRST_SINGULARITY_SHELL_EXHAUSTED_PRIMALITY_UNASSIGNED,513,9595,9595
SLCMP01-1091,1091,143188681,2^143188681-1,SEARCH_INPUT,STRUCTURAL_SCREEN_EXHAUSTED_PRIMALITY_UNASSIGNED,FIRST_SINGULARITY_SHELL_EXHAUSTED_PRIMALITY_UNASSIGNED,513,9595,9595
SLCMP01-1092,1092,143188949,2^143188949-1,SEARCH_INPUT,STRUCTURAL_SCREEN_EXHAUSTED_PRIMALITY_UNASSIGNED,FIRST_SINGULARITY_SHELL_EXHAUSTED_PRIMALITY_UNASSIGNED,513,9595,9595
SLCMP01-1093,1093,143189003,2^143189003-1,SEARCH_INPUT,STRUCTURAL_SCREEN_EXHAUSTED_PRIMALITY_UNASSIGNED,FIRST_SINGULARITY_SHELL_EXHAUSTED_PRIMALITY_UNASSIGNED,514,9595,9595
SLCMP01-1094,1094,143189077,2^143189077-1,SEARCH_INPUT,STRUCTURAL_SCREEN_EXHAUSTED_PRIMALITY_UNASSIGNED,FIRST_SINGULARITY_SHELL_EXHAUSTED_PRIMALITY_UNASSIGNED,513,9595,9595
SLCMP01-1095,1095,143189131,2^143189131-1,SEARCH_INPUT,STRUCTURAL_SCREEN_EXHAUSTED_PRIMALITY_UNASSIGNED,FIRST_SINGULARITY_SHELL_EXHAUSTED_PRIMALITY_UNASSIGNED,514,9595,9595
SLCMP01-1096,1096,143189197,2^143189197-1,SEARCH_INPUT,STRUCTURAL_SCREEN_EXHAUSTED_PRIMALITY_UNASSIGNED,FIRST_SINGULARITY_SHELL_EXHAUSTED_PRIMALITY_UNASSIGNED,513,9595,9595
SLCMP01-1097,1097,143189303,2^143189303-1,SEARCH_INPUT,STRUCTURAL_SCREEN_EXHAUSTED_PRIMALITY_UNASSIGNED,FIRST_SINGULARITY_SHELL_EXHAUSTED_PRIMALITY_UNASSIGNED,514,9595,9595
SLCMP01-1098,1098,143189357,2^143189357-1,SEARCH_INPUT,STRUCTURAL_SCREEN_EXHAUSTED_PRIMALITY_UNASSIGNED,FIRST_SINGULARITY_SHELL_EXHAUSTED_PRIMALITY_UNASSIGNED,513,9595,9595
SLCMP01-1099,1099,143189399,2^143189399-1,SEARCH_INPUT,STRUCTURAL_SCREEN_EXHAUSTED_PRIMALITY_UNASSIGNED,FIRST_SINGULARITY_SHELL_EXHAUSTED_PRIMALITY_UNASSIGNED,514,9595,9595
SLCMP01-1100,1100,143189537,2^143189537-1,SEARCH_INPUT,STRUCTURAL_SCREEN_EXHAUSTED_PRIMALITY_UNASSIGNED,FIRST_SINGULARITY_SHELL_EXHAUSTED_PRIMALITY_UNASSIGNED,513,9595,9595
SLCMP01-1101,1101,143189609,2^143189609-1,SEARCH_INPUT,STRUCTURAL_SCREEN_EXHAUSTED_PRIMALITY_UNASSIGNED,FIRST_SINGULARITY_SHELL_EXHAUSTED_PRIMALITY_UNASSIGNED,513,9595,9595
SLCMP01-1102,1102,143189701,2^143189701-1,SEARCH_INPUT,STRUCTURAL_SCREEN_EXHAUSTED_PRIMALITY_UNASSIGNED,FIRST_SINGULARITY_SHELL_EXHAUSTED_PRIMALITY_UNASSIGNED,513,9595,9595
SLCMP01-1103,1103,143189773,2^143189773-1,SEARCH_INPUT,STRUCTURAL_SCREEN_EXHAUSTED_PRIMALITY_UNASSIGNED,FIRST_SINGULARITY_SHELL_EXHAUSTED_PRIMALITY_UNASSIGNED,513,9595,9595
SLCMP01-1104,1104,143189867,2^143189867-1,SEARCH_INPUT,STRUCTURAL_SCREEN_EXHAUSTED_PRIMALITY_UNASSIGNED,FIRST_SINGULARITY_SHELL_EXHAUSTED_PRIMALITY_UNASSIGNED,514,9595,9595
SLCMP01-1105,1105,143189923,2^143189923-1,SEARCH_INPUT,STRUCTURAL_SCREEN_EXHAUSTED_PRIMALITY_UNASSIGNED,FIRST_SINGULARITY_SHELL_EXHAUSTED_PRIMALITY_UNASSIGNED,514,9595,9595
SLCMP01-1106,1106,143189953,2^143189953-1,SEARCH_INPUT,STRUCTURAL_SCREEN_EXHAUSTED_PRIMALITY_UNASSIGNED,FIRST_SINGULARITY_SHELL_EXHAUSTED_PRIMALITY_UNASSIGNED,513,9595,9595
SLCMP01-1107,1107,143189987,2^143189987-1,SEARCH_INPUT,STRUCTURAL_SCREEN_EXHAUSTED_PRIMALITY_UNASSIGNED,FIRST_SINGULARITY_SHELL_EXHAUSTED_PRIMALITY_UNASSIGNED,514,9595,9595
SLCMP01-1108,1108,143189989,2^143189989-1,SEARCH_INPUT,STRUCTURAL_SCREEN_EXHAUSTED_PRIMALITY_UNASSIGNED,FIRST_SINGULARITY_SHELL_EXHAUSTED_PRIMALITY_UNASSIGNED,513,9595,9595
SLCMP01-1109,1109,143190001,2^143190001-1,SEARCH_INPUT,STRUCTURAL_SCREEN_EXHAUSTED_PRIMALITY_UNASSIGNED,FIRST_SINGULARITY_SHELL_EXHAUSTED_PRIMALITY_UNASSIGNED,513,9595,9595
SLCMP01-1110,1110,143190079,2^143190079-1,SEARCH_INPUT,STRUCTURAL_SCREEN_EXHAUSTED_PRIMALITY_UNASSIGNED,FIRST_SINGULARITY_SHELL_EXHAUSTED_PRIMALITY_UNASSIGNED,514,9595,9595
SLCMP01-1111,1111,143190199,2^143190199-1,SEARCH_INPUT,STRUCTURAL_SCREEN_EXHAUSTED_PRIMALITY_UNASSIGNED,FIRST_SINGULARITY_SHELL_EXHAUSTED_PRIMALITY_UNASSIGNED,514,9595,9595
SLCMP01-1112,1112,143190221,2^143190221-1,SEARCH_INPUT,STRUCTURAL_SCREEN_EXHAUSTED_PRIMALITY_UNASSIGNED,FIRST_SINGULARITY_SHELL_EXHAUSTED_PRIMALITY_UNASSIGNED,513,9595,9595
SLCMP01-1113,1113,143190253,2^143190253-1,SEARCH_INPUT,STRUCTURAL_SCREEN_EXHAUSTED_PRIMALITY_UNASSIGNED,FIRST_SINGULARITY_SHELL_EXHAUSTED_PRIMALITY_UNASSIGNED,513,9595,9595
SLCMP01-1114,1114,143190293,2^143190293-1,SEARCH_INPUT,STRUCTURAL_SCREEN_EXHAUSTED_PRIMALITY_UNASSIGNED,FIRST_SINGULARITY_SHELL_EXHAUSTED_PRIMALITY_UNASSIGNED,513,9595,9595
SLCMP01-1115,1115,143190413,2^143190413-1,SEARCH_INPUT,STRUCTURAL_SCREEN_EXHAUSTED_PRIMALITY_UNASSIGNED,FIRST_SINGULARITY_SHELL_EXHAUSTED_PRIMALITY_UNASSIGNED,513,9595,9595
SLCMP01-1116,1116,143190563,2^143190563-1,SEARCH_INPUT,STRUCTURAL_SCREEN_EXHAUSTED_PRIMALITY_UNASSIGNED,FIRST_SINGULARITY_SHELL_EXHAUSTED_PRIMALITY_UNASSIGNED,514,9595,9595
SLCMP01-1117,1117,143190667,2^143190667-1,SEARCH_INPUT,STRUCTURAL_SCREEN_EXHAUSTED_PRIMALITY_UNASSIGNED,FIRST_SINGULARITY_SHELL_EXHAUSTED_PRIMALITY_UNASSIGNED,514,9595,9595
SLCMP01-1118,1118,143190679,2^143190679-1,SEARCH_INPUT,STRUCTURAL_SCREEN_EXHAUSTED_PRIMALITY_UNASSIGNED,FIRST_SINGULARITY_SHELL_EXHAUSTED_PRIMALITY_UNASSIGNED,514,9595,9595
SLCMP01-1119,1119,143190743,2^143190743-1,SEARCH_INPUT,STRUCTURAL_SCREEN_EXHAUSTED_PRIMALITY_UNASSIGNED,FIRST_SINGULARITY_SHELL_EXHAUSTED_PRIMALITY_UNASSIGNED,514,9595,9595
SLCMP01-1120,1120,143190769,2^143190769-1,SEARCH_INPUT,STRUCTURAL_SCREEN_EXHAUSTED_PRIMALITY_UNASSIGNED,FIRST_SINGULARITY_SHELL_EXHAUSTED_PRIMALITY_UNASSIGNED,513,9595,9595
SLCMP01-1121,1121,143190869,2^143190869-1,SEARCH_INPUT,STRUCTURAL_SCREEN_EXHAUSTED_PRIMALITY_UNASSIGNED,FIRST_SINGULARITY_SHELL_EXHAUSTED_PRIMALITY_UNASSIGNED,513,9595,9595
SLCMP01-1122,1122,143190961,2^143190961-1,SEARCH_INPUT,STRUCTURAL_SCREEN_EXHAUSTED_PRIMALITY_UNASSIGNED,FIRST_SINGULARITY_SHELL_EXHAUSTED_PRIMALITY_UNASSIGNED,513,9595,9595
SLCMP01-1123,1123,143190967,2^143190967-1,SEARCH_INPUT,STRUCTURAL_SCREEN_EXHAUSTED_PRIMALITY_UNASSIGNED,FIRST_SINGULARITY_SHELL_EXHAUSTED_PRIMALITY_UNASSIGNED,514,9595,9595
SLCMP01-1124,1124,143191057,2^143191057-1,SEARCH_INPUT,STRUCTURAL_SCREEN_EXHAUSTED_PRIMALITY_UNASSIGNED,FIRST_SINGULARITY_SHELL_EXHAUSTED_PRIMALITY_UNASSIGNED,513,9595,9595
SLCMP01-1125,1125,143191129,2^143191129-1,SEARCH_INPUT,STRUCTURAL_SCREEN_EXHAUSTED_PRIMALITY_UNASSIGNED,FIRST_SINGULARITY_SHELL_EXHAUSTED_PRIMALITY_UNASSIGNED,513,9595,9595
SLCMP01-1126,1126,143191193,2^143191193-1,SEARCH_INPUT,STRUCTURAL_SCREEN_EXHAUSTED_PRIMALITY_UNASSIGNED,FIRST_SINGULARITY_SHELL_EXHAUSTED_PRIMALITY_UNASSIGNED,513,9595,9595
SLCMP01-1127,1127,143191297,2^143191297-1,SEARCH_INPUT,STRUCTURAL_SCREEN_EXHAUSTED_PRIMALITY_UNASSIGNED,FIRST_SINGULARITY_SHELL_EXHAUSTED_PRIMALITY_UNASSIGNED,513,9595,9595
SLCMP01-1128,1128,143191331,2^143191331-1,SEARCH_INPUT,STRUCTURAL_SCREEN_EXHAUSTED_PRIMALITY_UNASSIGNED,FIRST_SINGULARITY_SHELL_EXHAUSTED_PRIMALITY_UNASSIGNED,514,9595,9595
SLCMP01-1129,1129,143191457,2^143191457-1,SEARCH_INPUT,STRUCTURAL_SCREEN_EXHAUSTED_PRIMALITY_UNASSIGNED,FIRST_SINGULARITY_SHELL_EXHAUSTED_PRIMALITY_UNASSIGNED,513,9595,9595
SLCMP01-1130,1130,143191463,2^143191463-1,SEARCH_INPUT,STRUCTURAL_SCREEN_EXHAUSTED_PRIMALITY_UNASSIGNED,FIRST_SINGULARITY_SHELL_EXHAUSTED_PRIMALITY_UNASSIGNED,514,9595,9595
SLCMP01-1131,1131,143191571,2^143191571-1,SEARCH_INPUT,STRUCTURAL_SCREEN_EXHAUSTED_PRIMALITY_UNASSIGNED,FIRST_SINGULARITY_SHELL_EXHAUSTED_PRIMALITY_UNASSIGNED,514,9595,9595
SLCMP01-1132,1132,143191613,2^143191613-1,SEARCH_INPUT,STRUCTURAL_SCREEN_EXHAUSTED_PRIMALITY_UNASSIGNED,FIRST_SINGULARITY_SHELL_EXHAUSTED_PRIMALITY_UNASSIGNED,513,9595,9595
SLCMP01-1133,1133,143191621,2^143191621-1,SEARCH_INPUT,STRUCTURAL_SCREEN_EXHAUSTED_PRIMALITY_UNASSIGNED,FIRST_SINGULARITY_SHELL_EXHAUSTED_PRIMALITY_UNASSIGNED,513,9595,9595
SLCMP01-1134,1134,143191649,2^143191649-1,SEARCH_INPUT,STRUCTURAL_SCREEN_EXHAUSTED_PRIMALITY_UNASSIGNED,FIRST_SINGULARITY_SHELL_EXHAUSTED_PRIMALITY_UNASSIGNED,513,9595,9595
SLCMP01-1135,1135,143191651,2^143191651-1,SEARCH_INPUT,STRUCTURAL_SCREEN_EXHAUSTED_PRIMALITY_UNASSIGNED,FIRST_SINGULARITY_SHELL_EXHAUSTED_PRIMALITY_UNASSIGNED,514,9595,9595
SLCMP01-1136,1136,143191913,2^143191913-1,SEARCH_INPUT,STRUCTURAL_SCREEN_EXHAUSTED_PRIMALITY_UNASSIGNED,FIRST_SINGULARITY_SHELL_EXHAUSTED_PRIMALITY_UNASSIGNED,513,9595,9595
SLCMP01-1137,1137,143191973,2^143191973-1,SEARCH_INPUT,STRUCTURAL_SCREEN_EXHAUSTED_PRIMALITY_UNASSIGNED,FIRST_SINGULARITY_SHELL_EXHAUSTED_PRIMALITY_UNASSIGNED,513,9595,9595
SLCMP01-1138,1138,143191981,2^143191981-1,SEARCH_INPUT,STRUCTURAL_SCREEN_EXHAUSTED_PRIMALITY_UNASSIGNED,FIRST_SINGULARITY_SHELL_EXHAUSTED_PRIMALITY_UNASSIGNED,513,9595,9595
SLCMP01-1139,1139,143191991,2^143191991-1,SEARCH_INPUT,STRUCTURAL_SCREEN_EXHAUSTED_PRIMALITY_UNASSIGNED,FIRST_SINGULARITY_SHELL_EXHAUSTED_PRIMALITY_UNASSIGNED,514,9595,9595
SLCMP01-1140,1140,143192009,2^143192009-1,SEARCH_INPUT,STRUCTURAL_SCREEN_EXHAUSTED_PRIMALITY_UNASSIGNED,FIRST_SINGULARITY_SHELL_EXHAUSTED_PRIMALITY_UNASSIGNED,513,9595,9595
SLCMP01-1141,1141,143192047,2^143192047-1,SEARCH_INPUT,STRUCTURAL_SCREEN_EXHAUSTED_PRIMALITY_UNASSIGNED,FIRST_SINGULARITY_SHELL_EXHAUSTED_PRIMALITY_UNASSIGNED,514,9595,9595
SLCMP01-1142,1142,143192117,2^143192117-1,SEARCH_INPUT,STRUCTURAL_SCREEN_EXHAUSTED_PRIMALITY_UNASSIGNED,FIRST_SINGULARITY_SHELL_EXHAUSTED_PRIMALITY_UNASSIGNED,513,9595,9595
SLCMP01-1143,1143,143192299,2^143192299-1,SEARCH_INPUT,STRUCTURAL_SCREEN_EXHAUSTED_PRIMALITY_UNASSIGNED,FIRST_SINGULARITY_SHELL_EXHAUSTED_PRIMALITY_UNASSIGNED,514,9595,9595
SLCMP01-1144,1144,143192339,2^143192339-1,SEARCH_INPUT,STRUCTURAL_SCREEN_EXHAUSTED_PRIMALITY_UNASSIGNED,FIRST_SINGULARITY_SHELL_EXHAUSTED_PRIMALITY_UNASSIGNED,514,9595,9595
SLCMP01-1145,1145,143192461,2^143192461-1,SEARCH_INPUT,STRUCTURAL_SCREEN_EXHAUSTED_PRIMALITY_UNASSIGNED,FIRST_SINGULARITY_SHELL_EXHAUSTED_PRIMALITY_UNASSIGNED,513,9595,9595
SLCMP01-1146,1146,143192521,2^143192521-1,SEARCH_INPUT,STRUCTURAL_SCREEN_EXHAUSTED_PRIMALITY_UNASSIGNED,FIRST_SINGULARITY_SHELL_EXHAUSTED_PRIMALITY_UNASSIGNED,513,9595,9595
SLCMP01-1147,1147,143192551,2^143192551-1,SEARCH_INPUT,STRUCTURAL_SCREEN_EXHAUSTED_PRIMALITY_UNASSIGNED,FIRST_SINGULARITY_SHELL_EXHAUSTED_PRIMALITY_UNASSIGNED,514,9595,9595
SLCMP01-1148,1148,143192669,2^143192669-1,SEARCH_INPUT,STRUCTURAL_SCREEN_EXHAUSTED_PRIMALITY_UNASSIGNED,FIRST_SINGULARITY_SHELL_EXHAUSTED_PRIMALITY_UNASSIGNED,513,9595,9595
SLCMP01-1149,1149,143192741,2^143192741-1,SEARCH_INPUT,STRUCTURAL_SCREEN_EXHAUSTED_PRIMALITY_UNASSIGNED,FIRST_SINGULARITY_SHELL_EXHAUSTED_PRIMALITY_UNASSIGNED,513,9595,9595
SLCMP01-1150,1150,143192767,2^143192767-1,SEARCH_INPUT,STRUCTURAL_SCREEN_EXHAUSTED_PRIMALITY_UNASSIGNED,FIRST_SINGULARITY_SHELL_EXHAUSTED_PRIMALITY_UNASSIGNED,514,9595,9595
SLCMP01-1151,1151,143192771,2^143192771-1,SEARCH_INPUT,STRUCTURAL_SCREEN_EXHAUSTED_PRIMALITY_UNASSIGNED,FIRST_SINGULARITY_SHELL_EXHAUSTED_PRIMALITY_UNASSIGNED,514,9595,9595
SLCMP01-1152,1152,143192783,2^143192783-1,SEARCH_INPUT,STRUCTURAL_SCREEN_EXHAUSTED_PRIMALITY_UNASSIGNED,FIRST_SINGULARITY_SHELL_EXHAUSTED_PRIMALITY_UNASSIGNED,514,9595,9595
SLCMP01-1153,1153,143192827,2^143192827-1,SEARCH_INPUT,STRUCTURAL_SCREEN_EXHAUSTED_PRIMALITY_UNASSIGNED,FIRST_SINGULARITY_SHELL_EXHAUSTED_PRIMALITY_UNASSIGNED,514,9595,9595
SLCMP01-1154,1154,143192867,2^143192867-1,SEARCH_INPUT,STRUCTURAL_SCREEN_EXHAUSTED_PRIMALITY_UNASSIGNED,FIRST_SINGULARITY_SHELL_EXHAUSTED_PRIMALITY_UNASSIGNED,514,9595,9595
SLCMP01-1155,1155,143192897,2^143192897-1,SEARCH_INPUT,STRUCTURAL_SCREEN_EXHAUSTED_PRIMALITY_UNASSIGNED,FIRST_SINGULARITY_SHELL_EXHAUSTED_PRIMALITY_UNASSIGNED,513,9595,9595
SLCMP01-1156,1156,143192927,2^143192927-1,SEARCH_INPUT,STRUCTURAL_SCREEN_EXHAUSTED_PRIMALITY_UNASSIGNED,FIRST_SINGULARITY_SHELL_EXHAUSTED_PRIMALITY_UNASSIGNED,514,9595,9595
SLCMP01-1157,1157,143193103,2^143193103-1,SEARCH_INPUT,STRUCTURAL_SCREEN_EXHAUSTED_PRIMALITY_UNASSIGNED,FIRST_SINGULARITY_SHELL_EXHAUSTED_PRIMALITY_UNASSIGNED,514,9595,9595
SLCMP01-1158,1158,143193119,2^143193119-1,SEARCH_INPUT,STRUCTURAL_SCREEN_EXHAUSTED_PRIMALITY_UNASSIGNED,FIRST_SINGULARITY_SHELL_EXHAUSTED_PRIMALITY_UNASSIGNED,514,9595,9595
SLCMP01-1159,1159,143193157,2^143193157-1,SEARCH_INPUT,STRUCTURAL_SCREEN_EXHAUSTED_PRIMALITY_UNASSIGNED,FIRST_SINGULARITY_SHELL_EXHAUSTED_PRIMALITY_UNASSIGNED,513,9595,9595
SLCMP01-1160,1160,143193173,2^143193173-1,SEARCH_INPUT,STRUCTURAL_SCREEN_EXHAUSTED_PRIMALITY_UNASSIGNED,FIRST_SINGULARITY_SHELL_EXHAUSTED_PRIMALITY_UNASSIGNED,513,9595,9595
SLCMP01-1161,1161,143193199,2^143193199-1,SEARCH_INPUT,STRUCTURAL_SCREEN_EXHAUSTED_PRIMALITY_UNASSIGNED,FIRST_SINGULARITY_SHELL_EXHAUSTED_PRIMALITY_UNASSIGNED,514,9595,9595
SLCMP01-1162,1162,143193217,2^143193217-1,SEARCH_INPUT,STRUCTURAL_SCREEN_EXHAUSTED_PRIMALITY_UNASSIGNED,FIRST_SINGULARITY_SHELL_EXHAUSTED_PRIMALITY_UNASSIGNED,513,9595,9595
SLCMP01-1163,1163,143193269,2^143193269-1,SEARCH_INPUT,STRUCTURAL_SCREEN_EXHAUSTED_PRIMALITY_UNASSIGNED,FIRST_SINGULARITY_SHELL_EXHAUSTED_PRIMALITY_UNASSIGNED,513,9595,9595
SLCMP01-1164,1164,143193313,2^143193313-1,SEARCH_INPUT,STRUCTURAL_SCREEN_EXHAUSTED_PRIMALITY_UNASSIGNED,FIRST_SINGULARITY_SHELL_EXHAUSTED_PRIMALITY_UNASSIGNED,513,9595,9595
SLCMP01-1165,1165,143193493,2^143193493-1,SEARCH_INPUT,STRUCTURAL_SCREEN_EXHAUSTED_PRIMALITY_UNASSIGNED,FIRST_SINGULARITY_SHELL_EXHAUSTED_PRIMALITY_UNASSIGNED,513,9595,9595
SLCMP01-1166,1166,143193521,2^143193521-1,SEARCH_INPUT,STRUCTURAL_SCREEN_EXHAUSTED_PRIMALITY_UNASSIGNED,FIRST_SINGULARITY_SHELL_EXHAUSTED_PRIMALITY_UNASSIGNED,513,9595,9595
SLCMP01-1167,1167,143193599,2^143193599-1,SEARCH_INPUT,STRUCTURAL_SCREEN_EXHAUSTED_PRIMALITY_UNASSIGNED,FIRST_SINGULARITY_SHELL_EXHAUSTED_PRIMALITY_UNASSIGNED,514,9595,9595
SLCMP01-1168,1168,143193641,2^143193641-1,SEARCH_INPUT,STRUCTURAL_SCREEN_EXHAUSTED_PRIMALITY_UNASSIGNED,FIRST_SINGULARITY_SHELL_EXHAUSTED_PRIMALITY_UNASSIGNED,513,9595,9595
SLCMP01-1169,1169,143193647,2^143193647-1,SEARCH_INPUT,STRUCTURAL_SCREEN_EXHAUSTED_PRIMALITY_UNASSIGNED,FIRST_SINGULARITY_SHELL_EXHAUSTED_PRIMALITY_UNASSIGNED,514,9595,9595
SLCMP01-1170,1170,143193691,2^143193691-1,SEARCH_INPUT,STRUCTURAL_SCREEN_EXHAUSTED_PRIMALITY_UNASSIGNED,FIRST_SINGULARITY_SHELL_EXHAUSTED_PRIMALITY_UNASSIGNED,514,9595,9595
SLCMP01-1171,1171,143193719,2^143193719-1,SEARCH_INPUT,STRUCTURAL_SCREEN_EXHAUSTED_PRIMALITY_UNASSIGNED,FIRST_SINGULARITY_SHELL_EXHAUSTED_PRIMALITY_UNASSIGNED,514,9595,9595
SLCMP01-1172,1172,143193871,2^143193871-1,SEARCH_INPUT,STRUCTURAL_SCREEN_EXHAUSTED_PRIMALITY_UNASSIGNED,FIRST_SINGULARITY_SHELL_EXHAUSTED_PRIMALITY_UNASSIGNED,514,9595,9595
SLCMP01-1173,1173,143193949,2^143193949-1,SEARCH_INPUT,STRUCTURAL_SCREEN_EXHAUSTED_PRIMALITY_UNASSIGNED,FIRST_SINGULARITY_SHELL_EXHAUSTED_PRIMALITY_UNASSIGNED,513,9595,9595
SLCMP01-1174,1174,143193997,2^143193997-1,SEARCH_INPUT,STRUCTURAL_SCREEN_EXHAUSTED_PRIMALITY_UNASSIGNED,FIRST_SINGULARITY_SHELL_EXHAUSTED_PRIMALITY_UNASSIGNED,513,9595,9595
SLCMP01-1175,1175,143194049,2^143194049-1,SEARCH_INPUT,STRUCTURAL_SCREEN_EXHAUSTED_PRIMALITY_UNASSIGNED,FIRST_SINGULARITY_SHELL_EXHAUSTED_PRIMALITY_UNASSIGNED,513,9595,9595
SLCMP01-1176,1176,143194157,2^143194157-1,SEARCH_INPUT,STRUCTURAL_SCREEN_EXHAUSTED_PRIMALITY_UNASSIGNED,FIRST_SINGULARITY_SHELL_EXHAUSTED_PRIMALITY_UNASSIGNED,513,9595,9595
SLCMP01-1177,1177,143194187,2^143194187-1,SEARCH_INPUT,STRUCTURAL_SCREEN_EXHAUSTED_PRIMALITY_UNASSIGNED,FIRST_SINGULARITY_SHELL_EXHAUSTED_PRIMALITY_UNASSIGNED,514,9595,9595
SLCMP01-1178,1178,143194283,2^143194283-1,SEARCH_INPUT,STRUCTURAL_SCREEN_EXHAUSTED_PRIMALITY_UNASSIGNED,FIRST_SINGULARITY_SHELL_EXHAUSTED_PRIMALITY_UNASSIGNED,514,9595,9595
SLCMP01-1179,1179,143194369,2^143194369-1,SEARCH_INPUT,STRUCTURAL_SCREEN_EXHAUSTED_PRIMALITY_UNASSIGNED,FIRST_SINGULARITY_SHELL_EXHAUSTED_PRIMALITY_UNASSIGNED,513,9595,9595
SLCMP01-1180,1180,143194409,2^143194409-1,SEARCH_INPUT,STRUCTURAL_SCREEN_EXHAUSTED_PRIMALITY_UNASSIGNED,FIRST_SINGULARITY_SHELL_EXHAUSTED_PRIMALITY_UNASSIGNED,513,9595,9595
SLCMP01-1181,1181,143194423,2^143194423-1,SEARCH_INPUT,STRUCTURAL_SCREEN_EXHAUSTED_PRIMALITY_UNASSIGNED,FIRST_SINGULARITY_SHELL_EXHAUSTED_PRIMALITY_UNASSIGNED,514,9595,9595
SLCMP01-1182,1182,143194609,2^143194609-1,SEARCH_INPUT,STRUCTURAL_SCREEN_EXHAUSTED_PRIMALITY_UNASSIGNED,FIRST_SINGULARITY_SHELL_EXHAUSTED_PRIMALITY_UNASSIGNED,513,9595,9595
SLCMP01-1183,1183,143194643,2^143194643-1,SEARCH_INPUT,STRUCTURAL_SCREEN_EXHAUSTED_PRIMALITY_UNASSIGNED,FIRST_SINGULARITY_SHELL_EXHAUSTED_PRIMALITY_UNASSIGNED,514,9595,9595
SLCMP01-1184,1184,143194691,2^143194691-1,SEARCH_INPUT,STRUCTURAL_SCREEN_EXHAUSTED_PRIMALITY_UNASSIGNED,FIRST_SINGULARITY_SHELL_EXHAUSTED_PRIMALITY_UNASSIGNED,514,9595,9595
SLCMP01-1185,1185,143194693,2^143194693-1,SEARCH_INPUT,STRUCTURAL_SCREEN_EXHAUSTED_PRIMALITY_UNASSIGNED,FIRST_SINGULARITY_SHELL_EXHAUSTED_PRIMALITY_UNASSIGNED,513,9595,9595
SLCMP01-1186,1186,143194703,2^143194703-1,SEARCH_INPUT,STRUCTURAL_SCREEN_EXHAUSTED_PRIMALITY_UNASSIGNED,FIRST_SINGULARITY_SHELL_EXHAUSTED_PRIMALITY_UNASSIGNED,514,9595,9595
SLCMP01-1187,1187,143194771,2^143194771-1,SEARCH_INPUT,STRUCTURAL_SCREEN_EXHAUSTED_PRIMALITY_UNASSIGNED,FIRST_SINGULARITY_SHELL_EXHAUSTED_PRIMALITY_UNASSIGNED,514,9595,9595
SLCMP01-1188,1188,143194789,2^143194789-1,SEARCH_INPUT,STRUCTURAL_SCREEN_EXHAUSTED_PRIMALITY_UNASSIGNED,FIRST_SINGULARITY_SHELL_EXHAUSTED_PRIMALITY_UNASSIGNED,513,9595,9595
SLCMP01-1189,1189,143194907,2^143194907-1,SEARCH_INPUT,STRUCTURAL_SCREEN_EXHAUSTED_PRIMALITY_UNASSIGNED,FIRST_SINGULARITY_SHELL_EXHAUSTED_PRIMALITY_UNASSIGNED,514,9595,9595
SLCMP01-1190,1190,143194957,2^143194957-1,SEARCH_INPUT,STRUCTURAL_SCREEN_EXHAUSTED_PRIMALITY_UNASSIGNED,FIRST_SINGULARITY_SHELL_EXHAUSTED_PRIMALITY_UNASSIGNED,513,9595,9595
SLCMP01-1191,1191,143195021,2^143195021-1,SEARCH_INPUT,STRUCTURAL_SCREEN_EXHAUSTED_PRIMALITY_UNASSIGNED,FIRST_SINGULARITY_SHELL_EXHAUSTED_PRIMALITY_UNASSIGNED,513,9595,9595
SLCMP01-1192,1192,143195119,2^143195119-1,SEARCH_INPUT,STRUCTURAL_SCREEN_EXHAUSTED_PRIMALITY_UNASSIGNED,FIRST_SINGULARITY_SHELL_EXHAUSTED_PRIMALITY_UNASSIGNED,514,9595,9595
SLCMP01-1193,1193,143195137,2^143195137-1,SEARCH_INPUT,STRUCTURAL_SCREEN_EXHAUSTED_PRIMALITY_UNASSIGNED,FIRST_SINGULARITY_SHELL_EXHAUSTED_PRIMALITY_UNASSIGNED,513,9595,9595
SLCMP01-1194,1194,143195141,2^143195141-1,SEARCH_INPUT,STRUCTURAL_SCREEN_EXHAUSTED_PRIMALITY_UNASSIGNED,FIRST_SINGULARITY_SHELL_EXHAUSTED_PRIMALITY_UNASSIGNED,513,9595,9595
SLCMP01-1195,1195,143195209,2^143195209-1,SEARCH_INPUT,STRUCTURAL_SCREEN_EXHAUSTED_PRIMALITY_UNASSIGNED,FIRST_SINGULARITY_SHELL_EXHAUSTED_PRIMALITY_UNASSIGNED,513,9595,9595
SLCMP01-1196,1196,143195333,2^143195333-1,SEARCH_INPUT,STRUCTURAL_SCREEN_EXHAUSTED_PRIMALITY_UNASSIGNED,FIRST_SINGULARITY_SHELL_EXHAUSTED_PRIMALITY_UNASSIGNED,513,9595,9595
SLCMP01-1197,1197,143195341,2^143195341-1,SEARCH_INPUT,STRUCTURAL_SCREEN_EXHAUSTED_PRIMALITY_UNASSIGNED,FIRST_SINGULARITY_SHELL_EXHAUSTED_PRIMALITY_UNASSIGNED,513,9595,9595
SLCMP01-1198,1198,143195357,2^143195357-1,SEARCH_INPUT,STRUCTURAL_SCREEN_EXHAUSTED_PRIMALITY_UNASSIGNED,FIRST_SINGULARITY_SHELL_EXHAUSTED_PRIMALITY_UNASSIGNED,513,9595,9595
SLCMP01-1199,1199,143195473,2^143195473-1,SEARCH_INPUT,STRUCTURAL_SCREEN_EXHAUSTED_PRIMALITY_UNASSIGNED,FIRST_SINGULARITY_SHELL_EXHAUSTED_PRIMALITY_UNASSIGNED,513,9595,9595
SLCMP01-1200,1200,143195491,2^143195491-1,SEARCH_INPUT,STRUCTURAL_SCREEN_EXHAUSTED_PRIMALITY_UNASSIGNED,FIRST_SINGULARITY_SHELL_EXHAUSTED_PRIMALITY_UNASSIGNED,514,9595,9595
SLCMP01-1201,1201,143195527,2^143195527-1,SEARCH_INPUT,STRUCTURAL_SCREEN_EXHAUSTED_PRIMALITY_UNASSIGNED,FIRST_SINGULARITY_SHELL_EXHAUSTED_PRIMALITY_UNASSIGNED,514,9595,9595
SLCMP01-1202,1202,143195593,2^143195593-1,SEARCH_INPUT,STRUCTURAL_SCREEN_EXHAUSTED_PRIMALITY_UNASSIGNED,FIRST_SINGULARITY_SHELL_EXHAUSTED_PRIMALITY_UNASSIGNED,513,9595,9595
SLCMP01-1203,1203,143195651,2^143195651-1,SEARCH_INPUT,STRUCTURAL_SCREEN_EXHAUSTED_PRIMALITY_UNASSIGNED,FIRST_SINGULARITY_SHELL_EXHAUSTED_PRIMALITY_UNASSIGNED,514,9595,9595
SLCMP01-1204,1204,143195687,2^143195687-1,SEARCH_INPUT,STRUCTURAL_SCREEN_EXHAUSTED_PRIMALITY_UNASSIGNED,FIRST_SINGULARITY_SHELL_EXHAUSTED_PRIMALITY_UNASSIGNED,514,9595,9595
SLCMP01-1205,1205,143195713,2^143195713-1,SEARCH_INPUT,STRUCTURAL_SCREEN_EXHAUSTED_PRIMALITY_UNASSIGNED,FIRST_SINGULARITY_SHELL_EXHAUSTED_PRIMALITY_UNASSIGNED,513,9595,9595
SLCMP01-1206,1206,143195737,2^143195737-1,SEARCH_INPUT,STRUCTURAL_SCREEN_EXHAUSTED_PRIMALITY_UNASSIGNED,FIRST_SINGULARITY_SHELL_EXHAUSTED_PRIMALITY_UNASSIGNED,513,9595,9595
SLCMP01-1207,1207,143195753,2^143195753-1,SEARCH_INPUT,STRUCTURAL_SCREEN_EXHAUSTED_PRIMALITY_UNASSIGNED,FIRST_SINGULARITY_SHELL_EXHAUSTED_PRIMALITY_UNASSIGNED,513,9595,9595
SLCMP01-1208,1208,143195827,2^143195827-1,SEARCH_INPUT,STRUCTURAL_SCREEN_EXHAUSTED_PRIMALITY_UNASSIGNED,FIRST_SINGULARITY_SHELL_EXHAUSTED_PRIMALITY_UNASSIGNED,514,9595,9595
SLCMP01-1209,1209,143195893,2^143195893-1,SEARCH_INPUT,STRUCTURAL_SCREEN_EXHAUSTED_PRIMALITY_UNASSIGNED,FIRST_SINGULARITY_SHELL_EXHAUSTED_PRIMALITY_UNASSIGNED,513,9595,9595
SLCMP01-1210,1210,143196007,2^143196007-1,SEARCH_INPUT,STRUCTURAL_SCREEN_EXHAUSTED_PRIMALITY_UNASSIGNED,FIRST_SINGULARITY_SHELL_EXHAUSTED_PRIMALITY_UNASSIGNED,514,9595,9595
SLCMP01-1211,1211,143196013,2^143196013-1,SEARCH_INPUT,STRUCTURAL_SCREEN_EXHAUSTED_PRIMALITY_UNASSIGNED,FIRST_SINGULARITY_SHELL_EXHAUSTED_PRIMALITY_UNASSIGNED,513,9595,9595
SLCMP01-1212,1212,143196041,2^143196041-1,SEARCH_INPUT,STRUCTURAL_SCREEN_EXHAUSTED_PRIMALITY_UNASSIGNED,FIRST_SINGULARITY_SHELL_EXHAUSTED_PRIMALITY_UNASSIGNED,513,9595,9595
SLCMP01-1213,1213,143196061,2^143196061-1,SEARCH_INPUT,STRUCTURAL_SCREEN_EXHAUSTED_PRIMALITY_UNASSIGNED,FIRST_SINGULARITY_SHELL_EXHAUSTED_PRIMALITY_UNASSIGNED,513,9595,9595
SLCMP01-1214,1214,143196139,2^143196139-1,SEARCH_INPUT,STRUCTURAL_SCREEN_EXHAUSTED_PRIMALITY_UNASSIGNED,FIRST_SINGULARITY_SHELL_EXHAUSTED_PRIMALITY_UNASSIGNED,514,9595,9595
SLCMP01-1215,1215,143196257,2^143196257-1,SEARCH_INPUT,STRUCTURAL_SCREEN_EXHAUSTED_PRIMALITY_UNASSIGNED,FIRST_SINGULARITY_SHELL_EXHAUSTED_PRIMALITY_UNASSIGNED,513,9595,9595
SLCMP01-1216,1216,143196397,2^143196397-1,SEARCH_INPUT,STRUCTURAL_SCREEN_EXHAUSTED_PRIMALITY_UNASSIGNED,FIRST_SINGULARITY_SHELL_EXHAUSTED_PRIMALITY_UNASSIGNED,513,9595,9595
SLCMP01-1217,1217,143196499,2^143196499-1,SEARCH_INPUT,STRUCTURAL_SCREEN_EXHAUSTED_PRIMALITY_UNASSIGNED,FIRST_SINGULARITY_SHELL_EXHAUSTED_PRIMALITY_UNASSIGNED,514,9595,9595
SLCMP01-1218,1218,143196517,2^143196517-1,SEARCH_INPUT,STRUCTURAL_SCREEN_EXHAUSTED_PRIMALITY_UNASSIGNED,FIRST_SINGULARITY_SHELL_EXHAUSTED_PRIMALITY_UNASSIGNED,513,9595,9595
SLCMP01-1219,1219,143196617,2^143196617-1,SEARCH_INPUT,STRUCTURAL_SCREEN_EXHAUSTED_PRIMALITY_UNASSIGNED,FIRST_SINGULARITY_SHELL_EXHAUSTED_PRIMALITY_UNASSIGNED,513,9595,9595
SLCMP01-1220,1220,143196731,2^143196731-1,SEARCH_INPUT,STRUCTURAL_SCREEN_EXHAUSTED_PRIMALITY_UNASSIGNED,FIRST_SINGULARITY_SHELL_EXHAUSTED_PRIMALITY_UNASSIGNED,514,9595,9595
SLCMP01-1221,1221,143196761,2^143196761-1,SEARCH_INPUT,STRUCTURAL_SCREEN_EXHAUSTED_PRIMALITY_UNASSIGNED,FIRST_SINGULARITY_SHELL_EXHAUSTED_PRIMALITY_UNASSIGNED,513,9595,9595
SLCMP01-1222,1222,143196793,2^143196793-1,SEARCH_INPUT,STRUCTURAL_SCREEN_EXHAUSTED_PRIMALITY_UNASSIGNED,FIRST_SINGULARITY_SHELL_EXHAUSTED_PRIMALITY_UNASSIGNED,513,9595,9595
SLCMP01-1223,1223,143196959,2^143196959-1,SEARCH_INPUT,STRUCTURAL_SCREEN_EXHAUSTED_PRIMALITY_UNASSIGNED,FIRST_SINGULARITY_SHELL_EXHAUSTED_PRIMALITY_UNASSIGNED,514,9595,9595
SLCMP01-1224,1224,143196961,2^143196961-1,SEARCH_INPUT,STRUCTURAL_SCREEN_EXHAUSTED_PRIMALITY_UNASSIGNED,FIRST_SINGULARITY_SHELL_EXHAUSTED_PRIMALITY_UNASSIGNED,513,9595,9595
SLCMP01-1225,1225,143198219,2^143198219-1,SEARCH_INPUT,STRUCTURAL_SCREEN_EXHAUSTED_PRIMALITY_UNASSIGNED,FIRST_SINGULARITY_SHELL_EXHAUSTED_PRIMALITY_UNASSIGNED,514,9595,9595
SLCMP01-1226,1226,143198791,2^143198791-1,SEARCH_INPUT,STRUCTURAL_SCREEN_EXHAUSTED_PRIMALITY_UNASSIGNED,FIRST_SINGULARITY_SHELL_EXHAUSTED_PRIMALITY_UNASSIGNED,514,9595,9595
