candidate_id,candidate_rank,exponent,mersenne_object,public_state,screen_status,shell_status,screen_schedule_count,shell_schedule_count,shell_tested_opportunity_count
SLCMP02-0001,1,143202223,2^143202223-1,SEARCH_INPUT,STRUCTURAL_SCREEN_EXHAUSTED_PRIMALITY_UNASSIGNED,FIRST_SINGULARITY_SHELL_EXHAUSTED_PRIMALITY_UNASSIGNED,514,9595,9595
SLCMP02-0002,2,143202233,2^143202233-1,SEARCH_INPUT,STRUCTURAL_SCREEN_EXHAUSTED_PRIMALITY_UNASSIGNED,FIRST_SINGULARITY_SHELL_EXHAUSTED_PRIMALITY_UNASSIGNED,513,9595,9595
SLCMP02-0003,3,143202413,2^143202413-1,SEARCH_INPUT,STRUCTURAL_SCREEN_EXHAUSTED_PRIMALITY_UNASSIGNED,FIRST_SINGULARITY_SHELL_EXHAUSTED_PRIMALITY_UNASSIGNED,513,9595,9595
SLCMP02-0004,4,143202673,2^143202673-1,SEARCH_INPUT,STRUCTURAL_SCREEN_EXHAUSTED_PRIMALITY_UNASSIGNED,FIRST_SINGULARITY_SHELL_EXHAUSTED_PRIMALITY_UNASSIGNED,513,9595,9595
SLCMP02-0005,5,143202707,2^143202707-1,SEARCH_INPUT,STRUCTURAL_SCREEN_EXHAUSTED_PRIMALITY_UNASSIGNED,FIRST_SINGULARITY_SHELL_EXHAUSTED_PRIMALITY_UNASSIGNED,514,9595,9595
SLCMP02-0006,6,143202737,2^143202737-1,SEARCH_INPUT,STRUCTURAL_SCREEN_EXHAUSTED_PRIMALITY_UNASSIGNED,FIRST_SINGULARITY_SHELL_EXHAUSTED_PRIMALITY_UNASSIGNED,513,9595,9595
SLCMP02-0007,7,143202809,2^143202809-1,SEARCH_INPUT,STRUCTURAL_SCREEN_EXHAUSTED_PRIMALITY_UNASSIGNED,FIRST_SINGULARITY_SHELL_EXHAUSTED_PRIMALITY_UNASSIGNED,513,9595,9595
SLCMP02-0008,8,143202893,2^143202893-1,SEARCH_INPUT,STRUCTURAL_SCREEN_EXHAUSTED_PRIMALITY_UNASSIGNED,FIRST_SINGULARITY_SHELL_EXHAUSTED_PRIMALITY_UNASSIGNED,513,9595,9595
SLCMP02-0009,9,143203079,2^143203079-1,SEARCH_INPUT,STRUCTURAL_SCREEN_EXHAUSTED_PRIMALITY_UNASSIGNED,FIRST_SINGULARITY_SHELL_EXHAUSTED_PRIMALITY_UNASSIGNED,514,9595,9595
SLCMP02-0010,10,143203139,2^143203139-1,SEARCH_INPUT,STRUCTURAL_SCREEN_EXHAUSTED_PRIMALITY_UNASSIGNED,FIRST_SINGULARITY_SHELL_EXHAUSTED_PRIMALITY_UNASSIGNED,514,9595,9595
SLCMP02-0011,11,143203163,2^143203163-1,SEARCH_INPUT,STRUCTURAL_SCREEN_EXHAUSTED_PRIMALITY_UNASSIGNED,FIRST_SINGULARITY_SHELL_EXHAUSTED_PRIMALITY_UNASSIGNED,514,9595,9595
SLCMP02-0012,12,143203169,2^143203169-1,SEARCH_INPUT,STRUCTURAL_SCREEN_EXHAUSTED_PRIMALITY_UNASSIGNED,FIRST_SINGULARITY_SHELL_EXHAUSTED_PRIMALITY_UNASSIGNED,513,9595,9595
SLCMP02-0013,13,143203243,2^143203243-1,SEARCH_INPUT,STRUCTURAL_SCREEN_EXHAUSTED_PRIMALITY_UNASSIGNED,FIRST_SINGULARITY_SHELL_EXHAUSTED_PRIMALITY_UNASSIGNED,514,9595,9595
SLCMP02-0014,14,143203391,2^143203391-1,SEARCH_INPUT,STRUCTURAL_SCREEN_EXHAUSTED_PRIMALITY_UNASSIGNED,FIRST_SINGULARITY_SHELL_EXHAUSTED_PRIMALITY_UNASSIGNED,514,9595,9595
SLCMP02-0015,15,143203441,2^143203441-1,SEARCH_INPUT,STRUCTURAL_SCREEN_EXHAUSTED_PRIMALITY_UNASSIGNED,FIRST_SINGULARITY_SHELL_EXHAUSTED_PRIMALITY_UNASSIGNED,513,9595,9595
SLCMP02-0016,16,143203481,2^143203481-1,SEARCH_INPUT,STRUCTURAL_SCREEN_EXHAUSTED_PRIMALITY_UNASSIGNED,FIRST_SINGULARITY_SHELL_EXHAUSTED_PRIMALITY_UNASSIGNED,513,9595,9595
SLCMP02-0017,17,143203639,2^143203639-1,SEARCH_INPUT,STRUCTURAL_SCREEN_EXHAUSTED_PRIMALITY_UNASSIGNED,FIRST_SINGULARITY_SHELL_EXHAUSTED_PRIMALITY_UNASSIGNED,514,9595,9595
SLCMP02-0018,18,143203747,2^143203747-1,SEARCH_INPUT,STRUCTURAL_SCREEN_EXHAUSTED_PRIMALITY_UNASSIGNED,FIRST_SINGULARITY_SHELL_EXHAUSTED_PRIMALITY_UNASSIGNED,514,9595,9595
SLCMP02-0019,19,143203807,2^143203807-1,SEARCH_INPUT,STRUCTURAL_SCREEN_EXHAUSTED_PRIMALITY_UNASSIGNED,FIRST_SINGULARITY_SHELL_EXHAUSTED_PRIMALITY_UNASSIGNED,514,9595,9595
SLCMP02-0020,20,143204101,2^143204101-1,SEARCH_INPUT,STRUCTURAL_SCREEN_EXHAUSTED_PRIMALITY_UNASSIGNED,FIRST_SINGULARITY_SHELL_EXHAUSTED_PRIMALITY_UNASSIGNED,513,9595,9595
SLCMP02-0021,21,143204129,2^143204129-1,SEARCH_INPUT,STRUCTURAL_SCREEN_EXHAUSTED_PRIMALITY_UNASSIGNED,FIRST_SINGULARITY_SHELL_EXHAUSTED_PRIMALITY_UNASSIGNED,513,9595,9595
SLCMP02-0022,22,143204153,2^143204153-1,SEARCH_INPUT,STRUCTURAL_SCREEN_EXHAUSTED_PRIMALITY_UNASSIGNED,FIRST_SINGULARITY_SHELL_EXHAUSTED_PRIMALITY_UNASSIGNED,513,9595,9595
SLCMP02-0023,23,143204389,2^143204389-1,SEARCH_INPUT,STRUCTURAL_SCREEN_EXHAUSTED_PRIMALITY_UNASSIGNED,FIRST_SINGULARITY_SHELL_EXHAUSTED_PRIMALITY_UNASSIGNED,513,9595,9595
SLCMP02-0024,24,143204401,2^143204401-1,SEARCH_INPUT,STRUCTURAL_SCREEN_EXHAUSTED_PRIMALITY_UNASSIGNED,FIRST_SINGULARITY_SHELL_EXHAUSTED_PRIMALITY_UNASSIGNED,513,9595,9595
SLCMP02-0025,25,143204449,2^143204449-1,SEARCH_INPUT,STRUCTURAL_SCREEN_EXHAUSTED_PRIMALITY_UNASSIGNED,FIRST_SINGULARITY_SHELL_EXHAUSTED_PRIMALITY_UNASSIGNED,513,9595,9595
SLCMP02-0026,26,143204461,2^143204461-1,SEARCH_INPUT,STRUCTURAL_SCREEN_EXHAUSTED_PRIMALITY_UNASSIGNED,FIRST_SINGULARITY_SHELL_EXHAUSTED_PRIMALITY_UNASSIGNED,513,9595,9595
SLCMP02-0027,27,143204507,2^143204507-1,SEARCH_INPUT,STRUCTURAL_SCREEN_EXHAUSTED_PRIMALITY_UNASSIGNED,FIRST_SINGULARITY_SHELL_EXHAUSTED_PRIMALITY_UNASSIGNED,514,9595,9595
SLCMP02-0028,28,143204533,2^143204533-1,SEARCH_INPUT,STRUCTURAL_SCREEN_EXHAUSTED_PRIMALITY_UNASSIGNED,FIRST_SINGULARITY_SHELL_EXHAUSTED_PRIMALITY_UNASSIGNED,513,9595,9595
SLCMP02-0029,29,143204543,2^143204543-1,SEARCH_INPUT,STRUCTURAL_SCREEN_EXHAUSTED_PRIMALITY_UNASSIGNED,FIRST_SINGULARITY_SHELL_EXHAUSTED_PRIMALITY_UNASSIGNED,514,9595,9595
SLCMP02-0030,30,143204573,2^143204573-1,SEARCH_INPUT,STRUCTURAL_SCREEN_EXHAUSTED_PRIMALITY_UNASSIGNED,FIRST_SINGULARITY_SHELL_EXHAUSTED_PRIMALITY_UNASSIGNED,513,9595,9595
SLCMP02-0031,31,143204599,2^143204599-1,SEARCH_INPUT,STRUCTURAL_SCREEN_EXHAUSTED_PRIMALITY_UNASSIGNED,FIRST_SINGULARITY_SHELL_EXHAUSTED_PRIMALITY_UNASSIGNED,514,9595,9595
SLCMP02-0032,32,143204681,2^143204681-1,SEARCH_INPUT,STRUCTURAL_SCREEN_EXHAUSTED_PRIMALITY_UNASSIGNED,FIRST_SINGULARITY_SHELL_EXHAUSTED_PRIMALITY_UNASSIGNED,513,9595,9595
SLCMP02-0033,33,143204731,2^143204731-1,SEARCH_INPUT,STRUCTURAL_SCREEN_EXHAUSTED_PRIMALITY_UNASSIGNED,FIRST_SINGULARITY_SHELL_EXHAUSTED_PRIMALITY_UNASSIGNED,514,9595,9595
SLCMP02-0034,34,143204863,2^143204863-1,SEARCH_INPUT,STRUCTURAL_SCREEN_EXHAUSTED_PRIMALITY_UNASSIGNED,FIRST_SINGULARITY_SHELL_EXHAUSTED_PRIMALITY_UNASSIGNED,514,9595,9595
SLCMP02-0035,35,143204939,2^143204939-1,SEARCH_INPUT,STRUCTURAL_SCREEN_EXHAUSTED_PRIMALITY_UNASSIGNED,FIRST_SINGULARITY_SHELL_EXHAUSTED_PRIMALITY_UNASSIGNED,514,9595,9595
SLCMP02-0036,36,143205011,2^143205011-1,SEARCH_INPUT,STRUCTURAL_SCREEN_EXHAUSTED_PRIMALITY_UNASSIGNED,FIRST_SINGULARITY_SHELL_EXHAUSTED_PRIMALITY_UNASSIGNED,514,9595,9595
SLCMP02-0037,37,143205121,2^143205121-1,SEARCH_INPUT,STRUCTURAL_SCREEN_EXHAUSTED_PRIMALITY_UNASSIGNED,FIRST_SINGULARITY_SHELL_EXHAUSTED_PRIMALITY_UNASSIGNED,513,9595,9595
SLCMP02-0038,38,143205131,2^143205131-1,SEARCH_INPUT,STRUCTURAL_SCREEN_EXHAUSTED_PRIMALITY_UNASSIGNED,FIRST_SINGULARITY_SHELL_EXHAUSTED_PRIMALITY_UNASSIGNED,514,9595,9595
SLCMP02-0039,39,143205163,2^143205163-1,SEARCH_INPUT,STRUCTURAL_SCREEN_EXHAUSTED_PRIMALITY_UNASSIGNED,FIRST_SINGULARITY_SHELL_EXHAUSTED_PRIMALITY_UNASSIGNED,514,9595,9595
SLCMP02-0040,40,143205221,2^143205221-1,SEARCH_INPUT,STRUCTURAL_SCREEN_EXHAUSTED_PRIMALITY_UNASSIGNED,FIRST_SINGULARITY_SHELL_EXHAUSTED_PRIMALITY_UNASSIGNED,513,9595,9595
SLCMP02-0041,41,143205533,2^143205533-1,SEARCH_INPUT,STRUCTURAL_SCREEN_EXHAUSTED_PRIMALITY_UNASSIGNED,FIRST_SINGULARITY_SHELL_EXHAUSTED_PRIMALITY_UNASSIGNED,513,9595,9595
SLCMP02-0042,42,143205547,2^143205547-1,SEARCH_INPUT,STRUCTURAL_SCREEN_EXHAUSTED_PRIMALITY_UNASSIGNED,FIRST_SINGULARITY_SHELL_EXHAUSTED_PRIMALITY_UNASSIGNED,514,9595,9595
SLCMP02-0043,43,143205589,2^143205589-1,SEARCH_INPUT,STRUCTURAL_SCREEN_EXHAUSTED_PRIMALITY_UNASSIGNED,FIRST_SINGULARITY_SHELL_EXHAUSTED_PRIMALITY_UNASSIGNED,513,9595,9595
SLCMP02-0044,44,143205611,2^143205611-1,SEARCH_INPUT,STRUCTURAL_SCREEN_EXHAUSTED_PRIMALITY_UNASSIGNED,FIRST_SINGULARITY_SHELL_EXHAUSTED_PRIMALITY_UNASSIGNED,514,9595,9595
SLCMP02-0045,45,143205653,2^143205653-1,SEARCH_INPUT,STRUCTURAL_SCREEN_EXHAUSTED_PRIMALITY_UNASSIGNED,FIRST_SINGULARITY_SHELL_EXHAUSTED_PRIMALITY_UNASSIGNED,513,9595,9595
SLCMP02-0046,46,143205703,2^143205703-1,SEARCH_INPUT,STRUCTURAL_SCREEN_EXHAUSTED_PRIMALITY_UNASSIGNED,FIRST_SINGULARITY_SHELL_EXHAUSTED_PRIMALITY_UNASSIGNED,514,9595,9595
SLCMP02-0047,47,143205721,2^143205721-1,SEARCH_INPUT,STRUCTURAL_SCREEN_EXHAUSTED_PRIMALITY_UNASSIGNED,FIRST_SINGULARITY_SHELL_EXHAUSTED_PRIMALITY_UNASSIGNED,513,9595,9595
SLCMP02-0048,48,143205731,2^143205731-1,SEARCH_INPUT,STRUCTURAL_SCREEN_EXHAUSTED_PRIMALITY_UNASSIGNED,FIRST_SINGULARITY_SHELL_EXHAUSTED_PRIMALITY_UNASSIGNED,514,9595,9595
SLCMP02-0049,49,143205787,2^143205787-1,SEARCH_INPUT,STRUCTURAL_SCREEN_EXHAUSTED_PRIMALITY_UNASSIGNED,FIRST_SINGULARITY_SHELL_EXHAUSTED_PRIMALITY_UNASSIGNED,514,9595,9595
SLCMP02-0050,50,143205809,2^143205809-1,SEARCH_INPUT,STRUCTURAL_SCREEN_EXHAUSTED_PRIMALITY_UNASSIGNED,FIRST_SINGULARITY_SHELL_EXHAUSTED_PRIMALITY_UNASSIGNED,513,9595,9595
SLCMP02-0051,51,143205877,2^143205877-1,SEARCH_INPUT,STRUCTURAL_SCREEN_EXHAUSTED_PRIMALITY_UNASSIGNED,FIRST_SINGULARITY_SHELL_EXHAUSTED_PRIMALITY_UNASSIGNED,513,9595,9595
SLCMP02-0052,52,143205883,2^143205883-1,SEARCH_INPUT,STRUCTURAL_SCREEN_EXHAUSTED_PRIMALITY_UNASSIGNED,FIRST_SINGULARITY_SHELL_EXHAUSTED_PRIMALITY_UNASSIGNED,514,9595,9595
SLCMP02-0053,53,143205941,2^143205941-1,SEARCH_INPUT,STRUCTURAL_SCREEN_EXHAUSTED_PRIMALITY_UNASSIGNED,FIRST_SINGULARITY_SHELL_EXHAUSTED_PRIMALITY_UNASSIGNED,513,9595,9595
SLCMP02-0054,54,143205961,2^143205961-1,SEARCH_INPUT,STRUCTURAL_SCREEN_EXHAUSTED_PRIMALITY_UNASSIGNED,FIRST_SINGULARITY_SHELL_EXHAUSTED_PRIMALITY_UNASSIGNED,513,9595,9595
SLCMP02-0055,55,143206009,2^143206009-1,SEARCH_INPUT,STRUCTURAL_SCREEN_EXHAUSTED_PRIMALITY_UNASSIGNED,FIRST_SINGULARITY_SHELL_EXHAUSTED_PRIMALITY_UNASSIGNED,513,9595,9595
SLCMP02-0056,56,143206057,2^143206057-1,SEARCH_INPUT,STRUCTURAL_SCREEN_EXHAUSTED_PRIMALITY_UNASSIGNED,FIRST_SINGULARITY_SHELL_EXHAUSTED_PRIMALITY_UNASSIGNED,513,9595,9595
SLCMP02-0057,57,143206061,2^143206061-1,SEARCH_INPUT,STRUCTURAL_SCREEN_EXHAUSTED_PRIMALITY_UNASSIGNED,FIRST_SINGULARITY_SHELL_EXHAUSTED_PRIMALITY_UNASSIGNED,513,9595,9595
SLCMP02-0058,58,143206093,2^143206093-1,SEARCH_INPUT,STRUCTURAL_SCREEN_EXHAUSTED_PRIMALITY_UNASSIGNED,FIRST_SINGULARITY_SHELL_EXHAUSTED_PRIMALITY_UNASSIGNED,513,9595,9595
SLCMP02-0059,59,143206121,2^143206121-1,SEARCH_INPUT,STRUCTURAL_SCREEN_EXHAUSTED_PRIMALITY_UNASSIGNED,FIRST_SINGULARITY_SHELL_EXHAUSTED_PRIMALITY_UNASSIGNED,513,9595,9595
SLCMP02-0060,60,143206123,2^143206123-1,SEARCH_INPUT,STRUCTURAL_SCREEN_EXHAUSTED_PRIMALITY_UNASSIGNED,FIRST_SINGULARITY_SHELL_EXHAUSTED_PRIMALITY_UNASSIGNED,514,9595,9595
SLCMP02-0061,61,143206163,2^143206163-1,SEARCH_INPUT,STRUCTURAL_SCREEN_EXHAUSTED_PRIMALITY_UNASSIGNED,FIRST_SINGULARITY_SHELL_EXHAUSTED_PRIMALITY_UNASSIGNED,514,9595,9595
SLCMP02-0062,62,143206213,2^143206213-1,SEARCH_INPUT,STRUCTURAL_SCREEN_EXHAUSTED_PRIMALITY_UNASSIGNED,FIRST_SINGULARITY_SHELL_EXHAUSTED_PRIMALITY_UNASSIGNED,513,9595,9595
SLCMP02-0063,63,143206247,2^143206247-1,SEARCH_INPUT,STRUCTURAL_SCREEN_EXHAUSTED_PRIMALITY_UNASSIGNED,FIRST_SINGULARITY_SHELL_EXHAUSTED_PRIMALITY_UNASSIGNED,514,9595,9595
SLCMP02-0064,64,143206289,2^143206289-1,SEARCH_INPUT,STRUCTURAL_SCREEN_EXHAUSTED_PRIMALITY_UNASSIGNED,FIRST_SINGULARITY_SHELL_EXHAUSTED_PRIMALITY_UNASSIGNED,513,9595,9595
SLCMP02-0065,65,143206337,2^143206337-1,SEARCH_INPUT,STRUCTURAL_SCREEN_EXHAUSTED_PRIMALITY_UNASSIGNED,FIRST_SINGULARITY_SHELL_EXHAUSTED_PRIMALITY_UNASSIGNED,513,9595,9595
SLCMP02-0066,66,143206417,2^143206417-1,SEARCH_INPUT,STRUCTURAL_SCREEN_EXHAUSTED_PRIMALITY_UNASSIGNED,FIRST_SINGULARITY_SHELL_EXHAUSTED_PRIMALITY_UNASSIGNED,513,9595,9595
SLCMP02-0067,67,143206573,2^143206573-1,SEARCH_INPUT,STRUCTURAL_SCREEN_EXHAUSTED_PRIMALITY_UNASSIGNED,FIRST_SINGULARITY_SHELL_EXHAUSTED_PRIMALITY_UNASSIGNED,513,9595,9595
SLCMP02-0068,68,143206619,2^143206619-1,SEARCH_INPUT,STRUCTURAL_SCREEN_EXHAUSTED_PRIMALITY_UNASSIGNED,FIRST_SINGULARITY_SHELL_EXHAUSTED_PRIMALITY_UNASSIGNED,514,9595,9595
SLCMP02-0069,69,143206621,2^143206621-1,SEARCH_INPUT,STRUCTURAL_SCREEN_EXHAUSTED_PRIMALITY_UNASSIGNED,FIRST_SINGULARITY_SHELL_EXHAUSTED_PRIMALITY_UNASSIGNED,513,9595,9595
SLCMP02-0070,70,143206699,2^143206699-1,SEARCH_INPUT,STRUCTURAL_SCREEN_EXHAUSTED_PRIMALITY_UNASSIGNED,FIRST_SINGULARITY_SHELL_EXHAUSTED_PRIMALITY_UNASSIGNED,514,9595,9595
SLCMP02-0071,71,143206709,2^143206709-1,SEARCH_INPUT,STRUCTURAL_SCREEN_EXHAUSTED_PRIMALITY_UNASSIGNED,FIRST_SINGULARITY_SHELL_EXHAUSTED_PRIMALITY_UNASSIGNED,513,9595,9595
SLCMP02-0072,72,143206751,2^143206751-1,SEARCH_INPUT,STRUCTURAL_SCREEN_EXHAUSTED_PRIMALITY_UNASSIGNED,FIRST_SINGULARITY_SHELL_EXHAUSTED_PRIMALITY_UNASSIGNED,514,9595,9595
SLCMP02-0073,73,143206853,2^143206853-1,SEARCH_INPUT,STRUCTURAL_SCREEN_EXHAUSTED_PRIMALITY_UNASSIGNED,FIRST_SINGULARITY_SHELL_EXHAUSTED_PRIMALITY_UNASSIGNED,513,9595,9595
SLCMP02-0074,74,143206927,2^143206927-1,SEARCH_INPUT,STRUCTURAL_SCREEN_EXHAUSTED_PRIMALITY_UNASSIGNED,FIRST_SINGULARITY_SHELL_EXHAUSTED_PRIMALITY_UNASSIGNED,514,9595,9595
SLCMP02-0075,75,143206937,2^143206937-1,SEARCH_INPUT,STRUCTURAL_SCREEN_EXHAUSTED_PRIMALITY_UNASSIGNED,FIRST_SINGULARITY_SHELL_EXHAUSTED_PRIMALITY_UNASSIGNED,513,9595,9595
SLCMP02-0076,76,143207089,2^143207089-1,SEARCH_INPUT,STRUCTURAL_SCREEN_EXHAUSTED_PRIMALITY_UNASSIGNED,FIRST_SINGULARITY_SHELL_EXHAUSTED_PRIMALITY_UNASSIGNED,513,9595,9595
SLCMP02-0077,77,143207179,2^143207179-1,SEARCH_INPUT,STRUCTURAL_SCREEN_EXHAUSTED_PRIMALITY_UNASSIGNED,FIRST_SINGULARITY_SHELL_EXHAUSTED_PRIMALITY_UNASSIGNED,514,9595,9595
SLCMP02-0078,78,143207209,2^143207209-1,SEARCH_INPUT,STRUCTURAL_SCREEN_EXHAUSTED_PRIMALITY_UNASSIGNED,FIRST_SINGULARITY_SHELL_EXHAUSTED_PRIMALITY_UNASSIGNED,513,9595,9595
SLCMP02-0079,79,143207417,2^143207417-1,SEARCH_INPUT,STRUCTURAL_SCREEN_EXHAUSTED_PRIMALITY_UNASSIGNED,FIRST_SINGULARITY_SHELL_EXHAUSTED_PRIMALITY_UNASSIGNED,513,9595,9595
SLCMP02-0080,80,143207429,2^143207429-1,SEARCH_INPUT,STRUCTURAL_SCREEN_EXHAUSTED_PRIMALITY_UNASSIGNED,FIRST_SINGULARITY_SHELL_EXHAUSTED_PRIMALITY_UNASSIGNED,513,9595,9595
SLCMP02-0081,81,143207447,2^143207447-1,SEARCH_INPUT,STRUCTURAL_SCREEN_EXHAUSTED_PRIMALITY_UNASSIGNED,FIRST_SINGULARITY_SHELL_EXHAUSTED_PRIMALITY_UNASSIGNED,514,9595,9595
SLCMP02-0082,82,143207509,2^143207509-1,SEARCH_INPUT,STRUCTURAL_SCREEN_EXHAUSTED_PRIMALITY_UNASSIGNED,FIRST_SINGULARITY_SHELL_EXHAUSTED_PRIMALITY_UNASSIGNED,513,9595,9595
SLCMP02-0083,83,143207521,2^143207521-1,SEARCH_INPUT,STRUCTURAL_SCREEN_EXHAUSTED_PRIMALITY_UNASSIGNED,FIRST_SINGULARITY_SHELL_EXHAUSTED_PRIMALITY_UNASSIGNED,513,9595,9595
SLCMP02-0084,84,143207527,2^143207527-1,SEARCH_INPUT,STRUCTURAL_SCREEN_EXHAUSTED_PRIMALITY_UNASSIGNED,FIRST_SINGULARITY_SHELL_EXHAUSTED_PRIMALITY_UNASSIGNED,514,9595,9595
SLCMP02-0085,85,143207549,2^143207549-1,SEARCH_INPUT,STRUCTURAL_SCREEN_EXHAUSTED_PRIMALITY_UNASSIGNED,FIRST_SINGULARITY_SHELL_EXHAUSTED_PRIMALITY_UNASSIGNED,513,9595,9595
SLCMP02-0086,86,143207567,2^143207567-1,SEARCH_INPUT,STRUCTURAL_SCREEN_EXHAUSTED_PRIMALITY_UNASSIGNED,FIRST_SINGULARITY_SHELL_EXHAUSTED_PRIMALITY_UNASSIGNED,514,9595,9595
SLCMP02-0087,87,143207741,2^143207741-1,SEARCH_INPUT,STRUCTURAL_SCREEN_EXHAUSTED_PRIMALITY_UNASSIGNED,FIRST_SINGULARITY_SHELL_EXHAUSTED_PRIMALITY_UNASSIGNED,513,9595,9595
SLCMP02-0088,88,143207747,2^143207747-1,SEARCH_INPUT,STRUCTURAL_SCREEN_EXHAUSTED_PRIMALITY_UNASSIGNED,FIRST_SINGULARITY_SHELL_EXHAUSTED_PRIMALITY_UNASSIGNED,514,9595,9595
SLCMP02-0089,89,143207783,2^143207783-1,SEARCH_INPUT,STRUCTURAL_SCREEN_EXHAUSTED_PRIMALITY_UNASSIGNED,FIRST_SINGULARITY_SHELL_EXHAUSTED_PRIMALITY_UNASSIGNED,514,9595,9595
SLCMP02-0090,90,143207891,2^143207891-1,SEARCH_INPUT,STRUCTURAL_SCREEN_EXHAUSTED_PRIMALITY_UNASSIGNED,FIRST_SINGULARITY_SHELL_EXHAUSTED_PRIMALITY_UNASSIGNED,514,9595,9595
SLCMP02-0091,91,143207903,2^143207903-1,SEARCH_INPUT,STRUCTURAL_SCREEN_EXHAUSTED_PRIMALITY_UNASSIGNED,FIRST_SINGULARITY_SHELL_EXHAUSTED_PRIMALITY_UNASSIGNED,514,9595,9595
SLCMP02-0092,92,143208077,2^143208077-1,SEARCH_INPUT,STRUCTURAL_SCREEN_EXHAUSTED_PRIMALITY_UNASSIGNED,FIRST_SINGULARITY_SHELL_EXHAUSTED_PRIMALITY_UNASSIGNED,513,9595,9595
SLCMP02-0093,93,143208227,2^143208227-1,SEARCH_INPUT,STRUCTURAL_SCREEN_EXHAUSTED_PRIMALITY_UNASSIGNED,FIRST_SINGULARITY_SHELL_EXHAUSTED_PRIMALITY_UNASSIGNED,514,9595,9595
SLCMP02-0094,94,143208673,2^143208673-1,SEARCH_INPUT,STRUCTURAL_SCREEN_EXHAUSTED_PRIMALITY_UNASSIGNED,FIRST_SINGULARITY_SHELL_EXHAUSTED_PRIMALITY_UNASSIGNED,513,9595,9595
SLCMP02-0095,95,143208713,2^143208713-1,SEARCH_INPUT,STRUCTURAL_SCREEN_EXHAUSTED_PRIMALITY_UNASSIGNED,FIRST_SINGULARITY_SHELL_EXHAUSTED_PRIMALITY_UNASSIGNED,513,9595,9595
SLCMP02-0096,96,143208749,2^143208749-1,SEARCH_INPUT,STRUCTURAL_SCREEN_EXHAUSTED_PRIMALITY_UNASSIGNED,FIRST_SINGULARITY_SHELL_EXHAUSTED_PRIMALITY_UNASSIGNED,513,9595,9595
SLCMP02-0097,97,143208851,2^143208851-1,SEARCH_INPUT,STRUCTURAL_SCREEN_EXHAUSTED_PRIMALITY_UNASSIGNED,FIRST_SINGULARITY_SHELL_EXHAUSTED_PRIMALITY_UNASSIGNED,514,9595,9595
SLCMP02-0098,98,143208899,2^143208899-1,SEARCH_INPUT,STRUCTURAL_SCREEN_EXHAUSTED_PRIMALITY_UNASSIGNED,FIRST_SINGULARITY_SHELL_EXHAUSTED_PRIMALITY_UNASSIGNED,514,9595,9595
SLCMP02-0099,99,143208979,2^143208979-1,SEARCH_INPUT,STRUCTURAL_SCREEN_EXHAUSTED_PRIMALITY_UNASSIGNED,FIRST_SINGULARITY_SHELL_EXHAUSTED_PRIMALITY_UNASSIGNED,514,9595,9595
SLCMP02-0100,100,143209387,2^143209387-1,SEARCH_INPUT,STRUCTURAL_SCREEN_EXHAUSTED_PRIMALITY_UNASSIGNED,FIRST_SINGULARITY_SHELL_EXHAUSTED_PRIMALITY_UNASSIGNED,514,9595,9595
SLCMP02-0101,101,143209421,2^143209421-1,SEARCH_INPUT,STRUCTURAL_SCREEN_EXHAUSTED_PRIMALITY_UNASSIGNED,FIRST_SINGULARITY_SHELL_EXHAUSTED_PRIMALITY_UNASSIGNED,513,9595,9595
SLCMP02-0102,102,143209543,2^143209543-1,SEARCH_INPUT,STRUCTURAL_SCREEN_EXHAUSTED_PRIMALITY_UNASSIGNED,FIRST_SINGULARITY_SHELL_EXHAUSTED_PRIMALITY_UNASSIGNED,514,9595,9595
SLCMP02-0103,103,143209559,2^143209559-1,SEARCH_INPUT,STRUCTURAL_SCREEN_EXHAUSTED_PRIMALITY_UNASSIGNED,FIRST_SINGULARITY_SHELL_EXHAUSTED_PRIMALITY_UNASSIGNED,514,9595,9595
SLCMP02-0104,104,143209567,2^143209567-1,SEARCH_INPUT,STRUCTURAL_SCREEN_EXHAUSTED_PRIMALITY_UNASSIGNED,FIRST_SINGULARITY_SHELL_EXHAUSTED_PRIMALITY_UNASSIGNED,514,9595,9595
SLCMP02-0105,105,143209609,2^143209609-1,SEARCH_INPUT,STRUCTURAL_SCREEN_EXHAUSTED_PRIMALITY_UNASSIGNED,FIRST_SINGULARITY_SHELL_EXHAUSTED_PRIMALITY_UNASSIGNED,513,9595,9595
SLCMP02-0106,106,143209757,2^143209757-1,SEARCH_INPUT,STRUCTURAL_SCREEN_EXHAUSTED_PRIMALITY_UNASSIGNED,FIRST_SINGULARITY_SHELL_EXHAUSTED_PRIMALITY_UNASSIGNED,513,9595,9595
SLCMP02-0107,107,143209771,2^143209771-1,SEARCH_INPUT,STRUCTURAL_SCREEN_EXHAUSTED_PRIMALITY_UNASSIGNED,FIRST_SINGULARITY_SHELL_EXHAUSTED_PRIMALITY_UNASSIGNED,514,9595,9595
SLCMP02-0108,108,143209879,2^143209879-1,SEARCH_INPUT,STRUCTURAL_SCREEN_EXHAUSTED_PRIMALITY_UNASSIGNED,FIRST_SINGULARITY_SHELL_EXHAUSTED_PRIMALITY_UNASSIGNED,514,9595,9595
SLCMP02-0109,109,143209901,2^143209901-1,SEARCH_INPUT,STRUCTURAL_SCREEN_EXHAUSTED_PRIMALITY_UNASSIGNED,FIRST_SINGULARITY_SHELL_EXHAUSTED_PRIMALITY_UNASSIGNED,513,9595,9595
SLCMP02-0110,110,143209999,2^143209999-1,SEARCH_INPUT,STRUCTURAL_SCREEN_EXHAUSTED_PRIMALITY_UNASSIGNED,FIRST_SINGULARITY_SHELL_EXHAUSTED_PRIMALITY_UNASSIGNED,514,9595,9595
SLCMP02-0111,111,143210003,2^143210003-1,SEARCH_INPUT,STRUCTURAL_SCREEN_EXHAUSTED_PRIMALITY_UNASSIGNED,FIRST_SINGULARITY_SHELL_EXHAUSTED_PRIMALITY_UNASSIGNED,514,9595,9595
SLCMP02-0112,112,143210107,2^143210107-1,SEARCH_INPUT,STRUCTURAL_SCREEN_EXHAUSTED_PRIMALITY_UNASSIGNED,FIRST_SINGULARITY_SHELL_EXHAUSTED_PRIMALITY_UNASSIGNED,514,9595,9595
SLCMP02-0113,113,143210161,2^143210161-1,SEARCH_INPUT,STRUCTURAL_SCREEN_EXHAUSTED_PRIMALITY_UNASSIGNED,FIRST_SINGULARITY_SHELL_EXHAUSTED_PRIMALITY_UNASSIGNED,513,9595,9595
SLCMP02-0114,114,143210209,2^143210209-1,SEARCH_INPUT,STRUCTURAL_SCREEN_EXHAUSTED_PRIMALITY_UNASSIGNED,FIRST_SINGULARITY_SHELL_EXHAUSTED_PRIMALITY_UNASSIGNED,513,9595,9595
SLCMP02-0115,115,143210267,2^143210267-1,SEARCH_INPUT,STRUCTURAL_SCREEN_EXHAUSTED_PRIMALITY_UNASSIGNED,FIRST_SINGULARITY_SHELL_EXHAUSTED_PRIMALITY_UNASSIGNED,514,9595,9595
SLCMP02-0116,116,143210299,2^143210299-1,SEARCH_INPUT,STRUCTURAL_SCREEN_EXHAUSTED_PRIMALITY_UNASSIGNED,FIRST_SINGULARITY_SHELL_EXHAUSTED_PRIMALITY_UNASSIGNED,514,9595,9595
SLCMP02-0117,117,143210317,2^143210317-1,SEARCH_INPUT,STRUCTURAL_SCREEN_EXHAUSTED_PRIMALITY_UNASSIGNED,FIRST_SINGULARITY_SHELL_EXHAUSTED_PRIMALITY_UNASSIGNED,513,9595,9595
SLCMP02-0118,118,143210411,2^143210411-1,SEARCH_INPUT,STRUCTURAL_SCREEN_EXHAUSTED_PRIMALITY_UNASSIGNED,FIRST_SINGULARITY_SHELL_EXHAUSTED_PRIMALITY_UNASSIGNED,514,9595,9595
SLCMP02-0119,119,143210741,2^143210741-1,SEARCH_INPUT,STRUCTURAL_SCREEN_EXHAUSTED_PRIMALITY_UNASSIGNED,FIRST_SINGULARITY_SHELL_EXHAUSTED_PRIMALITY_UNASSIGNED,513,9595,9595
SLCMP02-0120,120,143210747,2^143210747-1,SEARCH_INPUT,STRUCTURAL_SCREEN_EXHAUSTED_PRIMALITY_UNASSIGNED,FIRST_SINGULARITY_SHELL_EXHAUSTED_PRIMALITY_UNASSIGNED,514,9595,9595
SLCMP02-0121,121,143210803,2^143210803-1,SEARCH_INPUT,STRUCTURAL_SCREEN_EXHAUSTED_PRIMALITY_UNASSIGNED,FIRST_SINGULARITY_SHELL_EXHAUSTED_PRIMALITY_UNASSIGNED,514,9595,9595
SLCMP02-0122,122,143210813,2^143210813-1,SEARCH_INPUT,STRUCTURAL_SCREEN_EXHAUSTED_PRIMALITY_UNASSIGNED,FIRST_SINGULARITY_SHELL_EXHAUSTED_PRIMALITY_UNASSIGNED,513,9595,9595
SLCMP02-0123,123,143211137,2^143211137-1,SEARCH_INPUT,STRUCTURAL_SCREEN_EXHAUSTED_PRIMALITY_UNASSIGNED,FIRST_SINGULARITY_SHELL_EXHAUSTED_PRIMALITY_UNASSIGNED,513,9595,9595
SLCMP02-0124,124,143211197,2^143211197-1,SEARCH_INPUT,STRUCTURAL_SCREEN_EXHAUSTED_PRIMALITY_UNASSIGNED,FIRST_SINGULARITY_SHELL_EXHAUSTED_PRIMALITY_UNASSIGNED,513,9595,9595
SLCMP02-0125,125,143211241,2^143211241-1,SEARCH_INPUT,STRUCTURAL_SCREEN_EXHAUSTED_PRIMALITY_UNASSIGNED,FIRST_SINGULARITY_SHELL_EXHAUSTED_PRIMALITY_UNASSIGNED,513,9595,9595
SLCMP02-0126,126,143211287,2^143211287-1,SEARCH_INPUT,STRUCTURAL_SCREEN_EXHAUSTED_PRIMALITY_UNASSIGNED,FIRST_SINGULARITY_SHELL_EXHAUSTED_PRIMALITY_UNASSIGNED,514,9595,9595
SLCMP02-0127,127,143211359,2^143211359-1,SEARCH_INPUT,STRUCTURAL_SCREEN_EXHAUSTED_PRIMALITY_UNASSIGNED,FIRST_SINGULARITY_SHELL_EXHAUSTED_PRIMALITY_UNASSIGNED,514,9595,9595
SLCMP02-0128,128,143211533,2^143211533-1,SEARCH_INPUT,STRUCTURAL_SCREEN_EXHAUSTED_PRIMALITY_UNASSIGNED,FIRST_SINGULARITY_SHELL_EXHAUSTED_PRIMALITY_UNASSIGNED,513,9595,9595
SLCMP02-0129,129,143211581,2^143211581-1,SEARCH_INPUT,STRUCTURAL_SCREEN_EXHAUSTED_PRIMALITY_UNASSIGNED,FIRST_SINGULARITY_SHELL_EXHAUSTED_PRIMALITY_UNASSIGNED,513,9595,9595
SLCMP02-0130,130,143211617,2^143211617-1,SEARCH_INPUT,STRUCTURAL_SCREEN_EXHAUSTED_PRIMALITY_UNASSIGNED,FIRST_SINGULARITY_SHELL_EXHAUSTED_PRIMALITY_UNASSIGNED,513,9595,9595
SLCMP02-0131,131,143211623,2^143211623-1,SEARCH_INPUT,STRUCTURAL_SCREEN_EXHAUSTED_PRIMALITY_UNASSIGNED,FIRST_SINGULARITY_SHELL_EXHAUSTED_PRIMALITY_UNASSIGNED,514,9595,9595
SLCMP02-0132,132,143211659,2^143211659-1,SEARCH_INPUT,STRUCTURAL_SCREEN_EXHAUSTED_PRIMALITY_UNASSIGNED,FIRST_SINGULARITY_SHELL_EXHAUSTED_PRIMALITY_UNASSIGNED,514,9595,9595
SLCMP02-0133,133,143211667,2^143211667-1,SEARCH_INPUT,STRUCTURAL_SCREEN_EXHAUSTED_PRIMALITY_UNASSIGNED,FIRST_SINGULARITY_SHELL_EXHAUSTED_PRIMALITY_UNASSIGNED,514,9595,9595
SLCMP02-0134,134,143211779,2^143211779-1,SEARCH_INPUT,STRUCTURAL_SCREEN_EXHAUSTED_PRIMALITY_UNASSIGNED,FIRST_SINGULARITY_SHELL_EXHAUSTED_PRIMALITY_UNASSIGNED,514,9595,9595
SLCMP02-0135,135,143211787,2^143211787-1,SEARCH_INPUT,STRUCTURAL_SCREEN_EXHAUSTED_PRIMALITY_UNASSIGNED,FIRST_SINGULARITY_SHELL_EXHAUSTED_PRIMALITY_UNASSIGNED,514,9595,9595
SLCMP02-0136,136,143211863,2^143211863-1,SEARCH_INPUT,STRUCTURAL_SCREEN_EXHAUSTED_PRIMALITY_UNASSIGNED,FIRST_SINGULARITY_SHELL_EXHAUSTED_PRIMALITY_UNASSIGNED,514,9595,9595
SLCMP02-0137,137,143211917,2^143211917-1,SEARCH_INPUT,STRUCTURAL_SCREEN_EXHAUSTED_PRIMALITY_UNASSIGNED,FIRST_SINGULARITY_SHELL_EXHAUSTED_PRIMALITY_UNASSIGNED,513,9595,9595
SLCMP02-0138,138,143211997,2^143211997-1,SEARCH_INPUT,STRUCTURAL_SCREEN_EXHAUSTED_PRIMALITY_UNASSIGNED,FIRST_SINGULARITY_SHELL_EXHAUSTED_PRIMALITY_UNASSIGNED,513,9595,9595
SLCMP02-0139,139,143212037,2^143212037-1,SEARCH_INPUT,STRUCTURAL_SCREEN_EXHAUSTED_PRIMALITY_UNASSIGNED,FIRST_SINGULARITY_SHELL_EXHAUSTED_PRIMALITY_UNASSIGNED,513,9595,9595
SLCMP02-0140,140,143212067,2^143212067-1,SEARCH_INPUT,STRUCTURAL_SCREEN_EXHAUSTED_PRIMALITY_UNASSIGNED,FIRST_SINGULARITY_SHELL_EXHAUSTED_PRIMALITY_UNASSIGNED,514,9595,9595
SLCMP02-0141,141,143212109,2^143212109-1,SEARCH_INPUT,STRUCTURAL_SCREEN_EXHAUSTED_PRIMALITY_UNASSIGNED,FIRST_SINGULARITY_SHELL_EXHAUSTED_PRIMALITY_UNASSIGNED,513,9595,9595
SLCMP02-0142,142,143212273,2^143212273-1,SEARCH_INPUT,STRUCTURAL_SCREEN_EXHAUSTED_PRIMALITY_UNASSIGNED,FIRST_SINGULARITY_SHELL_EXHAUSTED_PRIMALITY_UNASSIGNED,513,9595,9595
SLCMP02-0143,143,143212387,2^143212387-1,SEARCH_INPUT,STRUCTURAL_SCREEN_EXHAUSTED_PRIMALITY_UNASSIGNED,FIRST_SINGULARITY_SHELL_EXHAUSTED_PRIMALITY_UNASSIGNED,514,9595,9595
SLCMP02-0144,144,143212397,2^143212397-1,SEARCH_INPUT,STRUCTURAL_SCREEN_EXHAUSTED_PRIMALITY_UNASSIGNED,FIRST_SINGULARITY_SHELL_EXHAUSTED_PRIMALITY_UNASSIGNED,513,9595,9595
SLCMP02-0145,145,143212429,2^143212429-1,SEARCH_INPUT,STRUCTURAL_SCREEN_EXHAUSTED_PRIMALITY_UNASSIGNED,FIRST_SINGULARITY_SHELL_EXHAUSTED_PRIMALITY_UNASSIGNED,513,9595,9595
SLCMP02-0146,146,143212441,2^143212441-1,SEARCH_INPUT,STRUCTURAL_SCREEN_EXHAUSTED_PRIMALITY_UNASSIGNED,FIRST_SINGULARITY_SHELL_EXHAUSTED_PRIMALITY_UNASSIGNED,513,9595,9595
SLCMP02-0147,147,143212483,2^143212483-1,SEARCH_INPUT,STRUCTURAL_SCREEN_EXHAUSTED_PRIMALITY_UNASSIGNED,FIRST_SINGULARITY_SHELL_EXHAUSTED_PRIMALITY_UNASSIGNED,514,9595,9595
SLCMP02-0148,148,143212547,2^143212547-1,SEARCH_INPUT,STRUCTURAL_SCREEN_EXHAUSTED_PRIMALITY_UNASSIGNED,FIRST_SINGULARITY_SHELL_EXHAUSTED_PRIMALITY_UNASSIGNED,514,9595,9595
SLCMP02-0149,149,143212603,2^143212603-1,SEARCH_INPUT,STRUCTURAL_SCREEN_EXHAUSTED_PRIMALITY_UNASSIGNED,FIRST_SINGULARITY_SHELL_EXHAUSTED_PRIMALITY_UNASSIGNED,514,9595,9595
SLCMP02-0150,150,143212613,2^143212613-1,SEARCH_INPUT,STRUCTURAL_SCREEN_EXHAUSTED_PRIMALITY_UNASSIGNED,FIRST_SINGULARITY_SHELL_EXHAUSTED_PRIMALITY_UNASSIGNED,513,9595,9595
SLCMP02-0151,151,143212723,2^143212723-1,SEARCH_INPUT,STRUCTURAL_SCREEN_EXHAUSTED_PRIMALITY_UNASSIGNED,FIRST_SINGULARITY_SHELL_EXHAUSTED_PRIMALITY_UNASSIGNED,514,9595,9595
SLCMP02-0152,152,143212733,2^143212733-1,SEARCH_INPUT,STRUCTURAL_SCREEN_EXHAUSTED_PRIMALITY_UNASSIGNED,FIRST_SINGULARITY_SHELL_EXHAUSTED_PRIMALITY_UNASSIGNED,513,9595,9595
SLCMP02-0153,153,143212757,2^143212757-1,SEARCH_INPUT,STRUCTURAL_SCREEN_EXHAUSTED_PRIMALITY_UNASSIGNED,FIRST_SINGULARITY_SHELL_EXHAUSTED_PRIMALITY_UNASSIGNED,513,9595,9595
SLCMP02-0154,154,143213011,2^143213011-1,SEARCH_INPUT,STRUCTURAL_SCREEN_EXHAUSTED_PRIMALITY_UNASSIGNED,FIRST_SINGULARITY_SHELL_EXHAUSTED_PRIMALITY_UNASSIGNED,514,9595,9595
SLCMP02-0155,155,143213023,2^143213023-1,SEARCH_INPUT,STRUCTURAL_SCREEN_EXHAUSTED_PRIMALITY_UNASSIGNED,FIRST_SINGULARITY_SHELL_EXHAUSTED_PRIMALITY_UNASSIGNED,514,9595,9595
SLCMP02-0156,156,143213093,2^143213093-1,SEARCH_INPUT,STRUCTURAL_SCREEN_EXHAUSTED_PRIMALITY_UNASSIGNED,FIRST_SINGULARITY_SHELL_EXHAUSTED_PRIMALITY_UNASSIGNED,513,9595,9595
SLCMP02-0157,157,143213227,2^143213227-1,SEARCH_INPUT,STRUCTURAL_SCREEN_EXHAUSTED_PRIMALITY_UNASSIGNED,FIRST_SINGULARITY_SHELL_EXHAUSTED_PRIMALITY_UNASSIGNED,514,9595,9595
SLCMP02-0158,158,143213269,2^143213269-1,SEARCH_INPUT,STRUCTURAL_SCREEN_EXHAUSTED_PRIMALITY_UNASSIGNED,FIRST_SINGULARITY_SHELL_EXHAUSTED_PRIMALITY_UNASSIGNED,513,9595,9595
SLCMP02-0159,159,143213311,2^143213311-1,SEARCH_INPUT,STRUCTURAL_SCREEN_EXHAUSTED_PRIMALITY_UNASSIGNED,FIRST_SINGULARITY_SHELL_EXHAUSTED_PRIMALITY_UNASSIGNED,514,9595,9595
SLCMP02-0160,160,143213377,2^143213377-1,SEARCH_INPUT,STRUCTURAL_SCREEN_EXHAUSTED_PRIMALITY_UNASSIGNED,FIRST_SINGULARITY_SHELL_EXHAUSTED_PRIMALITY_UNASSIGNED,513,9595,9595
SLCMP02-0161,161,143213381,2^143213381-1,SEARCH_INPUT,STRUCTURAL_SCREEN_EXHAUSTED_PRIMALITY_UNASSIGNED,FIRST_SINGULARITY_SHELL_EXHAUSTED_PRIMALITY_UNASSIGNED,513,9595,9595
SLCMP02-0162,162,143213531,2^143213531-1,SEARCH_INPUT,STRUCTURAL_SCREEN_EXHAUSTED_PRIMALITY_UNASSIGNED,FIRST_SINGULARITY_SHELL_EXHAUSTED_PRIMALITY_UNASSIGNED,514,9595,9595
SLCMP02-0163,163,143213561,2^143213561-1,SEARCH_INPUT,STRUCTURAL_SCREEN_EXHAUSTED_PRIMALITY_UNASSIGNED,FIRST_SINGULARITY_SHELL_EXHAUSTED_PRIMALITY_UNASSIGNED,513,9595,9595
SLCMP02-0164,164,143213563,2^143213563-1,SEARCH_INPUT,STRUCTURAL_SCREEN_EXHAUSTED_PRIMALITY_UNASSIGNED,FIRST_SINGULARITY_SHELL_EXHAUSTED_PRIMALITY_UNASSIGNED,514,9595,9595
SLCMP02-0165,165,143213701,2^143213701-1,SEARCH_INPUT,STRUCTURAL_SCREEN_EXHAUSTED_PRIMALITY_UNASSIGNED,FIRST_SINGULARITY_SHELL_EXHAUSTED_PRIMALITY_UNASSIGNED,513,9595,9595
SLCMP02-0166,166,143213743,2^143213743-1,SEARCH_INPUT,STRUCTURAL_SCREEN_EXHAUSTED_PRIMALITY_UNASSIGNED,FIRST_SINGULARITY_SHELL_EXHAUSTED_PRIMALITY_UNASSIGNED,514,9595,9595
SLCMP02-0167,167,143213789,2^143213789-1,SEARCH_INPUT,STRUCTURAL_SCREEN_EXHAUSTED_PRIMALITY_UNASSIGNED,FIRST_SINGULARITY_SHELL_EXHAUSTED_PRIMALITY_UNASSIGNED,513,9595,9595
SLCMP02-0168,168,143213857,2^143213857-1,SEARCH_INPUT,STRUCTURAL_SCREEN_EXHAUSTED_PRIMALITY_UNASSIGNED,FIRST_SINGULARITY_SHELL_EXHAUSTED_PRIMALITY_UNASSIGNED,513,9595,9595
SLCMP02-0169,169,143213923,2^143213923-1,SEARCH_INPUT,STRUCTURAL_SCREEN_EXHAUSTED_PRIMALITY_UNASSIGNED,FIRST_SINGULARITY_SHELL_EXHAUSTED_PRIMALITY_UNASSIGNED,514,9595,9595
SLCMP02-0170,170,143213971,2^143213971-1,SEARCH_INPUT,STRUCTURAL_SCREEN_EXHAUSTED_PRIMALITY_UNASSIGNED,FIRST_SINGULARITY_SHELL_EXHAUSTED_PRIMALITY_UNASSIGNED,514,9595,9595
SLCMP02-0171,171,143214067,2^143214067-1,SEARCH_INPUT,STRUCTURAL_SCREEN_EXHAUSTED_PRIMALITY_UNASSIGNED,FIRST_SINGULARITY_SHELL_EXHAUSTED_PRIMALITY_UNASSIGNED,514,9595,9595
SLCMP02-0172,172,143214121,2^143214121-1,SEARCH_INPUT,STRUCTURAL_SCREEN_EXHAUSTED_PRIMALITY_UNASSIGNED,FIRST_SINGULARITY_SHELL_EXHAUSTED_PRIMALITY_UNASSIGNED,513,9595,9595
SLCMP02-0173,173,143214139,2^143214139-1,SEARCH_INPUT,STRUCTURAL_SCREEN_EXHAUSTED_PRIMALITY_UNASSIGNED,FIRST_SINGULARITY_SHELL_EXHAUSTED_PRIMALITY_UNASSIGNED,514,9595,9595
SLCMP02-0174,174,143214157,2^143214157-1,SEARCH_INPUT,STRUCTURAL_SCREEN_EXHAUSTED_PRIMALITY_UNASSIGNED,FIRST_SINGULARITY_SHELL_EXHAUSTED_PRIMALITY_UNASSIGNED,513,9595,9595
SLCMP02-0175,175,143214221,2^143214221-1,SEARCH_INPUT,STRUCTURAL_SCREEN_EXHAUSTED_PRIMALITY_UNASSIGNED,FIRST_SINGULARITY_SHELL_EXHAUSTED_PRIMALITY_UNASSIGNED,513,9595,9595
SLCMP02-0176,176,143214403,2^143214403-1,SEARCH_INPUT,STRUCTURAL_SCREEN_EXHAUSTED_PRIMALITY_UNASSIGNED,FIRST_SINGULARITY_SHELL_EXHAUSTED_PRIMALITY_UNASSIGNED,514,9595,9595
SLCMP02-0177,177,143214473,2^143214473-1,SEARCH_INPUT,STRUCTURAL_SCREEN_EXHAUSTED_PRIMALITY_UNASSIGNED,FIRST_SINGULARITY_SHELL_EXHAUSTED_PRIMALITY_UNASSIGNED,513,9595,9595
SLCMP02-0178,178,143214493,2^143214493-1,SEARCH_INPUT,STRUCTURAL_SCREEN_EXHAUSTED_PRIMALITY_UNASSIGNED,FIRST_SINGULARITY_SHELL_EXHAUSTED_PRIMALITY_UNASSIGNED,513,9595,9595
SLCMP02-0179,179,143214521,2^143214521-1,SEARCH_INPUT,STRUCTURAL_SCREEN_EXHAUSTED_PRIMALITY_UNASSIGNED,FIRST_SINGULARITY_SHELL_EXHAUSTED_PRIMALITY_UNASSIGNED,513,9595,9595
SLCMP02-0180,180,143214607,2^143214607-1,SEARCH_INPUT,STRUCTURAL_SCREEN_EXHAUSTED_PRIMALITY_UNASSIGNED,FIRST_SINGULARITY_SHELL_EXHAUSTED_PRIMALITY_UNASSIGNED,514,9595,9595
SLCMP02-0181,181,143214671,2^143214671-1,SEARCH_INPUT,STRUCTURAL_SCREEN_EXHAUSTED_PRIMALITY_UNASSIGNED,FIRST_SINGULARITY_SHELL_EXHAUSTED_PRIMALITY_UNASSIGNED,514,9595,9595
SLCMP02-0182,182,143214689,2^143214689-1,SEARCH_INPUT,STRUCTURAL_SCREEN_EXHAUSTED_PRIMALITY_UNASSIGNED,FIRST_SINGULARITY_SHELL_EXHAUSTED_PRIMALITY_UNASSIGNED,513,9595,9595
SLCMP02-0183,183,143214727,2^143214727-1,SEARCH_INPUT,STRUCTURAL_SCREEN_EXHAUSTED_PRIMALITY_UNASSIGNED,FIRST_SINGULARITY_SHELL_EXHAUSTED_PRIMALITY_UNASSIGNED,514,9595,9595
SLCMP02-0184,184,143214787,2^143214787-1,SEARCH_INPUT,STRUCTURAL_SCREEN_EXHAUSTED_PRIMALITY_UNASSIGNED,FIRST_SINGULARITY_SHELL_EXHAUSTED_PRIMALITY_UNASSIGNED,514,9595,9595
SLCMP02-0185,185,143214829,2^143214829-1,SEARCH_INPUT,STRUCTURAL_SCREEN_EXHAUSTED_PRIMALITY_UNASSIGNED,FIRST_SINGULARITY_SHELL_EXHAUSTED_PRIMALITY_UNASSIGNED,513,9595,9595
SLCMP02-0186,186,143215019,2^143215019-1,SEARCH_INPUT,STRUCTURAL_SCREEN_EXHAUSTED_PRIMALITY_UNASSIGNED,FIRST_SINGULARITY_SHELL_EXHAUSTED_PRIMALITY_UNASSIGNED,514,9595,9595
SLCMP02-0187,187,143215097,2^143215097-1,SEARCH_INPUT,STRUCTURAL_SCREEN_EXHAUSTED_PRIMALITY_UNASSIGNED,FIRST_SINGULARITY_SHELL_EXHAUSTED_PRIMALITY_UNASSIGNED,513,9595,9595
SLCMP02-0188,188,143215153,2^143215153-1,SEARCH_INPUT,STRUCTURAL_SCREEN_EXHAUSTED_PRIMALITY_UNASSIGNED,FIRST_SINGULARITY_SHELL_EXHAUSTED_PRIMALITY_UNASSIGNED,513,9595,9595
SLCMP02-0189,189,143215207,2^143215207-1,SEARCH_INPUT,STRUCTURAL_SCREEN_EXHAUSTED_PRIMALITY_UNASSIGNED,FIRST_SINGULARITY_SHELL_EXHAUSTED_PRIMALITY_UNASSIGNED,514,9595,9595
SLCMP02-0190,190,143215333,2^143215333-1,SEARCH_INPUT,STRUCTURAL_SCREEN_EXHAUSTED_PRIMALITY_UNASSIGNED,FIRST_SINGULARITY_SHELL_EXHAUSTED_PRIMALITY_UNASSIGNED,513,9595,9595
SLCMP02-0191,191,143215379,2^143215379-1,SEARCH_INPUT,STRUCTURAL_SCREEN_EXHAUSTED_PRIMALITY_UNASSIGNED,FIRST_SINGULARITY_SHELL_EXHAUSTED_PRIMALITY_UNASSIGNED,514,9595,9595
SLCMP02-0192,192,143215403,2^143215403-1,SEARCH_INPUT,STRUCTURAL_SCREEN_EXHAUSTED_PRIMALITY_UNASSIGNED,FIRST_SINGULARITY_SHELL_EXHAUSTED_PRIMALITY_UNASSIGNED,514,9595,9595
SLCMP02-0193,193,143215417,2^143215417-1,SEARCH_INPUT,STRUCTURAL_SCREEN_EXHAUSTED_PRIMALITY_UNASSIGNED,FIRST_SINGULARITY_SHELL_EXHAUSTED_PRIMALITY_UNASSIGNED,513,9595,9595
SLCMP02-0194,194,143215433,2^143215433-1,SEARCH_INPUT,STRUCTURAL_SCREEN_EXHAUSTED_PRIMALITY_UNASSIGNED,FIRST_SINGULARITY_SHELL_EXHAUSTED_PRIMALITY_UNASSIGNED,513,9595,9595
SLCMP02-0195,195,143215441,2^143215441-1,SEARCH_INPUT,STRUCTURAL_SCREEN_EXHAUSTED_PRIMALITY_UNASSIGNED,FIRST_SINGULARITY_SHELL_EXHAUSTED_PRIMALITY_UNASSIGNED,513,9595,9595
SLCMP02-0196,196,143215451,2^143215451-1,SEARCH_INPUT,STRUCTURAL_SCREEN_EXHAUSTED_PRIMALITY_UNASSIGNED,FIRST_SINGULARITY_SHELL_EXHAUSTED_PRIMALITY_UNASSIGNED,514,9595,9595
SLCMP02-0197,197,143215459,2^143215459-1,SEARCH_INPUT,STRUCTURAL_SCREEN_EXHAUSTED_PRIMALITY_UNASSIGNED,FIRST_SINGULARITY_SHELL_EXHAUSTED_PRIMALITY_UNASSIGNED,514,9595,9595
SLCMP02-0198,198,143215469,2^143215469-1,SEARCH_INPUT,STRUCTURAL_SCREEN_EXHAUSTED_PRIMALITY_UNASSIGNED,FIRST_SINGULARITY_SHELL_EXHAUSTED_PRIMALITY_UNASSIGNED,513,9595,9595
SLCMP02-0199,199,143215537,2^143215537-1,SEARCH_INPUT,STRUCTURAL_SCREEN_EXHAUSTED_PRIMALITY_UNASSIGNED,FIRST_SINGULARITY_SHELL_EXHAUSTED_PRIMALITY_UNASSIGNED,513,9595,9595
SLCMP02-0200,200,143215621,2^143215621-1,SEARCH_INPUT,STRUCTURAL_SCREEN_EXHAUSTED_PRIMALITY_UNASSIGNED,FIRST_SINGULARITY_SHELL_EXHAUSTED_PRIMALITY_UNASSIGNED,513,9595,9595
SLCMP02-0201,201,143215781,2^143215781-1,SEARCH_INPUT,STRUCTURAL_SCREEN_EXHAUSTED_PRIMALITY_UNASSIGNED,FIRST_SINGULARITY_SHELL_EXHAUSTED_PRIMALITY_UNASSIGNED,513,9595,9595
SLCMP02-0202,202,143215817,2^143215817-1,SEARCH_INPUT,STRUCTURAL_SCREEN_EXHAUSTED_PRIMALITY_UNASSIGNED,FIRST_SINGULARITY_SHELL_EXHAUSTED_PRIMALITY_UNASSIGNED,513,9595,9595
SLCMP02-0203,203,143215859,2^143215859-1,SEARCH_INPUT,STRUCTURAL_SCREEN_EXHAUSTED_PRIMALITY_UNASSIGNED,FIRST_SINGULARITY_SHELL_EXHAUSTED_PRIMALITY_UNASSIGNED,514,9595,9595
SLCMP02-0204,204,143215921,2^143215921-1,SEARCH_INPUT,STRUCTURAL_SCREEN_EXHAUSTED_PRIMALITY_UNASSIGNED,FIRST_SINGULARITY_SHELL_EXHAUSTED_PRIMALITY_UNASSIGNED,513,9595,9595
SLCMP02-0205,205,143218969,2^143218969-1,SEARCH_INPUT,STRUCTURAL_SCREEN_EXHAUSTED_PRIMALITY_UNASSIGNED,FIRST_SINGULARITY_SHELL_EXHAUSTED_PRIMALITY_UNASSIGNED,513,9595,9595
SLCMP02-0206,206,143218987,2^143218987-1,SEARCH_INPUT,STRUCTURAL_SCREEN_EXHAUSTED_PRIMALITY_UNASSIGNED,FIRST_SINGULARITY_SHELL_EXHAUSTED_PRIMALITY_UNASSIGNED,514,9595,9595
SLCMP02-0207,207,143219051,2^143219051-1,SEARCH_INPUT,STRUCTURAL_SCREEN_EXHAUSTED_PRIMALITY_UNASSIGNED,FIRST_SINGULARITY_SHELL_EXHAUSTED_PRIMALITY_UNASSIGNED,514,9595,9595
SLCMP02-0208,208,143219059,2^143219059-1,SEARCH_INPUT,STRUCTURAL_SCREEN_EXHAUSTED_PRIMALITY_UNASSIGNED,FIRST_SINGULARITY_SHELL_EXHAUSTED_PRIMALITY_UNASSIGNED,514,9595,9595
SLCMP02-0209,209,143219071,2^143219071-1,SEARCH_INPUT,STRUCTURAL_SCREEN_EXHAUSTED_PRIMALITY_UNASSIGNED,FIRST_SINGULARITY_SHELL_EXHAUSTED_PRIMALITY_UNASSIGNED,514,9595,9595
SLCMP02-0210,210,143219117,2^143219117-1,SEARCH_INPUT,STRUCTURAL_SCREEN_EXHAUSTED_PRIMALITY_UNASSIGNED,FIRST_SINGULARITY_SHELL_EXHAUSTED_PRIMALITY_UNASSIGNED,513,9595,9595
SLCMP02-0211,211,143219123,2^143219123-1,SEARCH_INPUT,STRUCTURAL_SCREEN_EXHAUSTED_PRIMALITY_UNASSIGNED,FIRST_SINGULARITY_SHELL_EXHAUSTED_PRIMALITY_UNASSIGNED,514,9595,9595
SLCMP02-0212,212,143219143,2^143219143-1,SEARCH_INPUT,STRUCTURAL_SCREEN_EXHAUSTED_PRIMALITY_UNASSIGNED,FIRST_SINGULARITY_SHELL_EXHAUSTED_PRIMALITY_UNASSIGNED,514,9595,9595
SLCMP02-0213,213,143219147,2^143219147-1,SEARCH_INPUT,STRUCTURAL_SCREEN_EXHAUSTED_PRIMALITY_UNASSIGNED,FIRST_SINGULARITY_SHELL_EXHAUSTED_PRIMALITY_UNASSIGNED,514,9595,9595
SLCMP02-0214,214,143219171,2^143219171-1,SEARCH_INPUT,STRUCTURAL_SCREEN_EXHAUSTED_PRIMALITY_UNASSIGNED,FIRST_SINGULARITY_SHELL_EXHAUSTED_PRIMALITY_UNASSIGNED,514,9595,9595
SLCMP02-0215,215,143219177,2^143219177-1,SEARCH_INPUT,STRUCTURAL_SCREEN_EXHAUSTED_PRIMALITY_UNASSIGNED,FIRST_SINGULARITY_SHELL_EXHAUSTED_PRIMALITY_UNASSIGNED,513,9595,9595
SLCMP02-0216,216,143219383,2^143219383-1,SEARCH_INPUT,STRUCTURAL_SCREEN_EXHAUSTED_PRIMALITY_UNASSIGNED,FIRST_SINGULARITY_SHELL_EXHAUSTED_PRIMALITY_UNASSIGNED,514,9595,9595
SLCMP02-0217,217,143219467,2^143219467-1,SEARCH_INPUT,STRUCTURAL_SCREEN_EXHAUSTED_PRIMALITY_UNASSIGNED,FIRST_SINGULARITY_SHELL_EXHAUSTED_PRIMALITY_UNASSIGNED,514,9595,9595
SLCMP02-0218,218,143219579,2^143219579-1,SEARCH_INPUT,STRUCTURAL_SCREEN_EXHAUSTED_PRIMALITY_UNASSIGNED,FIRST_SINGULARITY_SHELL_EXHAUSTED_PRIMALITY_UNASSIGNED,514,9595,9595
SLCMP02-0219,219,143219617,2^143219617-1,SEARCH_INPUT,STRUCTURAL_SCREEN_EXHAUSTED_PRIMALITY_UNASSIGNED,FIRST_SINGULARITY_SHELL_EXHAUSTED_PRIMALITY_UNASSIGNED,513,9595,9595
SLCMP02-0220,220,143219729,2^143219729-1,SEARCH_INPUT,STRUCTURAL_SCREEN_EXHAUSTED_PRIMALITY_UNASSIGNED,FIRST_SINGULARITY_SHELL_EXHAUSTED_PRIMALITY_UNASSIGNED,513,9595,9595
SLCMP02-0221,221,143219731,2^143219731-1,SEARCH_INPUT,STRUCTURAL_SCREEN_EXHAUSTED_PRIMALITY_UNASSIGNED,FIRST_SINGULARITY_SHELL_EXHAUSTED_PRIMALITY_UNASSIGNED,514,9595,9595
SLCMP02-0222,222,143219759,2^143219759-1,SEARCH_INPUT,STRUCTURAL_SCREEN_EXHAUSTED_PRIMALITY_UNASSIGNED,FIRST_SINGULARITY_SHELL_EXHAUSTED_PRIMALITY_UNASSIGNED,514,9595,9595
SLCMP02-0223,223,143219761,2^143219761-1,SEARCH_INPUT,STRUCTURAL_SCREEN_EXHAUSTED_PRIMALITY_UNASSIGNED,FIRST_SINGULARITY_SHELL_EXHAUSTED_PRIMALITY_UNASSIGNED,513,9595,9595
SLCMP02-0224,224,143219771,2^143219771-1,SEARCH_INPUT,STRUCTURAL_SCREEN_EXHAUSTED_PRIMALITY_UNASSIGNED,FIRST_SINGULARITY_SHELL_EXHAUSTED_PRIMALITY_UNASSIGNED,514,9595,9595
SLCMP02-0225,225,143219807,2^143219807-1,SEARCH_INPUT,STRUCTURAL_SCREEN_EXHAUSTED_PRIMALITY_UNASSIGNED,FIRST_SINGULARITY_SHELL_EXHAUSTED_PRIMALITY_UNASSIGNED,514,9595,9595
SLCMP02-0226,226,143220017,2^143220017-1,SEARCH_INPUT,STRUCTURAL_SCREEN_EXHAUSTED_PRIMALITY_UNASSIGNED,FIRST_SINGULARITY_SHELL_EXHAUSTED_PRIMALITY_UNASSIGNED,513,9595,9595
SLCMP02-0227,227,143220263,2^143220263-1,SEARCH_INPUT,STRUCTURAL_SCREEN_EXHAUSTED_PRIMALITY_UNASSIGNED,FIRST_SINGULARITY_SHELL_EXHAUSTED_PRIMALITY_UNASSIGNED,514,9595,9595
SLCMP02-0228,228,143220293,2^143220293-1,SEARCH_INPUT,STRUCTURAL_SCREEN_EXHAUSTED_PRIMALITY_UNASSIGNED,FIRST_SINGULARITY_SHELL_EXHAUSTED_PRIMALITY_UNASSIGNED,513,9595,9595
SLCMP02-0229,229,143220331,2^143220331-1,SEARCH_INPUT,STRUCTURAL_SCREEN_EXHAUSTED_PRIMALITY_UNASSIGNED,FIRST_SINGULARITY_SHELL_EXHAUSTED_PRIMALITY_UNASSIGNED,514,9595,9595
SLCMP02-0230,230,143220391,2^143220391-1,SEARCH_INPUT,STRUCTURAL_SCREEN_EXHAUSTED_PRIMALITY_UNASSIGNED,FIRST_SINGULARITY_SHELL_EXHAUSTED_PRIMALITY_UNASSIGNED,514,9595,9595
SLCMP02-0231,231,143220449,2^143220449-1,SEARCH_INPUT,STRUCTURAL_SCREEN_EXHAUSTED_PRIMALITY_UNASSIGNED,FIRST_SINGULARITY_SHELL_EXHAUSTED_PRIMALITY_UNASSIGNED,513,9595,9595
SLCMP02-0232,232,143220541,2^143220541-1,SEARCH_INPUT,STRUCTURAL_SCREEN_EXHAUSTED_PRIMALITY_UNASSIGNED,FIRST_SINGULARITY_SHELL_EXHAUSTED_PRIMALITY_UNASSIGNED,513,9595,9595
SLCMP02-0233,233,143220577,2^143220577-1,SEARCH_INPUT,STRUCTURAL_SCREEN_EXHAUSTED_PRIMALITY_UNASSIGNED,FIRST_SINGULARITY_SHELL_EXHAUSTED_PRIMALITY_UNASSIGNED,513,9595,9595
SLCMP02-0234,234,143220691,2^143220691-1,SEARCH_INPUT,STRUCTURAL_SCREEN_EXHAUSTED_PRIMALITY_UNASSIGNED,FIRST_SINGULARITY_SHELL_EXHAUSTED_PRIMALITY_UNASSIGNED,514,9595,9595
SLCMP02-0235,235,143220739,2^143220739-1,SEARCH_INPUT,STRUCTURAL_SCREEN_EXHAUSTED_PRIMALITY_UNASSIGNED,FIRST_SINGULARITY_SHELL_EXHAUSTED_PRIMALITY_UNASSIGNED,514,9595,9595
SLCMP02-0236,236,143221087,2^143221087-1,SEARCH_INPUT,STRUCTURAL_SCREEN_EXHAUSTED_PRIMALITY_UNASSIGNED,FIRST_SINGULARITY_SHELL_EXHAUSTED_PRIMALITY_UNASSIGNED,514,9595,9595
SLCMP02-0237,237,143221153,2^143221153-1,SEARCH_INPUT,STRUCTURAL_SCREEN_EXHAUSTED_PRIMALITY_UNASSIGNED,FIRST_SINGULARITY_SHELL_EXHAUSTED_PRIMALITY_UNASSIGNED,513,9595,9595
SLCMP02-0238,238,143221157,2^143221157-1,SEARCH_INPUT,STRUCTURAL_SCREEN_EXHAUSTED_PRIMALITY_UNASSIGNED,FIRST_SINGULARITY_SHELL_EXHAUSTED_PRIMALITY_UNASSIGNED,513,9595,9595
SLCMP02-0239,239,143221369,2^143221369-1,SEARCH_INPUT,STRUCTURAL_SCREEN_EXHAUSTED_PRIMALITY_UNASSIGNED,FIRST_SINGULARITY_SHELL_EXHAUSTED_PRIMALITY_UNASSIGNED,513,9595,9595
SLCMP02-0240,240,143221579,2^143221579-1,SEARCH_INPUT,STRUCTURAL_SCREEN_EXHAUSTED_PRIMALITY_UNASSIGNED,FIRST_SINGULARITY_SHELL_EXHAUSTED_PRIMALITY_UNASSIGNED,514,9595,9595
SLCMP02-0241,241,143221937,2^143221937-1,SEARCH_INPUT,STRUCTURAL_SCREEN_EXHAUSTED_PRIMALITY_UNASSIGNED,FIRST_SINGULARITY_SHELL_EXHAUSTED_PRIMALITY_UNASSIGNED,513,9595,9595
SLCMP02-0242,242,143222099,2^143222099-1,SEARCH_INPUT,STRUCTURAL_SCREEN_EXHAUSTED_PRIMALITY_UNASSIGNED,FIRST_SINGULARITY_SHELL_EXHAUSTED_PRIMALITY_UNASSIGNED,514,9595,9595
SLCMP02-0243,243,143222137,2^143222137-1,SEARCH_INPUT,STRUCTURAL_SCREEN_EXHAUSTED_PRIMALITY_UNASSIGNED,FIRST_SINGULARITY_SHELL_EXHAUSTED_PRIMALITY_UNASSIGNED,513,9595,9595
SLCMP02-0244,244,143222147,2^143222147-1,SEARCH_INPUT,STRUCTURAL_SCREEN_EXHAUSTED_PRIMALITY_UNASSIGNED,FIRST_SINGULARITY_SHELL_EXHAUSTED_PRIMALITY_UNASSIGNED,514,9595,9595
SLCMP02-0245,245,143222179,2^143222179-1,SEARCH_INPUT,STRUCTURAL_SCREEN_EXHAUSTED_PRIMALITY_UNASSIGNED,FIRST_SINGULARITY_SHELL_EXHAUSTED_PRIMALITY_UNASSIGNED,514,9595,9595
SLCMP02-0246,246,143222251,2^143222251-1,SEARCH_INPUT,STRUCTURAL_SCREEN_EXHAUSTED_PRIMALITY_UNASSIGNED,FIRST_SINGULARITY_SHELL_EXHAUSTED_PRIMALITY_UNASSIGNED,514,9595,9595
SLCMP02-0247,247,143222281,2^143222281-1,SEARCH_INPUT,STRUCTURAL_SCREEN_EXHAUSTED_PRIMALITY_UNASSIGNED,FIRST_SINGULARITY_SHELL_EXHAUSTED_PRIMALITY_UNASSIGNED,513,9595,9595
SLCMP02-0248,248,143222333,2^143222333-1,SEARCH_INPUT,STRUCTURAL_SCREEN_EXHAUSTED_PRIMALITY_UNASSIGNED,FIRST_SINGULARITY_SHELL_EXHAUSTED_PRIMALITY_UNASSIGNED,513,9595,9595
SLCMP02-0249,249,143222411,2^143222411-1,SEARCH_INPUT,STRUCTURAL_SCREEN_EXHAUSTED_PRIMALITY_UNASSIGNED,FIRST_SINGULARITY_SHELL_EXHAUSTED_PRIMALITY_UNASSIGNED,514,9595,9595
SLCMP02-0250,250,143222509,2^143222509-1,SEARCH_INPUT,STRUCTURAL_SCREEN_EXHAUSTED_PRIMALITY_UNASSIGNED,FIRST_SINGULARITY_SHELL_EXHAUSTED_PRIMALITY_UNASSIGNED,513,9595,9595
SLCMP02-0251,251,143222657,2^143222657-1,SEARCH_INPUT,STRUCTURAL_SCREEN_EXHAUSTED_PRIMALITY_UNASSIGNED,FIRST_SINGULARITY_SHELL_EXHAUSTED_PRIMALITY_UNASSIGNED,513,9595,9595
SLCMP02-0252,252,143222659,2^143222659-1,SEARCH_INPUT,STRUCTURAL_SCREEN_EXHAUSTED_PRIMALITY_UNASSIGNED,FIRST_SINGULARITY_SHELL_EXHAUSTED_PRIMALITY_UNASSIGNED,514,9595,9595
SLCMP02-0253,253,143222663,2^143222663-1,SEARCH_INPUT,STRUCTURAL_SCREEN_EXHAUSTED_PRIMALITY_UNASSIGNED,FIRST_SINGULARITY_SHELL_EXHAUSTED_PRIMALITY_UNASSIGNED,514,9595,9595
SLCMP02-0254,254,143222669,2^143222669-1,SEARCH_INPUT,STRUCTURAL_SCREEN_EXHAUSTED_PRIMALITY_UNASSIGNED,FIRST_SINGULARITY_SHELL_EXHAUSTED_PRIMALITY_UNASSIGNED,513,9595,9595
SLCMP02-0255,255,143222719,2^143222719-1,SEARCH_INPUT,STRUCTURAL_SCREEN_EXHAUSTED_PRIMALITY_UNASSIGNED,FIRST_SINGULARITY_SHELL_EXHAUSTED_PRIMALITY_UNASSIGNED,514,9595,9595
SLCMP02-0256,256,143222749,2^143222749-1,SEARCH_INPUT,STRUCTURAL_SCREEN_EXHAUSTED_PRIMALITY_UNASSIGNED,FIRST_SINGULARITY_SHELL_EXHAUSTED_PRIMALITY_UNASSIGNED,513,9595,9595
SLCMP02-0257,257,143222753,2^143222753-1,SEARCH_INPUT,STRUCTURAL_SCREEN_EXHAUSTED_PRIMALITY_UNASSIGNED,FIRST_SINGULARITY_SHELL_EXHAUSTED_PRIMALITY_UNASSIGNED,513,9595,9595
SLCMP02-0258,258,143222941,2^143222941-1,SEARCH_INPUT,STRUCTURAL_SCREEN_EXHAUSTED_PRIMALITY_UNASSIGNED,FIRST_SINGULARITY_SHELL_EXHAUSTED_PRIMALITY_UNASSIGNED,513,9595,9595
SLCMP02-0259,259,143222987,2^143222987-1,SEARCH_INPUT,STRUCTURAL_SCREEN_EXHAUSTED_PRIMALITY_UNASSIGNED,FIRST_SINGULARITY_SHELL_EXHAUSTED_PRIMALITY_UNASSIGNED,514,9595,9595
SLCMP02-0260,260,143222993,2^143222993-1,SEARCH_INPUT,STRUCTURAL_SCREEN_EXHAUSTED_PRIMALITY_UNASSIGNED,FIRST_SINGULARITY_SHELL_EXHAUSTED_PRIMALITY_UNASSIGNED,513,9595,9595
SLCMP02-0261,261,143223097,2^143223097-1,SEARCH_INPUT,STRUCTURAL_SCREEN_EXHAUSTED_PRIMALITY_UNASSIGNED,FIRST_SINGULARITY_SHELL_EXHAUSTED_PRIMALITY_UNASSIGNED,513,9595,9595
SLCMP02-0262,262,143223133,2^143223133-1,SEARCH_INPUT,STRUCTURAL_SCREEN_EXHAUSTED_PRIMALITY_UNASSIGNED,FIRST_SINGULARITY_SHELL_EXHAUSTED_PRIMALITY_UNASSIGNED,513,9595,9595
SLCMP02-0263,263,143223293,2^143223293-1,SEARCH_INPUT,STRUCTURAL_SCREEN_EXHAUSTED_PRIMALITY_UNASSIGNED,FIRST_SINGULARITY_SHELL_EXHAUSTED_PRIMALITY_UNASSIGNED,513,9595,9595
SLCMP02-0264,264,143223347,2^143223347-1,SEARCH_INPUT,STRUCTURAL_SCREEN_EXHAUSTED_PRIMALITY_UNASSIGNED,FIRST_SINGULARITY_SHELL_EXHAUSTED_PRIMALITY_UNASSIGNED,514,9595,9595
SLCMP02-0265,265,143226121,2^143226121-1,SEARCH_INPUT,STRUCTURAL_SCREEN_EXHAUSTED_PRIMALITY_UNASSIGNED,FIRST_SINGULARITY_SHELL_EXHAUSTED_PRIMALITY_UNASSIGNED,513,9595,9595
SLCMP02-0266,266,143226133,2^143226133-1,SEARCH_INPUT,STRUCTURAL_SCREEN_EXHAUSTED_PRIMALITY_UNASSIGNED,FIRST_SINGULARITY_SHELL_EXHAUSTED_PRIMALITY_UNASSIGNED,513,9595,9595
SLCMP02-0267,267,143226137,2^143226137-1,SEARCH_INPUT,STRUCTURAL_SCREEN_EXHAUSTED_PRIMALITY_UNASSIGNED,FIRST_SINGULARITY_SHELL_EXHAUSTED_PRIMALITY_UNASSIGNED,513,9595,9595
SLCMP02-0268,268,143226229,2^143226229-1,SEARCH_INPUT,STRUCTURAL_SCREEN_EXHAUSTED_PRIMALITY_UNASSIGNED,FIRST_SINGULARITY_SHELL_EXHAUSTED_PRIMALITY_UNASSIGNED,513,9595,9595
SLCMP02-0269,269,143226283,2^143226283-1,SEARCH_INPUT,STRUCTURAL_SCREEN_EXHAUSTED_PRIMALITY_UNASSIGNED,FIRST_SINGULARITY_SHELL_EXHAUSTED_PRIMALITY_UNASSIGNED,514,9595,9595
SLCMP02-0270,270,143226443,2^143226443-1,SEARCH_INPUT,STRUCTURAL_SCREEN_EXHAUSTED_PRIMALITY_UNASSIGNED,FIRST_SINGULARITY_SHELL_EXHAUSTED_PRIMALITY_UNASSIGNED,514,9595,9595
SLCMP02-0271,271,143226487,2^143226487-1,SEARCH_INPUT,STRUCTURAL_SCREEN_EXHAUSTED_PRIMALITY_UNASSIGNED,FIRST_SINGULARITY_SHELL_EXHAUSTED_PRIMALITY_UNASSIGNED,514,9595,9595
SLCMP02-0272,272,143226761,2^143226761-1,SEARCH_INPUT,STRUCTURAL_SCREEN_EXHAUSTED_PRIMALITY_UNASSIGNED,FIRST_SINGULARITY_SHELL_EXHAUSTED_PRIMALITY_UNASSIGNED,513,9595,9595
SLCMP02-0273,273,143226781,2^143226781-1,SEARCH_INPUT,STRUCTURAL_SCREEN_EXHAUSTED_PRIMALITY_UNASSIGNED,FIRST_SINGULARITY_SHELL_EXHAUSTED_PRIMALITY_UNASSIGNED,513,9595,9595
SLCMP02-0274,274,143226827,2^143226827-1,SEARCH_INPUT,STRUCTURAL_SCREEN_EXHAUSTED_PRIMALITY_UNASSIGNED,FIRST_SINGULARITY_SHELL_EXHAUSTED_PRIMALITY_UNASSIGNED,514,9595,9595
SLCMP02-0275,275,143226877,2^143226877-1,SEARCH_INPUT,STRUCTURAL_SCREEN_EXHAUSTED_PRIMALITY_UNASSIGNED,FIRST_SINGULARITY_SHELL_EXHAUSTED_PRIMALITY_UNASSIGNED,513,9595,9595
SLCMP02-0276,276,143226893,2^143226893-1,SEARCH_INPUT,STRUCTURAL_SCREEN_EXHAUSTED_PRIMALITY_UNASSIGNED,FIRST_SINGULARITY_SHELL_EXHAUSTED_PRIMALITY_UNASSIGNED,513,9595,9595
SLCMP02-0277,277,143226947,2^143226947-1,SEARCH_INPUT,STRUCTURAL_SCREEN_EXHAUSTED_PRIMALITY_UNASSIGNED,FIRST_SINGULARITY_SHELL_EXHAUSTED_PRIMALITY_UNASSIGNED,514,9595,9595
SLCMP02-0278,278,143226961,2^143226961-1,SEARCH_INPUT,STRUCTURAL_SCREEN_EXHAUSTED_PRIMALITY_UNASSIGNED,FIRST_SINGULARITY_SHELL_EXHAUSTED_PRIMALITY_UNASSIGNED,513,9595,9595
SLCMP02-0279,279,143226971,2^143226971-1,SEARCH_INPUT,STRUCTURAL_SCREEN_EXHAUSTED_PRIMALITY_UNASSIGNED,FIRST_SINGULARITY_SHELL_EXHAUSTED_PRIMALITY_UNASSIGNED,514,9595,9595
SLCMP02-0280,280,143226983,2^143226983-1,SEARCH_INPUT,STRUCTURAL_SCREEN_EXHAUSTED_PRIMALITY_UNASSIGNED,FIRST_SINGULARITY_SHELL_EXHAUSTED_PRIMALITY_UNASSIGNED,514,9595,9595
SLCMP02-0281,281,143227067,2^143227067-1,SEARCH_INPUT,STRUCTURAL_SCREEN_EXHAUSTED_PRIMALITY_UNASSIGNED,FIRST_SINGULARITY_SHELL_EXHAUSTED_PRIMALITY_UNASSIGNED,514,9595,9595
SLCMP02-0282,282,143227103,2^143227103-1,SEARCH_INPUT,STRUCTURAL_SCREEN_EXHAUSTED_PRIMALITY_UNASSIGNED,FIRST_SINGULARITY_SHELL_EXHAUSTED_PRIMALITY_UNASSIGNED,514,9595,9595
SLCMP02-0283,283,143227153,2^143227153-1,SEARCH_INPUT,STRUCTURAL_SCREEN_EXHAUSTED_PRIMALITY_UNASSIGNED,FIRST_SINGULARITY_SHELL_EXHAUSTED_PRIMALITY_UNASSIGNED,513,9595,9595
SLCMP02-0284,284,143227169,2^143227169-1,SEARCH_INPUT,STRUCTURAL_SCREEN_EXHAUSTED_PRIMALITY_UNASSIGNED,FIRST_SINGULARITY_SHELL_EXHAUSTED_PRIMALITY_UNASSIGNED,513,9595,9595
SLCMP02-0285,285,143227229,2^143227229-1,SEARCH_INPUT,STRUCTURAL_SCREEN_EXHAUSTED_PRIMALITY_UNASSIGNED,FIRST_SINGULARITY_SHELL_EXHAUSTED_PRIMALITY_UNASSIGNED,513,9595,9595
SLCMP02-0286,286,143227429,2^143227429-1,SEARCH_INPUT,STRUCTURAL_SCREEN_EXHAUSTED_PRIMALITY_UNASSIGNED,FIRST_SINGULARITY_SHELL_EXHAUSTED_PRIMALITY_UNASSIGNED,513,9595,9595
SLCMP02-0287,287,143227439,2^143227439-1,SEARCH_INPUT,STRUCTURAL_SCREEN_EXHAUSTED_PRIMALITY_UNASSIGNED,FIRST_SINGULARITY_SHELL_EXHAUSTED_PRIMALITY_UNASSIGNED,514,9595,9595
SLCMP02-0288,288,143227477,2^143227477-1,SEARCH_INPUT,STRUCTURAL_SCREEN_EXHAUSTED_PRIMALITY_UNASSIGNED,FIRST_SINGULARITY_SHELL_EXHAUSTED_PRIMALITY_UNASSIGNED,513,9595,9595
SLCMP02-0289,289,143227597,2^143227597-1,SEARCH_INPUT,STRUCTURAL_SCREEN_EXHAUSTED_PRIMALITY_UNASSIGNED,FIRST_SINGULARITY_SHELL_EXHAUSTED_PRIMALITY_UNASSIGNED,513,9595,9595
SLCMP02-0290,290,143227793,2^143227793-1,SEARCH_INPUT,STRUCTURAL_SCREEN_EXHAUSTED_PRIMALITY_UNASSIGNED,FIRST_SINGULARITY_SHELL_EXHAUSTED_PRIMALITY_UNASSIGNED,513,9595,9595
SLCMP02-0291,291,143227823,2^143227823-1,SEARCH_INPUT,STRUCTURAL_SCREEN_EXHAUSTED_PRIMALITY_UNASSIGNED,FIRST_SINGULARITY_SHELL_EXHAUSTED_PRIMALITY_UNASSIGNED,514,9595,9595
SLCMP02-0292,292,143227921,2^143227921-1,SEARCH_INPUT,STRUCTURAL_SCREEN_EXHAUSTED_PRIMALITY_UNASSIGNED,FIRST_SINGULARITY_SHELL_EXHAUSTED_PRIMALITY_UNASSIGNED,513,9595,9595
SLCMP02-0293,293,143227961,2^143227961-1,SEARCH_INPUT,STRUCTURAL_SCREEN_EXHAUSTED_PRIMALITY_UNASSIGNED,FIRST_SINGULARITY_SHELL_EXHAUSTED_PRIMALITY_UNASSIGNED,513,9595,9595
SLCMP02-0294,294,143227991,2^143227991-1,SEARCH_INPUT,STRUCTURAL_SCREEN_EXHAUSTED_PRIMALITY_UNASSIGNED,FIRST_SINGULARITY_SHELL_EXHAUSTED_PRIMALITY_UNASSIGNED,514,9595,9595
SLCMP02-0295,295,143227993,2^143227993-1,SEARCH_INPUT,STRUCTURAL_SCREEN_EXHAUSTED_PRIMALITY_UNASSIGNED,FIRST_SINGULARITY_SHELL_EXHAUSTED_PRIMALITY_UNASSIGNED,513,9595,9595
SLCMP02-0296,296,143228123,2^143228123-1,SEARCH_INPUT,STRUCTURAL_SCREEN_EXHAUSTED_PRIMALITY_UNASSIGNED,FIRST_SINGULARITY_SHELL_EXHAUSTED_PRIMALITY_UNASSIGNED,514,9595,9595
SLCMP02-0297,297,143228191,2^143228191-1,SEARCH_INPUT,STRUCTURAL_SCREEN_EXHAUSTED_PRIMALITY_UNASSIGNED,FIRST_SINGULARITY_SHELL_EXHAUSTED_PRIMALITY_UNASSIGNED,514,9595,9595
SLCMP02-0298,298,143228231,2^143228231-1,SEARCH_INPUT,STRUCTURAL_SCREEN_EXHAUSTED_PRIMALITY_UNASSIGNED,FIRST_SINGULARITY_SHELL_EXHAUSTED_PRIMALITY_UNASSIGNED,514,9595,9595
SLCMP02-0299,299,143228329,2^143228329-1,SEARCH_INPUT,STRUCTURAL_SCREEN_EXHAUSTED_PRIMALITY_UNASSIGNED,FIRST_SINGULARITY_SHELL_EXHAUSTED_PRIMALITY_UNASSIGNED,513,9595,9595
SLCMP02-0300,300,143228609,2^143228609-1,SEARCH_INPUT,STRUCTURAL_SCREEN_EXHAUSTED_PRIMALITY_UNASSIGNED,FIRST_SINGULARITY_SHELL_EXHAUSTED_PRIMALITY_UNASSIGNED,513,9595,9595
SLCMP02-0301,301,143228611,2^143228611-1,SEARCH_INPUT,STRUCTURAL_SCREEN_EXHAUSTED_PRIMALITY_UNASSIGNED,FIRST_SINGULARITY_SHELL_EXHAUSTED_PRIMALITY_UNASSIGNED,514,9595,9595
SLCMP02-0302,302,143228623,2^143228623-1,SEARCH_INPUT,STRUCTURAL_SCREEN_EXHAUSTED_PRIMALITY_UNASSIGNED,FIRST_SINGULARITY_SHELL_EXHAUSTED_PRIMALITY_UNASSIGNED,514,9595,9595
SLCMP02-0303,303,143228717,2^143228717-1,SEARCH_INPUT,STRUCTURAL_SCREEN_EXHAUSTED_PRIMALITY_UNASSIGNED,FIRST_SINGULARITY_SHELL_EXHAUSTED_PRIMALITY_UNASSIGNED,513,9595,9595
SLCMP02-0304,304,143228861,2^143228861-1,SEARCH_INPUT,STRUCTURAL_SCREEN_EXHAUSTED_PRIMALITY_UNASSIGNED,FIRST_SINGULARITY_SHELL_EXHAUSTED_PRIMALITY_UNASSIGNED,513,9595,9595
SLCMP02-0305,305,143228947,2^143228947-1,SEARCH_INPUT,STRUCTURAL_SCREEN_EXHAUSTED_PRIMALITY_UNASSIGNED,FIRST_SINGULARITY_SHELL_EXHAUSTED_PRIMALITY_UNASSIGNED,514,9595,9595
SLCMP02-0306,306,143228989,2^143228989-1,SEARCH_INPUT,STRUCTURAL_SCREEN_EXHAUSTED_PRIMALITY_UNASSIGNED,FIRST_SINGULARITY_SHELL_EXHAUSTED_PRIMALITY_UNASSIGNED,513,9595,9595
SLCMP02-0307,307,143229089,2^143229089-1,SEARCH_INPUT,STRUCTURAL_SCREEN_EXHAUSTED_PRIMALITY_UNASSIGNED,FIRST_SINGULARITY_SHELL_EXHAUSTED_PRIMALITY_UNASSIGNED,513,9595,9595
SLCMP02-0308,308,143229127,2^143229127-1,SEARCH_INPUT,STRUCTURAL_SCREEN_EXHAUSTED_PRIMALITY_UNASSIGNED,FIRST_SINGULARITY_SHELL_EXHAUSTED_PRIMALITY_UNASSIGNED,514,9595,9595
SLCMP02-0309,309,143229137,2^143229137-1,SEARCH_INPUT,STRUCTURAL_SCREEN_EXHAUSTED_PRIMALITY_UNASSIGNED,FIRST_SINGULARITY_SHELL_EXHAUSTED_PRIMALITY_UNASSIGNED,513,9595,9595
SLCMP02-0310,310,143229179,2^143229179-1,SEARCH_INPUT,STRUCTURAL_SCREEN_EXHAUSTED_PRIMALITY_UNASSIGNED,FIRST_SINGULARITY_SHELL_EXHAUSTED_PRIMALITY_UNASSIGNED,514,9595,9595
SLCMP02-0311,311,143229227,2^143229227-1,SEARCH_INPUT,STRUCTURAL_SCREEN_EXHAUSTED_PRIMALITY_UNASSIGNED,FIRST_SINGULARITY_SHELL_EXHAUSTED_PRIMALITY_UNASSIGNED,514,9595,9595
SLCMP02-0312,312,143229299,2^143229299-1,SEARCH_INPUT,STRUCTURAL_SCREEN_EXHAUSTED_PRIMALITY_UNASSIGNED,FIRST_SINGULARITY_SHELL_EXHAUSTED_PRIMALITY_UNASSIGNED,514,9595,9595
SLCMP02-0313,313,143229311,2^143229311-1,SEARCH_INPUT,STRUCTURAL_SCREEN_EXHAUSTED_PRIMALITY_UNASSIGNED,FIRST_SINGULARITY_SHELL_EXHAUSTED_PRIMALITY_UNASSIGNED,514,9595,9595
SLCMP02-0314,314,143229313,2^143229313-1,SEARCH_INPUT,STRUCTURAL_SCREEN_EXHAUSTED_PRIMALITY_UNASSIGNED,FIRST_SINGULARITY_SHELL_EXHAUSTED_PRIMALITY_UNASSIGNED,513,9595,9595
SLCMP02-0315,315,143229341,2^143229341-1,SEARCH_INPUT,STRUCTURAL_SCREEN_EXHAUSTED_PRIMALITY_UNASSIGNED,FIRST_SINGULARITY_SHELL_EXHAUSTED_PRIMALITY_UNASSIGNED,513,9595,9595
SLCMP02-0316,316,143229409,2^143229409-1,SEARCH_INPUT,STRUCTURAL_SCREEN_EXHAUSTED_PRIMALITY_UNASSIGNED,FIRST_SINGULARITY_SHELL_EXHAUSTED_PRIMALITY_UNASSIGNED,513,9595,9595
SLCMP02-0317,317,143229419,2^143229419-1,SEARCH_INPUT,STRUCTURAL_SCREEN_EXHAUSTED_PRIMALITY_UNASSIGNED,FIRST_SINGULARITY_SHELL_EXHAUSTED_PRIMALITY_UNASSIGNED,514,9595,9595
SLCMP02-0318,318,143229439,2^143229439-1,SEARCH_INPUT,STRUCTURAL_SCREEN_EXHAUSTED_PRIMALITY_UNASSIGNED,FIRST_SINGULARITY_SHELL_EXHAUSTED_PRIMALITY_UNASSIGNED,514,9595,9595
SLCMP02-0319,319,143229461,2^143229461-1,SEARCH_INPUT,STRUCTURAL_SCREEN_EXHAUSTED_PRIMALITY_UNASSIGNED,FIRST_SINGULARITY_SHELL_EXHAUSTED_PRIMALITY_UNASSIGNED,513,9595,9595
SLCMP02-0320,320,143229587,2^143229587-1,SEARCH_INPUT,STRUCTURAL_SCREEN_EXHAUSTED_PRIMALITY_UNASSIGNED,FIRST_SINGULARITY_SHELL_EXHAUSTED_PRIMALITY_UNASSIGNED,514,9595,9595
SLCMP02-0321,321,143229679,2^143229679-1,SEARCH_INPUT,STRUCTURAL_SCREEN_EXHAUSTED_PRIMALITY_UNASSIGNED,FIRST_SINGULARITY_SHELL_EXHAUSTED_PRIMALITY_UNASSIGNED,514,9595,9595
SLCMP02-0322,322,143229731,2^143229731-1,SEARCH_INPUT,STRUCTURAL_SCREEN_EXHAUSTED_PRIMALITY_UNASSIGNED,FIRST_SINGULARITY_SHELL_EXHAUSTED_PRIMALITY_UNASSIGNED,514,9595,9595
SLCMP02-0323,323,143229781,2^143229781-1,SEARCH_INPUT,STRUCTURAL_SCREEN_EXHAUSTED_PRIMALITY_UNASSIGNED,FIRST_SINGULARITY_SHELL_EXHAUSTED_PRIMALITY_UNASSIGNED,513,9595,9595
SLCMP02-0324,324,143229803,2^143229803-1,SEARCH_INPUT,STRUCTURAL_SCREEN_EXHAUSTED_PRIMALITY_UNASSIGNED,FIRST_SINGULARITY_SHELL_EXHAUSTED_PRIMALITY_UNASSIGNED,514,9595,9595
SLCMP02-0325,325,143229917,2^143229917-1,SEARCH_INPUT,STRUCTURAL_SCREEN_EXHAUSTED_PRIMALITY_UNASSIGNED,FIRST_SINGULARITY_SHELL_EXHAUSTED_PRIMALITY_UNASSIGNED,513,9595,9595
SLCMP02-0326,326,143229937,2^143229937-1,SEARCH_INPUT,STRUCTURAL_SCREEN_EXHAUSTED_PRIMALITY_UNASSIGNED,FIRST_SINGULARITY_SHELL_EXHAUSTED_PRIMALITY_UNASSIGNED,513,9595,9595
SLCMP02-0327,327,143229971,2^143229971-1,SEARCH_INPUT,STRUCTURAL_SCREEN_EXHAUSTED_PRIMALITY_UNASSIGNED,FIRST_SINGULARITY_SHELL_EXHAUSTED_PRIMALITY_UNASSIGNED,514,9595,9595
SLCMP02-0328,328,143229991,2^143229991-1,SEARCH_INPUT,STRUCTURAL_SCREEN_EXHAUSTED_PRIMALITY_UNASSIGNED,FIRST_SINGULARITY_SHELL_EXHAUSTED_PRIMALITY_UNASSIGNED,514,9595,9595
SLCMP02-0329,329,143230091,2^143230091-1,SEARCH_INPUT,STRUCTURAL_SCREEN_EXHAUSTED_PRIMALITY_UNASSIGNED,FIRST_SINGULARITY_SHELL_EXHAUSTED_PRIMALITY_UNASSIGNED,514,9595,9595
SLCMP02-0330,330,143230123,2^143230123-1,SEARCH_INPUT,STRUCTURAL_SCREEN_EXHAUSTED_PRIMALITY_UNASSIGNED,FIRST_SINGULARITY_SHELL_EXHAUSTED_PRIMALITY_UNASSIGNED,514,9595,9595
SLCMP02-0331,331,143230603,2^143230603-1,SEARCH_INPUT,STRUCTURAL_SCREEN_EXHAUSTED_PRIMALITY_UNASSIGNED,FIRST_SINGULARITY_SHELL_EXHAUSTED_PRIMALITY_UNASSIGNED,514,9595,9595
SLCMP02-0332,332,143230613,2^143230613-1,SEARCH_INPUT,STRUCTURAL_SCREEN_EXHAUSTED_PRIMALITY_UNASSIGNED,FIRST_SINGULARITY_SHELL_EXHAUSTED_PRIMALITY_UNASSIGNED,513,9595,9595
SLCMP02-0333,333,143230621,2^143230621-1,SEARCH_INPUT,STRUCTURAL_SCREEN_EXHAUSTED_PRIMALITY_UNASSIGNED,FIRST_SINGULARITY_SHELL_EXHAUSTED_PRIMALITY_UNASSIGNED,513,9595,9595
SLCMP02-0334,334,143230669,2^143230669-1,SEARCH_INPUT,STRUCTURAL_SCREEN_EXHAUSTED_PRIMALITY_UNASSIGNED,FIRST_SINGULARITY_SHELL_EXHAUSTED_PRIMALITY_UNASSIGNED,513,9595,9595
SLCMP02-0335,335,143230673,2^143230673-1,SEARCH_INPUT,STRUCTURAL_SCREEN_EXHAUSTED_PRIMALITY_UNASSIGNED,FIRST_SINGULARITY_SHELL_EXHAUSTED_PRIMALITY_UNASSIGNED,513,9595,9595
SLCMP02-0336,336,143230741,2^143230741-1,SEARCH_INPUT,STRUCTURAL_SCREEN_EXHAUSTED_PRIMALITY_UNASSIGNED,FIRST_SINGULARITY_SHELL_EXHAUSTED_PRIMALITY_UNASSIGNED,513,9595,9595
SLCMP02-0337,337,143230793,2^143230793-1,SEARCH_INPUT,STRUCTURAL_SCREEN_EXHAUSTED_PRIMALITY_UNASSIGNED,FIRST_SINGULARITY_SHELL_EXHAUSTED_PRIMALITY_UNASSIGNED,513,9595,9595
SLCMP02-0338,338,143230849,2^143230849-1,SEARCH_INPUT,STRUCTURAL_SCREEN_EXHAUSTED_PRIMALITY_UNASSIGNED,FIRST_SINGULARITY_SHELL_EXHAUSTED_PRIMALITY_UNASSIGNED,513,9595,9595
SLCMP02-0339,339,143230939,2^143230939-1,SEARCH_INPUT,STRUCTURAL_SCREEN_EXHAUSTED_PRIMALITY_UNASSIGNED,FIRST_SINGULARITY_SHELL_EXHAUSTED_PRIMALITY_UNASSIGNED,514,9595,9595
SLCMP02-0340,340,143230961,2^143230961-1,SEARCH_INPUT,STRUCTURAL_SCREEN_EXHAUSTED_PRIMALITY_UNASSIGNED,FIRST_SINGULARITY_SHELL_EXHAUSTED_PRIMALITY_UNASSIGNED,513,9595,9595
SLCMP02-0341,341,143231009,2^143231009-1,SEARCH_INPUT,STRUCTURAL_SCREEN_EXHAUSTED_PRIMALITY_UNASSIGNED,FIRST_SINGULARITY_SHELL_EXHAUSTED_PRIMALITY_UNASSIGNED,513,9595,9595
SLCMP02-0342,342,143231089,2^143231089-1,SEARCH_INPUT,STRUCTURAL_SCREEN_EXHAUSTED_PRIMALITY_UNASSIGNED,FIRST_SINGULARITY_SHELL_EXHAUSTED_PRIMALITY_UNASSIGNED,513,9595,9595
SLCMP02-0343,343,143231161,2^143231161-1,SEARCH_INPUT,STRUCTURAL_SCREEN_EXHAUSTED_PRIMALITY_UNASSIGNED,FIRST_SINGULARITY_SHELL_EXHAUSTED_PRIMALITY_UNASSIGNED,513,9595,9595
SLCMP02-0344,344,143231227,2^143231227-1,SEARCH_INPUT,STRUCTURAL_SCREEN_EXHAUSTED_PRIMALITY_UNASSIGNED,FIRST_SINGULARITY_SHELL_EXHAUSTED_PRIMALITY_UNASSIGNED,514,9595,9595
SLCMP02-0345,345,143231243,2^143231243-1,SEARCH_INPUT,STRUCTURAL_SCREEN_EXHAUSTED_PRIMALITY_UNASSIGNED,FIRST_SINGULARITY_SHELL_EXHAUSTED_PRIMALITY_UNASSIGNED,514,9595,9595
SLCMP02-0346,346,143231401,2^143231401-1,SEARCH_INPUT,STRUCTURAL_SCREEN_EXHAUSTED_PRIMALITY_UNASSIGNED,FIRST_SINGULARITY_SHELL_EXHAUSTED_PRIMALITY_UNASSIGNED,513,9595,9595
SLCMP02-0347,347,143231453,2^143231453-1,SEARCH_INPUT,STRUCTURAL_SCREEN_EXHAUSTED_PRIMALITY_UNASSIGNED,FIRST_SINGULARITY_SHELL_EXHAUSTED_PRIMALITY_UNASSIGNED,513,9595,9595
SLCMP02-0348,348,143231467,2^143231467-1,SEARCH_INPUT,STRUCTURAL_SCREEN_EXHAUSTED_PRIMALITY_UNASSIGNED,FIRST_SINGULARITY_SHELL_EXHAUSTED_PRIMALITY_UNASSIGNED,514,9595,9595
SLCMP02-0349,349,143231507,2^143231507-1,SEARCH_INPUT,STRUCTURAL_SCREEN_EXHAUSTED_PRIMALITY_UNASSIGNED,FIRST_SINGULARITY_SHELL_EXHAUSTED_PRIMALITY_UNASSIGNED,514,9595,9595
SLCMP02-0350,350,143231593,2^143231593-1,SEARCH_INPUT,STRUCTURAL_SCREEN_EXHAUSTED_PRIMALITY_UNASSIGNED,FIRST_SINGULARITY_SHELL_EXHAUSTED_PRIMALITY_UNASSIGNED,513,9595,9595
SLCMP02-0351,351,143231629,2^143231629-1,SEARCH_INPUT,STRUCTURAL_SCREEN_EXHAUSTED_PRIMALITY_UNASSIGNED,FIRST_SINGULARITY_SHELL_EXHAUSTED_PRIMALITY_UNASSIGNED,513,9595,9595
SLCMP02-0352,352,143231657,2^143231657-1,SEARCH_INPUT,STRUCTURAL_SCREEN_EXHAUSTED_PRIMALITY_UNASSIGNED,FIRST_SINGULARITY_SHELL_EXHAUSTED_PRIMALITY_UNASSIGNED,513,9595,9595
SLCMP02-0353,353,143231707,2^143231707-1,SEARCH_INPUT,STRUCTURAL_SCREEN_EXHAUSTED_PRIMALITY_UNASSIGNED,FIRST_SINGULARITY_SHELL_EXHAUSTED_PRIMALITY_UNASSIGNED,514,9595,9595
SLCMP02-0354,354,143231761,2^143231761-1,SEARCH_INPUT,STRUCTURAL_SCREEN_EXHAUSTED_PRIMALITY_UNASSIGNED,FIRST_SINGULARITY_SHELL_EXHAUSTED_PRIMALITY_UNASSIGNED,513,9595,9595
SLCMP02-0355,355,143231797,2^143231797-1,SEARCH_INPUT,STRUCTURAL_SCREEN_EXHAUSTED_PRIMALITY_UNASSIGNED,FIRST_SINGULARITY_SHELL_EXHAUSTED_PRIMALITY_UNASSIGNED,513,9595,9595
SLCMP02-0356,356,143231807,2^143231807-1,SEARCH_INPUT,STRUCTURAL_SCREEN_EXHAUSTED_PRIMALITY_UNASSIGNED,FIRST_SINGULARITY_SHELL_EXHAUSTED_PRIMALITY_UNASSIGNED,514,9595,9595
SLCMP02-0357,357,143231813,2^143231813-1,SEARCH_INPUT,STRUCTURAL_SCREEN_EXHAUSTED_PRIMALITY_UNASSIGNED,FIRST_SINGULARITY_SHELL_EXHAUSTED_PRIMALITY_UNASSIGNED,513,9595,9595
SLCMP02-0358,358,143231909,2^143231909-1,SEARCH_INPUT,STRUCTURAL_SCREEN_EXHAUSTED_PRIMALITY_UNASSIGNED,FIRST_SINGULARITY_SHELL_EXHAUSTED_PRIMALITY_UNASSIGNED,513,9595,9595
SLCMP02-0359,359,143231951,2^143231951-1,SEARCH_INPUT,STRUCTURAL_SCREEN_EXHAUSTED_PRIMALITY_UNASSIGNED,FIRST_SINGULARITY_SHELL_EXHAUSTED_PRIMALITY_UNASSIGNED,514,9595,9595
SLCMP02-0360,360,143232079,2^143232079-1,SEARCH_INPUT,STRUCTURAL_SCREEN_EXHAUSTED_PRIMALITY_UNASSIGNED,FIRST_SINGULARITY_SHELL_EXHAUSTED_PRIMALITY_UNASSIGNED,514,9595,9595
SLCMP02-0361,361,143232113,2^143232113-1,SEARCH_INPUT,STRUCTURAL_SCREEN_EXHAUSTED_PRIMALITY_UNASSIGNED,FIRST_SINGULARITY_SHELL_EXHAUSTED_PRIMALITY_UNASSIGNED,513,9595,9595
SLCMP02-0362,362,143232161,2^143232161-1,SEARCH_INPUT,STRUCTURAL_SCREEN_EXHAUSTED_PRIMALITY_UNASSIGNED,FIRST_SINGULARITY_SHELL_EXHAUSTED_PRIMALITY_UNASSIGNED,513,9595,9595
SLCMP02-0363,363,143232181,2^143232181-1,SEARCH_INPUT,STRUCTURAL_SCREEN_EXHAUSTED_PRIMALITY_UNASSIGNED,FIRST_SINGULARITY_SHELL_EXHAUSTED_PRIMALITY_UNASSIGNED,513,9595,9595
SLCMP02-0364,364,143232263,2^143232263-1,SEARCH_INPUT,STRUCTURAL_SCREEN_EXHAUSTED_PRIMALITY_UNASSIGNED,FIRST_SINGULARITY_SHELL_EXHAUSTED_PRIMALITY_UNASSIGNED,514,9595,9595
SLCMP02-0365,365,143232277,2^143232277-1,SEARCH_INPUT,STRUCTURAL_SCREEN_EXHAUSTED_PRIMALITY_UNASSIGNED,FIRST_SINGULARITY_SHELL_EXHAUSTED_PRIMALITY_UNASSIGNED,513,9595,9595
SLCMP02-0366,366,143232319,2^143232319-1,SEARCH_INPUT,STRUCTURAL_SCREEN_EXHAUSTED_PRIMALITY_UNASSIGNED,FIRST_SINGULARITY_SHELL_EXHAUSTED_PRIMALITY_UNASSIGNED,514,9595,9595
SLCMP02-0367,367,143232343,2^143232343-1,SEARCH_INPUT,STRUCTURAL_SCREEN_EXHAUSTED_PRIMALITY_UNASSIGNED,FIRST_SINGULARITY_SHELL_EXHAUSTED_PRIMALITY_UNASSIGNED,514,9595,9595
SLCMP02-0368,368,143232403,2^143232403-1,SEARCH_INPUT,STRUCTURAL_SCREEN_EXHAUSTED_PRIMALITY_UNASSIGNED,FIRST_SINGULARITY_SHELL_EXHAUSTED_PRIMALITY_UNASSIGNED,514,9595,9595
SLCMP02-0369,369,143232413,2^143232413-1,SEARCH_INPUT,STRUCTURAL_SCREEN_EXHAUSTED_PRIMALITY_UNASSIGNED,FIRST_SINGULARITY_SHELL_EXHAUSTED_PRIMALITY_UNASSIGNED,513,9595,9595
SLCMP02-0370,370,143232457,2^143232457-1,SEARCH_INPUT,STRUCTURAL_SCREEN_EXHAUSTED_PRIMALITY_UNASSIGNED,FIRST_SINGULARITY_SHELL_EXHAUSTED_PRIMALITY_UNASSIGNED,513,9595,9595
SLCMP02-0371,371,143232703,2^143232703-1,SEARCH_INPUT,STRUCTURAL_SCREEN_EXHAUSTED_PRIMALITY_UNASSIGNED,FIRST_SINGULARITY_SHELL_EXHAUSTED_PRIMALITY_UNASSIGNED,514,9595,9595
SLCMP02-0372,372,143232833,2^143232833-1,SEARCH_INPUT,STRUCTURAL_SCREEN_EXHAUSTED_PRIMALITY_UNASSIGNED,FIRST_SINGULARITY_SHELL_EXHAUSTED_PRIMALITY_UNASSIGNED,513,9595,9595
SLCMP02-0373,373,143232949,2^143232949-1,SEARCH_INPUT,STRUCTURAL_SCREEN_EXHAUSTED_PRIMALITY_UNASSIGNED,FIRST_SINGULARITY_SHELL_EXHAUSTED_PRIMALITY_UNASSIGNED,513,9595,9595
SLCMP02-0374,374,143233151,2^143233151-1,SEARCH_INPUT,STRUCTURAL_SCREEN_EXHAUSTED_PRIMALITY_UNASSIGNED,FIRST_SINGULARITY_SHELL_EXHAUSTED_PRIMALITY_UNASSIGNED,514,9595,9595
SLCMP02-0375,375,143233187,2^143233187-1,SEARCH_INPUT,STRUCTURAL_SCREEN_EXHAUSTED_PRIMALITY_UNASSIGNED,FIRST_SINGULARITY_SHELL_EXHAUSTED_PRIMALITY_UNASSIGNED,514,9595,9595
SLCMP02-0376,376,143233261,2^143233261-1,SEARCH_INPUT,STRUCTURAL_SCREEN_EXHAUSTED_PRIMALITY_UNASSIGNED,FIRST_SINGULARITY_SHELL_EXHAUSTED_PRIMALITY_UNASSIGNED,513,9595,9595
SLCMP02-0377,377,143233271,2^143233271-1,SEARCH_INPUT,STRUCTURAL_SCREEN_EXHAUSTED_PRIMALITY_UNASSIGNED,FIRST_SINGULARITY_SHELL_EXHAUSTED_PRIMALITY_UNASSIGNED,514,9595,9595
SLCMP02-0378,378,143233273,2^143233273-1,SEARCH_INPUT,STRUCTURAL_SCREEN_EXHAUSTED_PRIMALITY_UNASSIGNED,FIRST_SINGULARITY_SHELL_EXHAUSTED_PRIMALITY_UNASSIGNED,513,9595,9595
SLCMP02-0379,379,143233309,2^143233309-1,SEARCH_INPUT,STRUCTURAL_SCREEN_EXHAUSTED_PRIMALITY_UNASSIGNED,FIRST_SINGULARITY_SHELL_EXHAUSTED_PRIMALITY_UNASSIGNED,513,9595,9595
SLCMP02-0380,380,143233319,2^143233319-1,SEARCH_INPUT,STRUCTURAL_SCREEN_EXHAUSTED_PRIMALITY_UNASSIGNED,FIRST_SINGULARITY_SHELL_EXHAUSTED_PRIMALITY_UNASSIGNED,514,9595,9595
SLCMP02-0381,381,143233357,2^143233357-1,SEARCH_INPUT,STRUCTURAL_SCREEN_EXHAUSTED_PRIMALITY_UNASSIGNED,FIRST_SINGULARITY_SHELL_EXHAUSTED_PRIMALITY_UNASSIGNED,513,9595,9595
SLCMP02-0382,382,143233427,2^143233427-1,SEARCH_INPUT,STRUCTURAL_SCREEN_EXHAUSTED_PRIMALITY_UNASSIGNED,FIRST_SINGULARITY_SHELL_EXHAUSTED_PRIMALITY_UNASSIGNED,514,9595,9595
SLCMP02-0383,383,143233621,2^143233621-1,SEARCH_INPUT,STRUCTURAL_SCREEN_EXHAUSTED_PRIMALITY_UNASSIGNED,FIRST_SINGULARITY_SHELL_EXHAUSTED_PRIMALITY_UNASSIGNED,513,9595,9595
SLCMP02-0384,384,143233631,2^143233631-1,SEARCH_INPUT,STRUCTURAL_SCREEN_EXHAUSTED_PRIMALITY_UNASSIGNED,FIRST_SINGULARITY_SHELL_EXHAUSTED_PRIMALITY_UNASSIGNED,514,9595,9595
SLCMP02-0385,385,143233751,2^143233751-1,SEARCH_INPUT,STRUCTURAL_SCREEN_EXHAUSTED_PRIMALITY_UNASSIGNED,FIRST_SINGULARITY_SHELL_EXHAUSTED_PRIMALITY_UNASSIGNED,514,9595,9595
SLCMP02-0386,386,143233829,2^143233829-1,SEARCH_INPUT,STRUCTURAL_SCREEN_EXHAUSTED_PRIMALITY_UNASSIGNED,FIRST_SINGULARITY_SHELL_EXHAUSTED_PRIMALITY_UNASSIGNED,513,9595,9595
SLCMP02-0387,387,143233897,2^143233897-1,SEARCH_INPUT,STRUCTURAL_SCREEN_EXHAUSTED_PRIMALITY_UNASSIGNED,FIRST_SINGULARITY_SHELL_EXHAUSTED_PRIMALITY_UNASSIGNED,513,9595,9595
SLCMP02-0388,388,143233999,2^143233999-1,SEARCH_INPUT,STRUCTURAL_SCREEN_EXHAUSTED_PRIMALITY_UNASSIGNED,FIRST_SINGULARITY_SHELL_EXHAUSTED_PRIMALITY_UNASSIGNED,514,9595,9595
SLCMP02-0389,389,143235541,2^143235541-1,SEARCH_INPUT,STRUCTURAL_SCREEN_EXHAUSTED_PRIMALITY_UNASSIGNED,FIRST_SINGULARITY_SHELL_EXHAUSTED_PRIMALITY_UNASSIGNED,513,9595,9595
SLCMP02-0390,390,143235913,2^143235913-1,SEARCH_INPUT,STRUCTURAL_SCREEN_EXHAUSTED_PRIMALITY_UNASSIGNED,FIRST_SINGULARITY_SHELL_EXHAUSTED_PRIMALITY_UNASSIGNED,513,9595,9595
SLCMP02-0391,391,143236109,2^143236109-1,SEARCH_INPUT,STRUCTURAL_SCREEN_EXHAUSTED_PRIMALITY_UNASSIGNED,FIRST_SINGULARITY_SHELL_EXHAUSTED_PRIMALITY_UNASSIGNED,513,9595,9595
SLCMP02-0392,392,143236189,2^143236189-1,SEARCH_INPUT,STRUCTURAL_SCREEN_EXHAUSTED_PRIMALITY_UNASSIGNED,FIRST_SINGULARITY_SHELL_EXHAUSTED_PRIMALITY_UNASSIGNED,513,9595,9595
SLCMP02-0393,393,143236277,2^143236277-1,SEARCH_INPUT,STRUCTURAL_SCREEN_EXHAUSTED_PRIMALITY_UNASSIGNED,FIRST_SINGULARITY_SHELL_EXHAUSTED_PRIMALITY_UNASSIGNED,513,9595,9595
SLCMP02-0394,394,143236321,2^143236321-1,SEARCH_INPUT,STRUCTURAL_SCREEN_EXHAUSTED_PRIMALITY_UNASSIGNED,FIRST_SINGULARITY_SHELL_EXHAUSTED_PRIMALITY_UNASSIGNED,513,9595,9595
SLCMP02-0395,395,143236367,2^143236367-1,SEARCH_INPUT,STRUCTURAL_SCREEN_EXHAUSTED_PRIMALITY_UNASSIGNED,FIRST_SINGULARITY_SHELL_EXHAUSTED_PRIMALITY_UNASSIGNED,514,9595,9595
SLCMP02-0396,396,143237947,2^143237947-1,SEARCH_INPUT,STRUCTURAL_SCREEN_EXHAUSTED_PRIMALITY_UNASSIGNED,FIRST_SINGULARITY_SHELL_EXHAUSTED_PRIMALITY_UNASSIGNED,514,9595,9595
SLCMP02-0397,397,143238493,2^143238493-1,SEARCH_INPUT,STRUCTURAL_SCREEN_EXHAUSTED_PRIMALITY_UNASSIGNED,FIRST_SINGULARITY_SHELL_EXHAUSTED_PRIMALITY_UNASSIGNED,513,9595,9595
SLCMP02-0398,398,143238533,2^143238533-1,SEARCH_INPUT,STRUCTURAL_SCREEN_EXHAUSTED_PRIMALITY_UNASSIGNED,FIRST_SINGULARITY_SHELL_EXHAUSTED_PRIMALITY_UNASSIGNED,513,9595,9595
SLCMP02-0399,399,143239001,2^143239001-1,SEARCH_INPUT,STRUCTURAL_SCREEN_EXHAUSTED_PRIMALITY_UNASSIGNED,FIRST_SINGULARITY_SHELL_EXHAUSTED_PRIMALITY_UNASSIGNED,513,9595,9595
SLCMP02-0400,400,143239111,2^143239111-1,SEARCH_INPUT,STRUCTURAL_SCREEN_EXHAUSTED_PRIMALITY_UNASSIGNED,FIRST_SINGULARITY_SHELL_EXHAUSTED_PRIMALITY_UNASSIGNED,514,9595,9595
SLCMP02-0401,401,143239169,2^143239169-1,SEARCH_INPUT,STRUCTURAL_SCREEN_EXHAUSTED_PRIMALITY_UNASSIGNED,FIRST_SINGULARITY_SHELL_EXHAUSTED_PRIMALITY_UNASSIGNED,513,9595,9595
SLCMP02-0402,402,143239183,2^143239183-1,SEARCH_INPUT,STRUCTURAL_SCREEN_EXHAUSTED_PRIMALITY_UNASSIGNED,FIRST_SINGULARITY_SHELL_EXHAUSTED_PRIMALITY_UNASSIGNED,514,9595,9595
SLCMP02-0403,403,143239267,2^143239267-1,SEARCH_INPUT,STRUCTURAL_SCREEN_EXHAUSTED_PRIMALITY_UNASSIGNED,FIRST_SINGULARITY_SHELL_EXHAUSTED_PRIMALITY_UNASSIGNED,514,9595,9595
SLCMP02-0404,404,143239273,2^143239273-1,SEARCH_INPUT,STRUCTURAL_SCREEN_EXHAUSTED_PRIMALITY_UNASSIGNED,FIRST_SINGULARITY_SHELL_EXHAUSTED_PRIMALITY_UNASSIGNED,513,9595,9595
SLCMP02-0405,405,143239277,2^143239277-1,SEARCH_INPUT,STRUCTURAL_SCREEN_EXHAUSTED_PRIMALITY_UNASSIGNED,FIRST_SINGULARITY_SHELL_EXHAUSTED_PRIMALITY_UNASSIGNED,513,9595,9595
SLCMP02-0406,406,143239379,2^143239379-1,SEARCH_INPUT,STRUCTURAL_SCREEN_EXHAUSTED_PRIMALITY_UNASSIGNED,FIRST_SINGULARITY_SHELL_EXHAUSTED_PRIMALITY_UNASSIGNED,514,9595,9595
SLCMP02-0407,407,143239891,2^143239891-1,SEARCH_INPUT,STRUCTURAL_SCREEN_EXHAUSTED_PRIMALITY_UNASSIGNED,FIRST_SINGULARITY_SHELL_EXHAUSTED_PRIMALITY_UNASSIGNED,514,9595,9595
SLCMP02-0408,408,143239897,2^143239897-1,SEARCH_INPUT,STRUCTURAL_SCREEN_EXHAUSTED_PRIMALITY_UNASSIGNED,FIRST_SINGULARITY_SHELL_EXHAUSTED_PRIMALITY_UNASSIGNED,513,9595,9595
SLCMP02-0409,409,143239963,2^143239963-1,SEARCH_INPUT,STRUCTURAL_SCREEN_EXHAUSTED_PRIMALITY_UNASSIGNED,FIRST_SINGULARITY_SHELL_EXHAUSTED_PRIMALITY_UNASSIGNED,514,9595,9595
SLCMP02-0410,410,143239969,2^143239969-1,SEARCH_INPUT,STRUCTURAL_SCREEN_EXHAUSTED_PRIMALITY_UNASSIGNED,FIRST_SINGULARITY_SHELL_EXHAUSTED_PRIMALITY_UNASSIGNED,513,9595,9595
SLCMP02-0411,411,143240033,2^143240033-1,SEARCH_INPUT,STRUCTURAL_SCREEN_EXHAUSTED_PRIMALITY_UNASSIGNED,FIRST_SINGULARITY_SHELL_EXHAUSTED_PRIMALITY_UNASSIGNED,513,9595,9595
SLCMP02-0412,412,143240117,2^143240117-1,SEARCH_INPUT,STRUCTURAL_SCREEN_EXHAUSTED_PRIMALITY_UNASSIGNED,FIRST_SINGULARITY_SHELL_EXHAUSTED_PRIMALITY_UNASSIGNED,513,9595,9595
SLCMP02-0413,413,143240177,2^143240177-1,SEARCH_INPUT,STRUCTURAL_SCREEN_EXHAUSTED_PRIMALITY_UNASSIGNED,FIRST_SINGULARITY_SHELL_EXHAUSTED_PRIMALITY_UNASSIGNED,513,9595,9595
SLCMP02-0414,414,143240413,2^143240413-1,SEARCH_INPUT,STRUCTURAL_SCREEN_EXHAUSTED_PRIMALITY_UNASSIGNED,FIRST_SINGULARITY_SHELL_EXHAUSTED_PRIMALITY_UNASSIGNED,513,9595,9595
SLCMP02-0415,415,143240533,2^143240533-1,SEARCH_INPUT,STRUCTURAL_SCREEN_EXHAUSTED_PRIMALITY_UNASSIGNED,FIRST_SINGULARITY_SHELL_EXHAUSTED_PRIMALITY_UNASSIGNED,513,9595,9595
SLCMP02-0416,416,143240549,2^143240549-1,SEARCH_INPUT,STRUCTURAL_SCREEN_EXHAUSTED_PRIMALITY_UNASSIGNED,FIRST_SINGULARITY_SHELL_EXHAUSTED_PRIMALITY_UNASSIGNED,513,9595,9595
SLCMP02-0417,417,143240687,2^143240687-1,SEARCH_INPUT,STRUCTURAL_SCREEN_EXHAUSTED_PRIMALITY_UNASSIGNED,FIRST_SINGULARITY_SHELL_EXHAUSTED_PRIMALITY_UNASSIGNED,514,9595,9595
SLCMP02-0418,418,143240701,2^143240701-1,SEARCH_INPUT,STRUCTURAL_SCREEN_EXHAUSTED_PRIMALITY_UNASSIGNED,FIRST_SINGULARITY_SHELL_EXHAUSTED_PRIMALITY_UNASSIGNED,513,9595,9595
SLCMP02-0419,419,143240777,2^143240777-1,SEARCH_INPUT,STRUCTURAL_SCREEN_EXHAUSTED_PRIMALITY_UNASSIGNED,FIRST_SINGULARITY_SHELL_EXHAUSTED_PRIMALITY_UNASSIGNED,513,9595,9595
SLCMP02-0420,420,143240789,2^143240789-1,SEARCH_INPUT,STRUCTURAL_SCREEN_EXHAUSTED_PRIMALITY_UNASSIGNED,FIRST_SINGULARITY_SHELL_EXHAUSTED_PRIMALITY_UNASSIGNED,513,9595,9595
SLCMP02-0421,421,143240807,2^143240807-1,SEARCH_INPUT,STRUCTURAL_SCREEN_EXHAUSTED_PRIMALITY_UNASSIGNED,FIRST_SINGULARITY_SHELL_EXHAUSTED_PRIMALITY_UNASSIGNED,514,9595,9595
SLCMP02-0422,422,143240813,2^143240813-1,SEARCH_INPUT,STRUCTURAL_SCREEN_EXHAUSTED_PRIMALITY_UNASSIGNED,FIRST_SINGULARITY_SHELL_EXHAUSTED_PRIMALITY_UNASSIGNED,513,9595,9595
SLCMP02-0423,423,143241053,2^143241053-1,SEARCH_INPUT,STRUCTURAL_SCREEN_EXHAUSTED_PRIMALITY_UNASSIGNED,FIRST_SINGULARITY_SHELL_EXHAUSTED_PRIMALITY_UNASSIGNED,513,9595,9595
SLCMP02-0424,424,143241089,2^143241089-1,SEARCH_INPUT,STRUCTURAL_SCREEN_EXHAUSTED_PRIMALITY_UNASSIGNED,FIRST_SINGULARITY_SHELL_EXHAUSTED_PRIMALITY_UNASSIGNED,513,9595,9595
SLCMP02-0425,425,143241211,2^143241211-1,SEARCH_INPUT,STRUCTURAL_SCREEN_EXHAUSTED_PRIMALITY_UNASSIGNED,FIRST_SINGULARITY_SHELL_EXHAUSTED_PRIMALITY_UNASSIGNED,514,9595,9595
SLCMP02-0426,426,143241251,2^143241251-1,SEARCH_INPUT,STRUCTURAL_SCREEN_EXHAUSTED_PRIMALITY_UNASSIGNED,FIRST_SINGULARITY_SHELL_EXHAUSTED_PRIMALITY_UNASSIGNED,514,9595,9595
SLCMP02-0427,427,143241281,2^143241281-1,SEARCH_INPUT,STRUCTURAL_SCREEN_EXHAUSTED_PRIMALITY_UNASSIGNED,FIRST_SINGULARITY_SHELL_EXHAUSTED_PRIMALITY_UNASSIGNED,513,9595,9595
SLCMP02-0428,428,143241341,2^143241341-1,SEARCH_INPUT,STRUCTURAL_SCREEN_EXHAUSTED_PRIMALITY_UNASSIGNED,FIRST_SINGULARITY_SHELL_EXHAUSTED_PRIMALITY_UNASSIGNED,513,9595,9595
SLCMP02-0429,429,143241347,2^143241347-1,SEARCH_INPUT,STRUCTURAL_SCREEN_EXHAUSTED_PRIMALITY_UNASSIGNED,FIRST_SINGULARITY_SHELL_EXHAUSTED_PRIMALITY_UNASSIGNED,514,9595,9595
SLCMP02-0430,430,143241389,2^143241389-1,SEARCH_INPUT,STRUCTURAL_SCREEN_EXHAUSTED_PRIMALITY_UNASSIGNED,FIRST_SINGULARITY_SHELL_EXHAUSTED_PRIMALITY_UNASSIGNED,513,9595,9595
SLCMP02-0431,431,143241391,2^143241391-1,SEARCH_INPUT,STRUCTURAL_SCREEN_EXHAUSTED_PRIMALITY_UNASSIGNED,FIRST_SINGULARITY_SHELL_EXHAUSTED_PRIMALITY_UNASSIGNED,514,9595,9595
SLCMP02-0432,432,143241407,2^143241407-1,SEARCH_INPUT,STRUCTURAL_SCREEN_EXHAUSTED_PRIMALITY_UNASSIGNED,FIRST_SINGULARITY_SHELL_EXHAUSTED_PRIMALITY_UNASSIGNED,514,9595,9595
SLCMP02-0433,433,143241479,2^143241479-1,SEARCH_INPUT,STRUCTURAL_SCREEN_EXHAUSTED_PRIMALITY_UNASSIGNED,FIRST_SINGULARITY_SHELL_EXHAUSTED_PRIMALITY_UNASSIGNED,514,9595,9595
SLCMP02-0434,434,143241503,2^143241503-1,SEARCH_INPUT,STRUCTURAL_SCREEN_EXHAUSTED_PRIMALITY_UNASSIGNED,FIRST_SINGULARITY_SHELL_EXHAUSTED_PRIMALITY_UNASSIGNED,514,9595,9595
SLCMP02-0435,435,143241517,2^143241517-1,SEARCH_INPUT,STRUCTURAL_SCREEN_EXHAUSTED_PRIMALITY_UNASSIGNED,FIRST_SINGULARITY_SHELL_EXHAUSTED_PRIMALITY_UNASSIGNED,513,9595,9595
SLCMP02-0436,436,143241521,2^143241521-1,SEARCH_INPUT,STRUCTURAL_SCREEN_EXHAUSTED_PRIMALITY_UNASSIGNED,FIRST_SINGULARITY_SHELL_EXHAUSTED_PRIMALITY_UNASSIGNED,513,9595,9595
SLCMP02-0437,437,143241523,2^143241523-1,SEARCH_INPUT,STRUCTURAL_SCREEN_EXHAUSTED_PRIMALITY_UNASSIGNED,FIRST_SINGULARITY_SHELL_EXHAUSTED_PRIMALITY_UNASSIGNED,514,9595,9595
SLCMP02-0438,438,143241529,2^143241529-1,SEARCH_INPUT,STRUCTURAL_SCREEN_EXHAUSTED_PRIMALITY_UNASSIGNED,FIRST_SINGULARITY_SHELL_EXHAUSTED_PRIMALITY_UNASSIGNED,513,9595,9595
SLCMP02-0439,439,143242531,2^143242531-1,SEARCH_INPUT,STRUCTURAL_SCREEN_EXHAUSTED_PRIMALITY_UNASSIGNED,FIRST_SINGULARITY_SHELL_EXHAUSTED_PRIMALITY_UNASSIGNED,514,9595,9595
SLCMP02-0440,440,143242829,2^143242829-1,SEARCH_INPUT,STRUCTURAL_SCREEN_EXHAUSTED_PRIMALITY_UNASSIGNED,FIRST_SINGULARITY_SHELL_EXHAUSTED_PRIMALITY_UNASSIGNED,513,9595,9595
SLCMP02-0441,441,143242877,2^143242877-1,SEARCH_INPUT,STRUCTURAL_SCREEN_EXHAUSTED_PRIMALITY_UNASSIGNED,FIRST_SINGULARITY_SHELL_EXHAUSTED_PRIMALITY_UNASSIGNED,513,9595,9595
SLCMP02-0442,442,143242903,2^143242903-1,SEARCH_INPUT,STRUCTURAL_SCREEN_EXHAUSTED_PRIMALITY_UNASSIGNED,FIRST_SINGULARITY_SHELL_EXHAUSTED_PRIMALITY_UNASSIGNED,514,9595,9595
SLCMP02-0443,443,143244007,2^143244007-1,SEARCH_INPUT,STRUCTURAL_SCREEN_EXHAUSTED_PRIMALITY_UNASSIGNED,FIRST_SINGULARITY_SHELL_EXHAUSTED_PRIMALITY_UNASSIGNED,514,9595,9595
SLCMP02-0444,444,143244169,2^143244169-1,SEARCH_INPUT,STRUCTURAL_SCREEN_EXHAUSTED_PRIMALITY_UNASSIGNED,FIRST_SINGULARITY_SHELL_EXHAUSTED_PRIMALITY_UNASSIGNED,513,9595,9595
SLCMP02-0445,445,143244221,2^143244221-1,SEARCH_INPUT,STRUCTURAL_SCREEN_EXHAUSTED_PRIMALITY_UNASSIGNED,FIRST_SINGULARITY_SHELL_EXHAUSTED_PRIMALITY_UNASSIGNED,513,9595,9595
SLCMP02-0446,446,143244251,2^143244251-1,SEARCH_INPUT,STRUCTURAL_SCREEN_EXHAUSTED_PRIMALITY_UNASSIGNED,FIRST_SINGULARITY_SHELL_EXHAUSTED_PRIMALITY_UNASSIGNED,514,9595,9595
SLCMP02-0447,447,143244341,2^143244341-1,SEARCH_INPUT,STRUCTURAL_SCREEN_EXHAUSTED_PRIMALITY_UNASSIGNED,FIRST_SINGULARITY_SHELL_EXHAUSTED_PRIMALITY_UNASSIGNED,513,9595,9595
SLCMP02-0448,448,143244359,2^143244359-1,SEARCH_INPUT,STRUCTURAL_SCREEN_EXHAUSTED_PRIMALITY_UNASSIGNED,FIRST_SINGULARITY_SHELL_EXHAUSTED_PRIMALITY_UNASSIGNED,514,9595,9595
SLCMP02-0449,449,143244373,2^143244373-1,SEARCH_INPUT,STRUCTURAL_SCREEN_EXHAUSTED_PRIMALITY_UNASSIGNED,FIRST_SINGULARITY_SHELL_EXHAUSTED_PRIMALITY_UNASSIGNED,513,9595,9595
SLCMP02-0450,450,143244539,2^143244539-1,SEARCH_INPUT,STRUCTURAL_SCREEN_EXHAUSTED_PRIMALITY_UNASSIGNED,FIRST_SINGULARITY_SHELL_EXHAUSTED_PRIMALITY_UNASSIGNED,514,9595,9595
SLCMP02-0451,451,143244557,2^143244557-1,SEARCH_INPUT,STRUCTURAL_SCREEN_EXHAUSTED_PRIMALITY_UNASSIGNED,FIRST_SINGULARITY_SHELL_EXHAUSTED_PRIMALITY_UNASSIGNED,513,9595,9595
SLCMP02-0452,452,143244869,2^143244869-1,SEARCH_INPUT,STRUCTURAL_SCREEN_EXHAUSTED_PRIMALITY_UNASSIGNED,FIRST_SINGULARITY_SHELL_EXHAUSTED_PRIMALITY_UNASSIGNED,513,9595,9595
SLCMP02-0453,453,143244923,2^143244923-1,SEARCH_INPUT,STRUCTURAL_SCREEN_EXHAUSTED_PRIMALITY_UNASSIGNED,FIRST_SINGULARITY_SHELL_EXHAUSTED_PRIMALITY_UNASSIGNED,514,9595,9595
SLCMP02-0454,454,143245013,2^143245013-1,SEARCH_INPUT,STRUCTURAL_SCREEN_EXHAUSTED_PRIMALITY_UNASSIGNED,FIRST_SINGULARITY_SHELL_EXHAUSTED_PRIMALITY_UNASSIGNED,513,9595,9595
SLCMP02-0455,455,143245117,2^143245117-1,SEARCH_INPUT,STRUCTURAL_SCREEN_EXHAUSTED_PRIMALITY_UNASSIGNED,FIRST_SINGULARITY_SHELL_EXHAUSTED_PRIMALITY_UNASSIGNED,513,9595,9595
SLCMP02-0456,456,143245183,2^143245183-1,SEARCH_INPUT,STRUCTURAL_SCREEN_EXHAUSTED_PRIMALITY_UNASSIGNED,FIRST_SINGULARITY_SHELL_EXHAUSTED_PRIMALITY_UNASSIGNED,514,9595,9595
SLCMP02-0457,457,143245189,2^143245189-1,SEARCH_INPUT,STRUCTURAL_SCREEN_EXHAUSTED_PRIMALITY_UNASSIGNED,FIRST_SINGULARITY_SHELL_EXHAUSTED_PRIMALITY_UNASSIGNED,513,9595,9595
SLCMP02-0458,458,143245309,2^143245309-1,SEARCH_INPUT,STRUCTURAL_SCREEN_EXHAUSTED_PRIMALITY_UNASSIGNED,FIRST_SINGULARITY_SHELL_EXHAUSTED_PRIMALITY_UNASSIGNED,513,9595,9595
SLCMP02-0459,459,143245373,2^143245373-1,SEARCH_INPUT,STRUCTURAL_SCREEN_EXHAUSTED_PRIMALITY_UNASSIGNED,FIRST_SINGULARITY_SHELL_EXHAUSTED_PRIMALITY_UNASSIGNED,513,9595,9595
SLCMP02-0460,460,143245381,2^143245381-1,SEARCH_INPUT,STRUCTURAL_SCREEN_EXHAUSTED_PRIMALITY_UNASSIGNED,FIRST_SINGULARITY_SHELL_EXHAUSTED_PRIMALITY_UNASSIGNED,513,9595,9595
SLCMP02-0461,461,143245393,2^143245393-1,SEARCH_INPUT,STRUCTURAL_SCREEN_EXHAUSTED_PRIMALITY_UNASSIGNED,FIRST_SINGULARITY_SHELL_EXHAUSTED_PRIMALITY_UNASSIGNED,513,9595,9595
SLCMP02-0462,462,143245409,2^143245409-1,SEARCH_INPUT,STRUCTURAL_SCREEN_EXHAUSTED_PRIMALITY_UNASSIGNED,FIRST_SINGULARITY_SHELL_EXHAUSTED_PRIMALITY_UNASSIGNED,513,9595,9595
SLCMP02-0463,463,143245481,2^143245481-1,SEARCH_INPUT,STRUCTURAL_SCREEN_EXHAUSTED_PRIMALITY_UNASSIGNED,FIRST_SINGULARITY_SHELL_EXHAUSTED_PRIMALITY_UNASSIGNED,513,9595,9595
SLCMP02-0464,464,143245567,2^143245567-1,SEARCH_INPUT,STRUCTURAL_SCREEN_EXHAUSTED_PRIMALITY_UNASSIGNED,FIRST_SINGULARITY_SHELL_EXHAUSTED_PRIMALITY_UNASSIGNED,514,9595,9595
SLCMP02-0465,465,143245601,2^143245601-1,SEARCH_INPUT,STRUCTURAL_SCREEN_EXHAUSTED_PRIMALITY_UNASSIGNED,FIRST_SINGULARITY_SHELL_EXHAUSTED_PRIMALITY_UNASSIGNED,513,9595,9595
SLCMP02-0466,466,143245777,2^143245777-1,SEARCH_INPUT,STRUCTURAL_SCREEN_EXHAUSTED_PRIMALITY_UNASSIGNED,FIRST_SINGULARITY_SHELL_EXHAUSTED_PRIMALITY_UNASSIGNED,513,9595,9595
SLCMP02-0467,467,143245789,2^143245789-1,SEARCH_INPUT,STRUCTURAL_SCREEN_EXHAUSTED_PRIMALITY_UNASSIGNED,FIRST_SINGULARITY_SHELL_EXHAUSTED_PRIMALITY_UNASSIGNED,513,9595,9595
SLCMP02-0468,468,143245987,2^143245987-1,SEARCH_INPUT,STRUCTURAL_SCREEN_EXHAUSTED_PRIMALITY_UNASSIGNED,FIRST_SINGULARITY_SHELL_EXHAUSTED_PRIMALITY_UNASSIGNED,514,9595,9595
SLCMP02-0469,469,143246017,2^143246017-1,SEARCH_INPUT,STRUCTURAL_SCREEN_EXHAUSTED_PRIMALITY_UNASSIGNED,FIRST_SINGULARITY_SHELL_EXHAUSTED_PRIMALITY_UNASSIGNED,513,9595,9595
SLCMP02-0470,470,143246023,2^143246023-1,SEARCH_INPUT,STRUCTURAL_SCREEN_EXHAUSTED_PRIMALITY_UNASSIGNED,FIRST_SINGULARITY_SHELL_EXHAUSTED_PRIMALITY_UNASSIGNED,514,9595,9595
SLCMP02-0471,471,143246099,2^143246099-1,SEARCH_INPUT,STRUCTURAL_SCREEN_EXHAUSTED_PRIMALITY_UNASSIGNED,FIRST_SINGULARITY_SHELL_EXHAUSTED_PRIMALITY_UNASSIGNED,514,9595,9595
SLCMP02-0472,472,143246101,2^143246101-1,SEARCH_INPUT,STRUCTURAL_SCREEN_EXHAUSTED_PRIMALITY_UNASSIGNED,FIRST_SINGULARITY_SHELL_EXHAUSTED_PRIMALITY_UNASSIGNED,513,9595,9595
SLCMP02-0473,473,143246419,2^143246419-1,SEARCH_INPUT,STRUCTURAL_SCREEN_EXHAUSTED_PRIMALITY_UNASSIGNED,FIRST_SINGULARITY_SHELL_EXHAUSTED_PRIMALITY_UNASSIGNED,514,9595,9595
SLCMP02-0474,474,143246591,2^143246591-1,SEARCH_INPUT,STRUCTURAL_SCREEN_EXHAUSTED_PRIMALITY_UNASSIGNED,FIRST_SINGULARITY_SHELL_EXHAUSTED_PRIMALITY_UNASSIGNED,514,9595,9595
SLCMP02-0475,475,143246699,2^143246699-1,SEARCH_INPUT,STRUCTURAL_SCREEN_EXHAUSTED_PRIMALITY_UNASSIGNED,FIRST_SINGULARITY_SHELL_EXHAUSTED_PRIMALITY_UNASSIGNED,514,9595,9595
SLCMP02-0476,476,143246707,2^143246707-1,SEARCH_INPUT,STRUCTURAL_SCREEN_EXHAUSTED_PRIMALITY_UNASSIGNED,FIRST_SINGULARITY_SHELL_EXHAUSTED_PRIMALITY_UNASSIGNED,514,9595,9595
SLCMP02-0477,477,143246711,2^143246711-1,SEARCH_INPUT,STRUCTURAL_SCREEN_EXHAUSTED_PRIMALITY_UNASSIGNED,FIRST_SINGULARITY_SHELL_EXHAUSTED_PRIMALITY_UNASSIGNED,514,9595,9595
SLCMP02-0478,478,143246713,2^143246713-1,SEARCH_INPUT,STRUCTURAL_SCREEN_EXHAUSTED_PRIMALITY_UNASSIGNED,FIRST_SINGULARITY_SHELL_EXHAUSTED_PRIMALITY_UNASSIGNED,513,9595,9595
SLCMP02-0479,479,143246813,2^143246813-1,SEARCH_INPUT,STRUCTURAL_SCREEN_EXHAUSTED_PRIMALITY_UNASSIGNED,FIRST_SINGULARITY_SHELL_EXHAUSTED_PRIMALITY_UNASSIGNED,513,9595,9595
SLCMP02-0480,480,143246927,2^143246927-1,SEARCH_INPUT,STRUCTURAL_SCREEN_EXHAUSTED_PRIMALITY_UNASSIGNED,FIRST_SINGULARITY_SHELL_EXHAUSTED_PRIMALITY_UNASSIGNED,514,9595,9595
SLCMP02-0481,481,143247029,2^143247029-1,SEARCH_INPUT,STRUCTURAL_SCREEN_EXHAUSTED_PRIMALITY_UNASSIGNED,FIRST_SINGULARITY_SHELL_EXHAUSTED_PRIMALITY_UNASSIGNED,513,9595,9595
SLCMP02-0482,482,143247031,2^143247031-1,SEARCH_INPUT,STRUCTURAL_SCREEN_EXHAUSTED_PRIMALITY_UNASSIGNED,FIRST_SINGULARITY_SHELL_EXHAUSTED_PRIMALITY_UNASSIGNED,514,9595,9595
SLCMP02-0483,483,143247053,2^143247053-1,SEARCH_INPUT,STRUCTURAL_SCREEN_EXHAUSTED_PRIMALITY_UNASSIGNED,FIRST_SINGULARITY_SHELL_EXHAUSTED_PRIMALITY_UNASSIGNED,513,9595,9595
SLCMP02-0484,484,143247101,2^143247101-1,SEARCH_INPUT,STRUCTURAL_SCREEN_EXHAUSTED_PRIMALITY_UNASSIGNED,FIRST_SINGULARITY_SHELL_EXHAUSTED_PRIMALITY_UNASSIGNED,513,9595,9595
SLCMP02-0485,485,143247119,2^143247119-1,SEARCH_INPUT,STRUCTURAL_SCREEN_EXHAUSTED_PRIMALITY_UNASSIGNED,FIRST_SINGULARITY_SHELL_EXHAUSTED_PRIMALITY_UNASSIGNED,514,9595,9595
SLCMP02-0486,486,143247131,2^143247131-1,SEARCH_INPUT,STRUCTURAL_SCREEN_EXHAUSTED_PRIMALITY_UNASSIGNED,FIRST_SINGULARITY_SHELL_EXHAUSTED_PRIMALITY_UNASSIGNED,514,9595,9595
SLCMP02-0487,487,143247149,2^143247149-1,SEARCH_INPUT,STRUCTURAL_SCREEN_EXHAUSTED_PRIMALITY_UNASSIGNED,FIRST_SINGULARITY_SHELL_EXHAUSTED_PRIMALITY_UNASSIGNED,513,9595,9595
SLCMP02-0488,488,143247157,2^143247157-1,SEARCH_INPUT,STRUCTURAL_SCREEN_EXHAUSTED_PRIMALITY_UNASSIGNED,FIRST_SINGULARITY_SHELL_EXHAUSTED_PRIMALITY_UNASSIGNED,513,9595,9595
SLCMP02-0489,489,143247217,2^143247217-1,SEARCH_INPUT,STRUCTURAL_SCREEN_EXHAUSTED_PRIMALITY_UNASSIGNED,FIRST_SINGULARITY_SHELL_EXHAUSTED_PRIMALITY_UNASSIGNED,513,9595,9595
SLCMP02-0490,490,143247263,2^143247263-1,SEARCH_INPUT,STRUCTURAL_SCREEN_EXHAUSTED_PRIMALITY_UNASSIGNED,FIRST_SINGULARITY_SHELL_EXHAUSTED_PRIMALITY_UNASSIGNED,514,9595,9595
SLCMP02-0491,491,143247281,2^143247281-1,SEARCH_INPUT,STRUCTURAL_SCREEN_EXHAUSTED_PRIMALITY_UNASSIGNED,FIRST_SINGULARITY_SHELL_EXHAUSTED_PRIMALITY_UNASSIGNED,513,9595,9595
SLCMP02-0492,492,143247359,2^143247359-1,SEARCH_INPUT,STRUCTURAL_SCREEN_EXHAUSTED_PRIMALITY_UNASSIGNED,FIRST_SINGULARITY_SHELL_EXHAUSTED_PRIMALITY_UNASSIGNED,514,9595,9595
SLCMP02-0493,493,143247569,2^143247569-1,SEARCH_INPUT,STRUCTURAL_SCREEN_EXHAUSTED_PRIMALITY_UNASSIGNED,FIRST_SINGULARITY_SHELL_EXHAUSTED_PRIMALITY_UNASSIGNED,513,9595,9595
SLCMP02-0494,494,143247647,2^143247647-1,SEARCH_INPUT,STRUCTURAL_SCREEN_EXHAUSTED_PRIMALITY_UNASSIGNED,FIRST_SINGULARITY_SHELL_EXHAUSTED_PRIMALITY_UNASSIGNED,514,9595,9595
SLCMP02-0495,495,143247697,2^143247697-1,SEARCH_INPUT,STRUCTURAL_SCREEN_EXHAUSTED_PRIMALITY_UNASSIGNED,FIRST_SINGULARITY_SHELL_EXHAUSTED_PRIMALITY_UNASSIGNED,513,9595,9595
SLCMP02-0496,496,143247737,2^143247737-1,SEARCH_INPUT,STRUCTURAL_SCREEN_EXHAUSTED_PRIMALITY_UNASSIGNED,FIRST_SINGULARITY_SHELL_EXHAUSTED_PRIMALITY_UNASSIGNED,513,9595,9595
SLCMP02-0497,497,143247773,2^143247773-1,SEARCH_INPUT,STRUCTURAL_SCREEN_EXHAUSTED_PRIMALITY_UNASSIGNED,FIRST_SINGULARITY_SHELL_EXHAUSTED_PRIMALITY_UNASSIGNED,513,9595,9595
SLCMP02-0498,498,143247829,2^143247829-1,SEARCH_INPUT,STRUCTURAL_SCREEN_EXHAUSTED_PRIMALITY_UNASSIGNED,FIRST_SINGULARITY_SHELL_EXHAUSTED_PRIMALITY_UNASSIGNED,513,9595,9595
SLCMP02-0499,499,143247989,2^143247989-1,SEARCH_INPUT,STRUCTURAL_SCREEN_EXHAUSTED_PRIMALITY_UNASSIGNED,FIRST_SINGULARITY_SHELL_EXHAUSTED_PRIMALITY_UNASSIGNED,513,9595,9595
SLCMP02-0500,500,143248009,2^143248009-1,SEARCH_INPUT,STRUCTURAL_SCREEN_EXHAUSTED_PRIMALITY_UNASSIGNED,FIRST_SINGULARITY_SHELL_EXHAUSTED_PRIMALITY_UNASSIGNED,513,9595,9595
SLCMP02-0501,501,143248297,2^143248297-1,SEARCH_INPUT,STRUCTURAL_SCREEN_EXHAUSTED_PRIMALITY_UNASSIGNED,FIRST_SINGULARITY_SHELL_EXHAUSTED_PRIMALITY_UNASSIGNED,513,9595,9595
SLCMP02-0502,502,143248321,2^143248321-1,SEARCH_INPUT,STRUCTURAL_SCREEN_EXHAUSTED_PRIMALITY_UNASSIGNED,FIRST_SINGULARITY_SHELL_EXHAUSTED_PRIMALITY_UNASSIGNED,513,9595,9595
SLCMP02-0503,503,143248381,2^143248381-1,SEARCH_INPUT,STRUCTURAL_SCREEN_EXHAUSTED_PRIMALITY_UNASSIGNED,FIRST_SINGULARITY_SHELL_EXHAUSTED_PRIMALITY_UNASSIGNED,513,9595,9595
SLCMP02-0504,504,143248387,2^143248387-1,SEARCH_INPUT,STRUCTURAL_SCREEN_EXHAUSTED_PRIMALITY_UNASSIGNED,FIRST_SINGULARITY_SHELL_EXHAUSTED_PRIMALITY_UNASSIGNED,514,9595,9595
SLCMP02-0505,505,143248397,2^143248397-1,SEARCH_INPUT,STRUCTURAL_SCREEN_EXHAUSTED_PRIMALITY_UNASSIGNED,FIRST_SINGULARITY_SHELL_EXHAUSTED_PRIMALITY_UNASSIGNED,513,9595,9595
SLCMP02-0506,506,143248447,2^143248447-1,SEARCH_INPUT,STRUCTURAL_SCREEN_EXHAUSTED_PRIMALITY_UNASSIGNED,FIRST_SINGULARITY_SHELL_EXHAUSTED_PRIMALITY_UNASSIGNED,514,9595,9595
SLCMP02-0507,507,143248463,2^143248463-1,SEARCH_INPUT,STRUCTURAL_SCREEN_EXHAUSTED_PRIMALITY_UNASSIGNED,FIRST_SINGULARITY_SHELL_EXHAUSTED_PRIMALITY_UNASSIGNED,514,9595,9595
SLCMP02-0508,508,143248517,2^143248517-1,SEARCH_INPUT,STRUCTURAL_SCREEN_EXHAUSTED_PRIMALITY_UNASSIGNED,FIRST_SINGULARITY_SHELL_EXHAUSTED_PRIMALITY_UNASSIGNED,513,9595,9595
SLCMP02-0509,509,143248529,2^143248529-1,SEARCH_INPUT,STRUCTURAL_SCREEN_EXHAUSTED_PRIMALITY_UNASSIGNED,FIRST_SINGULARITY_SHELL_EXHAUSTED_PRIMALITY_UNASSIGNED,513,9595,9595
SLCMP02-0510,510,143248667,2^143248667-1,SEARCH_INPUT,STRUCTURAL_SCREEN_EXHAUSTED_PRIMALITY_UNASSIGNED,FIRST_SINGULARITY_SHELL_EXHAUSTED_PRIMALITY_UNASSIGNED,514,9595,9595
SLCMP02-0511,511,143248843,2^143248843-1,SEARCH_INPUT,STRUCTURAL_SCREEN_EXHAUSTED_PRIMALITY_UNASSIGNED,FIRST_SINGULARITY_SHELL_EXHAUSTED_PRIMALITY_UNASSIGNED,514,9595,9595
SLCMP02-0512,512,143248879,2^143248879-1,SEARCH_INPUT,STRUCTURAL_SCREEN_EXHAUSTED_PRIMALITY_UNASSIGNED,FIRST_SINGULARITY_SHELL_EXHAUSTED_PRIMALITY_UNASSIGNED,514,9595,9595
SLCMP02-0513,513,143248891,2^143248891-1,SEARCH_INPUT,STRUCTURAL_SCREEN_EXHAUSTED_PRIMALITY_UNASSIGNED,FIRST_SINGULARITY_SHELL_EXHAUSTED_PRIMALITY_UNASSIGNED,514,9595,9595
SLCMP02-0514,514,143248993,2^143248993-1,SEARCH_INPUT,STRUCTURAL_SCREEN_EXHAUSTED_PRIMALITY_UNASSIGNED,FIRST_SINGULARITY_SHELL_EXHAUSTED_PRIMALITY_UNASSIGNED,513,9595,9595
SLCMP02-0515,515,143249003,2^143249003-1,SEARCH_INPUT,STRUCTURAL_SCREEN_EXHAUSTED_PRIMALITY_UNASSIGNED,FIRST_SINGULARITY_SHELL_EXHAUSTED_PRIMALITY_UNASSIGNED,514,9595,9595
SLCMP02-0516,516,143249063,2^143249063-1,SEARCH_INPUT,STRUCTURAL_SCREEN_EXHAUSTED_PRIMALITY_UNASSIGNED,FIRST_SINGULARITY_SHELL_EXHAUSTED_PRIMALITY_UNASSIGNED,514,9595,9595
SLCMP02-0517,517,143249077,2^143249077-1,SEARCH_INPUT,STRUCTURAL_SCREEN_EXHAUSTED_PRIMALITY_UNASSIGNED,FIRST_SINGULARITY_SHELL_EXHAUSTED_PRIMALITY_UNASSIGNED,513,9595,9595
SLCMP02-0518,518,143249131,2^143249131-1,SEARCH_INPUT,STRUCTURAL_SCREEN_EXHAUSTED_PRIMALITY_UNASSIGNED,FIRST_SINGULARITY_SHELL_EXHAUSTED_PRIMALITY_UNASSIGNED,514,9595,9595
SLCMP02-0519,519,143249153,2^143249153-1,SEARCH_INPUT,STRUCTURAL_SCREEN_EXHAUSTED_PRIMALITY_UNASSIGNED,FIRST_SINGULARITY_SHELL_EXHAUSTED_PRIMALITY_UNASSIGNED,513,9595,9595
SLCMP02-0520,520,143249201,2^143249201-1,SEARCH_INPUT,STRUCTURAL_SCREEN_EXHAUSTED_PRIMALITY_UNASSIGNED,FIRST_SINGULARITY_SHELL_EXHAUSTED_PRIMALITY_UNASSIGNED,513,9595,9595
SLCMP02-0521,521,143249213,2^143249213-1,SEARCH_INPUT,STRUCTURAL_SCREEN_EXHAUSTED_PRIMALITY_UNASSIGNED,FIRST_SINGULARITY_SHELL_EXHAUSTED_PRIMALITY_UNASSIGNED,513,9595,9595
SLCMP02-0522,522,143249329,2^143249329-1,SEARCH_INPUT,STRUCTURAL_SCREEN_EXHAUSTED_PRIMALITY_UNASSIGNED,FIRST_SINGULARITY_SHELL_EXHAUSTED_PRIMALITY_UNASSIGNED,513,9595,9595
SLCMP02-0523,523,143249339,2^143249339-1,SEARCH_INPUT,STRUCTURAL_SCREEN_EXHAUSTED_PRIMALITY_UNASSIGNED,FIRST_SINGULARITY_SHELL_EXHAUSTED_PRIMALITY_UNASSIGNED,514,9595,9595
SLCMP02-0524,524,143249441,2^143249441-1,SEARCH_INPUT,STRUCTURAL_SCREEN_EXHAUSTED_PRIMALITY_UNASSIGNED,FIRST_SINGULARITY_SHELL_EXHAUSTED_PRIMALITY_UNASSIGNED,513,9595,9595
SLCMP02-0525,525,143249443,2^143249443-1,SEARCH_INPUT,STRUCTURAL_SCREEN_EXHAUSTED_PRIMALITY_UNASSIGNED,FIRST_SINGULARITY_SHELL_EXHAUSTED_PRIMALITY_UNASSIGNED,514,9595,9595
SLCMP02-0526,526,143249461,2^143249461-1,SEARCH_INPUT,STRUCTURAL_SCREEN_EXHAUSTED_PRIMALITY_UNASSIGNED,FIRST_SINGULARITY_SHELL_EXHAUSTED_PRIMALITY_UNASSIGNED,513,9595,9595
SLCMP02-0527,527,143249537,2^143249537-1,SEARCH_INPUT,STRUCTURAL_SCREEN_EXHAUSTED_PRIMALITY_UNASSIGNED,FIRST_SINGULARITY_SHELL_EXHAUSTED_PRIMALITY_UNASSIGNED,513,9595,9595
SLCMP02-0528,528,143249609,2^143249609-1,SEARCH_INPUT,STRUCTURAL_SCREEN_EXHAUSTED_PRIMALITY_UNASSIGNED,FIRST_SINGULARITY_SHELL_EXHAUSTED_PRIMALITY_UNASSIGNED,513,9595,9595
SLCMP02-0529,529,143249627,2^143249627-1,SEARCH_INPUT,STRUCTURAL_SCREEN_EXHAUSTED_PRIMALITY_UNASSIGNED,FIRST_SINGULARITY_SHELL_EXHAUSTED_PRIMALITY_UNASSIGNED,514,9595,9595
SLCMP02-0530,530,143249693,2^143249693-1,SEARCH_INPUT,STRUCTURAL_SCREEN_EXHAUSTED_PRIMALITY_UNASSIGNED,FIRST_SINGULARITY_SHELL_EXHAUSTED_PRIMALITY_UNASSIGNED,513,9595,9595
SLCMP02-0531,531,143249707,2^143249707-1,SEARCH_INPUT,STRUCTURAL_SCREEN_EXHAUSTED_PRIMALITY_UNASSIGNED,FIRST_SINGULARITY_SHELL_EXHAUSTED_PRIMALITY_UNASSIGNED,514,9595,9595
SLCMP02-0532,532,143249921,2^143249921-1,SEARCH_INPUT,STRUCTURAL_SCREEN_EXHAUSTED_PRIMALITY_UNASSIGNED,FIRST_SINGULARITY_SHELL_EXHAUSTED_PRIMALITY_UNASSIGNED,513,9595,9595
SLCMP02-0533,533,143250013,2^143250013-1,SEARCH_INPUT,STRUCTURAL_SCREEN_EXHAUSTED_PRIMALITY_UNASSIGNED,FIRST_SINGULARITY_SHELL_EXHAUSTED_PRIMALITY_UNASSIGNED,513,9595,9595
SLCMP02-0534,534,143250193,2^143250193-1,SEARCH_INPUT,STRUCTURAL_SCREEN_EXHAUSTED_PRIMALITY_UNASSIGNED,FIRST_SINGULARITY_SHELL_EXHAUSTED_PRIMALITY_UNASSIGNED,513,9595,9595
SLCMP02-0535,535,143250259,2^143250259-1,SEARCH_INPUT,STRUCTURAL_SCREEN_EXHAUSTED_PRIMALITY_UNASSIGNED,FIRST_SINGULARITY_SHELL_EXHAUSTED_PRIMALITY_UNASSIGNED,514,9595,9595
SLCMP02-0536,536,143250271,2^143250271-1,SEARCH_INPUT,STRUCTURAL_SCREEN_EXHAUSTED_PRIMALITY_UNASSIGNED,FIRST_SINGULARITY_SHELL_EXHAUSTED_PRIMALITY_UNASSIGNED,514,9595,9595
SLCMP02-0537,537,143250353,2^143250353-1,SEARCH_INPUT,STRUCTURAL_SCREEN_EXHAUSTED_PRIMALITY_UNASSIGNED,FIRST_SINGULARITY_SHELL_EXHAUSTED_PRIMALITY_UNASSIGNED,513,9595,9595
SLCMP02-0538,538,143250487,2^143250487-1,SEARCH_INPUT,STRUCTURAL_SCREEN_EXHAUSTED_PRIMALITY_UNASSIGNED,FIRST_SINGULARITY_SHELL_EXHAUSTED_PRIMALITY_UNASSIGNED,514,9595,9595
SLCMP02-0539,539,143250493,2^143250493-1,SEARCH_INPUT,STRUCTURAL_SCREEN_EXHAUSTED_PRIMALITY_UNASSIGNED,FIRST_SINGULARITY_SHELL_EXHAUSTED_PRIMALITY_UNASSIGNED,513,9595,9595
SLCMP02-0540,540,143250521,2^143250521-1,SEARCH_INPUT,STRUCTURAL_SCREEN_EXHAUSTED_PRIMALITY_UNASSIGNED,FIRST_SINGULARITY_SHELL_EXHAUSTED_PRIMALITY_UNASSIGNED,513,9595,9595
SLCMP02-0541,541,143250581,2^143250581-1,SEARCH_INPUT,STRUCTURAL_SCREEN_EXHAUSTED_PRIMALITY_UNASSIGNED,FIRST_SINGULARITY_SHELL_EXHAUSTED_PRIMALITY_UNASSIGNED,513,9595,9595
SLCMP02-0542,542,143250629,2^143250629-1,SEARCH_INPUT,STRUCTURAL_SCREEN_EXHAUSTED_PRIMALITY_UNASSIGNED,FIRST_SINGULARITY_SHELL_EXHAUSTED_PRIMALITY_UNASSIGNED,513,9595,9595
SLCMP02-0543,543,143250677,2^143250677-1,SEARCH_INPUT,STRUCTURAL_SCREEN_EXHAUSTED_PRIMALITY_UNASSIGNED,FIRST_SINGULARITY_SHELL_EXHAUSTED_PRIMALITY_UNASSIGNED,513,9595,9595
SLCMP02-0544,544,143250707,2^143250707-1,SEARCH_INPUT,STRUCTURAL_SCREEN_EXHAUSTED_PRIMALITY_UNASSIGNED,FIRST_SINGULARITY_SHELL_EXHAUSTED_PRIMALITY_UNASSIGNED,514,9595,9595
SLCMP02-0545,545,143250797,2^143250797-1,SEARCH_INPUT,STRUCTURAL_SCREEN_EXHAUSTED_PRIMALITY_UNASSIGNED,FIRST_SINGULARITY_SHELL_EXHAUSTED_PRIMALITY_UNASSIGNED,513,9595,9595
SLCMP02-0546,546,143250803,2^143250803-1,SEARCH_INPUT,STRUCTURAL_SCREEN_EXHAUSTED_PRIMALITY_UNASSIGNED,FIRST_SINGULARITY_SHELL_EXHAUSTED_PRIMALITY_UNASSIGNED,514,9595,9595
SLCMP02-0547,547,143251021,2^143251021-1,SEARCH_INPUT,STRUCTURAL_SCREEN_EXHAUSTED_PRIMALITY_UNASSIGNED,FIRST_SINGULARITY_SHELL_EXHAUSTED_PRIMALITY_UNASSIGNED,513,9595,9595
SLCMP02-0548,548,143251049,2^143251049-1,SEARCH_INPUT,STRUCTURAL_SCREEN_EXHAUSTED_PRIMALITY_UNASSIGNED,FIRST_SINGULARITY_SHELL_EXHAUSTED_PRIMALITY_UNASSIGNED,513,9595,9595
SLCMP02-0549,549,143251057,2^143251057-1,SEARCH_INPUT,STRUCTURAL_SCREEN_EXHAUSTED_PRIMALITY_UNASSIGNED,FIRST_SINGULARITY_SHELL_EXHAUSTED_PRIMALITY_UNASSIGNED,513,9595,9595
SLCMP02-0550,550,143251063,2^143251063-1,SEARCH_INPUT,STRUCTURAL_SCREEN_EXHAUSTED_PRIMALITY_UNASSIGNED,FIRST_SINGULARITY_SHELL_EXHAUSTED_PRIMALITY_UNASSIGNED,514,9595,9595
SLCMP02-0551,551,143251081,2^143251081-1,SEARCH_INPUT,STRUCTURAL_SCREEN_EXHAUSTED_PRIMALITY_UNASSIGNED,FIRST_SINGULARITY_SHELL_EXHAUSTED_PRIMALITY_UNASSIGNED,513,9595,9595
SLCMP02-0552,552,143251139,2^143251139-1,SEARCH_INPUT,STRUCTURAL_SCREEN_EXHAUSTED_PRIMALITY_UNASSIGNED,FIRST_SINGULARITY_SHELL_EXHAUSTED_PRIMALITY_UNASSIGNED,514,9595,9595
SLCMP02-0553,553,143251187,2^143251187-1,SEARCH_INPUT,STRUCTURAL_SCREEN_EXHAUSTED_PRIMALITY_UNASSIGNED,FIRST_SINGULARITY_SHELL_EXHAUSTED_PRIMALITY_UNASSIGNED,514,9595,9595
SLCMP02-0554,554,143251193,2^143251193-1,SEARCH_INPUT,STRUCTURAL_SCREEN_EXHAUSTED_PRIMALITY_UNASSIGNED,FIRST_SINGULARITY_SHELL_EXHAUSTED_PRIMALITY_UNASSIGNED,513,9595,9595
SLCMP02-0555,555,143251501,2^143251501-1,SEARCH_INPUT,STRUCTURAL_SCREEN_EXHAUSTED_PRIMALITY_UNASSIGNED,FIRST_SINGULARITY_SHELL_EXHAUSTED_PRIMALITY_UNASSIGNED,513,9595,9595
SLCMP02-0556,556,143251523,2^143251523-1,SEARCH_INPUT,STRUCTURAL_SCREEN_EXHAUSTED_PRIMALITY_UNASSIGNED,FIRST_SINGULARITY_SHELL_EXHAUSTED_PRIMALITY_UNASSIGNED,514,9595,9595
SLCMP02-0557,557,143251529,2^143251529-1,SEARCH_INPUT,STRUCTURAL_SCREEN_EXHAUSTED_PRIMALITY_UNASSIGNED,FIRST_SINGULARITY_SHELL_EXHAUSTED_PRIMALITY_UNASSIGNED,513,9595,9595
SLCMP02-0558,558,143251813,2^143251813-1,SEARCH_INPUT,STRUCTURAL_SCREEN_EXHAUSTED_PRIMALITY_UNASSIGNED,FIRST_SINGULARITY_SHELL_EXHAUSTED_PRIMALITY_UNASSIGNED,513,9595,9595
SLCMP02-0559,559,143251891,2^143251891-1,SEARCH_INPUT,STRUCTURAL_SCREEN_EXHAUSTED_PRIMALITY_UNASSIGNED,FIRST_SINGULARITY_SHELL_EXHAUSTED_PRIMALITY_UNASSIGNED,514,9595,9595
SLCMP02-0560,560,143252167,2^143252167-1,SEARCH_INPUT,STRUCTURAL_SCREEN_EXHAUSTED_PRIMALITY_UNASSIGNED,FIRST_SINGULARITY_SHELL_EXHAUSTED_PRIMALITY_UNASSIGNED,514,9595,9595
SLCMP02-0561,561,143252171,2^143252171-1,SEARCH_INPUT,STRUCTURAL_SCREEN_EXHAUSTED_PRIMALITY_UNASSIGNED,FIRST_SINGULARITY_SHELL_EXHAUSTED_PRIMALITY_UNASSIGNED,514,9595,9595
SLCMP02-0562,562,143252281,2^143252281-1,SEARCH_INPUT,STRUCTURAL_SCREEN_EXHAUSTED_PRIMALITY_UNASSIGNED,FIRST_SINGULARITY_SHELL_EXHAUSTED_PRIMALITY_UNASSIGNED,513,9595,9595
SLCMP02-0563,563,143252321,2^143252321-1,SEARCH_INPUT,STRUCTURAL_SCREEN_EXHAUSTED_PRIMALITY_UNASSIGNED,FIRST_SINGULARITY_SHELL_EXHAUSTED_PRIMALITY_UNASSIGNED,513,9595,9595
SLCMP02-0564,564,143252323,2^143252323-1,SEARCH_INPUT,STRUCTURAL_SCREEN_EXHAUSTED_PRIMALITY_UNASSIGNED,FIRST_SINGULARITY_SHELL_EXHAUSTED_PRIMALITY_UNASSIGNED,514,9595,9595
SLCMP02-0565,565,143252377,2^143252377-1,SEARCH_INPUT,STRUCTURAL_SCREEN_EXHAUSTED_PRIMALITY_UNASSIGNED,FIRST_SINGULARITY_SHELL_EXHAUSTED_PRIMALITY_UNASSIGNED,513,9595,9595
SLCMP02-0566,566,143252383,2^143252383-1,SEARCH_INPUT,STRUCTURAL_SCREEN_EXHAUSTED_PRIMALITY_UNASSIGNED,FIRST_SINGULARITY_SHELL_EXHAUSTED_PRIMALITY_UNASSIGNED,514,9595,9595
SLCMP02-0567,567,143252443,2^143252443-1,SEARCH_INPUT,STRUCTURAL_SCREEN_EXHAUSTED_PRIMALITY_UNASSIGNED,FIRST_SINGULARITY_SHELL_EXHAUSTED_PRIMALITY_UNASSIGNED,514,9595,9595
SLCMP02-0568,568,143252521,2^143252521-1,SEARCH_INPUT,STRUCTURAL_SCREEN_EXHAUSTED_PRIMALITY_UNASSIGNED,FIRST_SINGULARITY_SHELL_EXHAUSTED_PRIMALITY_UNASSIGNED,513,9595,9595
SLCMP02-0569,569,143252639,2^143252639-1,SEARCH_INPUT,STRUCTURAL_SCREEN_EXHAUSTED_PRIMALITY_UNASSIGNED,FIRST_SINGULARITY_SHELL_EXHAUSTED_PRIMALITY_UNASSIGNED,514,9595,9595
SLCMP02-0570,570,143252731,2^143252731-1,SEARCH_INPUT,STRUCTURAL_SCREEN_EXHAUSTED_PRIMALITY_UNASSIGNED,FIRST_SINGULARITY_SHELL_EXHAUSTED_PRIMALITY_UNASSIGNED,514,9595,9595
SLCMP02-0571,571,143252807,2^143252807-1,SEARCH_INPUT,STRUCTURAL_SCREEN_EXHAUSTED_PRIMALITY_UNASSIGNED,FIRST_SINGULARITY_SHELL_EXHAUSTED_PRIMALITY_UNASSIGNED,514,9595,9595
SLCMP02-0572,572,143252861,2^143252861-1,SEARCH_INPUT,STRUCTURAL_SCREEN_EXHAUSTED_PRIMALITY_UNASSIGNED,FIRST_SINGULARITY_SHELL_EXHAUSTED_PRIMALITY_UNASSIGNED,513,9595,9595
SLCMP02-0573,573,143252939,2^143252939-1,SEARCH_INPUT,STRUCTURAL_SCREEN_EXHAUSTED_PRIMALITY_UNASSIGNED,FIRST_SINGULARITY_SHELL_EXHAUSTED_PRIMALITY_UNASSIGNED,514,9595,9595
SLCMP02-0574,574,143253041,2^143253041-1,SEARCH_INPUT,STRUCTURAL_SCREEN_EXHAUSTED_PRIMALITY_UNASSIGNED,FIRST_SINGULARITY_SHELL_EXHAUSTED_PRIMALITY_UNASSIGNED,513,9595,9595
SLCMP02-0575,575,143253059,2^143253059-1,SEARCH_INPUT,STRUCTURAL_SCREEN_EXHAUSTED_PRIMALITY_UNASSIGNED,FIRST_SINGULARITY_SHELL_EXHAUSTED_PRIMALITY_UNASSIGNED,514,9595,9595
SLCMP02-0576,576,143253211,2^143253211-1,SEARCH_INPUT,STRUCTURAL_SCREEN_EXHAUSTED_PRIMALITY_UNASSIGNED,FIRST_SINGULARITY_SHELL_EXHAUSTED_PRIMALITY_UNASSIGNED,514,9595,9595
SLCMP02-0577,577,143253289,2^143253289-1,SEARCH_INPUT,STRUCTURAL_SCREEN_EXHAUSTED_PRIMALITY_UNASSIGNED,FIRST_SINGULARITY_SHELL_EXHAUSTED_PRIMALITY_UNASSIGNED,513,9595,9595
SLCMP02-0578,578,143253323,2^143253323-1,SEARCH_INPUT,STRUCTURAL_SCREEN_EXHAUSTED_PRIMALITY_UNASSIGNED,FIRST_SINGULARITY_SHELL_EXHAUSTED_PRIMALITY_UNASSIGNED,514,9595,9595
SLCMP02-0579,579,143253343,2^143253343-1,SEARCH_INPUT,STRUCTURAL_SCREEN_EXHAUSTED_PRIMALITY_UNASSIGNED,FIRST_SINGULARITY_SHELL_EXHAUSTED_PRIMALITY_UNASSIGNED,514,9595,9595
SLCMP02-0580,580,143253431,2^143253431-1,SEARCH_INPUT,STRUCTURAL_SCREEN_EXHAUSTED_PRIMALITY_UNASSIGNED,FIRST_SINGULARITY_SHELL_EXHAUSTED_PRIMALITY_UNASSIGNED,514,9595,9595
SLCMP02-0581,581,143253443,2^143253443-1,SEARCH_INPUT,STRUCTURAL_SCREEN_EXHAUSTED_PRIMALITY_UNASSIGNED,FIRST_SINGULARITY_SHELL_EXHAUSTED_PRIMALITY_UNASSIGNED,514,9595,9595
SLCMP02-0582,582,143253503,2^143253503-1,SEARCH_INPUT,STRUCTURAL_SCREEN_EXHAUSTED_PRIMALITY_UNASSIGNED,FIRST_SINGULARITY_SHELL_EXHAUSTED_PRIMALITY_UNASSIGNED,514,9595,9595
SLCMP02-0583,583,143253569,2^143253569-1,SEARCH_INPUT,STRUCTURAL_SCREEN_EXHAUSTED_PRIMALITY_UNASSIGNED,FIRST_SINGULARITY_SHELL_EXHAUSTED_PRIMALITY_UNASSIGNED,513,9595,9595
SLCMP02-0584,584,143253701,2^143253701-1,SEARCH_INPUT,STRUCTURAL_SCREEN_EXHAUSTED_PRIMALITY_UNASSIGNED,FIRST_SINGULARITY_SHELL_EXHAUSTED_PRIMALITY_UNASSIGNED,513,9595,9595
SLCMP02-0585,585,143253703,2^143253703-1,SEARCH_INPUT,STRUCTURAL_SCREEN_EXHAUSTED_PRIMALITY_UNASSIGNED,FIRST_SINGULARITY_SHELL_EXHAUSTED_PRIMALITY_UNASSIGNED,514,9595,9595
SLCMP02-0586,586,143253709,2^143253709-1,SEARCH_INPUT,STRUCTURAL_SCREEN_EXHAUSTED_PRIMALITY_UNASSIGNED,FIRST_SINGULARITY_SHELL_EXHAUSTED_PRIMALITY_UNASSIGNED,513,9595,9595
SLCMP02-0587,587,143253779,2^143253779-1,SEARCH_INPUT,STRUCTURAL_SCREEN_EXHAUSTED_PRIMALITY_UNASSIGNED,FIRST_SINGULARITY_SHELL_EXHAUSTED_PRIMALITY_UNASSIGNED,514,9595,9595
SLCMP02-0588,588,143253811,2^143253811-1,SEARCH_INPUT,STRUCTURAL_SCREEN_EXHAUSTED_PRIMALITY_UNASSIGNED,FIRST_SINGULARITY_SHELL_EXHAUSTED_PRIMALITY_UNASSIGNED,514,9595,9595
SLCMP02-0589,589,143253991,2^143253991-1,SEARCH_INPUT,STRUCTURAL_SCREEN_EXHAUSTED_PRIMALITY_UNASSIGNED,FIRST_SINGULARITY_SHELL_EXHAUSTED_PRIMALITY_UNASSIGNED,514,9595,9595
SLCMP02-0590,590,143254039,2^143254039-1,SEARCH_INPUT,STRUCTURAL_SCREEN_EXHAUSTED_PRIMALITY_UNASSIGNED,FIRST_SINGULARITY_SHELL_EXHAUSTED_PRIMALITY_UNASSIGNED,514,9595,9595
SLCMP02-0591,591,143254217,2^143254217-1,SEARCH_INPUT,STRUCTURAL_SCREEN_EXHAUSTED_PRIMALITY_UNASSIGNED,FIRST_SINGULARITY_SHELL_EXHAUSTED_PRIMALITY_UNASSIGNED,513,9595,9595
SLCMP02-0592,592,143254249,2^143254249-1,SEARCH_INPUT,STRUCTURAL_SCREEN_EXHAUSTED_PRIMALITY_UNASSIGNED,FIRST_SINGULARITY_SHELL_EXHAUSTED_PRIMALITY_UNASSIGNED,513,9595,9595
SLCMP02-0593,593,143254253,2^143254253-1,SEARCH_INPUT,STRUCTURAL_SCREEN_EXHAUSTED_PRIMALITY_UNASSIGNED,FIRST_SINGULARITY_SHELL_EXHAUSTED_PRIMALITY_UNASSIGNED,513,9595,9595
SLCMP02-0594,594,143254289,2^143254289-1,SEARCH_INPUT,STRUCTURAL_SCREEN_EXHAUSTED_PRIMALITY_UNASSIGNED,FIRST_SINGULARITY_SHELL_EXHAUSTED_PRIMALITY_UNASSIGNED,513,9595,9595
SLCMP02-0595,595,143254381,2^143254381-1,SEARCH_INPUT,STRUCTURAL_SCREEN_EXHAUSTED_PRIMALITY_UNASSIGNED,FIRST_SINGULARITY_SHELL_EXHAUSTED_PRIMALITY_UNASSIGNED,513,9595,9595
SLCMP02-0596,596,143254421,2^143254421-1,SEARCH_INPUT,STRUCTURAL_SCREEN_EXHAUSTED_PRIMALITY_UNASSIGNED,FIRST_SINGULARITY_SHELL_EXHAUSTED_PRIMALITY_UNASSIGNED,513,9595,9595
SLCMP02-0597,597,143254523,2^143254523-1,SEARCH_INPUT,STRUCTURAL_SCREEN_EXHAUSTED_PRIMALITY_UNASSIGNED,FIRST_SINGULARITY_SHELL_EXHAUSTED_PRIMALITY_UNASSIGNED,514,9595,9595
SLCMP02-0598,598,143254561,2^143254561-1,SEARCH_INPUT,STRUCTURAL_SCREEN_EXHAUSTED_PRIMALITY_UNASSIGNED,FIRST_SINGULARITY_SHELL_EXHAUSTED_PRIMALITY_UNASSIGNED,513,9595,9595
SLCMP02-0599,599,143254567,2^143254567-1,SEARCH_INPUT,STRUCTURAL_SCREEN_EXHAUSTED_PRIMALITY_UNASSIGNED,FIRST_SINGULARITY_SHELL_EXHAUSTED_PRIMALITY_UNASSIGNED,514,9595,9595
SLCMP02-0600,600,143254589,2^143254589-1,SEARCH_INPUT,STRUCTURAL_SCREEN_EXHAUSTED_PRIMALITY_UNASSIGNED,FIRST_SINGULARITY_SHELL_EXHAUSTED_PRIMALITY_UNASSIGNED,513,9595,9595
SLCMP02-0601,601,143254711,2^143254711-1,SEARCH_INPUT,STRUCTURAL_SCREEN_EXHAUSTED_PRIMALITY_UNASSIGNED,FIRST_SINGULARITY_SHELL_EXHAUSTED_PRIMALITY_UNASSIGNED,514,9595,9595
SLCMP02-0602,602,143254789,2^143254789-1,SEARCH_INPUT,STRUCTURAL_SCREEN_EXHAUSTED_PRIMALITY_UNASSIGNED,FIRST_SINGULARITY_SHELL_EXHAUSTED_PRIMALITY_UNASSIGNED,513,9595,9595
SLCMP02-0603,603,143254841,2^143254841-1,SEARCH_INPUT,STRUCTURAL_SCREEN_EXHAUSTED_PRIMALITY_UNASSIGNED,FIRST_SINGULARITY_SHELL_EXHAUSTED_PRIMALITY_UNASSIGNED,513,9595,9595
SLCMP02-0604,604,143254963,2^143254963-1,SEARCH_INPUT,STRUCTURAL_SCREEN_EXHAUSTED_PRIMALITY_UNASSIGNED,FIRST_SINGULARITY_SHELL_EXHAUSTED_PRIMALITY_UNASSIGNED,514,9595,9595
SLCMP02-0605,605,143255011,2^143255011-1,SEARCH_INPUT,STRUCTURAL_SCREEN_EXHAUSTED_PRIMALITY_UNASSIGNED,FIRST_SINGULARITY_SHELL_EXHAUSTED_PRIMALITY_UNASSIGNED,514,9595,9595
SLCMP02-0606,606,143255027,2^143255027-1,SEARCH_INPUT,STRUCTURAL_SCREEN_EXHAUSTED_PRIMALITY_UNASSIGNED,FIRST_SINGULARITY_SHELL_EXHAUSTED_PRIMALITY_UNASSIGNED,514,9595,9595
SLCMP02-0607,607,143255087,2^143255087-1,SEARCH_INPUT,STRUCTURAL_SCREEN_EXHAUSTED_PRIMALITY_UNASSIGNED,FIRST_SINGULARITY_SHELL_EXHAUSTED_PRIMALITY_UNASSIGNED,514,9595,9595
SLCMP02-0608,608,143255227,2^143255227-1,SEARCH_INPUT,STRUCTURAL_SCREEN_EXHAUSTED_PRIMALITY_UNASSIGNED,FIRST_SINGULARITY_SHELL_EXHAUSTED_PRIMALITY_UNASSIGNED,514,9595,9595
SLCMP02-0609,609,143255251,2^143255251-1,SEARCH_INPUT,STRUCTURAL_SCREEN_EXHAUSTED_PRIMALITY_UNASSIGNED,FIRST_SINGULARITY_SHELL_EXHAUSTED_PRIMALITY_UNASSIGNED,514,9595,9595
SLCMP02-0610,610,143255291,2^143255291-1,SEARCH_INPUT,STRUCTURAL_SCREEN_EXHAUSTED_PRIMALITY_UNASSIGNED,FIRST_SINGULARITY_SHELL_EXHAUSTED_PRIMALITY_UNASSIGNED,514,9595,9595
SLCMP02-0611,611,143255347,2^143255347-1,SEARCH_INPUT,STRUCTURAL_SCREEN_EXHAUSTED_PRIMALITY_UNASSIGNED,FIRST_SINGULARITY_SHELL_EXHAUSTED_PRIMALITY_UNASSIGNED,514,9595,9595
SLCMP02-0612,612,143255381,2^143255381-1,SEARCH_INPUT,STRUCTURAL_SCREEN_EXHAUSTED_PRIMALITY_UNASSIGNED,FIRST_SINGULARITY_SHELL_EXHAUSTED_PRIMALITY_UNASSIGNED,513,9595,9595
SLCMP02-0613,613,143255641,2^143255641-1,SEARCH_INPUT,STRUCTURAL_SCREEN_EXHAUSTED_PRIMALITY_UNASSIGNED,FIRST_SINGULARITY_SHELL_EXHAUSTED_PRIMALITY_UNASSIGNED,513,9595,9595
SLCMP02-0614,614,143255699,2^143255699-1,SEARCH_INPUT,STRUCTURAL_SCREEN_EXHAUSTED_PRIMALITY_UNASSIGNED,FIRST_SINGULARITY_SHELL_EXHAUSTED_PRIMALITY_UNASSIGNED,514,9595,9595
SLCMP02-0615,615,143255963,2^143255963-1,SEARCH_INPUT,STRUCTURAL_SCREEN_EXHAUSTED_PRIMALITY_UNASSIGNED,FIRST_SINGULARITY_SHELL_EXHAUSTED_PRIMALITY_UNASSIGNED,514,9595,9595
SLCMP02-0616,616,143255989,2^143255989-1,SEARCH_INPUT,STRUCTURAL_SCREEN_EXHAUSTED_PRIMALITY_UNASSIGNED,FIRST_SINGULARITY_SHELL_EXHAUSTED_PRIMALITY_UNASSIGNED,513,9595,9595
SLCMP02-0617,617,143256073,2^143256073-1,SEARCH_INPUT,STRUCTURAL_SCREEN_EXHAUSTED_PRIMALITY_UNASSIGNED,FIRST_SINGULARITY_SHELL_EXHAUSTED_PRIMALITY_UNASSIGNED,513,9595,9595
SLCMP02-0618,618,143256083,2^143256083-1,SEARCH_INPUT,STRUCTURAL_SCREEN_EXHAUSTED_PRIMALITY_UNASSIGNED,FIRST_SINGULARITY_SHELL_EXHAUSTED_PRIMALITY_UNASSIGNED,514,9595,9595
SLCMP02-0619,619,143256097,2^143256097-1,SEARCH_INPUT,STRUCTURAL_SCREEN_EXHAUSTED_PRIMALITY_UNASSIGNED,FIRST_SINGULARITY_SHELL_EXHAUSTED_PRIMALITY_UNASSIGNED,513,9595,9595
SLCMP02-0620,620,143256109,2^143256109-1,SEARCH_INPUT,STRUCTURAL_SCREEN_EXHAUSTED_PRIMALITY_UNASSIGNED,FIRST_SINGULARITY_SHELL_EXHAUSTED_PRIMALITY_UNASSIGNED,513,9595,9595
SLCMP02-0621,621,143256187,2^143256187-1,SEARCH_INPUT,STRUCTURAL_SCREEN_EXHAUSTED_PRIMALITY_UNASSIGNED,FIRST_SINGULARITY_SHELL_EXHAUSTED_PRIMALITY_UNASSIGNED,514,9595,9595
SLCMP02-0622,622,143256313,2^143256313-1,SEARCH_INPUT,STRUCTURAL_SCREEN_EXHAUSTED_PRIMALITY_UNASSIGNED,FIRST_SINGULARITY_SHELL_EXHAUSTED_PRIMALITY_UNASSIGNED,513,9595,9595
SLCMP02-0623,623,143256353,2^143256353-1,SEARCH_INPUT,STRUCTURAL_SCREEN_EXHAUSTED_PRIMALITY_UNASSIGNED,FIRST_SINGULARITY_SHELL_EXHAUSTED_PRIMALITY_UNASSIGNED,513,9595,9595
SLCMP02-0624,624,143256359,2^143256359-1,SEARCH_INPUT,STRUCTURAL_SCREEN_EXHAUSTED_PRIMALITY_UNASSIGNED,FIRST_SINGULARITY_SHELL_EXHAUSTED_PRIMALITY_UNASSIGNED,514,9595,9595
SLCMP02-0625,625,143256431,2^143256431-1,SEARCH_INPUT,STRUCTURAL_SCREEN_EXHAUSTED_PRIMALITY_UNASSIGNED,FIRST_SINGULARITY_SHELL_EXHAUSTED_PRIMALITY_UNASSIGNED,514,9595,9595
SLCMP02-0626,626,143256439,2^143256439-1,SEARCH_INPUT,STRUCTURAL_SCREEN_EXHAUSTED_PRIMALITY_UNASSIGNED,FIRST_SINGULARITY_SHELL_EXHAUSTED_PRIMALITY_UNASSIGNED,514,9595,9595
SLCMP02-0627,627,143256511,2^143256511-1,SEARCH_INPUT,STRUCTURAL_SCREEN_EXHAUSTED_PRIMALITY_UNASSIGNED,FIRST_SINGULARITY_SHELL_EXHAUSTED_PRIMALITY_UNASSIGNED,514,9595,9595
SLCMP02-0628,628,143256557,2^143256557-1,SEARCH_INPUT,STRUCTURAL_SCREEN_EXHAUSTED_PRIMALITY_UNASSIGNED,FIRST_SINGULARITY_SHELL_EXHAUSTED_PRIMALITY_UNASSIGNED,513,9595,9595
SLCMP02-0629,629,143256679,2^143256679-1,SEARCH_INPUT,STRUCTURAL_SCREEN_EXHAUSTED_PRIMALITY_UNASSIGNED,FIRST_SINGULARITY_SHELL_EXHAUSTED_PRIMALITY_UNASSIGNED,514,9595,9595
SLCMP02-0630,630,143256793,2^143256793-1,SEARCH_INPUT,STRUCTURAL_SCREEN_EXHAUSTED_PRIMALITY_UNASSIGNED,FIRST_SINGULARITY_SHELL_EXHAUSTED_PRIMALITY_UNASSIGNED,513,9595,9595
SLCMP02-0631,631,143256821,2^143256821-1,SEARCH_INPUT,STRUCTURAL_SCREEN_EXHAUSTED_PRIMALITY_UNASSIGNED,FIRST_SINGULARITY_SHELL_EXHAUSTED_PRIMALITY_UNASSIGNED,513,9595,9595
SLCMP02-0632,632,143256877,2^143256877-1,SEARCH_INPUT,STRUCTURAL_SCREEN_EXHAUSTED_PRIMALITY_UNASSIGNED,FIRST_SINGULARITY_SHELL_EXHAUSTED_PRIMALITY_UNASSIGNED,513,9595,9595
SLCMP02-0633,633,143256881,2^143256881-1,SEARCH_INPUT,STRUCTURAL_SCREEN_EXHAUSTED_PRIMALITY_UNASSIGNED,FIRST_SINGULARITY_SHELL_EXHAUSTED_PRIMALITY_UNASSIGNED,513,9595,9595
SLCMP02-0634,634,143256989,2^143256989-1,SEARCH_INPUT,STRUCTURAL_SCREEN_EXHAUSTED_PRIMALITY_UNASSIGNED,FIRST_SINGULARITY_SHELL_EXHAUSTED_PRIMALITY_UNASSIGNED,513,9595,9595
SLCMP02-0635,635,143257033,2^143257033-1,SEARCH_INPUT,STRUCTURAL_SCREEN_EXHAUSTED_PRIMALITY_UNASSIGNED,FIRST_SINGULARITY_SHELL_EXHAUSTED_PRIMALITY_UNASSIGNED,513,9595,9595
SLCMP02-0636,636,143257091,2^143257091-1,SEARCH_INPUT,STRUCTURAL_SCREEN_EXHAUSTED_PRIMALITY_UNASSIGNED,FIRST_SINGULARITY_SHELL_EXHAUSTED_PRIMALITY_UNASSIGNED,514,9595,9595
SLCMP02-0637,637,143257151,2^143257151-1,SEARCH_INPUT,STRUCTURAL_SCREEN_EXHAUSTED_PRIMALITY_UNASSIGNED,FIRST_SINGULARITY_SHELL_EXHAUSTED_PRIMALITY_UNASSIGNED,514,9595,9595
SLCMP02-0638,638,143257183,2^143257183-1,SEARCH_INPUT,STRUCTURAL_SCREEN_EXHAUSTED_PRIMALITY_UNASSIGNED,FIRST_SINGULARITY_SHELL_EXHAUSTED_PRIMALITY_UNASSIGNED,514,9595,9595
SLCMP02-0639,639,143257193,2^143257193-1,SEARCH_INPUT,STRUCTURAL_SCREEN_EXHAUSTED_PRIMALITY_UNASSIGNED,FIRST_SINGULARITY_SHELL_EXHAUSTED_PRIMALITY_UNASSIGNED,513,9595,9595
SLCMP02-0640,640,143257273,2^143257273-1,SEARCH_INPUT,STRUCTURAL_SCREEN_EXHAUSTED_PRIMALITY_UNASSIGNED,FIRST_SINGULARITY_SHELL_EXHAUSTED_PRIMALITY_UNASSIGNED,513,9595,9595
SLCMP02-0641,641,143257333,2^143257333-1,SEARCH_INPUT,STRUCTURAL_SCREEN_EXHAUSTED_PRIMALITY_UNASSIGNED,FIRST_SINGULARITY_SHELL_EXHAUSTED_PRIMALITY_UNASSIGNED,513,9595,9595
SLCMP02-0642,642,143257399,2^143257399-1,SEARCH_INPUT,STRUCTURAL_SCREEN_EXHAUSTED_PRIMALITY_UNASSIGNED,FIRST_SINGULARITY_SHELL_EXHAUSTED_PRIMALITY_UNASSIGNED,514,9595,9595
SLCMP02-0643,643,143257423,2^143257423-1,SEARCH_INPUT,STRUCTURAL_SCREEN_EXHAUSTED_PRIMALITY_UNASSIGNED,FIRST_SINGULARITY_SHELL_EXHAUSTED_PRIMALITY_UNASSIGNED,514,9595,9595
SLCMP02-0644,644,143257427,2^143257427-1,SEARCH_INPUT,STRUCTURAL_SCREEN_EXHAUSTED_PRIMALITY_UNASSIGNED,FIRST_SINGULARITY_SHELL_EXHAUSTED_PRIMALITY_UNASSIGNED,514,9595,9595
SLCMP02-0645,645,143257507,2^143257507-1,SEARCH_INPUT,STRUCTURAL_SCREEN_EXHAUSTED_PRIMALITY_UNASSIGNED,FIRST_SINGULARITY_SHELL_EXHAUSTED_PRIMALITY_UNASSIGNED,514,9595,9595
SLCMP02-0646,646,143257523,2^143257523-1,SEARCH_INPUT,STRUCTURAL_SCREEN_EXHAUSTED_PRIMALITY_UNASSIGNED,FIRST_SINGULARITY_SHELL_EXHAUSTED_PRIMALITY_UNASSIGNED,514,9595,9595
SLCMP02-0647,647,143257529,2^143257529-1,SEARCH_INPUT,STRUCTURAL_SCREEN_EXHAUSTED_PRIMALITY_UNASSIGNED,FIRST_SINGULARITY_SHELL_EXHAUSTED_PRIMALITY_UNASSIGNED,513,9595,9595
SLCMP02-0648,648,143257537,2^143257537-1,SEARCH_INPUT,STRUCTURAL_SCREEN_EXHAUSTED_PRIMALITY_UNASSIGNED,FIRST_SINGULARITY_SHELL_EXHAUSTED_PRIMALITY_UNASSIGNED,513,9595,9595
SLCMP02-0649,649,143257613,2^143257613-1,SEARCH_INPUT,STRUCTURAL_SCREEN_EXHAUSTED_PRIMALITY_UNASSIGNED,FIRST_SINGULARITY_SHELL_EXHAUSTED_PRIMALITY_UNASSIGNED,513,9595,9595
SLCMP02-0650,650,143257643,2^143257643-1,SEARCH_INPUT,STRUCTURAL_SCREEN_EXHAUSTED_PRIMALITY_UNASSIGNED,FIRST_SINGULARITY_SHELL_EXHAUSTED_PRIMALITY_UNASSIGNED,514,9595,9595
SLCMP02-0651,651,143257717,2^143257717-1,SEARCH_INPUT,STRUCTURAL_SCREEN_EXHAUSTED_PRIMALITY_UNASSIGNED,FIRST_SINGULARITY_SHELL_EXHAUSTED_PRIMALITY_UNASSIGNED,513,9595,9595
SLCMP02-0652,652,143257769,2^143257769-1,SEARCH_INPUT,STRUCTURAL_SCREEN_EXHAUSTED_PRIMALITY_UNASSIGNED,FIRST_SINGULARITY_SHELL_EXHAUSTED_PRIMALITY_UNASSIGNED,513,9595,9595
SLCMP02-0653,653,143257787,2^143257787-1,SEARCH_INPUT,STRUCTURAL_SCREEN_EXHAUSTED_PRIMALITY_UNASSIGNED,FIRST_SINGULARITY_SHELL_EXHAUSTED_PRIMALITY_UNASSIGNED,514,9595,9595
SLCMP02-0654,654,143257903,2^143257903-1,SEARCH_INPUT,STRUCTURAL_SCREEN_EXHAUSTED_PRIMALITY_UNASSIGNED,FIRST_SINGULARITY_SHELL_EXHAUSTED_PRIMALITY_UNASSIGNED,514,9595,9595
SLCMP02-0655,655,143258051,2^143258051-1,SEARCH_INPUT,STRUCTURAL_SCREEN_EXHAUSTED_PRIMALITY_UNASSIGNED,FIRST_SINGULARITY_SHELL_EXHAUSTED_PRIMALITY_UNASSIGNED,514,9595,9595
SLCMP02-0656,656,143258113,2^143258113-1,SEARCH_INPUT,STRUCTURAL_SCREEN_EXHAUSTED_PRIMALITY_UNASSIGNED,FIRST_SINGULARITY_SHELL_EXHAUSTED_PRIMALITY_UNASSIGNED,513,9595,9595
SLCMP02-0657,657,143258131,2^143258131-1,SEARCH_INPUT,STRUCTURAL_SCREEN_EXHAUSTED_PRIMALITY_UNASSIGNED,FIRST_SINGULARITY_SHELL_EXHAUSTED_PRIMALITY_UNASSIGNED,514,9595,9595
SLCMP02-0658,658,143258147,2^143258147-1,SEARCH_INPUT,STRUCTURAL_SCREEN_EXHAUSTED_PRIMALITY_UNASSIGNED,FIRST_SINGULARITY_SHELL_EXHAUSTED_PRIMALITY_UNASSIGNED,514,9595,9595
SLCMP02-0659,659,143258221,2^143258221-1,SEARCH_INPUT,STRUCTURAL_SCREEN_EXHAUSTED_PRIMALITY_UNASSIGNED,FIRST_SINGULARITY_SHELL_EXHAUSTED_PRIMALITY_UNASSIGNED,513,9595,9595
SLCMP02-0660,660,143258243,2^143258243-1,SEARCH_INPUT,STRUCTURAL_SCREEN_EXHAUSTED_PRIMALITY_UNASSIGNED,FIRST_SINGULARITY_SHELL_EXHAUSTED_PRIMALITY_UNASSIGNED,514,9595,9595
SLCMP02-0661,661,143258251,2^143258251-1,SEARCH_INPUT,STRUCTURAL_SCREEN_EXHAUSTED_PRIMALITY_UNASSIGNED,FIRST_SINGULARITY_SHELL_EXHAUSTED_PRIMALITY_UNASSIGNED,514,9595,9595
SLCMP02-0662,662,143258263,2^143258263-1,SEARCH_INPUT,STRUCTURAL_SCREEN_EXHAUSTED_PRIMALITY_UNASSIGNED,FIRST_SINGULARITY_SHELL_EXHAUSTED_PRIMALITY_UNASSIGNED,514,9595,9595
SLCMP02-0663,663,143258369,2^143258369-1,SEARCH_INPUT,STRUCTURAL_SCREEN_EXHAUSTED_PRIMALITY_UNASSIGNED,FIRST_SINGULARITY_SHELL_EXHAUSTED_PRIMALITY_UNASSIGNED,513,9595,9595
SLCMP02-0664,664,143258383,2^143258383-1,SEARCH_INPUT,STRUCTURAL_SCREEN_EXHAUSTED_PRIMALITY_UNASSIGNED,FIRST_SINGULARITY_SHELL_EXHAUSTED_PRIMALITY_UNASSIGNED,514,9595,9595
SLCMP02-0665,665,143258447,2^143258447-1,SEARCH_INPUT,STRUCTURAL_SCREEN_EXHAUSTED_PRIMALITY_UNASSIGNED,FIRST_SINGULARITY_SHELL_EXHAUSTED_PRIMALITY_UNASSIGNED,514,9595,9595
SLCMP02-0666,666,143258503,2^143258503-1,SEARCH_INPUT,STRUCTURAL_SCREEN_EXHAUSTED_PRIMALITY_UNASSIGNED,FIRST_SINGULARITY_SHELL_EXHAUSTED_PRIMALITY_UNASSIGNED,514,9595,9595
SLCMP02-0667,667,143258693,2^143258693-1,SEARCH_INPUT,STRUCTURAL_SCREEN_EXHAUSTED_PRIMALITY_UNASSIGNED,FIRST_SINGULARITY_SHELL_EXHAUSTED_PRIMALITY_UNASSIGNED,513,9595,9595
SLCMP02-0668,668,143258723,2^143258723-1,SEARCH_INPUT,STRUCTURAL_SCREEN_EXHAUSTED_PRIMALITY_UNASSIGNED,FIRST_SINGULARITY_SHELL_EXHAUSTED_PRIMALITY_UNASSIGNED,514,9595,9595
SLCMP02-0669,669,143258851,2^143258851-1,SEARCH_INPUT,STRUCTURAL_SCREEN_EXHAUSTED_PRIMALITY_UNASSIGNED,FIRST_SINGULARITY_SHELL_EXHAUSTED_PRIMALITY_UNASSIGNED,514,9595,9595
SLCMP02-0670,670,143258987,2^143258987-1,SEARCH_INPUT,STRUCTURAL_SCREEN_EXHAUSTED_PRIMALITY_UNASSIGNED,FIRST_SINGULARITY_SHELL_EXHAUSTED_PRIMALITY_UNASSIGNED,514,9595,9595
SLCMP02-0671,671,143259041,2^143259041-1,SEARCH_INPUT,STRUCTURAL_SCREEN_EXHAUSTED_PRIMALITY_UNASSIGNED,FIRST_SINGULARITY_SHELL_EXHAUSTED_PRIMALITY_UNASSIGNED,513,9595,9595
SLCMP02-0672,672,143260253,2^143260253-1,SEARCH_INPUT,STRUCTURAL_SCREEN_EXHAUSTED_PRIMALITY_UNASSIGNED,FIRST_SINGULARITY_SHELL_EXHAUSTED_PRIMALITY_UNASSIGNED,513,9595,9595
SLCMP02-0673,673,143260289,2^143260289-1,SEARCH_INPUT,STRUCTURAL_SCREEN_EXHAUSTED_PRIMALITY_UNASSIGNED,FIRST_SINGULARITY_SHELL_EXHAUSTED_PRIMALITY_UNASSIGNED,513,9595,9595
SLCMP02-0674,674,143262913,2^143262913-1,SEARCH_INPUT,STRUCTURAL_SCREEN_EXHAUSTED_PRIMALITY_UNASSIGNED,FIRST_SINGULARITY_SHELL_EXHAUSTED_PRIMALITY_UNASSIGNED,513,9595,9595
SLCMP02-0675,675,143263271,2^143263271-1,SEARCH_INPUT,STRUCTURAL_SCREEN_EXHAUSTED_PRIMALITY_UNASSIGNED,FIRST_SINGULARITY_SHELL_EXHAUSTED_PRIMALITY_UNASSIGNED,514,9595,9595
SLCMP02-0676,676,143263583,2^143263583-1,SEARCH_INPUT,STRUCTURAL_SCREEN_EXHAUSTED_PRIMALITY_UNASSIGNED,FIRST_SINGULARITY_SHELL_EXHAUSTED_PRIMALITY_UNASSIGNED,514,9595,9595
SLCMP02-0677,677,143263633,2^143263633-1,SEARCH_INPUT,STRUCTURAL_SCREEN_EXHAUSTED_PRIMALITY_UNASSIGNED,FIRST_SINGULARITY_SHELL_EXHAUSTED_PRIMALITY_UNASSIGNED,513,9595,9595
SLCMP02-0678,678,143263651,2^143263651-1,SEARCH_INPUT,STRUCTURAL_SCREEN_EXHAUSTED_PRIMALITY_UNASSIGNED,FIRST_SINGULARITY_SHELL_EXHAUSTED_PRIMALITY_UNASSIGNED,514,9595,9595
SLCMP02-0679,679,143263663,2^143263663-1,SEARCH_INPUT,STRUCTURAL_SCREEN_EXHAUSTED_PRIMALITY_UNASSIGNED,FIRST_SINGULARITY_SHELL_EXHAUSTED_PRIMALITY_UNASSIGNED,514,9595,9595
SLCMP02-0680,680,143263733,2^143263733-1,SEARCH_INPUT,STRUCTURAL_SCREEN_EXHAUSTED_PRIMALITY_UNASSIGNED,FIRST_SINGULARITY_SHELL_EXHAUSTED_PRIMALITY_UNASSIGNED,513,9595,9595
SLCMP02-0681,681,143263843,2^143263843-1,SEARCH_INPUT,STRUCTURAL_SCREEN_EXHAUSTED_PRIMALITY_UNASSIGNED,FIRST_SINGULARITY_SHELL_EXHAUSTED_PRIMALITY_UNASSIGNED,514,9595,9595
SLCMP02-0682,682,143264021,2^143264021-1,SEARCH_INPUT,STRUCTURAL_SCREEN_EXHAUSTED_PRIMALITY_UNASSIGNED,FIRST_SINGULARITY_SHELL_EXHAUSTED_PRIMALITY_UNASSIGNED,513,9595,9595
SLCMP02-0683,683,143264057,2^143264057-1,SEARCH_INPUT,STRUCTURAL_SCREEN_EXHAUSTED_PRIMALITY_UNASSIGNED,FIRST_SINGULARITY_SHELL_EXHAUSTED_PRIMALITY_UNASSIGNED,513,9595,9595
SLCMP02-0684,684,143264081,2^143264081-1,SEARCH_INPUT,STRUCTURAL_SCREEN_EXHAUSTED_PRIMALITY_UNASSIGNED,FIRST_SINGULARITY_SHELL_EXHAUSTED_PRIMALITY_UNASSIGNED,513,9595,9595
SLCMP02-0685,685,143264201,2^143264201-1,SEARCH_INPUT,STRUCTURAL_SCREEN_EXHAUSTED_PRIMALITY_UNASSIGNED,FIRST_SINGULARITY_SHELL_EXHAUSTED_PRIMALITY_UNASSIGNED,513,9595,9595
SLCMP02-0686,686,143264269,2^143264269-1,SEARCH_INPUT,STRUCTURAL_SCREEN_EXHAUSTED_PRIMALITY_UNASSIGNED,FIRST_SINGULARITY_SHELL_EXHAUSTED_PRIMALITY_UNASSIGNED,513,9595,9595
SLCMP02-0687,687,143264273,2^143264273-1,SEARCH_INPUT,STRUCTURAL_SCREEN_EXHAUSTED_PRIMALITY_UNASSIGNED,FIRST_SINGULARITY_SHELL_EXHAUSTED_PRIMALITY_UNASSIGNED,513,9595,9595
SLCMP02-0688,688,143264431,2^143264431-1,SEARCH_INPUT,STRUCTURAL_SCREEN_EXHAUSTED_PRIMALITY_UNASSIGNED,FIRST_SINGULARITY_SHELL_EXHAUSTED_PRIMALITY_UNASSIGNED,514,9595,9595
SLCMP02-0689,689,143264453,2^143264453-1,SEARCH_INPUT,STRUCTURAL_SCREEN_EXHAUSTED_PRIMALITY_UNASSIGNED,FIRST_SINGULARITY_SHELL_EXHAUSTED_PRIMALITY_UNASSIGNED,513,9595,9595
SLCMP02-0690,690,143264483,2^143264483-1,SEARCH_INPUT,STRUCTURAL_SCREEN_EXHAUSTED_PRIMALITY_UNASSIGNED,FIRST_SINGULARITY_SHELL_EXHAUSTED_PRIMALITY_UNASSIGNED,514,9595,9595
SLCMP02-0691,691,143264573,2^143264573-1,SEARCH_INPUT,STRUCTURAL_SCREEN_EXHAUSTED_PRIMALITY_UNASSIGNED,FIRST_SINGULARITY_SHELL_EXHAUSTED_PRIMALITY_UNASSIGNED,513,9595,9595
SLCMP02-0692,692,143264713,2^143264713-1,SEARCH_INPUT,STRUCTURAL_SCREEN_EXHAUSTED_PRIMALITY_UNASSIGNED,FIRST_SINGULARITY_SHELL_EXHAUSTED_PRIMALITY_UNASSIGNED,513,9595,9595
SLCMP02-0693,693,143264893,2^143264893-1,SEARCH_INPUT,STRUCTURAL_SCREEN_EXHAUSTED_PRIMALITY_UNASSIGNED,FIRST_SINGULARITY_SHELL_EXHAUSTED_PRIMALITY_UNASSIGNED,513,9595,9595
SLCMP02-0694,694,143264897,2^143264897-1,SEARCH_INPUT,STRUCTURAL_SCREEN_EXHAUSTED_PRIMALITY_UNASSIGNED,FIRST_SINGULARITY_SHELL_EXHAUSTED_PRIMALITY_UNASSIGNED,513,9595,9595
SLCMP02-0695,695,143264983,2^143264983-1,SEARCH_INPUT,STRUCTURAL_SCREEN_EXHAUSTED_PRIMALITY_UNASSIGNED,FIRST_SINGULARITY_SHELL_EXHAUSTED_PRIMALITY_UNASSIGNED,514,9595,9595
SLCMP02-0696,696,143265079,2^143265079-1,SEARCH_INPUT,STRUCTURAL_SCREEN_EXHAUSTED_PRIMALITY_UNASSIGNED,FIRST_SINGULARITY_SHELL_EXHAUSTED_PRIMALITY_UNASSIGNED,514,9595,9595
SLCMP02-0697,697,143265097,2^143265097-1,SEARCH_INPUT,STRUCTURAL_SCREEN_EXHAUSTED_PRIMALITY_UNASSIGNED,FIRST_SINGULARITY_SHELL_EXHAUSTED_PRIMALITY_UNASSIGNED,513,9595,9595
SLCMP02-0698,698,143265223,2^143265223-1,SEARCH_INPUT,STRUCTURAL_SCREEN_EXHAUSTED_PRIMALITY_UNASSIGNED,FIRST_SINGULARITY_SHELL_EXHAUSTED_PRIMALITY_UNASSIGNED,514,9595,9595
SLCMP02-0699,699,143265253,2^143265253-1,SEARCH_INPUT,STRUCTURAL_SCREEN_EXHAUSTED_PRIMALITY_UNASSIGNED,FIRST_SINGULARITY_SHELL_EXHAUSTED_PRIMALITY_UNASSIGNED,513,9595,9595
SLCMP02-0700,700,143265299,2^143265299-1,SEARCH_INPUT,STRUCTURAL_SCREEN_EXHAUSTED_PRIMALITY_UNASSIGNED,FIRST_SINGULARITY_SHELL_EXHAUSTED_PRIMALITY_UNASSIGNED,514,9595,9595
SLCMP02-0701,701,143265337,2^143265337-1,SEARCH_INPUT,STRUCTURAL_SCREEN_EXHAUSTED_PRIMALITY_UNASSIGNED,FIRST_SINGULARITY_SHELL_EXHAUSTED_PRIMALITY_UNASSIGNED,513,9595,9595
SLCMP02-0702,702,143265383,2^143265383-1,SEARCH_INPUT,STRUCTURAL_SCREEN_EXHAUSTED_PRIMALITY_UNASSIGNED,FIRST_SINGULARITY_SHELL_EXHAUSTED_PRIMALITY_UNASSIGNED,514,9595,9595
SLCMP02-0703,703,143265523,2^143265523-1,SEARCH_INPUT,STRUCTURAL_SCREEN_EXHAUSTED_PRIMALITY_UNASSIGNED,FIRST_SINGULARITY_SHELL_EXHAUSTED_PRIMALITY_UNASSIGNED,514,9595,9595
SLCMP02-0704,704,143265559,2^143265559-1,SEARCH_INPUT,STRUCTURAL_SCREEN_EXHAUSTED_PRIMALITY_UNASSIGNED,FIRST_SINGULARITY_SHELL_EXHAUSTED_PRIMALITY_UNASSIGNED,514,9595,9595
SLCMP02-0705,705,143265641,2^143265641-1,SEARCH_INPUT,STRUCTURAL_SCREEN_EXHAUSTED_PRIMALITY_UNASSIGNED,FIRST_SINGULARITY_SHELL_EXHAUSTED_PRIMALITY_UNASSIGNED,513,9595,9595
SLCMP02-0706,706,143265697,2^143265697-1,SEARCH_INPUT,STRUCTURAL_SCREEN_EXHAUSTED_PRIMALITY_UNASSIGNED,FIRST_SINGULARITY_SHELL_EXHAUSTED_PRIMALITY_UNASSIGNED,513,9595,9595
SLCMP02-0707,707,143265751,2^143265751-1,SEARCH_INPUT,STRUCTURAL_SCREEN_EXHAUSTED_PRIMALITY_UNASSIGNED,FIRST_SINGULARITY_SHELL_EXHAUSTED_PRIMALITY_UNASSIGNED,514,9595,9595
SLCMP02-0708,708,143265761,2^143265761-1,SEARCH_INPUT,STRUCTURAL_SCREEN_EXHAUSTED_PRIMALITY_UNASSIGNED,FIRST_SINGULARITY_SHELL_EXHAUSTED_PRIMALITY_UNASSIGNED,513,9595,9595
SLCMP02-0709,709,143265763,2^143265763-1,SEARCH_INPUT,STRUCTURAL_SCREEN_EXHAUSTED_PRIMALITY_UNASSIGNED,FIRST_SINGULARITY_SHELL_EXHAUSTED_PRIMALITY_UNASSIGNED,514,9595,9595
SLCMP02-0710,710,143265791,2^143265791-1,SEARCH_INPUT,STRUCTURAL_SCREEN_EXHAUSTED_PRIMALITY_UNASSIGNED,FIRST_SINGULARITY_SHELL_EXHAUSTED_PRIMALITY_UNASSIGNED,514,9595,9595
SLCMP02-0711,711,143265841,2^143265841-1,SEARCH_INPUT,STRUCTURAL_SCREEN_EXHAUSTED_PRIMALITY_UNASSIGNED,FIRST_SINGULARITY_SHELL_EXHAUSTED_PRIMALITY_UNASSIGNED,513,9595,9595
SLCMP02-0712,712,143265901,2^143265901-1,SEARCH_INPUT,STRUCTURAL_SCREEN_EXHAUSTED_PRIMALITY_UNASSIGNED,FIRST_SINGULARITY_SHELL_EXHAUSTED_PRIMALITY_UNASSIGNED,513,9595,9595
SLCMP02-0713,713,143265989,2^143265989-1,SEARCH_INPUT,STRUCTURAL_SCREEN_EXHAUSTED_PRIMALITY_UNASSIGNED,FIRST_SINGULARITY_SHELL_EXHAUSTED_PRIMALITY_UNASSIGNED,513,9595,9595
SLCMP02-0714,714,143266009,2^143266009-1,SEARCH_INPUT,STRUCTURAL_SCREEN_EXHAUSTED_PRIMALITY_UNASSIGNED,FIRST_SINGULARITY_SHELL_EXHAUSTED_PRIMALITY_UNASSIGNED,513,9595,9595
SLCMP02-0715,715,143266037,2^143266037-1,SEARCH_INPUT,STRUCTURAL_SCREEN_EXHAUSTED_PRIMALITY_UNASSIGNED,FIRST_SINGULARITY_SHELL_EXHAUSTED_PRIMALITY_UNASSIGNED,513,9595,9595
SLCMP02-0716,716,143266139,2^143266139-1,SEARCH_INPUT,STRUCTURAL_SCREEN_EXHAUSTED_PRIMALITY_UNASSIGNED,FIRST_SINGULARITY_SHELL_EXHAUSTED_PRIMALITY_UNASSIGNED,514,9595,9595
SLCMP02-0717,717,143266313,2^143266313-1,SEARCH_INPUT,STRUCTURAL_SCREEN_EXHAUSTED_PRIMALITY_UNASSIGNED,FIRST_SINGULARITY_SHELL_EXHAUSTED_PRIMALITY_UNASSIGNED,513,9595,9595
SLCMP02-0718,718,143266349,2^143266349-1,SEARCH_INPUT,STRUCTURAL_SCREEN_EXHAUSTED_PRIMALITY_UNASSIGNED,FIRST_SINGULARITY_SHELL_EXHAUSTED_PRIMALITY_UNASSIGNED,513,9595,9595
SLCMP02-0719,719,143266493,2^143266493-1,SEARCH_INPUT,STRUCTURAL_SCREEN_EXHAUSTED_PRIMALITY_UNASSIGNED,FIRST_SINGULARITY_SHELL_EXHAUSTED_PRIMALITY_UNASSIGNED,513,9595,9595
SLCMP02-0720,720,143266559,2^143266559-1,SEARCH_INPUT,STRUCTURAL_SCREEN_EXHAUSTED_PRIMALITY_UNASSIGNED,FIRST_SINGULARITY_SHELL_EXHAUSTED_PRIMALITY_UNASSIGNED,514,9595,9595
SLCMP02-0721,721,143266561,2^143266561-1,SEARCH_INPUT,STRUCTURAL_SCREEN_EXHAUSTED_PRIMALITY_UNASSIGNED,FIRST_SINGULARITY_SHELL_EXHAUSTED_PRIMALITY_UNASSIGNED,513,9595,9595
SLCMP02-0722,722,143266637,2^143266637-1,SEARCH_INPUT,STRUCTURAL_SCREEN_EXHAUSTED_PRIMALITY_UNASSIGNED,FIRST_SINGULARITY_SHELL_EXHAUSTED_PRIMALITY_UNASSIGNED,513,9595,9595
SLCMP02-0723,723,143266639,2^143266639-1,SEARCH_INPUT,STRUCTURAL_SCREEN_EXHAUSTED_PRIMALITY_UNASSIGNED,FIRST_SINGULARITY_SHELL_EXHAUSTED_PRIMALITY_UNASSIGNED,514,9595,9595
SLCMP02-0724,724,143266649,2^143266649-1,SEARCH_INPUT,STRUCTURAL_SCREEN_EXHAUSTED_PRIMALITY_UNASSIGNED,FIRST_SINGULARITY_SHELL_EXHAUSTED_PRIMALITY_UNASSIGNED,513,9595,9595
SLCMP02-0725,725,143266693,2^143266693-1,SEARCH_INPUT,STRUCTURAL_SCREEN_EXHAUSTED_PRIMALITY_UNASSIGNED,FIRST_SINGULARITY_SHELL_EXHAUSTED_PRIMALITY_UNASSIGNED,513,9595,9595
SLCMP02-0726,726,143266741,2^143266741-1,SEARCH_INPUT,STRUCTURAL_SCREEN_EXHAUSTED_PRIMALITY_UNASSIGNED,FIRST_SINGULARITY_SHELL_EXHAUSTED_PRIMALITY_UNASSIGNED,513,9595,9595
SLCMP02-0727,727,143266861,2^143266861-1,SEARCH_INPUT,STRUCTURAL_SCREEN_EXHAUSTED_PRIMALITY_UNASSIGNED,FIRST_SINGULARITY_SHELL_EXHAUSTED_PRIMALITY_UNASSIGNED,513,9595,9595
SLCMP02-0728,728,143266867,2^143266867-1,SEARCH_INPUT,STRUCTURAL_SCREEN_EXHAUSTED_PRIMALITY_UNASSIGNED,FIRST_SINGULARITY_SHELL_EXHAUSTED_PRIMALITY_UNASSIGNED,514,9595,9595
SLCMP02-0729,729,143266993,2^143266993-1,SEARCH_INPUT,STRUCTURAL_SCREEN_EXHAUSTED_PRIMALITY_UNASSIGNED,FIRST_SINGULARITY_SHELL_EXHAUSTED_PRIMALITY_UNASSIGNED,513,9595,9595
SLCMP02-0730,730,143267063,2^143267063-1,SEARCH_INPUT,STRUCTURAL_SCREEN_EXHAUSTED_PRIMALITY_UNASSIGNED,FIRST_SINGULARITY_SHELL_EXHAUSTED_PRIMALITY_UNASSIGNED,514,9595,9595
SLCMP02-0731,731,143267083,2^143267083-1,SEARCH_INPUT,STRUCTURAL_SCREEN_EXHAUSTED_PRIMALITY_UNASSIGNED,FIRST_SINGULARITY_SHELL_EXHAUSTED_PRIMALITY_UNASSIGNED,514,9595,9595
SLCMP02-0732,732,143267153,2^143267153-1,SEARCH_INPUT,STRUCTURAL_SCREEN_EXHAUSTED_PRIMALITY_UNASSIGNED,FIRST_SINGULARITY_SHELL_EXHAUSTED_PRIMALITY_UNASSIGNED,513,9595,9595
SLCMP02-0733,733,143267183,2^143267183-1,SEARCH_INPUT,STRUCTURAL_SCREEN_EXHAUSTED_PRIMALITY_UNASSIGNED,FIRST_SINGULARITY_SHELL_EXHAUSTED_PRIMALITY_UNASSIGNED,514,9595,9595
SLCMP02-0734,734,143267309,2^143267309-1,SEARCH_INPUT,STRUCTURAL_SCREEN_EXHAUSTED_PRIMALITY_UNASSIGNED,FIRST_SINGULARITY_SHELL_EXHAUSTED_PRIMALITY_UNASSIGNED,513,9595,9595
SLCMP02-0735,735,143267317,2^143267317-1,SEARCH_INPUT,STRUCTURAL_SCREEN_EXHAUSTED_PRIMALITY_UNASSIGNED,FIRST_SINGULARITY_SHELL_EXHAUSTED_PRIMALITY_UNASSIGNED,513,9595,9595
SLCMP02-0736,736,143267323,2^143267323-1,SEARCH_INPUT,STRUCTURAL_SCREEN_EXHAUSTED_PRIMALITY_UNASSIGNED,FIRST_SINGULARITY_SHELL_EXHAUSTED_PRIMALITY_UNASSIGNED,514,9595,9595
SLCMP02-0737,737,143267359,2^143267359-1,SEARCH_INPUT,STRUCTURAL_SCREEN_EXHAUSTED_PRIMALITY_UNASSIGNED,FIRST_SINGULARITY_SHELL_EXHAUSTED_PRIMALITY_UNASSIGNED,514,9595,9595
SLCMP02-0738,738,143267401,2^143267401-1,SEARCH_INPUT,STRUCTURAL_SCREEN_EXHAUSTED_PRIMALITY_UNASSIGNED,FIRST_SINGULARITY_SHELL_EXHAUSTED_PRIMALITY_UNASSIGNED,513,9595,9595
SLCMP02-0739,739,143267459,2^143267459-1,SEARCH_INPUT,STRUCTURAL_SCREEN_EXHAUSTED_PRIMALITY_UNASSIGNED,FIRST_SINGULARITY_SHELL_EXHAUSTED_PRIMALITY_UNASSIGNED,514,9595,9595
SLCMP02-0740,740,143267503,2^143267503-1,SEARCH_INPUT,STRUCTURAL_SCREEN_EXHAUSTED_PRIMALITY_UNASSIGNED,FIRST_SINGULARITY_SHELL_EXHAUSTED_PRIMALITY_UNASSIGNED,514,9595,9595
SLCMP02-0741,741,143267693,2^143267693-1,SEARCH_INPUT,STRUCTURAL_SCREEN_EXHAUSTED_PRIMALITY_UNASSIGNED,FIRST_SINGULARITY_SHELL_EXHAUSTED_PRIMALITY_UNASSIGNED,513,9595,9595
SLCMP02-0742,742,143267791,2^143267791-1,SEARCH_INPUT,STRUCTURAL_SCREEN_EXHAUSTED_PRIMALITY_UNASSIGNED,FIRST_SINGULARITY_SHELL_EXHAUSTED_PRIMALITY_UNASSIGNED,514,9595,9595
SLCMP02-0743,743,143268179,2^143268179-1,SEARCH_INPUT,STRUCTURAL_SCREEN_EXHAUSTED_PRIMALITY_UNASSIGNED,FIRST_SINGULARITY_SHELL_EXHAUSTED_PRIMALITY_UNASSIGNED,514,9595,9595
SLCMP02-0744,744,143268247,2^143268247-1,SEARCH_INPUT,STRUCTURAL_SCREEN_EXHAUSTED_PRIMALITY_UNASSIGNED,FIRST_SINGULARITY_SHELL_EXHAUSTED_PRIMALITY_UNASSIGNED,514,9595,9595
SLCMP02-0745,745,143268779,2^143268779-1,SEARCH_INPUT,STRUCTURAL_SCREEN_EXHAUSTED_PRIMALITY_UNASSIGNED,FIRST_SINGULARITY_SHELL_EXHAUSTED_PRIMALITY_UNASSIGNED,514,9595,9595
SLCMP02-0746,746,143268901,2^143268901-1,SEARCH_INPUT,STRUCTURAL_SCREEN_EXHAUSTED_PRIMALITY_UNASSIGNED,FIRST_SINGULARITY_SHELL_EXHAUSTED_PRIMALITY_UNASSIGNED,513,9595,9595
SLCMP02-0747,747,143269171,2^143269171-1,SEARCH_INPUT,STRUCTURAL_SCREEN_EXHAUSTED_PRIMALITY_UNASSIGNED,FIRST_SINGULARITY_SHELL_EXHAUSTED_PRIMALITY_UNASSIGNED,514,9595,9595
SLCMP02-0748,748,143269913,2^143269913-1,SEARCH_INPUT,STRUCTURAL_SCREEN_EXHAUSTED_PRIMALITY_UNASSIGNED,FIRST_SINGULARITY_SHELL_EXHAUSTED_PRIMALITY_UNASSIGNED,513,9595,9595
SLCMP02-0749,749,143269963,2^143269963-1,SEARCH_INPUT,STRUCTURAL_SCREEN_EXHAUSTED_PRIMALITY_UNASSIGNED,FIRST_SINGULARITY_SHELL_EXHAUSTED_PRIMALITY_UNASSIGNED,514,9595,9595
SLCMP02-0750,750,143270011,2^143270011-1,SEARCH_INPUT,STRUCTURAL_SCREEN_EXHAUSTED_PRIMALITY_UNASSIGNED,FIRST_SINGULARITY_SHELL_EXHAUSTED_PRIMALITY_UNASSIGNED,514,9595,9595
SLCMP02-0751,751,143270129,2^143270129-1,SEARCH_INPUT,STRUCTURAL_SCREEN_EXHAUSTED_PRIMALITY_UNASSIGNED,FIRST_SINGULARITY_SHELL_EXHAUSTED_PRIMALITY_UNASSIGNED,513,9595,9595
SLCMP02-0752,752,143270209,2^143270209-1,SEARCH_INPUT,STRUCTURAL_SCREEN_EXHAUSTED_PRIMALITY_UNASSIGNED,FIRST_SINGULARITY_SHELL_EXHAUSTED_PRIMALITY_UNASSIGNED,513,9595,9595
SLCMP02-0753,753,143270471,2^143270471-1,SEARCH_INPUT,STRUCTURAL_SCREEN_EXHAUSTED_PRIMALITY_UNASSIGNED,FIRST_SINGULARITY_SHELL_EXHAUSTED_PRIMALITY_UNASSIGNED,514,9595,9595
SLCMP02-0754,754,143270521,2^143270521-1,SEARCH_INPUT,STRUCTURAL_SCREEN_EXHAUSTED_PRIMALITY_UNASSIGNED,FIRST_SINGULARITY_SHELL_EXHAUSTED_PRIMALITY_UNASSIGNED,513,9595,9595
SLCMP02-0755,755,143270599,2^143270599-1,SEARCH_INPUT,STRUCTURAL_SCREEN_EXHAUSTED_PRIMALITY_UNASSIGNED,FIRST_SINGULARITY_SHELL_EXHAUSTED_PRIMALITY_UNASSIGNED,514,9595,9595
SLCMP02-0756,756,143270681,2^143270681-1,SEARCH_INPUT,STRUCTURAL_SCREEN_EXHAUSTED_PRIMALITY_UNASSIGNED,FIRST_SINGULARITY_SHELL_EXHAUSTED_PRIMALITY_UNASSIGNED,513,9595,9595
SLCMP02-0757,757,143270903,2^143270903-1,SEARCH_INPUT,STRUCTURAL_SCREEN_EXHAUSTED_PRIMALITY_UNASSIGNED,FIRST_SINGULARITY_SHELL_EXHAUSTED_PRIMALITY_UNASSIGNED,514,9595,9595
SLCMP02-0758,758,143270921,2^143270921-1,SEARCH_INPUT,STRUCTURAL_SCREEN_EXHAUSTED_PRIMALITY_UNASSIGNED,FIRST_SINGULARITY_SHELL_EXHAUSTED_PRIMALITY_UNASSIGNED,513,9595,9595
SLCMP02-0759,759,143270947,2^143270947-1,SEARCH_INPUT,STRUCTURAL_SCREEN_EXHAUSTED_PRIMALITY_UNASSIGNED,FIRST_SINGULARITY_SHELL_EXHAUSTED_PRIMALITY_UNASSIGNED,514,9595,9595
SLCMP02-0760,760,143270977,2^143270977-1,SEARCH_INPUT,STRUCTURAL_SCREEN_EXHAUSTED_PRIMALITY_UNASSIGNED,FIRST_SINGULARITY_SHELL_EXHAUSTED_PRIMALITY_UNASSIGNED,513,9595,9595
SLCMP02-0761,761,143271047,2^143271047-1,SEARCH_INPUT,STRUCTURAL_SCREEN_EXHAUSTED_PRIMALITY_UNASSIGNED,FIRST_SINGULARITY_SHELL_EXHAUSTED_PRIMALITY_UNASSIGNED,514,9595,9595
SLCMP02-0762,762,143271199,2^143271199-1,SEARCH_INPUT,STRUCTURAL_SCREEN_EXHAUSTED_PRIMALITY_UNASSIGNED,FIRST_SINGULARITY_SHELL_EXHAUSTED_PRIMALITY_UNASSIGNED,514,9595,9595
SLCMP02-0763,763,143271241,2^143271241-1,SEARCH_INPUT,STRUCTURAL_SCREEN_EXHAUSTED_PRIMALITY_UNASSIGNED,FIRST_SINGULARITY_SHELL_EXHAUSTED_PRIMALITY_UNASSIGNED,513,9595,9595
SLCMP02-0764,764,143271377,2^143271377-1,SEARCH_INPUT,STRUCTURAL_SCREEN_EXHAUSTED_PRIMALITY_UNASSIGNED,FIRST_SINGULARITY_SHELL_EXHAUSTED_PRIMALITY_UNASSIGNED,513,9595,9595
SLCMP02-0765,765,143271451,2^143271451-1,SEARCH_INPUT,STRUCTURAL_SCREEN_EXHAUSTED_PRIMALITY_UNASSIGNED,FIRST_SINGULARITY_SHELL_EXHAUSTED_PRIMALITY_UNASSIGNED,514,9595,9595
SLCMP02-0766,766,143271559,2^143271559-1,SEARCH_INPUT,STRUCTURAL_SCREEN_EXHAUSTED_PRIMALITY_UNASSIGNED,FIRST_SINGULARITY_SHELL_EXHAUSTED_PRIMALITY_UNASSIGNED,514,9595,9595
SLCMP02-0767,767,143271581,2^143271581-1,SEARCH_INPUT,STRUCTURAL_SCREEN_EXHAUSTED_PRIMALITY_UNASSIGNED,FIRST_SINGULARITY_SHELL_EXHAUSTED_PRIMALITY_UNASSIGNED,513,9595,9595
SLCMP02-0768,768,143271649,2^143271649-1,SEARCH_INPUT,STRUCTURAL_SCREEN_EXHAUSTED_PRIMALITY_UNASSIGNED,FIRST_SINGULARITY_SHELL_EXHAUSTED_PRIMALITY_UNASSIGNED,513,9595,9595
SLCMP02-0769,769,143271673,2^143271673-1,SEARCH_INPUT,STRUCTURAL_SCREEN_EXHAUSTED_PRIMALITY_UNASSIGNED,FIRST_SINGULARITY_SHELL_EXHAUSTED_PRIMALITY_UNASSIGNED,513,9595,9595
SLCMP02-0770,770,143271679,2^143271679-1,SEARCH_INPUT,STRUCTURAL_SCREEN_EXHAUSTED_PRIMALITY_UNASSIGNED,FIRST_SINGULARITY_SHELL_EXHAUSTED_PRIMALITY_UNASSIGNED,514,9595,9595
SLCMP02-0771,771,143271701,2^143271701-1,SEARCH_INPUT,STRUCTURAL_SCREEN_EXHAUSTED_PRIMALITY_UNASSIGNED,FIRST_SINGULARITY_SHELL_EXHAUSTED_PRIMALITY_UNASSIGNED,513,9595,9595
SLCMP02-0772,772,143271707,2^143271707-1,SEARCH_INPUT,STRUCTURAL_SCREEN_EXHAUSTED_PRIMALITY_UNASSIGNED,FIRST_SINGULARITY_SHELL_EXHAUSTED_PRIMALITY_UNASSIGNED,514,9595,9595
SLCMP02-0773,773,143271721,2^143271721-1,SEARCH_INPUT,STRUCTURAL_SCREEN_EXHAUSTED_PRIMALITY_UNASSIGNED,FIRST_SINGULARITY_SHELL_EXHAUSTED_PRIMALITY_UNASSIGNED,513,9595,9595
SLCMP02-0774,774,143271781,2^143271781-1,SEARCH_INPUT,STRUCTURAL_SCREEN_EXHAUSTED_PRIMALITY_UNASSIGNED,FIRST_SINGULARITY_SHELL_EXHAUSTED_PRIMALITY_UNASSIGNED,513,9595,9595
SLCMP02-0775,775,143271827,2^143271827-1,SEARCH_INPUT,STRUCTURAL_SCREEN_EXHAUSTED_PRIMALITY_UNASSIGNED,FIRST_SINGULARITY_SHELL_EXHAUSTED_PRIMALITY_UNASSIGNED,514,9595,9595
SLCMP02-0776,776,143271847,2^143271847-1,SEARCH_INPUT,STRUCTURAL_SCREEN_EXHAUSTED_PRIMALITY_UNASSIGNED,FIRST_SINGULARITY_SHELL_EXHAUSTED_PRIMALITY_UNASSIGNED,514,9595,9595
SLCMP02-0777,777,143271907,2^143271907-1,SEARCH_INPUT,STRUCTURAL_SCREEN_EXHAUSTED_PRIMALITY_UNASSIGNED,FIRST_SINGULARITY_SHELL_EXHAUSTED_PRIMALITY_UNASSIGNED,514,9595,9595
SLCMP02-0778,778,143271943,2^143271943-1,SEARCH_INPUT,STRUCTURAL_SCREEN_EXHAUSTED_PRIMALITY_UNASSIGNED,FIRST_SINGULARITY_SHELL_EXHAUSTED_PRIMALITY_UNASSIGNED,514,9595,9595
SLCMP02-0779,779,143272013,2^143272013-1,SEARCH_INPUT,STRUCTURAL_SCREEN_EXHAUSTED_PRIMALITY_UNASSIGNED,FIRST_SINGULARITY_SHELL_EXHAUSTED_PRIMALITY_UNASSIGNED,513,9595,9595
SLCMP02-0780,780,143272057,2^143272057-1,SEARCH_INPUT,STRUCTURAL_SCREEN_EXHAUSTED_PRIMALITY_UNASSIGNED,FIRST_SINGULARITY_SHELL_EXHAUSTED_PRIMALITY_UNASSIGNED,513,9595,9595
SLCMP02-0781,781,143272067,2^143272067-1,SEARCH_INPUT,STRUCTURAL_SCREEN_EXHAUSTED_PRIMALITY_UNASSIGNED,FIRST_SINGULARITY_SHELL_EXHAUSTED_PRIMALITY_UNASSIGNED,514,9595,9595
SLCMP02-0782,782,143272079,2^143272079-1,SEARCH_INPUT,STRUCTURAL_SCREEN_EXHAUSTED_PRIMALITY_UNASSIGNED,FIRST_SINGULARITY_SHELL_EXHAUSTED_PRIMALITY_UNASSIGNED,514,9595,9595
SLCMP02-0783,783,143272169,2^143272169-1,SEARCH_INPUT,STRUCTURAL_SCREEN_EXHAUSTED_PRIMALITY_UNASSIGNED,FIRST_SINGULARITY_SHELL_EXHAUSTED_PRIMALITY_UNASSIGNED,513,9595,9595
SLCMP02-0784,784,143272219,2^143272219-1,SEARCH_INPUT,STRUCTURAL_SCREEN_EXHAUSTED_PRIMALITY_UNASSIGNED,FIRST_SINGULARITY_SHELL_EXHAUSTED_PRIMALITY_UNASSIGNED,514,9595,9595
SLCMP02-0785,785,143272453,2^143272453-1,SEARCH_INPUT,STRUCTURAL_SCREEN_EXHAUSTED_PRIMALITY_UNASSIGNED,FIRST_SINGULARITY_SHELL_EXHAUSTED_PRIMALITY_UNASSIGNED,513,9595,9595
SLCMP02-0786,786,143272477,2^143272477-1,SEARCH_INPUT,STRUCTURAL_SCREEN_EXHAUSTED_PRIMALITY_UNASSIGNED,FIRST_SINGULARITY_SHELL_EXHAUSTED_PRIMALITY_UNASSIGNED,513,9595,9595
SLCMP02-0787,787,143272487,2^143272487-1,SEARCH_INPUT,STRUCTURAL_SCREEN_EXHAUSTED_PRIMALITY_UNASSIGNED,FIRST_SINGULARITY_SHELL_EXHAUSTED_PRIMALITY_UNASSIGNED,514,9595,9595
SLCMP02-0788,788,143272537,2^143272537-1,SEARCH_INPUT,STRUCTURAL_SCREEN_EXHAUSTED_PRIMALITY_UNASSIGNED,FIRST_SINGULARITY_SHELL_EXHAUSTED_PRIMALITY_UNASSIGNED,513,9595,9595
SLCMP02-0789,789,143272553,2^143272553-1,SEARCH_INPUT,STRUCTURAL_SCREEN_EXHAUSTED_PRIMALITY_UNASSIGNED,FIRST_SINGULARITY_SHELL_EXHAUSTED_PRIMALITY_UNASSIGNED,513,9595,9595
SLCMP02-0790,790,143272561,2^143272561-1,SEARCH_INPUT,STRUCTURAL_SCREEN_EXHAUSTED_PRIMALITY_UNASSIGNED,FIRST_SINGULARITY_SHELL_EXHAUSTED_PRIMALITY_UNASSIGNED,513,9595,9595
SLCMP02-0791,791,143272751,2^143272751-1,SEARCH_INPUT,STRUCTURAL_SCREEN_EXHAUSTED_PRIMALITY_UNASSIGNED,FIRST_SINGULARITY_SHELL_EXHAUSTED_PRIMALITY_UNASSIGNED,514,9595,9595
SLCMP02-0792,792,143272849,2^143272849-1,SEARCH_INPUT,STRUCTURAL_SCREEN_EXHAUSTED_PRIMALITY_UNASSIGNED,FIRST_SINGULARITY_SHELL_EXHAUSTED_PRIMALITY_UNASSIGNED,513,9595,9595
SLCMP02-0793,793,143272907,2^143272907-1,SEARCH_INPUT,STRUCTURAL_SCREEN_EXHAUSTED_PRIMALITY_UNASSIGNED,FIRST_SINGULARITY_SHELL_EXHAUSTED_PRIMALITY_UNASSIGNED,514,9595,9595
SLCMP02-0794,794,143273077,2^143273077-1,SEARCH_INPUT,STRUCTURAL_SCREEN_EXHAUSTED_PRIMALITY_UNASSIGNED,FIRST_SINGULARITY_SHELL_EXHAUSTED_PRIMALITY_UNASSIGNED,513,9595,9595
SLCMP02-0795,795,143273083,2^143273083-1,SEARCH_INPUT,STRUCTURAL_SCREEN_EXHAUSTED_PRIMALITY_UNASSIGNED,FIRST_SINGULARITY_SHELL_EXHAUSTED_PRIMALITY_UNASSIGNED,514,9595,9595
SLCMP02-0796,796,143273261,2^143273261-1,SEARCH_INPUT,STRUCTURAL_SCREEN_EXHAUSTED_PRIMALITY_UNASSIGNED,FIRST_SINGULARITY_SHELL_EXHAUSTED_PRIMALITY_UNASSIGNED,513,9595,9595
SLCMP02-0797,797,143273387,2^143273387-1,SEARCH_INPUT,STRUCTURAL_SCREEN_EXHAUSTED_PRIMALITY_UNASSIGNED,FIRST_SINGULARITY_SHELL_EXHAUSTED_PRIMALITY_UNASSIGNED,514,9595,9595
SLCMP02-0798,798,143273407,2^143273407-1,SEARCH_INPUT,STRUCTURAL_SCREEN_EXHAUSTED_PRIMALITY_UNASSIGNED,FIRST_SINGULARITY_SHELL_EXHAUSTED_PRIMALITY_UNASSIGNED,514,9595,9595
SLCMP02-0799,799,143273461,2^143273461-1,SEARCH_INPUT,STRUCTURAL_SCREEN_EXHAUSTED_PRIMALITY_UNASSIGNED,FIRST_SINGULARITY_SHELL_EXHAUSTED_PRIMALITY_UNASSIGNED,513,9595,9595
SLCMP02-0800,800,143273489,2^143273489-1,SEARCH_INPUT,STRUCTURAL_SCREEN_EXHAUSTED_PRIMALITY_UNASSIGNED,FIRST_SINGULARITY_SHELL_EXHAUSTED_PRIMALITY_UNASSIGNED,513,9595,9595
SLCMP02-0801,801,143273573,2^143273573-1,SEARCH_INPUT,STRUCTURAL_SCREEN_EXHAUSTED_PRIMALITY_UNASSIGNED,FIRST_SINGULARITY_SHELL_EXHAUSTED_PRIMALITY_UNASSIGNED,513,9595,9595
SLCMP02-0802,802,143273677,2^143273677-1,SEARCH_INPUT,STRUCTURAL_SCREEN_EXHAUSTED_PRIMALITY_UNASSIGNED,FIRST_SINGULARITY_SHELL_EXHAUSTED_PRIMALITY_UNASSIGNED,513,9595,9595
SLCMP02-0803,803,143273701,2^143273701-1,SEARCH_INPUT,STRUCTURAL_SCREEN_EXHAUSTED_PRIMALITY_UNASSIGNED,FIRST_SINGULARITY_SHELL_EXHAUSTED_PRIMALITY_UNASSIGNED,513,9595,9595
SLCMP02-0804,804,143273827,2^143273827-1,SEARCH_INPUT,STRUCTURAL_SCREEN_EXHAUSTED_PRIMALITY_UNASSIGNED,FIRST_SINGULARITY_SHELL_EXHAUSTED_PRIMALITY_UNASSIGNED,514,9595,9595
SLCMP02-0805,805,143274091,2^143274091-1,SEARCH_INPUT,STRUCTURAL_SCREEN_EXHAUSTED_PRIMALITY_UNASSIGNED,FIRST_SINGULARITY_SHELL_EXHAUSTED_PRIMALITY_UNASSIGNED,514,9595,9595
SLCMP02-0806,806,143274121,2^143274121-1,SEARCH_INPUT,STRUCTURAL_SCREEN_EXHAUSTED_PRIMALITY_UNASSIGNED,FIRST_SINGULARITY_SHELL_EXHAUSTED_PRIMALITY_UNASSIGNED,513,9595,9595
SLCMP02-0807,807,143274139,2^143274139-1,SEARCH_INPUT,STRUCTURAL_SCREEN_EXHAUSTED_PRIMALITY_UNASSIGNED,FIRST_SINGULARITY_SHELL_EXHAUSTED_PRIMALITY_UNASSIGNED,514,9595,9595
SLCMP02-0808,808,143274203,2^143274203-1,SEARCH_INPUT,STRUCTURAL_SCREEN_EXHAUSTED_PRIMALITY_UNASSIGNED,FIRST_SINGULARITY_SHELL_EXHAUSTED_PRIMALITY_UNASSIGNED,514,9595,9595
SLCMP02-0809,809,143274251,2^143274251-1,SEARCH_INPUT,STRUCTURAL_SCREEN_EXHAUSTED_PRIMALITY_UNASSIGNED,FIRST_SINGULARITY_SHELL_EXHAUSTED_PRIMALITY_UNASSIGNED,514,9595,9595
SLCMP02-0810,810,143274277,2^143274277-1,SEARCH_INPUT,STRUCTURAL_SCREEN_EXHAUSTED_PRIMALITY_UNASSIGNED,FIRST_SINGULARITY_SHELL_EXHAUSTED_PRIMALITY_UNASSIGNED,513,9595,9595
SLCMP02-0811,811,143274401,2^143274401-1,SEARCH_INPUT,STRUCTURAL_SCREEN_EXHAUSTED_PRIMALITY_UNASSIGNED,FIRST_SINGULARITY_SHELL_EXHAUSTED_PRIMALITY_UNASSIGNED,513,9595,9595
SLCMP02-0812,812,143274403,2^143274403-1,SEARCH_INPUT,STRUCTURAL_SCREEN_EXHAUSTED_PRIMALITY_UNASSIGNED,FIRST_SINGULARITY_SHELL_EXHAUSTED_PRIMALITY_UNASSIGNED,514,9595,9595
SLCMP02-0813,813,143274431,2^143274431-1,SEARCH_INPUT,STRUCTURAL_SCREEN_EXHAUSTED_PRIMALITY_UNASSIGNED,FIRST_SINGULARITY_SHELL_EXHAUSTED_PRIMALITY_UNASSIGNED,514,9595,9595
SLCMP02-0814,814,143274533,2^143274533-1,SEARCH_INPUT,STRUCTURAL_SCREEN_EXHAUSTED_PRIMALITY_UNASSIGNED,FIRST_SINGULARITY_SHELL_EXHAUSTED_PRIMALITY_UNASSIGNED,513,9595,9595
SLCMP02-0815,815,143274631,2^143274631-1,SEARCH_INPUT,STRUCTURAL_SCREEN_EXHAUSTED_PRIMALITY_UNASSIGNED,FIRST_SINGULARITY_SHELL_EXHAUSTED_PRIMALITY_UNASSIGNED,514,9595,9595
SLCMP02-0816,816,143274679,2^143274679-1,SEARCH_INPUT,STRUCTURAL_SCREEN_EXHAUSTED_PRIMALITY_UNASSIGNED,FIRST_SINGULARITY_SHELL_EXHAUSTED_PRIMALITY_UNASSIGNED,514,9595,9595
SLCMP02-0817,817,143274701,2^143274701-1,SEARCH_INPUT,STRUCTURAL_SCREEN_EXHAUSTED_PRIMALITY_UNASSIGNED,FIRST_SINGULARITY_SHELL_EXHAUSTED_PRIMALITY_UNASSIGNED,513,9595,9595
SLCMP02-0818,818,143274727,2^143274727-1,SEARCH_INPUT,STRUCTURAL_SCREEN_EXHAUSTED_PRIMALITY_UNASSIGNED,FIRST_SINGULARITY_SHELL_EXHAUSTED_PRIMALITY_UNASSIGNED,514,9595,9595
SLCMP02-0819,819,143274731,2^143274731-1,SEARCH_INPUT,STRUCTURAL_SCREEN_EXHAUSTED_PRIMALITY_UNASSIGNED,FIRST_SINGULARITY_SHELL_EXHAUSTED_PRIMALITY_UNASSIGNED,514,9595,9595
SLCMP02-0820,820,143274739,2^143274739-1,SEARCH_INPUT,STRUCTURAL_SCREEN_EXHAUSTED_PRIMALITY_UNASSIGNED,FIRST_SINGULARITY_SHELL_EXHAUSTED_PRIMALITY_UNASSIGNED,514,9595,9595
SLCMP02-0821,821,143274851,2^143274851-1,SEARCH_INPUT,STRUCTURAL_SCREEN_EXHAUSTED_PRIMALITY_UNASSIGNED,FIRST_SINGULARITY_SHELL_EXHAUSTED_PRIMALITY_UNASSIGNED,514,9595,9595
SLCMP02-0822,822,143274853,2^143274853-1,SEARCH_INPUT,STRUCTURAL_SCREEN_EXHAUSTED_PRIMALITY_UNASSIGNED,FIRST_SINGULARITY_SHELL_EXHAUSTED_PRIMALITY_UNASSIGNED,513,9595,9595
SLCMP02-0823,823,143274893,2^143274893-1,SEARCH_INPUT,STRUCTURAL_SCREEN_EXHAUSTED_PRIMALITY_UNASSIGNED,FIRST_SINGULARITY_SHELL_EXHAUSTED_PRIMALITY_UNASSIGNED,513,9595,9595
SLCMP02-0824,824,143274907,2^143274907-1,SEARCH_INPUT,STRUCTURAL_SCREEN_EXHAUSTED_PRIMALITY_UNASSIGNED,FIRST_SINGULARITY_SHELL_EXHAUSTED_PRIMALITY_UNASSIGNED,514,9595,9595
SLCMP02-0825,825,143275009,2^143275009-1,SEARCH_INPUT,STRUCTURAL_SCREEN_EXHAUSTED_PRIMALITY_UNASSIGNED,FIRST_SINGULARITY_SHELL_EXHAUSTED_PRIMALITY_UNASSIGNED,513,9595,9595
SLCMP02-0826,826,143275057,2^143275057-1,SEARCH_INPUT,STRUCTURAL_SCREEN_EXHAUSTED_PRIMALITY_UNASSIGNED,FIRST_SINGULARITY_SHELL_EXHAUSTED_PRIMALITY_UNASSIGNED,513,9595,9595
SLCMP02-0827,827,143275289,2^143275289-1,SEARCH_INPUT,STRUCTURAL_SCREEN_EXHAUSTED_PRIMALITY_UNASSIGNED,FIRST_SINGULARITY_SHELL_EXHAUSTED_PRIMALITY_UNASSIGNED,513,9595,9595
SLCMP02-0828,828,143275291,2^143275291-1,SEARCH_INPUT,STRUCTURAL_SCREEN_EXHAUSTED_PRIMALITY_UNASSIGNED,FIRST_SINGULARITY_SHELL_EXHAUSTED_PRIMALITY_UNASSIGNED,514,9595,9595
SLCMP02-0829,829,143275343,2^143275343-1,SEARCH_INPUT,STRUCTURAL_SCREEN_EXHAUSTED_PRIMALITY_UNASSIGNED,FIRST_SINGULARITY_SHELL_EXHAUSTED_PRIMALITY_UNASSIGNED,514,9595,9595
SLCMP02-0830,830,143275351,2^143275351-1,SEARCH_INPUT,STRUCTURAL_SCREEN_EXHAUSTED_PRIMALITY_UNASSIGNED,FIRST_SINGULARITY_SHELL_EXHAUSTED_PRIMALITY_UNASSIGNED,514,9595,9595
SLCMP02-0831,831,143275537,2^143275537-1,SEARCH_INPUT,STRUCTURAL_SCREEN_EXHAUSTED_PRIMALITY_UNASSIGNED,FIRST_SINGULARITY_SHELL_EXHAUSTED_PRIMALITY_UNASSIGNED,513,9595,9595
SLCMP02-0832,832,143275577,2^143275577-1,SEARCH_INPUT,STRUCTURAL_SCREEN_EXHAUSTED_PRIMALITY_UNASSIGNED,FIRST_SINGULARITY_SHELL_EXHAUSTED_PRIMALITY_UNASSIGNED,513,9595,9595
SLCMP02-0833,833,143275633,2^143275633-1,SEARCH_INPUT,STRUCTURAL_SCREEN_EXHAUSTED_PRIMALITY_UNASSIGNED,FIRST_SINGULARITY_SHELL_EXHAUSTED_PRIMALITY_UNASSIGNED,513,9595,9595
SLCMP02-0834,834,143275663,2^143275663-1,SEARCH_INPUT,STRUCTURAL_SCREEN_EXHAUSTED_PRIMALITY_UNASSIGNED,FIRST_SINGULARITY_SHELL_EXHAUSTED_PRIMALITY_UNASSIGNED,514,9595,9595
SLCMP02-0835,835,143275669,2^143275669-1,SEARCH_INPUT,STRUCTURAL_SCREEN_EXHAUSTED_PRIMALITY_UNASSIGNED,FIRST_SINGULARITY_SHELL_EXHAUSTED_PRIMALITY_UNASSIGNED,513,9595,9595
SLCMP02-0836,836,143276009,2^143276009-1,SEARCH_INPUT,STRUCTURAL_SCREEN_EXHAUSTED_PRIMALITY_UNASSIGNED,FIRST_SINGULARITY_SHELL_EXHAUSTED_PRIMALITY_UNASSIGNED,513,9595,9595
SLCMP02-0837,837,143276053,2^143276053-1,SEARCH_INPUT,STRUCTURAL_SCREEN_EXHAUSTED_PRIMALITY_UNASSIGNED,FIRST_SINGULARITY_SHELL_EXHAUSTED_PRIMALITY_UNASSIGNED,513,9595,9595
SLCMP02-0838,838,143276117,2^143276117-1,SEARCH_INPUT,STRUCTURAL_SCREEN_EXHAUSTED_PRIMALITY_UNASSIGNED,FIRST_SINGULARITY_SHELL_EXHAUSTED_PRIMALITY_UNASSIGNED,513,9595,9595
SLCMP02-0839,839,143276179,2^143276179-1,SEARCH_INPUT,STRUCTURAL_SCREEN_EXHAUSTED_PRIMALITY_UNASSIGNED,FIRST_SINGULARITY_SHELL_EXHAUSTED_PRIMALITY_UNASSIGNED,514,9595,9595
SLCMP02-0840,840,143276267,2^143276267-1,SEARCH_INPUT,STRUCTURAL_SCREEN_EXHAUSTED_PRIMALITY_UNASSIGNED,FIRST_SINGULARITY_SHELL_EXHAUSTED_PRIMALITY_UNASSIGNED,514,9595,9595
SLCMP02-0841,841,143276347,2^143276347-1,SEARCH_INPUT,STRUCTURAL_SCREEN_EXHAUSTED_PRIMALITY_UNASSIGNED,FIRST_SINGULARITY_SHELL_EXHAUSTED_PRIMALITY_UNASSIGNED,514,9595,9595
SLCMP02-0842,842,143276401,2^143276401-1,SEARCH_INPUT,STRUCTURAL_SCREEN_EXHAUSTED_PRIMALITY_UNASSIGNED,FIRST_SINGULARITY_SHELL_EXHAUSTED_PRIMALITY_UNASSIGNED,513,9595,9595
SLCMP02-0843,843,143276417,2^143276417-1,SEARCH_INPUT,STRUCTURAL_SCREEN_EXHAUSTED_PRIMALITY_UNASSIGNED,FIRST_SINGULARITY_SHELL_EXHAUSTED_PRIMALITY_UNASSIGNED,513,9595,9595
SLCMP02-0844,844,143276431,2^143276431-1,SEARCH_INPUT,STRUCTURAL_SCREEN_EXHAUSTED_PRIMALITY_UNASSIGNED,FIRST_SINGULARITY_SHELL_EXHAUSTED_PRIMALITY_UNASSIGNED,514,9595,9595
SLCMP02-0845,845,143276477,2^143276477-1,SEARCH_INPUT,STRUCTURAL_SCREEN_EXHAUSTED_PRIMALITY_UNASSIGNED,FIRST_SINGULARITY_SHELL_EXHAUSTED_PRIMALITY_UNASSIGNED,513,9595,9595
SLCMP02-0846,846,143276489,2^143276489-1,SEARCH_INPUT,STRUCTURAL_SCREEN_EXHAUSTED_PRIMALITY_UNASSIGNED,FIRST_SINGULARITY_SHELL_EXHAUSTED_PRIMALITY_UNASSIGNED,513,9595,9595
SLCMP02-0847,847,143276503,2^143276503-1,SEARCH_INPUT,STRUCTURAL_SCREEN_EXHAUSTED_PRIMALITY_UNASSIGNED,FIRST_SINGULARITY_SHELL_EXHAUSTED_PRIMALITY_UNASSIGNED,514,9595,9595
SLCMP02-0848,848,143276659,2^143276659-1,SEARCH_INPUT,STRUCTURAL_SCREEN_EXHAUSTED_PRIMALITY_UNASSIGNED,FIRST_SINGULARITY_SHELL_EXHAUSTED_PRIMALITY_UNASSIGNED,514,9595,9595
SLCMP02-0849,849,143276671,2^143276671-1,SEARCH_INPUT,STRUCTURAL_SCREEN_EXHAUSTED_PRIMALITY_UNASSIGNED,FIRST_SINGULARITY_SHELL_EXHAUSTED_PRIMALITY_UNASSIGNED,514,9595,9595
SLCMP02-0850,850,143276687,2^143276687-1,SEARCH_INPUT,STRUCTURAL_SCREEN_EXHAUSTED_PRIMALITY_UNASSIGNED,FIRST_SINGULARITY_SHELL_EXHAUSTED_PRIMALITY_UNASSIGNED,514,9595,9595
SLCMP02-0851,851,143276773,2^143276773-1,SEARCH_INPUT,STRUCTURAL_SCREEN_EXHAUSTED_PRIMALITY_UNASSIGNED,FIRST_SINGULARITY_SHELL_EXHAUSTED_PRIMALITY_UNASSIGNED,513,9595,9595
SLCMP02-0852,852,143276797,2^143276797-1,SEARCH_INPUT,STRUCTURAL_SCREEN_EXHAUSTED_PRIMALITY_UNASSIGNED,FIRST_SINGULARITY_SHELL_EXHAUSTED_PRIMALITY_UNASSIGNED,513,9595,9595
SLCMP02-0853,853,143276873,2^143276873-1,SEARCH_INPUT,STRUCTURAL_SCREEN_EXHAUSTED_PRIMALITY_UNASSIGNED,FIRST_SINGULARITY_SHELL_EXHAUSTED_PRIMALITY_UNASSIGNED,513,9595,9595
SLCMP02-0854,854,143276953,2^143276953-1,SEARCH_INPUT,STRUCTURAL_SCREEN_EXHAUSTED_PRIMALITY_UNASSIGNED,FIRST_SINGULARITY_SHELL_EXHAUSTED_PRIMALITY_UNASSIGNED,513,9595,9595
SLCMP02-0855,855,143276971,2^143276971-1,SEARCH_INPUT,STRUCTURAL_SCREEN_EXHAUSTED_PRIMALITY_UNASSIGNED,FIRST_SINGULARITY_SHELL_EXHAUSTED_PRIMALITY_UNASSIGNED,514,9595,9595
SLCMP02-0856,856,143276999,2^143276999-1,SEARCH_INPUT,STRUCTURAL_SCREEN_EXHAUSTED_PRIMALITY_UNASSIGNED,FIRST_SINGULARITY_SHELL_EXHAUSTED_PRIMALITY_UNASSIGNED,514,9595,9595
SLCMP02-0857,857,143277047,2^143277047-1,SEARCH_INPUT,STRUCTURAL_SCREEN_EXHAUSTED_PRIMALITY_UNASSIGNED,FIRST_SINGULARITY_SHELL_EXHAUSTED_PRIMALITY_UNASSIGNED,514,9595,9595
SLCMP02-0858,858,143277053,2^143277053-1,SEARCH_INPUT,STRUCTURAL_SCREEN_EXHAUSTED_PRIMALITY_UNASSIGNED,FIRST_SINGULARITY_SHELL_EXHAUSTED_PRIMALITY_UNASSIGNED,513,9595,9595
SLCMP02-0859,859,143277091,2^143277091-1,SEARCH_INPUT,STRUCTURAL_SCREEN_EXHAUSTED_PRIMALITY_UNASSIGNED,FIRST_SINGULARITY_SHELL_EXHAUSTED_PRIMALITY_UNASSIGNED,514,9595,9595
SLCMP02-0860,860,143277221,2^143277221-1,SEARCH_INPUT,STRUCTURAL_SCREEN_EXHAUSTED_PRIMALITY_UNASSIGNED,FIRST_SINGULARITY_SHELL_EXHAUSTED_PRIMALITY_UNASSIGNED,513,9595,9595
SLCMP02-0861,861,143277263,2^143277263-1,SEARCH_INPUT,STRUCTURAL_SCREEN_EXHAUSTED_PRIMALITY_UNASSIGNED,FIRST_SINGULARITY_SHELL_EXHAUSTED_PRIMALITY_UNASSIGNED,514,9595,9595
SLCMP02-0862,862,143277353,2^143277353-1,SEARCH_INPUT,STRUCTURAL_SCREEN_EXHAUSTED_PRIMALITY_UNASSIGNED,FIRST_SINGULARITY_SHELL_EXHAUSTED_PRIMALITY_UNASSIGNED,513,9595,9595
SLCMP02-0863,863,143277467,2^143277467-1,SEARCH_INPUT,STRUCTURAL_SCREEN_EXHAUSTED_PRIMALITY_UNASSIGNED,FIRST_SINGULARITY_SHELL_EXHAUSTED_PRIMALITY_UNASSIGNED,514,9595,9595
SLCMP02-0864,864,143277571,2^143277571-1,SEARCH_INPUT,STRUCTURAL_SCREEN_EXHAUSTED_PRIMALITY_UNASSIGNED,FIRST_SINGULARITY_SHELL_EXHAUSTED_PRIMALITY_UNASSIGNED,514,9595,9595
SLCMP02-0865,865,143277583,2^143277583-1,SEARCH_INPUT,STRUCTURAL_SCREEN_EXHAUSTED_PRIMALITY_UNASSIGNED,FIRST_SINGULARITY_SHELL_EXHAUSTED_PRIMALITY_UNASSIGNED,514,9595,9595
SLCMP02-0866,866,143277623,2^143277623-1,SEARCH_INPUT,STRUCTURAL_SCREEN_EXHAUSTED_PRIMALITY_UNASSIGNED,FIRST_SINGULARITY_SHELL_EXHAUSTED_PRIMALITY_UNASSIGNED,514,9595,9595
SLCMP02-0867,867,143277703,2^143277703-1,SEARCH_INPUT,STRUCTURAL_SCREEN_EXHAUSTED_PRIMALITY_UNASSIGNED,FIRST_SINGULARITY_SHELL_EXHAUSTED_PRIMALITY_UNASSIGNED,514,9595,9595
SLCMP02-0868,868,143277737,2^143277737-1,SEARCH_INPUT,STRUCTURAL_SCREEN_EXHAUSTED_PRIMALITY_UNASSIGNED,FIRST_SINGULARITY_SHELL_EXHAUSTED_PRIMALITY_UNASSIGNED,513,9595,9595
SLCMP02-0869,869,143277749,2^143277749-1,SEARCH_INPUT,STRUCTURAL_SCREEN_EXHAUSTED_PRIMALITY_UNASSIGNED,FIRST_SINGULARITY_SHELL_EXHAUSTED_PRIMALITY_UNASSIGNED,513,9595,9595
SLCMP02-0870,870,143277781,2^143277781-1,SEARCH_INPUT,STRUCTURAL_SCREEN_EXHAUSTED_PRIMALITY_UNASSIGNED,FIRST_SINGULARITY_SHELL_EXHAUSTED_PRIMALITY_UNASSIGNED,513,9595,9595
SLCMP02-0871,871,143278013,2^143278013-1,SEARCH_INPUT,STRUCTURAL_SCREEN_EXHAUSTED_PRIMALITY_UNASSIGNED,FIRST_SINGULARITY_SHELL_EXHAUSTED_PRIMALITY_UNASSIGNED,513,9595,9595
SLCMP02-0872,872,143278103,2^143278103-1,SEARCH_INPUT,STRUCTURAL_SCREEN_EXHAUSTED_PRIMALITY_UNASSIGNED,FIRST_SINGULARITY_SHELL_EXHAUSTED_PRIMALITY_UNASSIGNED,514,9595,9595
SLCMP02-0873,873,143278129,2^143278129-1,SEARCH_INPUT,STRUCTURAL_SCREEN_EXHAUSTED_PRIMALITY_UNASSIGNED,FIRST_SINGULARITY_SHELL_EXHAUSTED_PRIMALITY_UNASSIGNED,513,9595,9595
SLCMP02-0874,874,143278217,2^143278217-1,SEARCH_INPUT,STRUCTURAL_SCREEN_EXHAUSTED_PRIMALITY_UNASSIGNED,FIRST_SINGULARITY_SHELL_EXHAUSTED_PRIMALITY_UNASSIGNED,513,9595,9595
SLCMP02-0875,875,143278273,2^143278273-1,SEARCH_INPUT,STRUCTURAL_SCREEN_EXHAUSTED_PRIMALITY_UNASSIGNED,FIRST_SINGULARITY_SHELL_EXHAUSTED_PRIMALITY_UNASSIGNED,513,9595,9595
SLCMP02-0876,876,143278321,2^143278321-1,SEARCH_INPUT,STRUCTURAL_SCREEN_EXHAUSTED_PRIMALITY_UNASSIGNED,FIRST_SINGULARITY_SHELL_EXHAUSTED_PRIMALITY_UNASSIGNED,513,9595,9595
SLCMP02-0877,877,143278381,2^143278381-1,SEARCH_INPUT,STRUCTURAL_SCREEN_EXHAUSTED_PRIMALITY_UNASSIGNED,FIRST_SINGULARITY_SHELL_EXHAUSTED_PRIMALITY_UNASSIGNED,513,9595,9595
SLCMP02-0878,878,143278403,2^143278403-1,SEARCH_INPUT,STRUCTURAL_SCREEN_EXHAUSTED_PRIMALITY_UNASSIGNED,FIRST_SINGULARITY_SHELL_EXHAUSTED_PRIMALITY_UNASSIGNED,514,9595,9595
SLCMP02-0879,879,143278561,2^143278561-1,SEARCH_INPUT,STRUCTURAL_SCREEN_EXHAUSTED_PRIMALITY_UNASSIGNED,FIRST_SINGULARITY_SHELL_EXHAUSTED_PRIMALITY_UNASSIGNED,513,9595,9595
SLCMP02-0880,880,143278637,2^143278637-1,SEARCH_INPUT,STRUCTURAL_SCREEN_EXHAUSTED_PRIMALITY_UNASSIGNED,FIRST_SINGULARITY_SHELL_EXHAUSTED_PRIMALITY_UNASSIGNED,513,9595,9595
SLCMP02-0881,881,143278673,2^143278673-1,SEARCH_INPUT,STRUCTURAL_SCREEN_EXHAUSTED_PRIMALITY_UNASSIGNED,FIRST_SINGULARITY_SHELL_EXHAUSTED_PRIMALITY_UNASSIGNED,513,9595,9595
SLCMP02-0882,882,143278699,2^143278699-1,SEARCH_INPUT,STRUCTURAL_SCREEN_EXHAUSTED_PRIMALITY_UNASSIGNED,FIRST_SINGULARITY_SHELL_EXHAUSTED_PRIMALITY_UNASSIGNED,514,9595,9595
SLCMP02-0883,883,143278717,2^143278717-1,SEARCH_INPUT,STRUCTURAL_SCREEN_EXHAUSTED_PRIMALITY_UNASSIGNED,FIRST_SINGULARITY_SHELL_EXHAUSTED_PRIMALITY_UNASSIGNED,513,9595,9595
SLCMP02-0884,884,143278783,2^143278783-1,SEARCH_INPUT,STRUCTURAL_SCREEN_EXHAUSTED_PRIMALITY_UNASSIGNED,FIRST_SINGULARITY_SHELL_EXHAUSTED_PRIMALITY_UNASSIGNED,514,9595,9595
SLCMP02-0885,885,143278789,2^143278789-1,SEARCH_INPUT,STRUCTURAL_SCREEN_EXHAUSTED_PRIMALITY_UNASSIGNED,FIRST_SINGULARITY_SHELL_EXHAUSTED_PRIMALITY_UNASSIGNED,513,9595,9595
SLCMP02-0886,886,143278801,2^143278801-1,SEARCH_INPUT,STRUCTURAL_SCREEN_EXHAUSTED_PRIMALITY_UNASSIGNED,FIRST_SINGULARITY_SHELL_EXHAUSTED_PRIMALITY_UNASSIGNED,513,9595,9595
SLCMP02-0887,887,143278831,2^143278831-1,SEARCH_INPUT,STRUCTURAL_SCREEN_EXHAUSTED_PRIMALITY_UNASSIGNED,FIRST_SINGULARITY_SHELL_EXHAUSTED_PRIMALITY_UNASSIGNED,514,9595,9595
SLCMP02-0888,888,143278979,2^143278979-1,SEARCH_INPUT,STRUCTURAL_SCREEN_EXHAUSTED_PRIMALITY_UNASSIGNED,FIRST_SINGULARITY_SHELL_EXHAUSTED_PRIMALITY_UNASSIGNED,514,9595,9595
SLCMP02-0889,889,143279039,2^143279039-1,SEARCH_INPUT,STRUCTURAL_SCREEN_EXHAUSTED_PRIMALITY_UNASSIGNED,FIRST_SINGULARITY_SHELL_EXHAUSTED_PRIMALITY_UNASSIGNED,514,9595,9595
SLCMP02-0890,890,143279113,2^143279113-1,SEARCH_INPUT,STRUCTURAL_SCREEN_EXHAUSTED_PRIMALITY_UNASSIGNED,FIRST_SINGULARITY_SHELL_EXHAUSTED_PRIMALITY_UNASSIGNED,513,9595,9595
SLCMP02-0891,891,143279173,2^143279173-1,SEARCH_INPUT,STRUCTURAL_SCREEN_EXHAUSTED_PRIMALITY_UNASSIGNED,FIRST_SINGULARITY_SHELL_EXHAUSTED_PRIMALITY_UNASSIGNED,513,9595,9595
SLCMP02-0892,892,143279501,2^143279501-1,SEARCH_INPUT,STRUCTURAL_SCREEN_EXHAUSTED_PRIMALITY_UNASSIGNED,FIRST_SINGULARITY_SHELL_EXHAUSTED_PRIMALITY_UNASSIGNED,513,9595,9595
SLCMP02-0893,893,143279659,2^143279659-1,SEARCH_INPUT,STRUCTURAL_SCREEN_EXHAUSTED_PRIMALITY_UNASSIGNED,FIRST_SINGULARITY_SHELL_EXHAUSTED_PRIMALITY_UNASSIGNED,514,9595,9595
SLCMP02-0894,894,143279687,2^143279687-1,SEARCH_INPUT,STRUCTURAL_SCREEN_EXHAUSTED_PRIMALITY_UNASSIGNED,FIRST_SINGULARITY_SHELL_EXHAUSTED_PRIMALITY_UNASSIGNED,514,9595,9595
SLCMP02-0895,895,143279699,2^143279699-1,SEARCH_INPUT,STRUCTURAL_SCREEN_EXHAUSTED_PRIMALITY_UNASSIGNED,FIRST_SINGULARITY_SHELL_EXHAUSTED_PRIMALITY_UNASSIGNED,514,9595,9595
SLCMP02-0896,896,143279797,2^143279797-1,SEARCH_INPUT,STRUCTURAL_SCREEN_EXHAUSTED_PRIMALITY_UNASSIGNED,FIRST_SINGULARITY_SHELL_EXHAUSTED_PRIMALITY_UNASSIGNED,513,9595,9595
SLCMP02-0897,897,143279831,2^143279831-1,SEARCH_INPUT,STRUCTURAL_SCREEN_EXHAUSTED_PRIMALITY_UNASSIGNED,FIRST_SINGULARITY_SHELL_EXHAUSTED_PRIMALITY_UNASSIGNED,514,9595,9595
SLCMP02-0898,898,143280073,2^143280073-1,SEARCH_INPUT,STRUCTURAL_SCREEN_EXHAUSTED_PRIMALITY_UNASSIGNED,FIRST_SINGULARITY_SHELL_EXHAUSTED_PRIMALITY_UNASSIGNED,513,9595,9595
SLCMP02-0899,899,143280113,2^143280113-1,SEARCH_INPUT,STRUCTURAL_SCREEN_EXHAUSTED_PRIMALITY_UNASSIGNED,FIRST_SINGULARITY_SHELL_EXHAUSTED_PRIMALITY_UNASSIGNED,513,9595,9595
SLCMP02-0900,900,143280119,2^143280119-1,SEARCH_INPUT,STRUCTURAL_SCREEN_EXHAUSTED_PRIMALITY_UNASSIGNED,FIRST_SINGULARITY_SHELL_EXHAUSTED_PRIMALITY_UNASSIGNED,514,9595,9595
SLCMP02-0901,901,143280127,2^143280127-1,SEARCH_INPUT,STRUCTURAL_SCREEN_EXHAUSTED_PRIMALITY_UNASSIGNED,FIRST_SINGULARITY_SHELL_EXHAUSTED_PRIMALITY_UNASSIGNED,514,9595,9595
SLCMP02-0902,902,143280187,2^143280187-1,SEARCH_INPUT,STRUCTURAL_SCREEN_EXHAUSTED_PRIMALITY_UNASSIGNED,FIRST_SINGULARITY_SHELL_EXHAUSTED_PRIMALITY_UNASSIGNED,514,9595,9595
SLCMP02-0903,903,143280209,2^143280209-1,SEARCH_INPUT,STRUCTURAL_SCREEN_EXHAUSTED_PRIMALITY_UNASSIGNED,FIRST_SINGULARITY_SHELL_EXHAUSTED_PRIMALITY_UNASSIGNED,513,9595,9595
SLCMP02-0904,904,143280287,2^143280287-1,SEARCH_INPUT,STRUCTURAL_SCREEN_EXHAUSTED_PRIMALITY_UNASSIGNED,FIRST_SINGULARITY_SHELL_EXHAUSTED_PRIMALITY_UNASSIGNED,514,9595,9595
SLCMP02-0905,905,143280373,2^143280373-1,SEARCH_INPUT,STRUCTURAL_SCREEN_EXHAUSTED_PRIMALITY_UNASSIGNED,FIRST_SINGULARITY_SHELL_EXHAUSTED_PRIMALITY_UNASSIGNED,513,9595,9595
SLCMP02-0906,906,143280413,2^143280413-1,SEARCH_INPUT,STRUCTURAL_SCREEN_EXHAUSTED_PRIMALITY_UNASSIGNED,FIRST_SINGULARITY_SHELL_EXHAUSTED_PRIMALITY_UNASSIGNED,513,9595,9595
SLCMP02-0907,907,143280451,2^143280451-1,SEARCH_INPUT,STRUCTURAL_SCREEN_EXHAUSTED_PRIMALITY_UNASSIGNED,FIRST_SINGULARITY_SHELL_EXHAUSTED_PRIMALITY_UNASSIGNED,514,9595,9595
SLCMP02-0908,908,143280461,2^143280461-1,SEARCH_INPUT,STRUCTURAL_SCREEN_EXHAUSTED_PRIMALITY_UNASSIGNED,FIRST_SINGULARITY_SHELL_EXHAUSTED_PRIMALITY_UNASSIGNED,513,9595,9595
SLCMP02-0909,909,143280871,2^143280871-1,SEARCH_INPUT,STRUCTURAL_SCREEN_EXHAUSTED_PRIMALITY_UNASSIGNED,FIRST_SINGULARITY_SHELL_EXHAUSTED_PRIMALITY_UNASSIGNED,514,9595,9595
SLCMP02-0910,910,143280959,2^143280959-1,SEARCH_INPUT,STRUCTURAL_SCREEN_EXHAUSTED_PRIMALITY_UNASSIGNED,FIRST_SINGULARITY_SHELL_EXHAUSTED_PRIMALITY_UNASSIGNED,514,9595,9595
SLCMP02-0911,911,143280989,2^143280989-1,SEARCH_INPUT,STRUCTURAL_SCREEN_EXHAUSTED_PRIMALITY_UNASSIGNED,FIRST_SINGULARITY_SHELL_EXHAUSTED_PRIMALITY_UNASSIGNED,513,9595,9595
SLCMP02-0912,912,143280997,2^143280997-1,SEARCH_INPUT,STRUCTURAL_SCREEN_EXHAUSTED_PRIMALITY_UNASSIGNED,FIRST_SINGULARITY_SHELL_EXHAUSTED_PRIMALITY_UNASSIGNED,513,9595,9595
SLCMP02-0913,913,143281139,2^143281139-1,SEARCH_INPUT,STRUCTURAL_SCREEN_EXHAUSTED_PRIMALITY_UNASSIGNED,FIRST_SINGULARITY_SHELL_EXHAUSTED_PRIMALITY_UNASSIGNED,514,9595,9595
SLCMP02-0914,914,143281213,2^143281213-1,SEARCH_INPUT,STRUCTURAL_SCREEN_EXHAUSTED_PRIMALITY_UNASSIGNED,FIRST_SINGULARITY_SHELL_EXHAUSTED_PRIMALITY_UNASSIGNED,513,9595,9595
SLCMP02-0915,915,143281267,2^143281267-1,SEARCH_INPUT,STRUCTURAL_SCREEN_EXHAUSTED_PRIMALITY_UNASSIGNED,FIRST_SINGULARITY_SHELL_EXHAUSTED_PRIMALITY_UNASSIGNED,514,9595,9595
SLCMP02-0916,916,143281387,2^143281387-1,SEARCH_INPUT,STRUCTURAL_SCREEN_EXHAUSTED_PRIMALITY_UNASSIGNED,FIRST_SINGULARITY_SHELL_EXHAUSTED_PRIMALITY_UNASSIGNED,514,9595,9595
SLCMP02-0917,917,143281403,2^143281403-1,SEARCH_INPUT,STRUCTURAL_SCREEN_EXHAUSTED_PRIMALITY_UNASSIGNED,FIRST_SINGULARITY_SHELL_EXHAUSTED_PRIMALITY_UNASSIGNED,514,9595,9595
SLCMP02-0918,918,143281409,2^143281409-1,SEARCH_INPUT,STRUCTURAL_SCREEN_EXHAUSTED_PRIMALITY_UNASSIGNED,FIRST_SINGULARITY_SHELL_EXHAUSTED_PRIMALITY_UNASSIGNED,513,9595,9595
SLCMP02-0919,919,143281433,2^143281433-1,SEARCH_INPUT,STRUCTURAL_SCREEN_EXHAUSTED_PRIMALITY_UNASSIGNED,FIRST_SINGULARITY_SHELL_EXHAUSTED_PRIMALITY_UNASSIGNED,513,9595,9595
SLCMP02-0920,920,143281483,2^143281483-1,SEARCH_INPUT,STRUCTURAL_SCREEN_EXHAUSTED_PRIMALITY_UNASSIGNED,FIRST_SINGULARITY_SHELL_EXHAUSTED_PRIMALITY_UNASSIGNED,514,9595,9595
SLCMP02-0921,921,143281517,2^143281517-1,SEARCH_INPUT,STRUCTURAL_SCREEN_EXHAUSTED_PRIMALITY_UNASSIGNED,FIRST_SINGULARITY_SHELL_EXHAUSTED_PRIMALITY_UNASSIGNED,513,9595,9595
SLCMP02-0922,922,143281519,2^143281519-1,SEARCH_INPUT,STRUCTURAL_SCREEN_EXHAUSTED_PRIMALITY_UNASSIGNED,FIRST_SINGULARITY_SHELL_EXHAUSTED_PRIMALITY_UNASSIGNED,514,9595,9595
SLCMP02-0923,923,143281613,2^143281613-1,SEARCH_INPUT,STRUCTURAL_SCREEN_EXHAUSTED_PRIMALITY_UNASSIGNED,FIRST_SINGULARITY_SHELL_EXHAUSTED_PRIMALITY_UNASSIGNED,513,9595,9595
SLCMP02-0924,924,143281637,2^143281637-1,SEARCH_INPUT,STRUCTURAL_SCREEN_EXHAUSTED_PRIMALITY_UNASSIGNED,FIRST_SINGULARITY_SHELL_EXHAUSTED_PRIMALITY_UNASSIGNED,513,9595,9595
SLCMP02-0925,925,143281687,2^143281687-1,SEARCH_INPUT,STRUCTURAL_SCREEN_EXHAUSTED_PRIMALITY_UNASSIGNED,FIRST_SINGULARITY_SHELL_EXHAUSTED_PRIMALITY_UNASSIGNED,514,9595,9595
SLCMP02-0926,926,143281771,2^143281771-1,SEARCH_INPUT,STRUCTURAL_SCREEN_EXHAUSTED_PRIMALITY_UNASSIGNED,FIRST_SINGULARITY_SHELL_EXHAUSTED_PRIMALITY_UNASSIGNED,514,9595,9595
SLCMP02-0927,927,143281799,2^143281799-1,SEARCH_INPUT,STRUCTURAL_SCREEN_EXHAUSTED_PRIMALITY_UNASSIGNED,FIRST_SINGULARITY_SHELL_EXHAUSTED_PRIMALITY_UNASSIGNED,514,9595,9595
SLCMP02-0928,928,143281819,2^143281819-1,SEARCH_INPUT,STRUCTURAL_SCREEN_EXHAUSTED_PRIMALITY_UNASSIGNED,FIRST_SINGULARITY_SHELL_EXHAUSTED_PRIMALITY_UNASSIGNED,514,9595,9595
SLCMP02-0929,929,143282057,2^143282057-1,SEARCH_INPUT,STRUCTURAL_SCREEN_EXHAUSTED_PRIMALITY_UNASSIGNED,FIRST_SINGULARITY_SHELL_EXHAUSTED_PRIMALITY_UNASSIGNED,513,9595,9595
SLCMP02-0930,930,143282077,2^143282077-1,SEARCH_INPUT,STRUCTURAL_SCREEN_EXHAUSTED_PRIMALITY_UNASSIGNED,FIRST_SINGULARITY_SHELL_EXHAUSTED_PRIMALITY_UNASSIGNED,513,9595,9595
SLCMP02-0931,931,143282101,2^143282101-1,SEARCH_INPUT,STRUCTURAL_SCREEN_EXHAUSTED_PRIMALITY_UNASSIGNED,FIRST_SINGULARITY_SHELL_EXHAUSTED_PRIMALITY_UNASSIGNED,513,9595,9595
SLCMP02-0932,932,143282129,2^143282129-1,SEARCH_INPUT,STRUCTURAL_SCREEN_EXHAUSTED_PRIMALITY_UNASSIGNED,FIRST_SINGULARITY_SHELL_EXHAUSTED_PRIMALITY_UNASSIGNED,513,9595,9595
SLCMP02-0933,933,143282201,2^143282201-1,SEARCH_INPUT,STRUCTURAL_SCREEN_EXHAUSTED_PRIMALITY_UNASSIGNED,FIRST_SINGULARITY_SHELL_EXHAUSTED_PRIMALITY_UNASSIGNED,513,9595,9595
SLCMP02-0934,934,143282213,2^143282213-1,SEARCH_INPUT,STRUCTURAL_SCREEN_EXHAUSTED_PRIMALITY_UNASSIGNED,FIRST_SINGULARITY_SHELL_EXHAUSTED_PRIMALITY_UNASSIGNED,513,9595,9595
SLCMP02-0935,935,143282263,2^143282263-1,SEARCH_INPUT,STRUCTURAL_SCREEN_EXHAUSTED_PRIMALITY_UNASSIGNED,FIRST_SINGULARITY_SHELL_EXHAUSTED_PRIMALITY_UNASSIGNED,514,9595,9595
SLCMP02-0936,936,143282333,2^143282333-1,SEARCH_INPUT,STRUCTURAL_SCREEN_EXHAUSTED_PRIMALITY_UNASSIGNED,FIRST_SINGULARITY_SHELL_EXHAUSTED_PRIMALITY_UNASSIGNED,513,9595,9595
SLCMP02-0937,937,143282369,2^143282369-1,SEARCH_INPUT,STRUCTURAL_SCREEN_EXHAUSTED_PRIMALITY_UNASSIGNED,FIRST_SINGULARITY_SHELL_EXHAUSTED_PRIMALITY_UNASSIGNED,513,9595,9595
SLCMP02-0938,938,143282449,2^143282449-1,SEARCH_INPUT,STRUCTURAL_SCREEN_EXHAUSTED_PRIMALITY_UNASSIGNED,FIRST_SINGULARITY_SHELL_EXHAUSTED_PRIMALITY_UNASSIGNED,513,9595,9595
SLCMP02-0939,939,143282471,2^143282471-1,SEARCH_INPUT,STRUCTURAL_SCREEN_EXHAUSTED_PRIMALITY_UNASSIGNED,FIRST_SINGULARITY_SHELL_EXHAUSTED_PRIMALITY_UNASSIGNED,514,9595,9595
SLCMP02-0940,940,143282501,2^143282501-1,SEARCH_INPUT,STRUCTURAL_SCREEN_EXHAUSTED_PRIMALITY_UNASSIGNED,FIRST_SINGULARITY_SHELL_EXHAUSTED_PRIMALITY_UNASSIGNED,513,9595,9595
SLCMP02-0941,941,143282563,2^143282563-1,SEARCH_INPUT,STRUCTURAL_SCREEN_EXHAUSTED_PRIMALITY_UNASSIGNED,FIRST_SINGULARITY_SHELL_EXHAUSTED_PRIMALITY_UNASSIGNED,514,9595,9595
SLCMP02-0942,942,143282767,2^143282767-1,SEARCH_INPUT,STRUCTURAL_SCREEN_EXHAUSTED_PRIMALITY_UNASSIGNED,FIRST_SINGULARITY_SHELL_EXHAUSTED_PRIMALITY_UNASSIGNED,514,9595,9595
SLCMP02-0943,943,143282771,2^143282771-1,SEARCH_INPUT,STRUCTURAL_SCREEN_EXHAUSTED_PRIMALITY_UNASSIGNED,FIRST_SINGULARITY_SHELL_EXHAUSTED_PRIMALITY_UNASSIGNED,514,9595,9595
SLCMP02-0944,944,143282813,2^143282813-1,SEARCH_INPUT,STRUCTURAL_SCREEN_EXHAUSTED_PRIMALITY_UNASSIGNED,FIRST_SINGULARITY_SHELL_EXHAUSTED_PRIMALITY_UNASSIGNED,513,9595,9595
SLCMP02-0945,945,143282869,2^143282869-1,SEARCH_INPUT,STRUCTURAL_SCREEN_EXHAUSTED_PRIMALITY_UNASSIGNED,FIRST_SINGULARITY_SHELL_EXHAUSTED_PRIMALITY_UNASSIGNED,513,9595,9595
SLCMP02-0946,946,143282873,2^143282873-1,SEARCH_INPUT,STRUCTURAL_SCREEN_EXHAUSTED_PRIMALITY_UNASSIGNED,FIRST_SINGULARITY_SHELL_EXHAUSTED_PRIMALITY_UNASSIGNED,513,9595,9595
SLCMP02-0947,947,143282999,2^143282999-1,SEARCH_INPUT,STRUCTURAL_SCREEN_EXHAUSTED_PRIMALITY_UNASSIGNED,FIRST_SINGULARITY_SHELL_EXHAUSTED_PRIMALITY_UNASSIGNED,514,9595,9595
SLCMP02-0948,948,143283109,2^143283109-1,SEARCH_INPUT,STRUCTURAL_SCREEN_EXHAUSTED_PRIMALITY_UNASSIGNED,FIRST_SINGULARITY_SHELL_EXHAUSTED_PRIMALITY_UNASSIGNED,513,9595,9595
SLCMP02-0949,949,143283131,2^143283131-1,SEARCH_INPUT,STRUCTURAL_SCREEN_EXHAUSTED_PRIMALITY_UNASSIGNED,FIRST_SINGULARITY_SHELL_EXHAUSTED_PRIMALITY_UNASSIGNED,514,9595,9595
SLCMP02-0950,950,143283253,2^143283253-1,SEARCH_INPUT,STRUCTURAL_SCREEN_EXHAUSTED_PRIMALITY_UNASSIGNED,FIRST_SINGULARITY_SHELL_EXHAUSTED_PRIMALITY_UNASSIGNED,513,9595,9595
SLCMP02-0951,951,143283269,2^143283269-1,SEARCH_INPUT,STRUCTURAL_SCREEN_EXHAUSTED_PRIMALITY_UNASSIGNED,FIRST_SINGULARITY_SHELL_EXHAUSTED_PRIMALITY_UNASSIGNED,513,9595,9595
SLCMP02-0952,952,143283281,2^143283281-1,SEARCH_INPUT,STRUCTURAL_SCREEN_EXHAUSTED_PRIMALITY_UNASSIGNED,FIRST_SINGULARITY_SHELL_EXHAUSTED_PRIMALITY_UNASSIGNED,513,9595,9595
SLCMP02-0953,953,143283487,2^143283487-1,SEARCH_INPUT,STRUCTURAL_SCREEN_EXHAUSTED_PRIMALITY_UNASSIGNED,FIRST_SINGULARITY_SHELL_EXHAUSTED_PRIMALITY_UNASSIGNED,514,9595,9595
SLCMP02-0954,954,143283557,2^143283557-1,SEARCH_INPUT,STRUCTURAL_SCREEN_EXHAUSTED_PRIMALITY_UNASSIGNED,FIRST_SINGULARITY_SHELL_EXHAUSTED_PRIMALITY_UNASSIGNED,513,9595,9595
SLCMP02-0955,955,143283677,2^143283677-1,SEARCH_INPUT,STRUCTURAL_SCREEN_EXHAUSTED_PRIMALITY_UNASSIGNED,FIRST_SINGULARITY_SHELL_EXHAUSTED_PRIMALITY_UNASSIGNED,513,9595,9595
SLCMP02-0956,956,143283689,2^143283689-1,SEARCH_INPUT,STRUCTURAL_SCREEN_EXHAUSTED_PRIMALITY_UNASSIGNED,FIRST_SINGULARITY_SHELL_EXHAUSTED_PRIMALITY_UNASSIGNED,513,9595,9595
SLCMP02-0957,957,143283691,2^143283691-1,SEARCH_INPUT,STRUCTURAL_SCREEN_EXHAUSTED_PRIMALITY_UNASSIGNED,FIRST_SINGULARITY_SHELL_EXHAUSTED_PRIMALITY_UNASSIGNED,514,9595,9595
SLCMP02-0958,958,143283737,2^143283737-1,SEARCH_INPUT,STRUCTURAL_SCREEN_EXHAUSTED_PRIMALITY_UNASSIGNED,FIRST_SINGULARITY_SHELL_EXHAUSTED_PRIMALITY_UNASSIGNED,513,9595,9595
SLCMP02-0959,959,143283827,2^143283827-1,SEARCH_INPUT,STRUCTURAL_SCREEN_EXHAUSTED_PRIMALITY_UNASSIGNED,FIRST_SINGULARITY_SHELL_EXHAUSTED_PRIMALITY_UNASSIGNED,514,9595,9595
SLCMP02-0960,960,143283901,2^143283901-1,SEARCH_INPUT,STRUCTURAL_SCREEN_EXHAUSTED_PRIMALITY_UNASSIGNED,FIRST_SINGULARITY_SHELL_EXHAUSTED_PRIMALITY_UNASSIGNED,513,9595,9595
SLCMP02-0961,961,143283929,2^143283929-1,SEARCH_INPUT,STRUCTURAL_SCREEN_EXHAUSTED_PRIMALITY_UNASSIGNED,FIRST_SINGULARITY_SHELL_EXHAUSTED_PRIMALITY_UNASSIGNED,513,9595,9595
SLCMP02-0962,962,143284003,2^143284003-1,SEARCH_INPUT,STRUCTURAL_SCREEN_EXHAUSTED_PRIMALITY_UNASSIGNED,FIRST_SINGULARITY_SHELL_EXHAUSTED_PRIMALITY_UNASSIGNED,514,9595,9595
SLCMP02-0963,963,143284019,2^143284019-1,SEARCH_INPUT,STRUCTURAL_SCREEN_EXHAUSTED_PRIMALITY_UNASSIGNED,FIRST_SINGULARITY_SHELL_EXHAUSTED_PRIMALITY_UNASSIGNED,514,9595,9595
SLCMP02-0964,964,143284027,2^143284027-1,SEARCH_INPUT,STRUCTURAL_SCREEN_EXHAUSTED_PRIMALITY_UNASSIGNED,FIRST_SINGULARITY_SHELL_EXHAUSTED_PRIMALITY_UNASSIGNED,514,9595,9595
SLCMP02-0965,965,143284033,2^143284033-1,SEARCH_INPUT,STRUCTURAL_SCREEN_EXHAUSTED_PRIMALITY_UNASSIGNED,FIRST_SINGULARITY_SHELL_EXHAUSTED_PRIMALITY_UNASSIGNED,513,9595,9595
SLCMP02-0966,966,143284133,2^143284133-1,SEARCH_INPUT,STRUCTURAL_SCREEN_EXHAUSTED_PRIMALITY_UNASSIGNED,FIRST_SINGULARITY_SHELL_EXHAUSTED_PRIMALITY_UNASSIGNED,513,9595,9595
SLCMP02-0967,967,143284223,2^143284223-1,SEARCH_INPUT,STRUCTURAL_SCREEN_EXHAUSTED_PRIMALITY_UNASSIGNED,FIRST_SINGULARITY_SHELL_EXHAUSTED_PRIMALITY_UNASSIGNED,514,9595,9595
SLCMP02-0968,968,143284307,2^143284307-1,SEARCH_INPUT,STRUCTURAL_SCREEN_EXHAUSTED_PRIMALITY_UNASSIGNED,FIRST_SINGULARITY_SHELL_EXHAUSTED_PRIMALITY_UNASSIGNED,514,9595,9595
SLCMP02-0969,969,143284369,2^143284369-1,SEARCH_INPUT,STRUCTURAL_SCREEN_EXHAUSTED_PRIMALITY_UNASSIGNED,FIRST_SINGULARITY_SHELL_EXHAUSTED_PRIMALITY_UNASSIGNED,513,9595,9595
SLCMP02-0970,970,143284469,2^143284469-1,SEARCH_INPUT,STRUCTURAL_SCREEN_EXHAUSTED_PRIMALITY_UNASSIGNED,FIRST_SINGULARITY_SHELL_EXHAUSTED_PRIMALITY_UNASSIGNED,513,9595,9595
SLCMP02-0971,971,143284481,2^143284481-1,SEARCH_INPUT,STRUCTURAL_SCREEN_EXHAUSTED_PRIMALITY_UNASSIGNED,FIRST_SINGULARITY_SHELL_EXHAUSTED_PRIMALITY_UNASSIGNED,513,9595,9595
SLCMP02-0972,972,143284501,2^143284501-1,SEARCH_INPUT,STRUCTURAL_SCREEN_EXHAUSTED_PRIMALITY_UNASSIGNED,FIRST_SINGULARITY_SHELL_EXHAUSTED_PRIMALITY_UNASSIGNED,513,9595,9595
SLCMP02-0973,973,143284579,2^143284579-1,SEARCH_INPUT,STRUCTURAL_SCREEN_EXHAUSTED_PRIMALITY_UNASSIGNED,FIRST_SINGULARITY_SHELL_EXHAUSTED_PRIMALITY_UNASSIGNED,514,9595,9595
SLCMP02-0974,974,143284597,2^143284597-1,SEARCH_INPUT,STRUCTURAL_SCREEN_EXHAUSTED_PRIMALITY_UNASSIGNED,FIRST_SINGULARITY_SHELL_EXHAUSTED_PRIMALITY_UNASSIGNED,513,9595,9595
SLCMP02-0975,975,143284727,2^143284727-1,SEARCH_INPUT,STRUCTURAL_SCREEN_EXHAUSTED_PRIMALITY_UNASSIGNED,FIRST_SINGULARITY_SHELL_EXHAUSTED_PRIMALITY_UNASSIGNED,514,9595,9595
SLCMP02-0976,976,143284763,2^143284763-1,SEARCH_INPUT,STRUCTURAL_SCREEN_EXHAUSTED_PRIMALITY_UNASSIGNED,FIRST_SINGULARITY_SHELL_EXHAUSTED_PRIMALITY_UNASSIGNED,514,9595,9595
SLCMP02-0977,977,143284837,2^143284837-1,SEARCH_INPUT,STRUCTURAL_SCREEN_EXHAUSTED_PRIMALITY_UNASSIGNED,FIRST_SINGULARITY_SHELL_EXHAUSTED_PRIMALITY_UNASSIGNED,513,9595,9595
SLCMP02-0978,978,143284903,2^143284903-1,SEARCH_INPUT,STRUCTURAL_SCREEN_EXHAUSTED_PRIMALITY_UNASSIGNED,FIRST_SINGULARITY_SHELL_EXHAUSTED_PRIMALITY_UNASSIGNED,514,9595,9595
SLCMP02-0979,979,143285033,2^143285033-1,SEARCH_INPUT,STRUCTURAL_SCREEN_EXHAUSTED_PRIMALITY_UNASSIGNED,FIRST_SINGULARITY_SHELL_EXHAUSTED_PRIMALITY_UNASSIGNED,513,9595,9595
SLCMP02-0980,980,143285221,2^143285221-1,SEARCH_INPUT,STRUCTURAL_SCREEN_EXHAUSTED_PRIMALITY_UNASSIGNED,FIRST_SINGULARITY_SHELL_EXHAUSTED_PRIMALITY_UNASSIGNED,513,9595,9595
SLCMP02-0981,981,143285369,2^143285369-1,SEARCH_INPUT,STRUCTURAL_SCREEN_EXHAUSTED_PRIMALITY_UNASSIGNED,FIRST_SINGULARITY_SHELL_EXHAUSTED_PRIMALITY_UNASSIGNED,513,9595,9595
SLCMP02-0982,982,143285371,2^143285371-1,SEARCH_INPUT,STRUCTURAL_SCREEN_EXHAUSTED_PRIMALITY_UNASSIGNED,FIRST_SINGULARITY_SHELL_EXHAUSTED_PRIMALITY_UNASSIGNED,514,9595,9595
SLCMP02-0983,983,143285413,2^143285413-1,SEARCH_INPUT,STRUCTURAL_SCREEN_EXHAUSTED_PRIMALITY_UNASSIGNED,FIRST_SINGULARITY_SHELL_EXHAUSTED_PRIMALITY_UNASSIGNED,513,9595,9595
SLCMP02-0984,984,143285419,2^143285419-1,SEARCH_INPUT,STRUCTURAL_SCREEN_EXHAUSTED_PRIMALITY_UNASSIGNED,FIRST_SINGULARITY_SHELL_EXHAUSTED_PRIMALITY_UNASSIGNED,514,9595,9595
SLCMP02-0985,985,143285581,2^143285581-1,SEARCH_INPUT,STRUCTURAL_SCREEN_EXHAUSTED_PRIMALITY_UNASSIGNED,FIRST_SINGULARITY_SHELL_EXHAUSTED_PRIMALITY_UNASSIGNED,513,9595,9595
SLCMP02-0986,986,143285603,2^143285603-1,SEARCH_INPUT,STRUCTURAL_SCREEN_EXHAUSTED_PRIMALITY_UNASSIGNED,FIRST_SINGULARITY_SHELL_EXHAUSTED_PRIMALITY_UNASSIGNED,514,9595,9595
SLCMP02-0987,987,143285671,2^143285671-1,SEARCH_INPUT,STRUCTURAL_SCREEN_EXHAUSTED_PRIMALITY_UNASSIGNED,FIRST_SINGULARITY_SHELL_EXHAUSTED_PRIMALITY_UNASSIGNED,514,9595,9595
SLCMP02-0988,988,143285677,2^143285677-1,SEARCH_INPUT,STRUCTURAL_SCREEN_EXHAUSTED_PRIMALITY_UNASSIGNED,FIRST_SINGULARITY_SHELL_EXHAUSTED_PRIMALITY_UNASSIGNED,513,9595,9595
SLCMP02-0989,989,143285683,2^143285683-1,SEARCH_INPUT,STRUCTURAL_SCREEN_EXHAUSTED_PRIMALITY_UNASSIGNED,FIRST_SINGULARITY_SHELL_EXHAUSTED_PRIMALITY_UNASSIGNED,514,9595,9595
SLCMP02-0990,990,143285773,2^143285773-1,SEARCH_INPUT,STRUCTURAL_SCREEN_EXHAUSTED_PRIMALITY_UNASSIGNED,FIRST_SINGULARITY_SHELL_EXHAUSTED_PRIMALITY_UNASSIGNED,513,9595,9595
SLCMP02-0991,991,143285851,2^143285851-1,SEARCH_INPUT,STRUCTURAL_SCREEN_EXHAUSTED_PRIMALITY_UNASSIGNED,FIRST_SINGULARITY_SHELL_EXHAUSTED_PRIMALITY_UNASSIGNED,514,9595,9595
SLCMP02-0992,992,143285917,2^143285917-1,SEARCH_INPUT,STRUCTURAL_SCREEN_EXHAUSTED_PRIMALITY_UNASSIGNED,FIRST_SINGULARITY_SHELL_EXHAUSTED_PRIMALITY_UNASSIGNED,513,9595,9595
SLCMP02-0993,993,143286211,2^143286211-1,SEARCH_INPUT,STRUCTURAL_SCREEN_EXHAUSTED_PRIMALITY_UNASSIGNED,FIRST_SINGULARITY_SHELL_EXHAUSTED_PRIMALITY_UNASSIGNED,514,9595,9595
SLCMP02-0994,994,143286223,2^143286223-1,SEARCH_INPUT,STRUCTURAL_SCREEN_EXHAUSTED_PRIMALITY_UNASSIGNED,FIRST_SINGULARITY_SHELL_EXHAUSTED_PRIMALITY_UNASSIGNED,514,9595,9595
SLCMP02-0995,995,143286233,2^143286233-1,SEARCH_INPUT,STRUCTURAL_SCREEN_EXHAUSTED_PRIMALITY_UNASSIGNED,FIRST_SINGULARITY_SHELL_EXHAUSTED_PRIMALITY_UNASSIGNED,513,9595,9595
SLCMP02-0996,996,143286257,2^143286257-1,SEARCH_INPUT,STRUCTURAL_SCREEN_EXHAUSTED_PRIMALITY_UNASSIGNED,FIRST_SINGULARITY_SHELL_EXHAUSTED_PRIMALITY_UNASSIGNED,513,9595,9595
SLCMP02-0997,997,143286271,2^143286271-1,SEARCH_INPUT,STRUCTURAL_SCREEN_EXHAUSTED_PRIMALITY_UNASSIGNED,FIRST_SINGULARITY_SHELL_EXHAUSTED_PRIMALITY_UNASSIGNED,514,9595,9595
SLCMP02-0998,998,143286293,2^143286293-1,SEARCH_INPUT,STRUCTURAL_SCREEN_EXHAUSTED_PRIMALITY_UNASSIGNED,FIRST_SINGULARITY_SHELL_EXHAUSTED_PRIMALITY_UNASSIGNED,513,9595,9595
SLCMP02-0999,999,143286427,2^143286427-1,SEARCH_INPUT,STRUCTURAL_SCREEN_EXHAUSTED_PRIMALITY_UNASSIGNED,FIRST_SINGULARITY_SHELL_EXHAUSTED_PRIMALITY_UNASSIGNED,514,9595,9595
SLCMP02-1000,1000,143286463,2^143286463-1,SEARCH_INPUT,STRUCTURAL_SCREEN_EXHAUSTED_PRIMALITY_UNASSIGNED,FIRST_SINGULARITY_SHELL_EXHAUSTED_PRIMALITY_UNASSIGNED,514,9595,9595
SLCMP02-1001,1001,143286491,2^143286491-1,SEARCH_INPUT,STRUCTURAL_SCREEN_EXHAUSTED_PRIMALITY_UNASSIGNED,FIRST_SINGULARITY_SHELL_EXHAUSTED_PRIMALITY_UNASSIGNED,514,9595,9595
SLCMP02-1002,1002,143286641,2^143286641-1,SEARCH_INPUT,STRUCTURAL_SCREEN_EXHAUSTED_PRIMALITY_UNASSIGNED,FIRST_SINGULARITY_SHELL_EXHAUSTED_PRIMALITY_UNASSIGNED,513,9595,9595
SLCMP02-1003,1003,143286779,2^143286779-1,SEARCH_INPUT,STRUCTURAL_SCREEN_EXHAUSTED_PRIMALITY_UNASSIGNED,FIRST_SINGULARITY_SHELL_EXHAUSTED_PRIMALITY_UNASSIGNED,514,9595,9595
SLCMP02-1004,1004,143286821,2^143286821-1,SEARCH_INPUT,STRUCTURAL_SCREEN_EXHAUSTED_PRIMALITY_UNASSIGNED,FIRST_SINGULARITY_SHELL_EXHAUSTED_PRIMALITY_UNASSIGNED,513,9595,9595
SLCMP02-1005,1005,143286823,2^143286823-1,SEARCH_INPUT,STRUCTURAL_SCREEN_EXHAUSTED_PRIMALITY_UNASSIGNED,FIRST_SINGULARITY_SHELL_EXHAUSTED_PRIMALITY_UNASSIGNED,514,9595,9595
SLCMP02-1006,1006,143286887,2^143286887-1,SEARCH_INPUT,STRUCTURAL_SCREEN_EXHAUSTED_PRIMALITY_UNASSIGNED,FIRST_SINGULARITY_SHELL_EXHAUSTED_PRIMALITY_UNASSIGNED,514,9595,9595
SLCMP02-1007,1007,143286947,2^143286947-1,SEARCH_INPUT,STRUCTURAL_SCREEN_EXHAUSTED_PRIMALITY_UNASSIGNED,FIRST_SINGULARITY_SHELL_EXHAUSTED_PRIMALITY_UNASSIGNED,514,9595,9595
SLCMP02-1008,1008,143287069,2^143287069-1,SEARCH_INPUT,STRUCTURAL_SCREEN_EXHAUSTED_PRIMALITY_UNASSIGNED,FIRST_SINGULARITY_SHELL_EXHAUSTED_PRIMALITY_UNASSIGNED,513,9595,9595
SLCMP02-1009,1009,143287091,2^143287091-1,SEARCH_INPUT,STRUCTURAL_SCREEN_EXHAUSTED_PRIMALITY_UNASSIGNED,FIRST_SINGULARITY_SHELL_EXHAUSTED_PRIMALITY_UNASSIGNED,514,9595,9595
SLCMP02-1010,1010,143287153,2^143287153-1,SEARCH_INPUT,STRUCTURAL_SCREEN_EXHAUSTED_PRIMALITY_UNASSIGNED,FIRST_SINGULARITY_SHELL_EXHAUSTED_PRIMALITY_UNASSIGNED,513,9595,9595
SLCMP02-1011,1011,143287399,2^143287399-1,SEARCH_INPUT,STRUCTURAL_SCREEN_EXHAUSTED_PRIMALITY_UNASSIGNED,FIRST_SINGULARITY_SHELL_EXHAUSTED_PRIMALITY_UNASSIGNED,514,9595,9595
SLCMP02-1012,1012,143287427,2^143287427-1,SEARCH_INPUT,STRUCTURAL_SCREEN_EXHAUSTED_PRIMALITY_UNASSIGNED,FIRST_SINGULARITY_SHELL_EXHAUSTED_PRIMALITY_UNASSIGNED,514,9595,9595
SLCMP02-1013,1013,143287429,2^143287429-1,SEARCH_INPUT,STRUCTURAL_SCREEN_EXHAUSTED_PRIMALITY_UNASSIGNED,FIRST_SINGULARITY_SHELL_EXHAUSTED_PRIMALITY_UNASSIGNED,513,9595,9595
SLCMP02-1014,1014,143287511,2^143287511-1,SEARCH_INPUT,STRUCTURAL_SCREEN_EXHAUSTED_PRIMALITY_UNASSIGNED,FIRST_SINGULARITY_SHELL_EXHAUSTED_PRIMALITY_UNASSIGNED,514,9595,9595
SLCMP02-1015,1015,143287709,2^143287709-1,SEARCH_INPUT,STRUCTURAL_SCREEN_EXHAUSTED_PRIMALITY_UNASSIGNED,FIRST_SINGULARITY_SHELL_EXHAUSTED_PRIMALITY_UNASSIGNED,513,9595,9595
SLCMP02-1016,1016,143287789,2^143287789-1,SEARCH_INPUT,STRUCTURAL_SCREEN_EXHAUSTED_PRIMALITY_UNASSIGNED,FIRST_SINGULARITY_SHELL_EXHAUSTED_PRIMALITY_UNASSIGNED,513,9595,9595
SLCMP02-1017,1017,143287817,2^143287817-1,SEARCH_INPUT,STRUCTURAL_SCREEN_EXHAUSTED_PRIMALITY_UNASSIGNED,FIRST_SINGULARITY_SHELL_EXHAUSTED_PRIMALITY_UNASSIGNED,513,9595,9595
SLCMP02-1018,1018,143287847,2^143287847-1,SEARCH_INPUT,STRUCTURAL_SCREEN_EXHAUSTED_PRIMALITY_UNASSIGNED,FIRST_SINGULARITY_SHELL_EXHAUSTED_PRIMALITY_UNASSIGNED,514,9595,9595
SLCMP02-1019,1019,143287871,2^143287871-1,SEARCH_INPUT,STRUCTURAL_SCREEN_EXHAUSTED_PRIMALITY_UNASSIGNED,FIRST_SINGULARITY_SHELL_EXHAUSTED_PRIMALITY_UNASSIGNED,514,9595,9595
SLCMP02-1020,1020,143287973,2^143287973-1,SEARCH_INPUT,STRUCTURAL_SCREEN_EXHAUSTED_PRIMALITY_UNASSIGNED,FIRST_SINGULARITY_SHELL_EXHAUSTED_PRIMALITY_UNASSIGNED,513,9595,9595
SLCMP02-1021,1021,143288003,2^143288003-1,SEARCH_INPUT,STRUCTURAL_SCREEN_EXHAUSTED_PRIMALITY_UNASSIGNED,FIRST_SINGULARITY_SHELL_EXHAUSTED_PRIMALITY_UNASSIGNED,514,9595,9595
SLCMP02-1022,1022,143288027,2^143288027-1,SEARCH_INPUT,STRUCTURAL_SCREEN_EXHAUSTED_PRIMALITY_UNASSIGNED,FIRST_SINGULARITY_SHELL_EXHAUSTED_PRIMALITY_UNASSIGNED,514,9595,9595
SLCMP02-1023,1023,143288059,2^143288059-1,SEARCH_INPUT,STRUCTURAL_SCREEN_EXHAUSTED_PRIMALITY_UNASSIGNED,FIRST_SINGULARITY_SHELL_EXHAUSTED_PRIMALITY_UNASSIGNED,514,9595,9595
SLCMP02-1024,1024,143288179,2^143288179-1,SEARCH_INPUT,STRUCTURAL_SCREEN_EXHAUSTED_PRIMALITY_UNASSIGNED,FIRST_SINGULARITY_SHELL_EXHAUSTED_PRIMALITY_UNASSIGNED,514,9595,9595
SLCMP02-1025,1025,143288221,2^143288221-1,SEARCH_INPUT,STRUCTURAL_SCREEN_EXHAUSTED_PRIMALITY_UNASSIGNED,FIRST_SINGULARITY_SHELL_EXHAUSTED_PRIMALITY_UNASSIGNED,513,9595,9595
SLCMP02-1026,1026,143288297,2^143288297-1,SEARCH_INPUT,STRUCTURAL_SCREEN_EXHAUSTED_PRIMALITY_UNASSIGNED,FIRST_SINGULARITY_SHELL_EXHAUSTED_PRIMALITY_UNASSIGNED,513,9595,9595
SLCMP02-1027,1027,143288423,2^143288423-1,SEARCH_INPUT,STRUCTURAL_SCREEN_EXHAUSTED_PRIMALITY_UNASSIGNED,FIRST_SINGULARITY_SHELL_EXHAUSTED_PRIMALITY_UNASSIGNED,514,9595,9595
SLCMP02-1028,1028,143288441,2^143288441-1,SEARCH_INPUT,STRUCTURAL_SCREEN_EXHAUSTED_PRIMALITY_UNASSIGNED,FIRST_SINGULARITY_SHELL_EXHAUSTED_PRIMALITY_UNASSIGNED,513,9595,9595
SLCMP02-1029,1029,143288447,2^143288447-1,SEARCH_INPUT,STRUCTURAL_SCREEN_EXHAUSTED_PRIMALITY_UNASSIGNED,FIRST_SINGULARITY_SHELL_EXHAUSTED_PRIMALITY_UNASSIGNED,514,9595,9595
SLCMP02-1030,1030,143288473,2^143288473-1,SEARCH_INPUT,STRUCTURAL_SCREEN_EXHAUSTED_PRIMALITY_UNASSIGNED,FIRST_SINGULARITY_SHELL_EXHAUSTED_PRIMALITY_UNASSIGNED,513,9595,9595
SLCMP02-1031,1031,143288489,2^143288489-1,SEARCH_INPUT,STRUCTURAL_SCREEN_EXHAUSTED_PRIMALITY_UNASSIGNED,FIRST_SINGULARITY_SHELL_EXHAUSTED_PRIMALITY_UNASSIGNED,513,9595,9595
SLCMP02-1032,1032,143288491,2^143288491-1,SEARCH_INPUT,STRUCTURAL_SCREEN_EXHAUSTED_PRIMALITY_UNASSIGNED,FIRST_SINGULARITY_SHELL_EXHAUSTED_PRIMALITY_UNASSIGNED,514,9595,9595
SLCMP02-1033,1033,143288503,2^143288503-1,SEARCH_INPUT,STRUCTURAL_SCREEN_EXHAUSTED_PRIMALITY_UNASSIGNED,FIRST_SINGULARITY_SHELL_EXHAUSTED_PRIMALITY_UNASSIGNED,514,9595,9595
SLCMP02-1034,1034,143288569,2^143288569-1,SEARCH_INPUT,STRUCTURAL_SCREEN_EXHAUSTED_PRIMALITY_UNASSIGNED,FIRST_SINGULARITY_SHELL_EXHAUSTED_PRIMALITY_UNASSIGNED,513,9595,9595
SLCMP02-1035,1035,143288833,2^143288833-1,SEARCH_INPUT,STRUCTURAL_SCREEN_EXHAUSTED_PRIMALITY_UNASSIGNED,FIRST_SINGULARITY_SHELL_EXHAUSTED_PRIMALITY_UNASSIGNED,513,9595,9595
SLCMP02-1036,1036,143288941,2^143288941-1,SEARCH_INPUT,STRUCTURAL_SCREEN_EXHAUSTED_PRIMALITY_UNASSIGNED,FIRST_SINGULARITY_SHELL_EXHAUSTED_PRIMALITY_UNASSIGNED,513,9595,9595
SLCMP02-1037,1037,143289077,2^143289077-1,SEARCH_INPUT,STRUCTURAL_SCREEN_EXHAUSTED_PRIMALITY_UNASSIGNED,FIRST_SINGULARITY_SHELL_EXHAUSTED_PRIMALITY_UNASSIGNED,513,9595,9595
SLCMP02-1038,1038,143289131,2^143289131-1,SEARCH_INPUT,STRUCTURAL_SCREEN_EXHAUSTED_PRIMALITY_UNASSIGNED,FIRST_SINGULARITY_SHELL_EXHAUSTED_PRIMALITY_UNASSIGNED,514,9595,9595
SLCMP02-1039,1039,143289187,2^143289187-1,SEARCH_INPUT,STRUCTURAL_SCREEN_EXHAUSTED_PRIMALITY_UNASSIGNED,FIRST_SINGULARITY_SHELL_EXHAUSTED_PRIMALITY_UNASSIGNED,514,9595,9595
SLCMP02-1040,1040,143289191,2^143289191-1,SEARCH_INPUT,STRUCTURAL_SCREEN_EXHAUSTED_PRIMALITY_UNASSIGNED,FIRST_SINGULARITY_SHELL_EXHAUSTED_PRIMALITY_UNASSIGNED,514,9595,9595
SLCMP02-1041,1041,143289677,2^143289677-1,SEARCH_INPUT,STRUCTURAL_SCREEN_EXHAUSTED_PRIMALITY_UNASSIGNED,FIRST_SINGULARITY_SHELL_EXHAUSTED_PRIMALITY_UNASSIGNED,513,9595,9595
SLCMP02-1042,1042,143290123,2^143290123-1,SEARCH_INPUT,STRUCTURAL_SCREEN_EXHAUSTED_PRIMALITY_UNASSIGNED,FIRST_SINGULARITY_SHELL_EXHAUSTED_PRIMALITY_UNASSIGNED,514,9595,9595
SLCMP02-1043,1043,143290439,2^143290439-1,SEARCH_INPUT,STRUCTURAL_SCREEN_EXHAUSTED_PRIMALITY_UNASSIGNED,FIRST_SINGULARITY_SHELL_EXHAUSTED_PRIMALITY_UNASSIGNED,514,9595,9595
SLCMP02-1044,1044,143290519,2^143290519-1,SEARCH_INPUT,STRUCTURAL_SCREEN_EXHAUSTED_PRIMALITY_UNASSIGNED,FIRST_SINGULARITY_SHELL_EXHAUSTED_PRIMALITY_UNASSIGNED,514,9595,9595
SLCMP02-1045,1045,143291387,2^143291387-1,SEARCH_INPUT,STRUCTURAL_SCREEN_EXHAUSTED_PRIMALITY_UNASSIGNED,FIRST_SINGULARITY_SHELL_EXHAUSTED_PRIMALITY_UNASSIGNED,514,9595,9595
SLCMP02-1046,1046,143291461,2^143291461-1,SEARCH_INPUT,STRUCTURAL_SCREEN_EXHAUSTED_PRIMALITY_UNASSIGNED,FIRST_SINGULARITY_SHELL_EXHAUSTED_PRIMALITY_UNASSIGNED,513,9595,9595
SLCMP02-1047,1047,143291527,2^143291527-1,SEARCH_INPUT,STRUCTURAL_SCREEN_EXHAUSTED_PRIMALITY_UNASSIGNED,FIRST_SINGULARITY_SHELL_EXHAUSTED_PRIMALITY_UNASSIGNED,514,9595,9595
SLCMP02-1048,1048,143291567,2^143291567-1,SEARCH_INPUT,STRUCTURAL_SCREEN_EXHAUSTED_PRIMALITY_UNASSIGNED,FIRST_SINGULARITY_SHELL_EXHAUSTED_PRIMALITY_UNASSIGNED,514,9595,9595
SLCMP02-1049,1049,143291647,2^143291647-1,SEARCH_INPUT,STRUCTURAL_SCREEN_EXHAUSTED_PRIMALITY_UNASSIGNED,FIRST_SINGULARITY_SHELL_EXHAUSTED_PRIMALITY_UNASSIGNED,514,9595,9595
SLCMP02-1050,1050,143291699,2^143291699-1,SEARCH_INPUT,STRUCTURAL_SCREEN_EXHAUSTED_PRIMALITY_UNASSIGNED,FIRST_SINGULARITY_SHELL_EXHAUSTED_PRIMALITY_UNASSIGNED,514,9595,9595
SLCMP02-1051,1051,143291887,2^143291887-1,SEARCH_INPUT,STRUCTURAL_SCREEN_EXHAUSTED_PRIMALITY_UNASSIGNED,FIRST_SINGULARITY_SHELL_EXHAUSTED_PRIMALITY_UNASSIGNED,514,9595,9595
SLCMP02-1052,1052,143291933,2^143291933-1,SEARCH_INPUT,STRUCTURAL_SCREEN_EXHAUSTED_PRIMALITY_UNASSIGNED,FIRST_SINGULARITY_SHELL_EXHAUSTED_PRIMALITY_UNASSIGNED,513,9595,9595
SLCMP02-1053,1053,143292073,2^143292073-1,SEARCH_INPUT,STRUCTURAL_SCREEN_EXHAUSTED_PRIMALITY_UNASSIGNED,FIRST_SINGULARITY_SHELL_EXHAUSTED_PRIMALITY_UNASSIGNED,513,9595,9595
SLCMP02-1054,1054,143292209,2^143292209-1,SEARCH_INPUT,STRUCTURAL_SCREEN_EXHAUSTED_PRIMALITY_UNASSIGNED,FIRST_SINGULARITY_SHELL_EXHAUSTED_PRIMALITY_UNASSIGNED,513,9595,9595
SLCMP02-1055,1055,143292283,2^143292283-1,SEARCH_INPUT,STRUCTURAL_SCREEN_EXHAUSTED_PRIMALITY_UNASSIGNED,FIRST_SINGULARITY_SHELL_EXHAUSTED_PRIMALITY_UNASSIGNED,514,9595,9595
SLCMP02-1056,1056,143292293,2^143292293-1,SEARCH_INPUT,STRUCTURAL_SCREEN_EXHAUSTED_PRIMALITY_UNASSIGNED,FIRST_SINGULARITY_SHELL_EXHAUSTED_PRIMALITY_UNASSIGNED,513,9595,9595
SLCMP02-1057,1057,143292679,2^143292679-1,SEARCH_INPUT,STRUCTURAL_SCREEN_EXHAUSTED_PRIMALITY_UNASSIGNED,FIRST_SINGULARITY_SHELL_EXHAUSTED_PRIMALITY_UNASSIGNED,514,9595,9595
SLCMP02-1058,1058,143292869,2^143292869-1,SEARCH_INPUT,STRUCTURAL_SCREEN_EXHAUSTED_PRIMALITY_UNASSIGNED,FIRST_SINGULARITY_SHELL_EXHAUSTED_PRIMALITY_UNASSIGNED,513,9595,9595
SLCMP02-1059,1059,143292997,2^143292997-1,SEARCH_INPUT,STRUCTURAL_SCREEN_EXHAUSTED_PRIMALITY_UNASSIGNED,FIRST_SINGULARITY_SHELL_EXHAUSTED_PRIMALITY_UNASSIGNED,513,9595,9595
SLCMP02-1060,1060,143293363,2^143293363-1,SEARCH_INPUT,STRUCTURAL_SCREEN_EXHAUSTED_PRIMALITY_UNASSIGNED,FIRST_SINGULARITY_SHELL_EXHAUSTED_PRIMALITY_UNASSIGNED,514,9595,9595
SLCMP02-1061,1061,143293547,2^143293547-1,SEARCH_INPUT,STRUCTURAL_SCREEN_EXHAUSTED_PRIMALITY_UNASSIGNED,FIRST_SINGULARITY_SHELL_EXHAUSTED_PRIMALITY_UNASSIGNED,514,9595,9595
SLCMP02-1062,1062,143293589,2^143293589-1,SEARCH_INPUT,STRUCTURAL_SCREEN_EXHAUSTED_PRIMALITY_UNASSIGNED,FIRST_SINGULARITY_SHELL_EXHAUSTED_PRIMALITY_UNASSIGNED,513,9595,9595
SLCMP02-1063,1063,143293723,2^143293723-1,SEARCH_INPUT,STRUCTURAL_SCREEN_EXHAUSTED_PRIMALITY_UNASSIGNED,FIRST_SINGULARITY_SHELL_EXHAUSTED_PRIMALITY_UNASSIGNED,514,9595,9595
SLCMP02-1064,1064,143293993,2^143293993-1,SEARCH_INPUT,STRUCTURAL_SCREEN_EXHAUSTED_PRIMALITY_UNASSIGNED,FIRST_SINGULARITY_SHELL_EXHAUSTED_PRIMALITY_UNASSIGNED,513,9595,9595
SLCMP02-1065,1065,143293999,2^143293999-1,SEARCH_INPUT,STRUCTURAL_SCREEN_EXHAUSTED_PRIMALITY_UNASSIGNED,FIRST_SINGULARITY_SHELL_EXHAUSTED_PRIMALITY_UNASSIGNED,514,9595,9595
SLCMP02-1066,1066,143294027,2^143294027-1,SEARCH_INPUT,STRUCTURAL_SCREEN_EXHAUSTED_PRIMALITY_UNASSIGNED,FIRST_SINGULARITY_SHELL_EXHAUSTED_PRIMALITY_UNASSIGNED,514,9595,9595
SLCMP02-1067,1067,143294093,2^143294093-1,SEARCH_INPUT,STRUCTURAL_SCREEN_EXHAUSTED_PRIMALITY_UNASSIGNED,FIRST_SINGULARITY_SHELL_EXHAUSTED_PRIMALITY_UNASSIGNED,513,9595,9595
SLCMP02-1068,1068,143294141,2^143294141-1,SEARCH_INPUT,STRUCTURAL_SCREEN_EXHAUSTED_PRIMALITY_UNASSIGNED,FIRST_SINGULARITY_SHELL_EXHAUSTED_PRIMALITY_UNASSIGNED,513,9595,9595
SLCMP02-1069,1069,143294159,2^143294159-1,SEARCH_INPUT,STRUCTURAL_SCREEN_EXHAUSTED_PRIMALITY_UNASSIGNED,FIRST_SINGULARITY_SHELL_EXHAUSTED_PRIMALITY_UNASSIGNED,514,9595,9595
SLCMP02-1070,1070,143294269,2^143294269-1,SEARCH_INPUT,STRUCTURAL_SCREEN_EXHAUSTED_PRIMALITY_UNASSIGNED,FIRST_SINGULARITY_SHELL_EXHAUSTED_PRIMALITY_UNASSIGNED,513,9595,9595
SLCMP02-1071,1071,143294279,2^143294279-1,SEARCH_INPUT,STRUCTURAL_SCREEN_EXHAUSTED_PRIMALITY_UNASSIGNED,FIRST_SINGULARITY_SHELL_EXHAUSTED_PRIMALITY_UNASSIGNED,514,9595,9595
SLCMP02-1072,1072,143294297,2^143294297-1,SEARCH_INPUT,STRUCTURAL_SCREEN_EXHAUSTED_PRIMALITY_UNASSIGNED,FIRST_SINGULARITY_SHELL_EXHAUSTED_PRIMALITY_UNASSIGNED,513,9595,9595
SLCMP02-1073,1073,143294357,2^143294357-1,SEARCH_INPUT,STRUCTURAL_SCREEN_EXHAUSTED_PRIMALITY_UNASSIGNED,FIRST_SINGULARITY_SHELL_EXHAUSTED_PRIMALITY_UNASSIGNED,513,9595,9595
SLCMP02-1074,1074,143294407,2^143294407-1,SEARCH_INPUT,STRUCTURAL_SCREEN_EXHAUSTED_PRIMALITY_UNASSIGNED,FIRST_SINGULARITY_SHELL_EXHAUSTED_PRIMALITY_UNASSIGNED,514,9595,9595
SLCMP02-1075,1075,143294573,2^143294573-1,SEARCH_INPUT,STRUCTURAL_SCREEN_EXHAUSTED_PRIMALITY_UNASSIGNED,FIRST_SINGULARITY_SHELL_EXHAUSTED_PRIMALITY_UNASSIGNED,513,9595,9595
SLCMP02-1076,1076,143294579,2^143294579-1,SEARCH_INPUT,STRUCTURAL_SCREEN_EXHAUSTED_PRIMALITY_UNASSIGNED,FIRST_SINGULARITY_SHELL_EXHAUSTED_PRIMALITY_UNASSIGNED,514,9595,9595
SLCMP02-1077,1077,143294611,2^143294611-1,SEARCH_INPUT,STRUCTURAL_SCREEN_EXHAUSTED_PRIMALITY_UNASSIGNED,FIRST_SINGULARITY_SHELL_EXHAUSTED_PRIMALITY_UNASSIGNED,514,9595,9595
SLCMP02-1078,1078,143294687,2^143294687-1,SEARCH_INPUT,STRUCTURAL_SCREEN_EXHAUSTED_PRIMALITY_UNASSIGNED,FIRST_SINGULARITY_SHELL_EXHAUSTED_PRIMALITY_UNASSIGNED,514,9595,9595
SLCMP02-1079,1079,143294699,2^143294699-1,SEARCH_INPUT,STRUCTURAL_SCREEN_EXHAUSTED_PRIMALITY_UNASSIGNED,FIRST_SINGULARITY_SHELL_EXHAUSTED_PRIMALITY_UNASSIGNED,514,9595,9595
SLCMP02-1080,1080,143294729,2^143294729-1,SEARCH_INPUT,STRUCTURAL_SCREEN_EXHAUSTED_PRIMALITY_UNASSIGNED,FIRST_SINGULARITY_SHELL_EXHAUSTED_PRIMALITY_UNASSIGNED,513,9595,9595
SLCMP02-1081,1081,143295007,2^143295007-1,SEARCH_INPUT,STRUCTURAL_SCREEN_EXHAUSTED_PRIMALITY_UNASSIGNED,FIRST_SINGULARITY_SHELL_EXHAUSTED_PRIMALITY_UNASSIGNED,514,9595,9595
SLCMP02-1082,1082,143295071,2^143295071-1,SEARCH_INPUT,STRUCTURAL_SCREEN_EXHAUSTED_PRIMALITY_UNASSIGNED,FIRST_SINGULARITY_SHELL_EXHAUSTED_PRIMALITY_UNASSIGNED,514,9595,9595
SLCMP02-1083,1083,143295121,2^143295121-1,SEARCH_INPUT,STRUCTURAL_SCREEN_EXHAUSTED_PRIMALITY_UNASSIGNED,FIRST_SINGULARITY_SHELL_EXHAUSTED_PRIMALITY_UNASSIGNED,513,9595,9595
SLCMP02-1084,1084,143295157,2^143295157-1,SEARCH_INPUT,STRUCTURAL_SCREEN_EXHAUSTED_PRIMALITY_UNASSIGNED,FIRST_SINGULARITY_SHELL_EXHAUSTED_PRIMALITY_UNASSIGNED,513,9595,9595
SLCMP02-1085,1085,143295197,2^143295197-1,SEARCH_INPUT,STRUCTURAL_SCREEN_EXHAUSTED_PRIMALITY_UNASSIGNED,FIRST_SINGULARITY_SHELL_EXHAUSTED_PRIMALITY_UNASSIGNED,513,9595,9595
SLCMP02-1086,1086,143295371,2^143295371-1,SEARCH_INPUT,STRUCTURAL_SCREEN_EXHAUSTED_PRIMALITY_UNASSIGNED,FIRST_SINGULARITY_SHELL_EXHAUSTED_PRIMALITY_UNASSIGNED,514,9595,9595
SLCMP02-1087,1087,143295403,2^143295403-1,SEARCH_INPUT,STRUCTURAL_SCREEN_EXHAUSTED_PRIMALITY_UNASSIGNED,FIRST_SINGULARITY_SHELL_EXHAUSTED_PRIMALITY_UNASSIGNED,514,9595,9595
SLCMP02-1088,1088,143295443,2^143295443-1,SEARCH_INPUT,STRUCTURAL_SCREEN_EXHAUSTED_PRIMALITY_UNASSIGNED,FIRST_SINGULARITY_SHELL_EXHAUSTED_PRIMALITY_UNASSIGNED,514,9595,9595
SLCMP02-1089,1089,143295637,2^143295637-1,SEARCH_INPUT,STRUCTURAL_SCREEN_EXHAUSTED_PRIMALITY_UNASSIGNED,FIRST_SINGULARITY_SHELL_EXHAUSTED_PRIMALITY_UNASSIGNED,513,9595,9595
SLCMP02-1090,1090,143295653,2^143295653-1,SEARCH_INPUT,STRUCTURAL_SCREEN_EXHAUSTED_PRIMALITY_UNASSIGNED,FIRST_SINGULARITY_SHELL_EXHAUSTED_PRIMALITY_UNASSIGNED,513,9595,9595
SLCMP02-1091,1091,143295689,2^143295689-1,SEARCH_INPUT,STRUCTURAL_SCREEN_EXHAUSTED_PRIMALITY_UNASSIGNED,FIRST_SINGULARITY_SHELL_EXHAUSTED_PRIMALITY_UNASSIGNED,513,9595,9595
SLCMP02-1092,1092,143295767,2^143295767-1,SEARCH_INPUT,STRUCTURAL_SCREEN_EXHAUSTED_PRIMALITY_UNASSIGNED,FIRST_SINGULARITY_SHELL_EXHAUSTED_PRIMALITY_UNASSIGNED,514,9595,9595
SLCMP02-1093,1093,143295899,2^143295899-1,SEARCH_INPUT,STRUCTURAL_SCREEN_EXHAUSTED_PRIMALITY_UNASSIGNED,FIRST_SINGULARITY_SHELL_EXHAUSTED_PRIMALITY_UNASSIGNED,514,9595,9595
SLCMP02-1094,1094,143295953,2^143295953-1,SEARCH_INPUT,STRUCTURAL_SCREEN_EXHAUSTED_PRIMALITY_UNASSIGNED,FIRST_SINGULARITY_SHELL_EXHAUSTED_PRIMALITY_UNASSIGNED,513,9595,9595
SLCMP02-1095,1095,143296019,2^143296019-1,SEARCH_INPUT,STRUCTURAL_SCREEN_EXHAUSTED_PRIMALITY_UNASSIGNED,FIRST_SINGULARITY_SHELL_EXHAUSTED_PRIMALITY_UNASSIGNED,514,9595,9595
SLCMP02-1096,1096,143296733,2^143296733-1,SEARCH_INPUT,STRUCTURAL_SCREEN_EXHAUSTED_PRIMALITY_UNASSIGNED,FIRST_SINGULARITY_SHELL_EXHAUSTED_PRIMALITY_UNASSIGNED,513,9595,9595
SLCMP02-1097,1097,143296807,2^143296807-1,SEARCH_INPUT,STRUCTURAL_SCREEN_EXHAUSTED_PRIMALITY_UNASSIGNED,FIRST_SINGULARITY_SHELL_EXHAUSTED_PRIMALITY_UNASSIGNED,514,9595,9595
SLCMP02-1098,1098,143296817,2^143296817-1,SEARCH_INPUT,STRUCTURAL_SCREEN_EXHAUSTED_PRIMALITY_UNASSIGNED,FIRST_SINGULARITY_SHELL_EXHAUSTED_PRIMALITY_UNASSIGNED,513,9595,9595
SLCMP02-1099,1099,143297807,2^143297807-1,SEARCH_INPUT,STRUCTURAL_SCREEN_EXHAUSTED_PRIMALITY_UNASSIGNED,FIRST_SINGULARITY_SHELL_EXHAUSTED_PRIMALITY_UNASSIGNED,514,9595,9595
SLCMP02-1100,1100,143298431,2^143298431-1,SEARCH_INPUT,STRUCTURAL_SCREEN_EXHAUSTED_PRIMALITY_UNASSIGNED,FIRST_SINGULARITY_SHELL_EXHAUSTED_PRIMALITY_UNASSIGNED,514,9595,9595
SLCMP02-1101,1101,143299033,2^143299033-1,SEARCH_INPUT,STRUCTURAL_SCREEN_EXHAUSTED_PRIMALITY_UNASSIGNED,FIRST_SINGULARITY_SHELL_EXHAUSTED_PRIMALITY_UNASSIGNED,513,9595,9595
SLCMP02-1102,1102,143299097,2^143299097-1,SEARCH_INPUT,STRUCTURAL_SCREEN_EXHAUSTED_PRIMALITY_UNASSIGNED,FIRST_SINGULARITY_SHELL_EXHAUSTED_PRIMALITY_UNASSIGNED,513,9595,9595
SLCMP02-1103,1103,143299147,2^143299147-1,SEARCH_INPUT,STRUCTURAL_SCREEN_EXHAUSTED_PRIMALITY_UNASSIGNED,FIRST_SINGULARITY_SHELL_EXHAUSTED_PRIMALITY_UNASSIGNED,514,9595,9595
SLCMP02-1104,1104,143299153,2^143299153-1,SEARCH_INPUT,STRUCTURAL_SCREEN_EXHAUSTED_PRIMALITY_UNASSIGNED,FIRST_SINGULARITY_SHELL_EXHAUSTED_PRIMALITY_UNASSIGNED,513,9595,9595
SLCMP02-1105,1105,143299157,2^143299157-1,SEARCH_INPUT,STRUCTURAL_SCREEN_EXHAUSTED_PRIMALITY_UNASSIGNED,FIRST_SINGULARITY_SHELL_EXHAUSTED_PRIMALITY_UNASSIGNED,513,9595,9595
SLCMP02-1106,1106,143299201,2^143299201-1,SEARCH_INPUT,STRUCTURAL_SCREEN_EXHAUSTED_PRIMALITY_UNASSIGNED,FIRST_SINGULARITY_SHELL_EXHAUSTED_PRIMALITY_UNASSIGNED,513,9595,9595
SLCMP02-1107,1107,143299241,2^143299241-1,SEARCH_INPUT,STRUCTURAL_SCREEN_EXHAUSTED_PRIMALITY_UNASSIGNED,FIRST_SINGULARITY_SHELL_EXHAUSTED_PRIMALITY_UNASSIGNED,513,9595,9595
SLCMP02-1108,1108,143299243,2^143299243-1,SEARCH_INPUT,STRUCTURAL_SCREEN_EXHAUSTED_PRIMALITY_UNASSIGNED,FIRST_SINGULARITY_SHELL_EXHAUSTED_PRIMALITY_UNASSIGNED,514,9595,9595
SLCMP02-1109,1109,143299249,2^143299249-1,SEARCH_INPUT,STRUCTURAL_SCREEN_EXHAUSTED_PRIMALITY_UNASSIGNED,FIRST_SINGULARITY_SHELL_EXHAUSTED_PRIMALITY_UNASSIGNED,513,9595,9595
SLCMP02-1110,1110,143299283,2^143299283-1,SEARCH_INPUT,STRUCTURAL_SCREEN_EXHAUSTED_PRIMALITY_UNASSIGNED,FIRST_SINGULARITY_SHELL_EXHAUSTED_PRIMALITY_UNASSIGNED,514,9595,9595
SLCMP02-1111,1111,143299313,2^143299313-1,SEARCH_INPUT,STRUCTURAL_SCREEN_EXHAUSTED_PRIMALITY_UNASSIGNED,FIRST_SINGULARITY_SHELL_EXHAUSTED_PRIMALITY_UNASSIGNED,513,9595,9595
SLCMP02-1112,1112,143299363,2^143299363-1,SEARCH_INPUT,STRUCTURAL_SCREEN_EXHAUSTED_PRIMALITY_UNASSIGNED,FIRST_SINGULARITY_SHELL_EXHAUSTED_PRIMALITY_UNASSIGNED,514,9595,9595
SLCMP02-1113,1113,143299451,2^143299451-1,SEARCH_INPUT,STRUCTURAL_SCREEN_EXHAUSTED_PRIMALITY_UNASSIGNED,FIRST_SINGULARITY_SHELL_EXHAUSTED_PRIMALITY_UNASSIGNED,514,9595,9595
SLCMP02-1114,1114,143299609,2^143299609-1,SEARCH_INPUT,STRUCTURAL_SCREEN_EXHAUSTED_PRIMALITY_UNASSIGNED,FIRST_SINGULARITY_SHELL_EXHAUSTED_PRIMALITY_UNASSIGNED,513,9595,9595
SLCMP02-1115,1115,143299621,2^143299621-1,SEARCH_INPUT,STRUCTURAL_SCREEN_EXHAUSTED_PRIMALITY_UNASSIGNED,FIRST_SINGULARITY_SHELL_EXHAUSTED_PRIMALITY_UNASSIGNED,513,9595,9595
SLCMP02-1116,1116,143299661,2^143299661-1,SEARCH_INPUT,STRUCTURAL_SCREEN_EXHAUSTED_PRIMALITY_UNASSIGNED,FIRST_SINGULARITY_SHELL_EXHAUSTED_PRIMALITY_UNASSIGNED,513,9595,9595
SLCMP02-1117,1117,143299769,2^143299769-1,SEARCH_INPUT,STRUCTURAL_SCREEN_EXHAUSTED_PRIMALITY_UNASSIGNED,FIRST_SINGULARITY_SHELL_EXHAUSTED_PRIMALITY_UNASSIGNED,513,9595,9595
SLCMP02-1118,1118,143299909,2^143299909-1,SEARCH_INPUT,STRUCTURAL_SCREEN_EXHAUSTED_PRIMALITY_UNASSIGNED,FIRST_SINGULARITY_SHELL_EXHAUSTED_PRIMALITY_UNASSIGNED,513,9595,9595
SLCMP02-1119,1119,143299973,2^143299973-1,SEARCH_INPUT,STRUCTURAL_SCREEN_EXHAUSTED_PRIMALITY_UNASSIGNED,FIRST_SINGULARITY_SHELL_EXHAUSTED_PRIMALITY_UNASSIGNED,513,9595,9595
